ISO-10303-21;
HEADER;
FILE_DESCRIPTION (( 'STEP AP214' ),
    '1' );
FILE_NAME ('cross_collision.stp',
    '2026-08-20T22:23:45',
    ( '' ),
    ( '' ),
    'SwSTEP 2.0',
    'SolidWorks 2025',
    '' );
FILE_SCHEMA (( 'AUTOMOTIVE_DESIGN' ));
ENDSEC;

DATA;
#1 = DIRECTION ( 'NONE',  ( 0.7071067811865493491, 0.000000000000000000, 0.7071067811865459074 ) ) ;
#2 = EDGE_CURVE ( 'NONE', #631, #650, #1303, .T. ) ;
#3 = DIRECTION ( 'NONE',  ( -8.881784197001252323E-16, 0.000000000000000000, 1.000000000000000000 ) ) ;
#4 = DIRECTION ( 'NONE',  ( -0.7071067811865491270, 0.000000000000000000, -0.7071067811865459074 ) ) ;
#5 = ORIENTED_EDGE ( 'NONE', *, *, #1240, .T. ) ;
#6 = CARTESIAN_POINT ( 'NONE',  ( -4.242640687119269671, 37.00000000000000711, 9.899494936611672458 ) ) ;
#7 = EDGE_LOOP ( 'NONE', ( #1215, #186, #334, #1208 ) ) ;
#8 = CIRCLE ( 'NONE', #231, 6.000000000000000888 ) ;
#9 = CARTESIAN_POINT ( 'NONE',  ( 7.778174593052018970, 35.00000000000000000, -2.121320343559662813 ) ) ;
#10 = PRODUCT_CONTEXT ( 'NONE', #1297, 'mechanical' ) ;
#11 = AXIS2_PLACEMENT_3D ( 'NONE', #1713, #1722, #362 ) ;
#12 = CARTESIAN_POINT ( 'NONE',  ( -2.828427124746211163, 37.00000000000000711, -11.31370849898475939 ) ) ;
#13 = CIRCLE ( 'NONE', #1475, 1.000000000000000888 ) ;
#14 = EDGE_CURVE ( 'NONE', #1594, #908, #702, .T. ) ;
#15 = EDGE_LOOP ( 'NONE', ( #196, #1645, #601, #433 ) ) ;
#16 = CIRCLE ( 'NONE', #1306, 1.000000000000000888 ) ;
#17 = CARTESIAN_POINT ( 'NONE',  ( -9.192388155425115670, 37.00000000000000711, 0.7071067811865638930 ) ) ;
#18 = LINE ( 'NONE', #681, #690 ) ;
#19 = DIRECTION ( 'NONE',  ( 0.7071067811865463515, 0.000000000000000000, -0.7071067811865487940 ) ) ;
#20 =( GEOMETRIC_REPRESENTATION_CONTEXT ( 3 ) GLOBAL_UNCERTAINTY_ASSIGNED_CONTEXT ( ( #792 ) ) GLOBAL_UNIT_ASSIGNED_CONTEXT ( ( #697, #705, #256 ) ) REPRESENTATION_CONTEXT ( 'NONE', 'WORKASPACE' ) );
#21 = ORIENTED_EDGE ( 'NONE', *, *, #633, .F. ) ;
#22 = PRODUCT_DEFINITION ( 'UNKNOWN', '', #1623, #61 ) ;
#23 = AXIS2_PLACEMENT_3D ( 'NONE', #240, #784, #1338 ) ;
#24 = PLANE ( 'NONE',  #1050 ) ;
#25 = ORIENTED_EDGE ( 'NONE', *, *, #92, .F. ) ;
#26 = CARTESIAN_POINT ( 'NONE',  ( -0.7071067811865633379, 37.00000000000000711, -9.192388155425119223 ) ) ;
#27 = DIRECTION ( 'NONE',  ( 0.000000000000000000, 0.000000000000000000, 1.000000000000000000 ) ) ;
#28 = EDGE_CURVE ( 'NONE', #232, #129, #152, .T. ) ;
#29 = EDGE_LOOP ( 'NONE', ( #355, #1056, #21, #1503 ) ) ;
#30 = CARTESIAN_POINT ( 'NONE',  ( 9.899494936611679563, 53.00000000000000711, 4.242640687119269671 ) ) ;
#31 = ORIENTED_EDGE ( 'NONE', *, *, #944, .T. ) ;
#32 = ORIENTED_EDGE ( 'NONE', *, *, #1286, .T. ) ;
#33 = DIRECTION ( 'NONE',  ( 0.000000000000000000, 0.000000000000000000, 1.000000000000000000 ) ) ;
#34 = ADVANCED_FACE ( 'NONE', ( #1123 ), #1474, .T. ) ;
#35 = AXIS2_PLACEMENT_3D ( 'NONE', #611, #483, #1188 ) ;
#36 = DIRECTION ( 'NONE',  ( 0.000000000000000000, 0.000000000000000000, 1.000000000000000000 ) ) ;
#37 = DIRECTION ( 'NONE',  ( -0.7071067811865462405, 0.000000000000000000, 0.7071067811865489050 ) ) ;
#38 = CIRCLE ( 'NONE', #1411, 3.999999999999998224 ) ;
#39 = VERTEX_POINT ( 'NONE', #983 ) ;
#40 = DIRECTION ( 'NONE',  ( 0.7071067811865462405, -0.000000000000000000, -0.7071067811865489050 ) ) ;
#41 = ORIENTED_EDGE ( 'NONE', *, *, #1401, .F. ) ;
#42 = ORIENTED_EDGE ( 'NONE', *, *, #1365, .F. ) ;
#43 = VECTOR ( 'NONE', #994, 1000.000000000000000 ) ;
#44 = CARTESIAN_POINT ( 'NONE',  ( -1.734723475976807094E-14, 35.00000000000000000, -6.899494936611668017 ) ) ;
#45 = DIRECTION ( 'NONE',  ( 0.000000000000000000, 0.000000000000000000, 1.000000000000000000 ) ) ;
#46 = CARTESIAN_POINT ( 'NONE',  ( -7.071067811865488828, 37.00000000000000711, -7.071067811865462183 ) ) ;
#47 = ORIENTED_EDGE ( 'NONE', *, *, #289, .T. ) ;
#48 = COLOUR_RGB ( '',1.000000000000000000, 1.000000000000000000, 0.000000000000000000 ) ;
#49 = CARTESIAN_POINT ( 'NONE',  ( 2.121320343559630839, 55.00000000000000711, -7.778174593052030517 ) ) ;
#50 = EDGE_LOOP ( 'NONE', ( #815, #1573, #167, #520 ) ) ;
#51 = AXIS2_PLACEMENT_3D ( 'NONE', #1025, #37, #715 ) ;
#52 = AXIS2_PLACEMENT_3D ( 'NONE', #162, #119, #566 ) ;
#53 = CARTESIAN_POINT ( 'NONE',  ( -2.121320343559656596, 37.00000000000000711, -7.778174593052023411 ) ) ;
#54 = EDGE_CURVE ( 'NONE', #1041, #1697, #459, .T. ) ;
#55 = DIRECTION ( 'NONE',  ( 0.000000000000000000, 0.000000000000000000, 1.000000000000000000 ) ) ;
#56 = DIRECTION ( 'NONE',  ( -0.7071067811865484609, 0.000000000000000000, -0.7071067811865465735 ) ) ;
#57 = ORIENTED_EDGE ( 'NONE', *, *, #1366, .T. ) ;
#58 = CARTESIAN_POINT ( 'NONE',  ( 11.31370849898475583, 55.00000000000000711, -2.828427124746217380 ) ) ;
#59 = ORIENTED_EDGE ( 'NONE', *, *, #281, .F. ) ;
#60 = ORIENTED_EDGE ( 'NONE', *, *, #135, .F. ) ;
#61 = PRODUCT_DEFINITION_CONTEXT ( 'detailed design', #563, 'design' ) ;
#62 = FACE_OUTER_BOUND ( 'NONE', #209, .T. ) ;
#63 = DIRECTION ( 'NONE',  ( 0.000000000000000000, 0.000000000000000000, 1.000000000000000000 ) ) ;
#64 = PRESENTATION_LAYER_ASSIGNMENT (  '', '', ( #1241 ) ) ;
#65 = EDGE_LOOP ( 'NONE', ( #163, #1616, #964, #499 ) ) ;
#66 = VECTOR ( 'NONE', #1403, 999.9999999999998863 ) ;
#67 = DIRECTION ( 'NONE',  ( -1.000000000000000000, 0.000000000000000000, 0.000000000000000000 ) ) ;
#68 = CARTESIAN_POINT ( 'NONE',  ( -4.242640687119306975, 55.00000000000000711, -9.899494936611661799 ) ) ;
#69 = ORIENTED_EDGE ( 'NONE', *, *, #1604, .T. ) ;
#70 = CARTESIAN_POINT ( 'NONE',  ( 2.828427124746204502, 55.00000000000000711, 11.31370849898475228 ) ) ;
#71 =( REPRESENTATION_RELATIONSHIP ('NONE','NONE', #1663, #1176 ) REPRESENTATION_RELATIONSHIP_WITH_TRANSFORMATION ( #960 )SHAPE_REPRESENTATION_RELATIONSHIP( ) );
#72 = DIRECTION ( 'NONE',  ( -0.7071067811865461294, 0.000000000000000000, 0.7071067811865490160 ) ) ;
#73 = VERTEX_POINT ( 'NONE', #569 ) ;
#74 = VECTOR ( 'NONE', #976, 1000.000000000000000 ) ;
#75 = FACE_OUTER_BOUND ( 'NONE', #7, .T. ) ;
#76 = DIRECTION ( 'NONE',  ( 0.000000000000000000, 1.000000000000000000, 0.000000000000000000 ) ) ;
#77 = AXIS2_PLACEMENT_3D ( 'NONE', #1063, #1175, #1735 ) ;
#78 = ORIENTED_EDGE ( 'NONE', *, *, #1078, .F. ) ;
#79 = EDGE_CURVE ( 'NONE', #1041, #969, #917, .T. ) ;
#80 = CYLINDRICAL_SURFACE ( 'NONE', #832, 2.000000000000000000 ) ;
#81 = DIRECTION ( 'NONE',  ( -0.7071067811865460184, 0.000000000000000000, 0.7071067811865491270 ) ) ;
#82 = ORIENTED_EDGE ( 'NONE', *, *, #980, .F. ) ;
#83 = EDGE_CURVE ( 'NONE', #1132, #1625, #188, .T. ) ;
#84 = CIRCLE ( 'NONE', #683, 2.000000000000000000 ) ;
#85 = CARTESIAN_POINT ( 'NONE',  ( 8.485281374238569541, 55.00000000000000711, -2.092510192897023558E-14 ) ) ;
#86 = CARTESIAN_POINT ( 'NONE',  ( -2.121320343559632171, 37.00000000000000711, 7.778174593052026964 ) ) ;
#87 = ORIENTED_EDGE ( 'NONE', *, *, #1232, .T. ) ;
#88 = LINE ( 'NONE', #1471, #614 ) ;
#89 = EDGE_CURVE ( 'NONE', #1085, #1699, #432, .T. ) ;
#90 = CARTESIAN_POINT ( 'NONE',  ( -7.778174593052019858, 37.00000000000000711, 2.121320343559657040 ) ) ;
#91 = SURFACE_STYLE_USAGE ( .BOTH. , #1464 ) ;
#92 = EDGE_CURVE ( 'NONE', #972, #1341, #528, .T. ) ;
#93 = CIRCLE ( 'NONE', #430, 1.000000000000000888 ) ;
#94 = AXIS2_PLACEMENT_3D ( 'NONE', #1222, #952, #393 ) ;
#95 = ORIENTED_EDGE ( 'NONE', *, *, #592, .T. ) ;
#96 = AXIS2_PLACEMENT_3D ( 'NONE', #1149, #1466, #233 ) ;
#97 = DIRECTION ( 'NONE',  ( 0.7071067811865463515, 0.000000000000000000, -0.7071067811865487940 ) ) ;
#98 = DIRECTION ( 'NONE',  ( 0.7071067811865495711, 0.000000000000000000, 0.7071067811865455743 ) ) ;
#99 = VERTEX_POINT ( 'NONE', #68 ) ;
#100 = CIRCLE ( 'NONE', #350, 1.999999999999999556 ) ;
#101 = DIRECTION ( 'NONE',  ( 0.7071067811865489050, -0.000000000000000000, 0.7071067811865462405 ) ) ;
#102 = CIRCLE ( 'NONE', #1006, 4.000000000000000000 ) ;
#103 = CYLINDRICAL_SURFACE ( 'NONE', #1552, 1.000000000000000888 ) ;
#104 = CARTESIAN_POINT ( 'NONE',  ( 0.000000000000000000, 0.000000000000000000, 0.000000000000000000 ) ) ;
#105 = AXIS2_PLACEMENT_3D ( 'NONE', #1661, #838, #1261 ) ;
#106 = ADVANCED_FACE ( 'NONE', ( #1335 ), #1757, .T. ) ;
#107 = ORIENTED_EDGE ( 'NONE', *, *, #1178, .T. ) ;
#108 = DIRECTION ( 'NONE',  ( -0.7071067811865487940, 0.000000000000000000, -0.7071067811865463515 ) ) ;
#109 = DIRECTION ( 'NONE',  ( 0.000000000000000000, 1.000000000000000000, 0.000000000000000000 ) ) ;
#110 = ORIENTED_EDGE ( 'NONE', *, *, #428, .T. ) ;
#111 = FACE_OUTER_BOUND ( 'NONE', #1742, .T. ) ;
#112 = VECTOR ( 'NONE', #1339, 1000.000000000000000 ) ;
#113 = EDGE_CURVE ( 'NONE', #294, #1699, #1214, .T. ) ;
#114 = LINE ( 'NONE', #767, #1197 ) ;
#115 = VECTOR ( 'NONE', #143, 1000.000000000000000 ) ;
#116 = CIRCLE ( 'NONE', #900, 2.000000000000000000 ) ;
#117 = AXIS2_PLACEMENT_3D ( 'NONE', #1712, #1020, #876 ) ;
#118 = VERTEX_POINT ( 'NONE', #198 ) ;
#119 = DIRECTION ( 'NONE',  ( 0.7071067811865459074, 0.000000000000000000, -0.7071067811865491270 ) ) ;
#120 = DIRECTION ( 'NONE',  ( -0.7071067811865459074, 0.000000000000000000, 0.7071067811865491270 ) ) ;
#121 = ORIENTED_EDGE ( 'NONE', *, *, #1587, .F. ) ;
#122 = DIRECTION ( 'NONE',  ( 0.000000000000000000, 0.000000000000000000, 1.000000000000000000 ) ) ;
#123 = EDGE_CURVE ( 'NONE', #1705, #1195, #667, .T. ) ;
#124 = CARTESIAN_POINT ( 'NONE',  ( 11.31370849898477182, 37.00000000000000711, 2.828427124746169863 ) ) ;
#125 = DIRECTION ( 'NONE',  ( 0.000000000000000000, 0.000000000000000000, 1.000000000000000000 ) ) ;
#126 = DIRECTION ( 'NONE',  ( -0.7071067811865466846, 0.000000000000000000, 0.7071067811865484609 ) ) ;
#127 = VERTEX_POINT ( 'NONE', #372 ) ;
#128 = CARTESIAN_POINT ( 'NONE',  ( -9.192388155425115670, 35.00000000000000000, 0.7071067811865638930 ) ) ;
#129 = VERTEX_POINT ( 'NONE', #877 ) ;
#130 = DIRECTION ( 'NONE',  ( -0.000000000000000000, -1.000000000000000000, -0.000000000000000000 ) ) ;
#131 = VERTEX_POINT ( 'NONE', #215 ) ;
#132 = CARTESIAN_POINT ( 'NONE',  ( 1.225148454908620010E-14, 55.00000000000000711, 8.485281374238569541 ) ) ;
#133 = ORIENTED_EDGE ( 'NONE', *, *, #155, .F. ) ;
#134 = DIRECTION ( 'NONE',  ( -0.000000000000000000, -1.000000000000000000, -0.000000000000000000 ) ) ;
#135 = EDGE_CURVE ( 'NONE', #1022, #1201, #435, .T. ) ;
#136 = CARTESIAN_POINT ( 'NONE',  ( 8.485281374238569541, 55.00000000000000711, -2.092510192897023558E-14 ) ) ;
#137 = CIRCLE ( 'NONE', #1282, 6.000000000000001776 ) ;
#138 = VECTOR ( 'NONE', #40, 1000.000000000000000 ) ;
#139 = CARTESIAN_POINT ( 'NONE',  ( 9.192388155425115670, 53.00000000000000711, -0.7071067811865706654 ) ) ;
#140 = ORIENTED_EDGE ( 'NONE', *, *, #113, .F. ) ;
#141 = PLANE ( 'NONE',  #1233 ) ;
#142 = ORIENTED_EDGE ( 'NONE', *, *, #1358, .F. ) ;
#143 = DIRECTION ( 'NONE',  ( -0.000000000000000000, -1.000000000000000000, -0.000000000000000000 ) ) ;
#144 = EDGE_CURVE ( 'NONE', #1618, #700, #465, .T. ) ;
#145 = EDGE_CURVE ( 'NONE', #741, #911, #608, .T. ) ;
#146 = CARTESIAN_POINT ( 'NONE',  ( 7.071067811865487052, 37.00000000000000711, 7.071067811865460406 ) ) ;
#147 = VERTEX_POINT ( 'NONE', #511 ) ;
#148 = CARTESIAN_POINT ( 'NONE',  ( -2.828427124746211163, 53.00000000000000711, -11.31370849898475939 ) ) ;
#149 = CIRCLE ( 'NONE', #689, 1.999999999999999556 ) ;
#150 = CIRCLE ( 'NONE', #1382, 3.000000000000000000 ) ;
#151 = CARTESIAN_POINT ( 'NONE',  ( -4.242640687119301646, 35.00000000000000000, -9.899494936611661799 ) ) ;
#152 = CIRCLE ( 'NONE', #467, 2.000000000000000000 ) ;
#153 = DIRECTION ( 'NONE',  ( -0.7071067811865489050, 0.000000000000000000, -0.7071067811865462405 ) ) ;
#154 = AXIS2_PLACEMENT_3D ( 'NONE', #1196, #831, #1740 ) ;
#155 = EDGE_CURVE ( 'NONE', #1610, #131, #263, .T. ) ;
#156 = VERTEX_POINT ( 'NONE', #235 ) ;
#157 = VECTOR ( 'NONE', #495, 1000.000000000000000 ) ;
#158 = DIRECTION ( 'NONE',  ( 0.000000000000000000, 0.000000000000000000, 1.000000000000000000 ) ) ;
#159 = ORIENTED_EDGE ( 'NONE', *, *, #458, .T. ) ;
#160 = CARTESIAN_POINT ( 'NONE',  ( 9.899494936611656470, 37.00000000000000711, -4.242640687119309639 ) ) ;
#161 = ADVANCED_FACE ( 'NONE', ( #1459 ), #1003, .T. ) ;
#162 = CARTESIAN_POINT ( 'NONE',  ( -4.242640687119269671, 37.00000000000000711, 9.899494936611674234 ) ) ;
#163 = ORIENTED_EDGE ( 'NONE', *, *, #1072, .T. ) ;
#164 = EDGE_CURVE ( 'NONE', #709, #302, #887, .T. ) ;
#165 = AXIS2_PLACEMENT_3D ( 'NONE', #1717, #1473, #1034 ) ;
#166 = LINE ( 'NONE', #1140, #138 ) ;
#167 = ORIENTED_EDGE ( 'NONE', *, *, #897, .F. ) ;
#168 = ORIENTED_EDGE ( 'NONE', *, *, #289, .F. ) ;
#169 = EDGE_CURVE ( 'NONE', #156, #1195, #493, .T. ) ;
#170 = CARTESIAN_POINT ( 'NONE',  ( 2.828427124746172083, 53.00000000000000711, -11.31370849898477005 ) ) ;
#171 = CARTESIAN_POINT ( 'NONE',  ( 7.071067811865487052, 53.00000000000000711, 7.071067811865460406 ) ) ;
#172 = CARTESIAN_POINT ( 'NONE',  ( -7.778174593052018970, 55.00000000000000711, 2.121320343559656152 ) ) ;
#173 = ORIENTED_EDGE ( 'NONE', *, *, #1604, .F. ) ;
#174 = DIRECTION ( 'NONE',  ( -0.000000000000000000, -1.000000000000000000, -0.000000000000000000 ) ) ;
#175 = ORIENTED_EDGE ( 'NONE', *, *, #2, .T. ) ;
#176 = VERTEX_POINT ( 'NONE', #1575 ) ;
#177 = DIRECTION ( 'NONE',  ( 0.7071067811865486830, -0.000000000000000000, 0.7071067811865463515 ) ) ;
#178 = FACE_OUTER_BOUND ( 'NONE', #199, .T. ) ;
#179 = DIRECTION ( 'NONE',  ( 0.000000000000000000, 0.000000000000000000, 1.000000000000000000 ) ) ;
#180 = ORIENTED_EDGE ( 'NONE', *, *, #83, .F. ) ;
#181 = ADVANCED_FACE ( 'NONE', ( #1707 ), #1064, .T. ) ;
#182 = ORIENTED_EDGE ( 'NONE', *, *, #1669, .F. ) ;
#183 = EDGE_LOOP ( 'NONE', ( #628, #1229, #789, #299 ) ) ;
#184 = CARTESIAN_POINT ( 'NONE',  ( 2.121320343559629507, 55.00000000000000711, -7.778174593052028740 ) ) ;
#185 = CARTESIAN_POINT ( 'NONE',  ( 7.071067811865463071, 55.00000000000000711, -7.071067811865495045 ) ) ;
#186 = ORIENTED_EDGE ( 'NONE', *, *, #591, .T. ) ;
#187 = DIRECTION ( 'NONE',  ( -0.000000000000000000, 1.000000000000000000, -0.000000000000000000 ) ) ;
#188 = LINE ( 'NONE', #740, #829 ) ;
#189 = ORIENTED_EDGE ( 'NONE', *, *, #1210, .F. ) ;
#190 = CIRCLE ( 'NONE', #420, 2.000000000000000000 ) ;
#191 = AXIS2_PLACEMENT_3D ( 'NONE', #250, #1350, #125 ) ;
#192 = AXIS2_PLACEMENT_3D ( 'NONE', #866, #174, #719 ) ;
#193 = LINE ( 'NONE', #713, #74 ) ;
#194 = DIRECTION ( 'NONE',  ( 0.000000000000000000, 0.000000000000000000, 1.000000000000000000 ) ) ;
#195 = DIRECTION ( 'NONE',  ( 0.000000000000000000, 0.000000000000000000, 1.000000000000000000 ) ) ;
#196 = ORIENTED_EDGE ( 'NONE', *, *, #1418, .T. ) ;
#197 = CARTESIAN_POINT ( 'NONE',  ( -1.734723475976807094E-14, 37.00000000000000711, -6.899494936611668017 ) ) ;
#198 = CARTESIAN_POINT ( 'NONE',  ( -0.7071067811865341390, 53.00000000000000711, 9.192388155425117446 ) ) ;
#199 = EDGE_LOOP ( 'NONE', ( #390, #253, #508, #1492 ) ) ;
#200 = CARTESIAN_POINT ( 'NONE',  ( -1.734723475976807094E-14, 53.00000000000000711, -9.899494936611668905 ) ) ;
#201 = DIRECTION ( 'NONE',  ( -0.000000000000000000, -1.000000000000000000, -0.000000000000000000 ) ) ;
#202 = DIRECTION ( 'NONE',  ( 0.000000000000000000, 0.000000000000000000, 1.000000000000000000 ) ) ;
#203 = AXIS2_PLACEMENT_3D ( 'NONE', #171, #1292, #849 ) ;
#204 = PRODUCT_DEFINITION ( 'UNKNOWN', '', #445, #1211 ) ;
#205 = AXIS2_PLACEMENT_3D ( 'NONE', #1051, #1601, #612 ) ;
#206 = ORIENTED_EDGE ( 'NONE', *, *, #328, .F. ) ;
#207 = VECTOR ( 'NONE', #1556, 1000.000000000000000 ) ;
#208 = DIRECTION ( 'NONE',  ( -0.000000000000000000, -1.000000000000000000, -0.000000000000000000 ) ) ;
#209 = EDGE_LOOP ( 'NONE', ( #142, #587, #669, #1410 ) ) ;
#210 = CARTESIAN_POINT ( 'NONE',  ( 4.242640687119268783, 53.00000000000000711, -9.899494936611679563 ) ) ;
#211 = CARTESIAN_POINT ( 'NONE',  ( -1.734723475976807094E-14, 37.00000000000000711, -8.899494936611667129 ) ) ;
#212 = ADVANCED_FACE ( 'NONE', ( #884 ), #1445, .T. ) ;
#213 = ORIENTED_EDGE ( 'NONE', *, *, #765, .T. ) ;
#214 = CARTESIAN_POINT ( 'NONE',  ( 9.899494936611656470, 35.00000000000000000, -4.242640687119309639 ) ) ;
#215 = CARTESIAN_POINT ( 'NONE',  ( -7.071067811865461294, 37.00000000000000711, 13.07106781186548616 ) ) ;
#216 = ORIENTED_EDGE ( 'NONE', *, *, #1508, .T. ) ;
#217 = EDGE_CURVE ( 'NONE', #1195, #517, #1384, .T. ) ;
#218 = EDGE_CURVE ( 'NONE', #837, #1400, #780, .T. ) ;
#219 = DIRECTION ( 'NONE',  ( 0.7071067811865487940, -0.000000000000000000, 0.7071067811865463515 ) ) ;
#220 = LINE ( 'NONE', #1165, #1468 ) ;
#221 = DIRECTION ( 'NONE',  ( 0.000000000000000000, 0.000000000000000000, 1.000000000000000000 ) ) ;
#222 = ORIENTED_EDGE ( 'NONE', *, *, #843, .T. ) ;
#223 = AXIS2_PLACEMENT_3D ( 'NONE', #30, #1252, #585 ) ;
#224 = DIRECTION ( 'NONE',  ( -0.7071067811865489050, 0.000000000000000000, -0.7071067811865461294 ) ) ;
#225 = CARTESIAN_POINT ( 'NONE',  ( 7.071067811865463071, 53.00000000000000711, -7.071067811865495045 ) ) ;
#226 = ORIENTED_EDGE ( 'NONE', *, *, #458, .F. ) ;
#227 = CARTESIAN_POINT ( 'NONE',  ( -9.192388155425115670, 53.00000000000000711, 0.7071067811865644481 ) ) ;
#228 = CARTESIAN_POINT ( 'NONE',  ( -9.192388155425115670, 53.00000000000000711, 0.7071067811865638930 ) ) ;
#229 = LINE ( 'NONE', #241, #112 ) ;
#230 = TOROIDAL_SURFACE ( 'NONE', #461, 3.999999999999999112, 2.000000000000000000 ) ;
#231 = AXIS2_PLACEMENT_3D ( 'NONE', #1355, #1230, #811 ) ;
#232 = VERTEX_POINT ( 'NONE', #649 ) ;
#233 = DIRECTION ( 'NONE',  ( -0.7071067811865489050, 0.000000000000000000, -0.7071067811865462405 ) ) ;
#234 = AXIS2_PLACEMENT_3D ( 'NONE', #543, #4, #120 ) ;
#235 = CARTESIAN_POINT ( 'NONE',  ( 7.071067811865463071, 53.00000000000000711, -13.07106781186549327 ) ) ;
#236 = ORIENTED_EDGE ( 'NONE', *, *, #79, .T. ) ;
#237 = EDGE_CURVE ( 'NONE', #1370, #1310, #38, .T. ) ;
#238 = DIRECTION ( 'NONE',  ( -0.7071067811865489050, 0.000000000000000000, -0.7071067811865461294 ) ) ;
#239 = CIRCLE ( 'NONE', #860, 2.000000000000000000 ) ;
#240 = CARTESIAN_POINT ( 'NONE',  ( -1.734723475976807094E-14, 53.00000000000000711, -9.899494936611668905 ) ) ;
#241 = CARTESIAN_POINT ( 'NONE',  ( -1.734723475976807094E-14, 55.00000000000000711, -8.899494936611667129 ) ) ;
#242 = VECTOR ( 'NONE', #773, 1000.000000000000000 ) ;
#243 = ORIENTED_EDGE ( 'NONE', *, *, #833, .F. ) ;
#244 = DIRECTION ( 'NONE',  ( -0.7071067811865465735, 0.000000000000000000, 0.7071067811865484609 ) ) ;
#245 = CARTESIAN_POINT ( 'NONE',  ( -7.778174593052024299, 53.00000000000000711, -2.121320343559628618 ) ) ;
#246 = ORIENTED_EDGE ( 'NONE', *, *, #1251, .F. ) ;
#247 = DIRECTION ( 'NONE',  ( -0.7071067811865464625, 0.000000000000000000, 0.7071067811865485719 ) ) ;
#248 = CARTESIAN_POINT ( 'NONE',  ( -4.242640687119303422, 55.00000000000000711, -9.899494936611663576 ) ) ;
#249 =( NAMED_UNIT ( * ) SI_UNIT ( $, .STERADIAN. ) SOLID_ANGLE_UNIT ( ) );
#250 = CARTESIAN_POINT ( 'NONE',  ( 1.539567084929416296E-14, 37.00000000000000711, 9.899494936611665352 ) ) ;
#251 = ADVANCED_FACE ( 'NONE', ( #1325 ), #1234, .F. ) ;
#252 = DIRECTION ( 'NONE',  ( -0.7071067811865485719, -3.066586833366749755E-16, -0.7071067811865465735 ) ) ;
#253 = ORIENTED_EDGE ( 'NONE', *, *, #1055, .F. ) ;
#254 = LINE ( 'NONE', #261, #398 ) ;
#255 = LINE ( 'NONE', #151, #335 ) ;
#256 =( NAMED_UNIT ( * ) SI_UNIT ( $, .STERADIAN. ) SOLID_ANGLE_UNIT ( ) );
#257 = ADVANCED_FACE ( 'NONE', ( #808 ), #799, .F. ) ;
#258 = CARTESIAN_POINT ( 'NONE',  ( -9.899494936611665352, 53.00000000000000711, 1.734723475976807094E-14 ) ) ;
#259 = ORIENTED_EDGE ( 'NONE', *, *, #572, .F. ) ;
#260 = CIRCLE ( 'NONE', #497, 2.000000000000000000 ) ;
#261 = CARTESIAN_POINT ( 'NONE',  ( 11.31370849898477537, 53.00000000000000711, 2.828427124746173416 ) ) ;
#262 = ORIENTED_EDGE ( 'NONE', *, *, #1365, .T. ) ;
#263 = CIRCLE ( 'NONE', #205, 5.999999999999998224 ) ;
#264 = CARTESIAN_POINT ( 'NONE',  ( -2.828427124746211163, 37.00000000000000711, -11.31370849898475939 ) ) ;
#265 = ORIENTED_EDGE ( 'NONE', *, *, #506, .F. ) ;
#266 = MANIFOLD_SOLID_BREP ( 'Stock-SuperDexCube-1', #888 ) ;
#267 = ORIENTED_EDGE ( 'NONE', *, *, #1497, .F. ) ;
#268 = DIRECTION ( 'NONE',  ( 0.7071067811865489050, -0.000000000000000000, 0.7071067811865462405 ) ) ;
#269 = ORIENTED_EDGE ( 'NONE', *, *, #1311, .F. ) ;
#270 = EDGE_CURVE ( 'NONE', #409, #911, #1301, .T. ) ;
#271 = EDGE_CURVE ( 'NONE', #1449, #846, #100, .T. ) ;
#272 = DIRECTION ( 'NONE',  ( 0.000000000000000000, 0.000000000000000000, 1.000000000000000000 ) ) ;
#273 = SHAPE_DEFINITION_REPRESENTATION ( #1045, #1663 ) ;
#274 = AXIS2_PLACEMENT_3D ( 'NONE', #1138, #1407, #179 ) ;
#275 = VECTOR ( 'NONE', #595, 1000.000000000000000 ) ;
#276 = DIRECTION ( 'NONE',  ( 0.000000000000000000, 1.000000000000000000, 0.000000000000000000 ) ) ;
#277 = ORIENTED_EDGE ( 'NONE', *, *, #1055, .T. ) ;
#278 = FACE_OUTER_BOUND ( 'NONE', #1187, .T. ) ;
#279 = ADVANCED_FACE ( 'NONE', ( #381 ), #1357, .T. ) ;
#280 = FACE_OUTER_BOUND ( 'NONE', #999, .T. ) ;
#281 = EDGE_CURVE ( 'NONE', #131, #1414, #1035, .T. ) ;
#282 = DIRECTION ( 'NONE',  ( -0.7071067811865492381, 0.000000000000000000, -0.7071067811865459074 ) ) ;
#283 = EDGE_LOOP ( 'NONE', ( #1226, #41, #946, #1682 ) ) ;
#284 = DIRECTION ( 'NONE',  ( -0.7071067811865489050, 0.000000000000000000, -0.7071067811865462405 ) ) ;
#285 = EDGE_CURVE ( 'NONE', #570, #1610, #413, .T. ) ;
#286 = CARTESIAN_POINT ( 'NONE',  ( 7.071067811865478170, 37.00000000000000711, 1.414213562373076938 ) ) ;
#287 = MECHANICAL_DESIGN_GEOMETRIC_PRESENTATION_REPRESENTATION (  '', ( #1241 ), #1121 ) ;
#288 = DIRECTION ( 'NONE',  ( -8.673617379884035472E-16, 0.000000000000000000, 1.000000000000000000 ) ) ;
#289 = EDGE_CURVE ( 'NONE', #836, #1414, #1633, .T. ) ;
#290 = ORIENTED_EDGE ( 'NONE', *, *, #966, .T. ) ;
#291 = CIRCLE ( 'NONE', #699, 1.000000000000000000 ) ;
#292 = DIRECTION ( 'NONE',  ( 0.000000000000000000, 1.000000000000000000, 0.000000000000000000 ) ) ;
#293 = EDGE_LOOP ( 'NONE', ( #646, #78, #182, #1554 ) ) ;
#294 = VERTEX_POINT ( 'NONE', #1487 ) ;
#295 = DIRECTION ( 'NONE',  ( -0.7071067811865493491, 0.000000000000000000, -0.7071067811865459074 ) ) ;
#296 = AXIS2_PLACEMENT_3D ( 'NONE', #160, #1672, #295 ) ;
#297 = LINE ( 'NONE', #1673, #718 ) ;
#298 = DIRECTION ( 'NONE',  ( -0.000000000000000000, -1.000000000000000000, -0.000000000000000000 ) ) ;
#299 = ORIENTED_EDGE ( 'NONE', *, *, #814, .F. ) ;
#300 = EDGE_CURVE ( 'NONE', #1697, #460, #1267, .T. ) ;
#301 = DIRECTION ( 'NONE',  ( 0.000000000000000000, 1.000000000000000000, 0.000000000000000000 ) ) ;
#302 = VERTEX_POINT ( 'NONE', #668 ) ;
#303 = EDGE_LOOP ( 'NONE', ( #369, #703, #1533, #1026 ) ) ;
#304 = DIRECTION ( 'NONE',  ( 0.000000000000000000, 0.000000000000000000, 1.000000000000000000 ) ) ;
#305 = VECTOR ( 'NONE', #1219, 1000.000000000000000 ) ;
#306 = CARTESIAN_POINT ( 'NONE',  ( -1.734723475976807094E-14, 53.00000000000000711, -9.899494936611668905 ) ) ;
#307 = FACE_OUTER_BOUND ( 'NONE', #1557, .T. ) ;
#308 = EDGE_CURVE ( 'NONE', #846, #837, #1369, .T. ) ;
#309 = ORIENTED_EDGE ( 'NONE', *, *, #797, .F. ) ;
#310 = EDGE_CURVE ( 'NONE', #1576, #631, #535, .T. ) ;
#311 = CARTESIAN_POINT ( 'NONE',  ( -7.778174593052025187, 35.00000000000000000, -2.121320343559628618 ) ) ;
#312 = EDGE_LOOP ( 'NONE', ( #1142, #32, #424, #437 ) ) ;
#313 = EDGE_LOOP ( 'NONE', ( #382, #991, #781, #59 ) ) ;
#314 = AXIS2_PLACEMENT_3D ( 'NONE', #338, #1126, #464 ) ;
#315 = FACE_OUTER_BOUND ( 'NONE', #1731, .T. ) ;
#316 = AXIS2_PLACEMENT_3D ( 'NONE', #1706, #67, #471 ) ;
#317 = CARTESIAN_POINT ( 'NONE',  ( -4.242640687119305198, 53.00000000000000711, -9.899494936611658247 ) ) ;
#318 = AXIS2_PLACEMENT_3D ( 'NONE', #396, #939, #1494 ) ;
#319 = CARTESIAN_POINT ( 'NONE',  ( -11.31370849898475761, 37.00000000000000711, 2.828427124746212051 ) ) ;
#320 = AXIS2_PLACEMENT_3D ( 'NONE', #245, #252, #126 ) ;
#321 = TOROIDAL_SURFACE ( 'NONE', #154, 3.000000000000000000, 2.000000000000000000 ) ;
#322 = ORIENTED_EDGE ( 'NONE', *, *, #1173, .T. ) ;
#323 = DIRECTION ( 'NONE',  ( -0.7071067811865459074, 0.000000000000000000, 0.7071067811865491270 ) ) ;
#324 = CARTESIAN_POINT ( 'NONE',  ( -9.899494936611665352, 37.00000000000000711, 1.734723475976807094E-14 ) ) ;
#325 = ORIENTED_EDGE ( 'NONE', *, *, #957, .F. ) ;
#326 = VECTOR ( 'NONE', #1549, 1000.000000000000000 ) ;
#327 = CARTESIAN_POINT ( 'NONE',  ( -2.828427124746168975, 53.00000000000000711, 11.31370849898476472 ) ) ;
#328 = EDGE_CURVE ( 'NONE', #73, #1104, #1522, .T. ) ;
#329 = CARTESIAN_POINT ( 'NONE',  ( 7.071067811865463071, 55.00000000000000711, -7.071067811865495045 ) ) ;
#330 = ORIENTED_EDGE ( 'NONE', *, *, #1240, .F. ) ;
#331 = AXIS2_PLACEMENT_3D ( 'NONE', #367, #785, #221 ) ;
#332 = CYLINDRICAL_SURFACE ( 'NONE', #1409, 5.999999999999999112 ) ;
#333 = CARTESIAN_POINT ( 'NONE',  ( -9.192388155425117446, 55.00000000000000711, -0.7071067811865314745 ) ) ;
#334 = ORIENTED_EDGE ( 'NONE', *, *, #1417, .T. ) ;
#335 = VECTOR ( 'NONE', #696, 999.9999999999998863 ) ;
#336 = CARTESIAN_POINT ( 'NONE',  ( 7.778174593052026076, 55.00000000000000711, 2.121320343559624622 ) ) ;
#337 = EDGE_CURVE ( 'NONE', #490, #1697, #692, .T. ) ;
#338 = CARTESIAN_POINT ( 'NONE',  ( -9.899494936611665352, 37.00000000000000711, 1.734723475976807094E-14 ) ) ;
#339 = DIRECTION ( 'NONE',  ( -0.7071067811865490160, -0.000000000000000000, -0.7071067811865462405 ) ) ;
#340 = EDGE_LOOP ( 'NONE', ( #806, #1300, #1526, #110 ) ) ;
#341 = CARTESIAN_POINT ( 'NONE',  ( -9.899494936611676010, 37.00000000000000711, -4.242640687119267007 ) ) ;
#342 = CARTESIAN_POINT ( 'NONE',  ( -1.734723475976807094E-14, 37.00000000000000711, -9.899494936611668905 ) ) ;
#343 = ORIENTED_EDGE ( 'NONE', *, *, #1613, .F. ) ;
#344 = DIRECTION ( 'NONE',  ( -0.7071067811865462405, 0.000000000000000000, 0.7071067811865489050 ) ) ;
#345 = ADVANCED_FACE ( 'NONE', ( #987 ), #573, .F. ) ;
#346 = DIRECTION ( 'NONE',  ( 0.7071067811865489050, -0.000000000000000000, 0.7071067811865461294 ) ) ;
#347 = DIRECTION ( 'NONE',  ( -0.7071067811865459074, -0.000000000000000000, 0.7071067811865491270 ) ) ;
#348 = CIRCLE ( 'NONE', #721, 1.000000000000000000 ) ;
#349 = ADVANCED_FACE ( 'NONE', ( #1145 ), #1152, .T. ) ;
#350 = AXIS2_PLACEMENT_3D ( 'NONE', #1103, #389, #1479 ) ;
#351 = VERTEX_POINT ( 'NONE', #880 ) ;
#352 = CARTESIAN_POINT ( 'NONE',  ( 9.192388155425115670, 37.00000000000000711, -0.7071067811865704433 ) ) ;
#353 = DIRECTION ( 'NONE',  ( -0.000000000000000000, -1.000000000000000000, -0.000000000000000000 ) ) ;
#354 = ADVANCED_FACE ( 'NONE', ( #178 ), #589, .T. ) ;
#355 = ORIENTED_EDGE ( 'NONE', *, *, #1484, .T. ) ;
#356 = CARTESIAN_POINT ( 'NONE',  ( 1.414213562373104249, 37.00000000000000711, 7.071067811865471953 ) ) ;
#357 = AXIS2_PLACEMENT_3D ( 'NONE', #742, #616, #364 ) ;
#358 = CARTESIAN_POINT ( 'NONE',  ( -2.121320343559632171, 55.00000000000000711, 7.778174593052026076 ) ) ;
#359 = FACE_OUTER_BOUND ( 'NONE', #1465, .T. ) ;
#360 = ORIENTED_EDGE ( 'NONE', *, *, #1148, .T. ) ;
#361 = CYLINDRICAL_SURFACE ( 'NONE', #1720, 6.000000000000000000 ) ;
#362 = DIRECTION ( 'NONE',  ( 0.000000000000000000, 0.000000000000000000, 1.000000000000000000 ) ) ;
#363 = ORIENTED_EDGE ( 'NONE', *, *, #28, .T. ) ;
#364 = DIRECTION ( 'NONE',  ( 0.000000000000000000, 0.000000000000000000, 1.000000000000000000 ) ) ;
#365 = AXIS2_PLACEMENT_3D ( 'NONE', #329, #862, #63 ) ;
#366 = TOROIDAL_SURFACE ( 'NONE', #738, 3.000000000000000000, 2.000000000000000000 ) ;
#367 = CARTESIAN_POINT ( 'NONE',  ( 7.071067811865487052, 37.00000000000000711, 7.071067811865460406 ) ) ;
#368 = ADVANCED_FACE ( 'NONE', ( #1262 ), #1662, .T. ) ;
#369 = ORIENTED_EDGE ( 'NONE', *, *, #633, .T. ) ;
#370 = AXIS2_PLACEMENT_3D ( 'NONE', #982, #323, #1535 ) ;
#371 = CARTESIAN_POINT ( 'NONE',  ( 2.828427124746204502, 53.00000000000000711, 11.31370849898475228 ) ) ;
#372 = CARTESIAN_POINT ( 'NONE',  ( -7.071067811865488828, 37.00000000000000711, -13.07106781186546485 ) ) ;
#373 = EDGE_LOOP ( 'NONE', ( #1537, #1714, #1066, #729 ) ) ;
#374 = CARTESIAN_POINT ( 'NONE',  ( -4.242640687119306975, 35.00000000000000000, -9.899494936611661799 ) ) ;
#375 = FACE_OUTER_BOUND ( 'NONE', #1700, .T. ) ;
#376 = CARTESIAN_POINT ( 'NONE',  ( -7.071067811865461294, 53.00000000000000711, 13.07106781186548616 ) ) ;
#377 = AXIS2_PLACEMENT_3D ( 'NONE', #286, #1212, #1004 ) ;
#378 = EDGE_LOOP ( 'NONE', ( #882, #1747, #682, #1223, #1393 ) ) ;
#379 = FACE_OUTER_BOUND ( 'NONE', #842, .T. ) ;
#380 = VECTOR ( 'NONE', #763, 1000.000000000000000 ) ;
#381 = FACE_OUTER_BOUND ( 'NONE', #954, .T. ) ;
#382 = ORIENTED_EDGE ( 'NONE', *, *, #602, .F. ) ;
#383 = CARTESIAN_POINT ( 'NONE',  ( 1.225148454908620010E-14, 37.00000000000000711, 8.485281374238569541 ) ) ;
#384 = VECTOR ( 'NONE', #1516, 1000.000000000000114 ) ;
#385 = LINE ( 'NONE', #248, #1408 ) ;
#386 = AXIS2_PLACEMENT_3D ( 'NONE', #1328, #1585, #1042 ) ;
#387 = EDGE_LOOP ( 'NONE', ( #1457, #450, #1727, #605 ) ) ;
#388 = DIRECTION ( 'NONE',  ( 0.000000000000000000, 1.000000000000000000, 0.000000000000000000 ) ) ;
#389 = DIRECTION ( 'NONE',  ( 0.7071067811865463515, 0.000000000000000000, -0.7071067811865487940 ) ) ;
#390 = ORIENTED_EDGE ( 'NONE', *, *, #1129, .T. ) ;
#391 = DIRECTION ( 'NONE',  ( 0.000000000000000000, -1.000000000000000000, 0.000000000000000000 ) ) ;
#392 = AXIS2_PLACEMENT_3D ( 'NONE', #1391, #1649, #1356 ) ;
#393 = DIRECTION ( 'NONE',  ( 0.000000000000000000, 0.000000000000000000, -1.000000000000000000 ) ) ;
#394 = EDGE_CURVE ( 'NONE', #1437, #156, #554, .T. ) ;
#395 = ORIENTED_EDGE ( 'NONE', *, *, #1642, .T. ) ;
#396 = CARTESIAN_POINT ( 'NONE',  ( 2.121320343559629507, 37.00000000000000711, -7.778174593052028740 ) ) ;
#397 = ORIENTED_EDGE ( 'NONE', *, *, #1726, .F. ) ;
#398 = VECTOR ( 'NONE', #1345, 1000.000000000000114 ) ;
#399 = DIRECTION ( 'NONE',  ( -0.7071067811865489050, 0.000000000000000000, -0.7071067811865462405 ) ) ;
#400 = ADVANCED_FACE ( 'NONE', ( #1007 ), #852, .T. ) ;
#401 = CARTESIAN_POINT ( 'NONE',  ( -7.071067811865461294, 37.00000000000000711, 7.071067811865487940 ) ) ;
#402 = ORIENTED_EDGE ( 'NONE', *, *, #1078, .T. ) ;
#403 = ADVANCED_FACE ( 'NONE', ( #727 ), #1296, .T. ) ;
#404 = DIRECTION ( 'NONE',  ( 0.000000000000000000, 1.000000000000000000, 0.000000000000000000 ) ) ;
#405 = ADVANCED_FACE ( 'NONE', ( #1273 ), #1089, .T. ) ;
#406 = ORIENTED_EDGE ( 'NONE', *, *, #310, .F. ) ;
#407 = CIRCLE ( 'NONE', #1499, 1.999999999999999556 ) ;
#408 = DIRECTION ( 'NONE',  ( -0.000000000000000000, -1.000000000000000000, -0.000000000000000000 ) ) ;
#409 = VERTEX_POINT ( 'NONE', #1540 ) ;
#410 = VECTOR ( 'NONE', #921, 1000.000000000000000 ) ;
#411 = AXIS2_PLACEMENT_3D ( 'NONE', #574, #1664, #559 ) ;
#412 = DIRECTION ( 'NONE',  ( -1.000000000000000000, 0.000000000000000000, 0.000000000000000000 ) ) ;
#413 = LINE ( 'NONE', #560, #410 ) ;
#414 = ORIENTED_EDGE ( 'NONE', *, *, #1669, .T. ) ;
#415 = ADVANCED_FACE ( 'NONE', ( #714 ), #550, .T. ) ;
#416 = CARTESIAN_POINT ( 'NONE',  ( -9.192388155425117446, 37.00000000000000711, -0.7071067811865314745 ) ) ;
#417 = CARTESIAN_POINT ( 'NONE',  ( -9.899494936611660023, 55.00000000000000711, 4.242640687119302534 ) ) ;
#418 = CARTESIAN_POINT ( 'NONE',  ( 0.000000000000000000, 0.000000000000000000, 0.000000000000000000 ) ) ;
#419 = CARTESIAN_POINT ( 'NONE',  ( 7.778174593052025187, 55.00000000000000711, 2.121320343559623733 ) ) ;
#420 = AXIS2_PLACEMENT_3D ( 'NONE', #1315, #81, #635 ) ;
#421 = VECTOR ( 'NONE', #1579, 1000.000000000000000 ) ;
#422 = AXIS2_PLACEMENT_3D ( 'NONE', #1122, #1679, #448 ) ;
#423 = EDGE_CURVE ( 'NONE', #1341, #527, #297, .T. ) ;
#424 = ORIENTED_EDGE ( 'NONE', *, *, #218, .F. ) ;
#425 = DIRECTION ( 'NONE',  ( -0.000000000000000000, -1.000000000000000000, -0.000000000000000000 ) ) ;
#426 = ORIENTED_EDGE ( 'NONE', *, *, #1509, .F. ) ;
#427 = CARTESIAN_POINT ( 'NONE',  ( 7.778174593052019858, 37.00000000000000711, -2.121320343559663701 ) ) ;
#428 = EDGE_CURVE ( 'NONE', #1699, #834, #93, .T. ) ;
#429 = ORIENTED_EDGE ( 'NONE', *, *, #446, .F. ) ;
#430 = AXIS2_PLACEMENT_3D ( 'NONE', #306, #1406, #194 ) ;
#431 = FACE_OUTER_BOUND ( 'NONE', #665, .T. ) ;
#432 = LINE ( 'NONE', #845, #66 ) ;
#433 = ORIENTED_EDGE ( 'NONE', *, *, #775, .F. ) ;
#434 = CYLINDRICAL_SURFACE ( 'NONE', #1099, 6.000000000000000000 ) ;
#435 = CIRCLE ( 'NONE', #859, 2.000000000000000000 ) ;
#436 = CARTESIAN_POINT ( 'NONE',  ( -11.31370849898475761, 55.00000000000000711, 2.828427124746212051 ) ) ;
#437 = ORIENTED_EDGE ( 'NONE', *, *, #726, .T. ) ;
#438 = VECTOR ( 'NONE', #1605, 999.9999999999998863 ) ;
#439 = CARTESIAN_POINT ( 'NONE',  ( -2.828427124746196508, 35.00000000000000000, -2.828427124746184518 ) ) ;
#440 = ORIENTED_EDGE ( 'NONE', *, *, #675, .F. ) ;
#441 = ORIENTED_EDGE ( 'NONE', *, *, #685, .T. ) ;
#442 = FACE_OUTER_BOUND ( 'NONE', #373, .T. ) ;
#443 = CIRCLE ( 'NONE', #296, 2.000000000000000000 ) ;
#444 = DIRECTION ( 'NONE',  ( 1.734723475976807686E-15, 0.000000000000000000, 1.000000000000000000 ) ) ;
#445 = PRODUCT_DEFINITION_FORMATION_WITH_SPECIFIED_SOURCE ( 'ANY', '', #774, .NOT_KNOWN. ) ;
#446 = EDGE_CURVE ( 'NONE', #586, #129, #1029, .T. ) ;
#447 = ORIENTED_EDGE ( 'NONE', *, *, #1286, .F. ) ;
#448 = DIRECTION ( 'NONE',  ( 0.000000000000000000, 0.000000000000000000, 1.000000000000000000 ) ) ;
#449 = CARTESIAN_POINT ( 'NONE',  ( -7.071067811865461294, 55.00000000000000711, 7.071067811865487940 ) ) ;
#450 = ORIENTED_EDGE ( 'NONE', *, *, #973, .F. ) ;
#451 = CARTESIAN_POINT ( 'NONE',  ( -1.734723475976807094E-14, 53.00000000000000711, -8.899494936611667129 ) ) ;
#452 = VECTOR ( 'NONE', #955, 1000.000000000000000 ) ;
#453 = DIRECTION ( 'NONE',  ( 0.000000000000000000, 0.000000000000000000, -1.000000000000000000 ) ) ;
#454 = DIRECTION ( 'NONE',  ( 0.000000000000000000, 0.000000000000000000, -1.000000000000000000 ) ) ;
#455 = VERTEX_POINT ( 'NONE', #607 ) ;
#456 = EDGE_CURVE ( 'NONE', #787, #1253, #1264, .T. ) ;
#457 = CYLINDRICAL_SURFACE ( 'NONE', #370, 1.999999999999999778 ) ;
#458 = EDGE_CURVE ( 'NONE', #294, #99, #385, .T. ) ;
#459 = LINE ( 'NONE', #333, #207 ) ;
#460 = VERTEX_POINT ( 'NONE', #1329 ) ;
#461 = AXIS2_PLACEMENT_3D ( 'NONE', #1203, #1725, #759 ) ;
#462 = DIRECTION ( 'NONE',  ( -0.7071067811865485719, -6.133173666733491622E-16, -0.7071067811865465735 ) ) ;
#463 = AXIS2_PLACEMENT_3D ( 'NONE', #1346, #1380, #564 ) ;
#464 = DIRECTION ( 'NONE',  ( 0.000000000000000000, 0.000000000000000000, 1.000000000000000000 ) ) ;
#465 = CIRCLE ( 'NONE', #1093, 3.000000000000000000 ) ;
#466 = CARTESIAN_POINT ( 'NONE',  ( 2.828427124746194732, 35.00000000000000000, 2.828427124746176524 ) ) ;
#467 = AXIS2_PLACEMENT_3D ( 'NONE', #1688, #1387, #1141 ) ;
#468 = AXIS2_PLACEMENT_3D ( 'NONE', #798, #1383, #1392 ) ;
#469 = ORIENTED_EDGE ( 'NONE', *, *, #135, .T. ) ;
#470 = APPLICATION_CONTEXT ( 'automotive_design' ) ;
#471 = DIRECTION ( 'NONE',  ( 0.000000000000000000, 0.000000000000000000, 1.000000000000000000 ) ) ;
#472 = ORIENTED_EDGE ( 'NONE', *, *, #775, .T. ) ;
#473 = ORIENTED_EDGE ( 'NONE', *, *, #145, .T. ) ;
#474 = AXIS2_PLACEMENT_3D ( 'NONE', #53, #462, #1125 ) ;
#475 = ADVANCED_FACE ( 'NONE', ( #896 ), #103, .F. ) ;
#476 = CARTESIAN_POINT ( 'NONE',  ( -9.899494936611672458, 37.00000000000000711, -4.242640687119268783 ) ) ;
#477 = EDGE_CURVE ( 'NONE', #129, #351, #220, .T. ) ;
#478 = DIRECTION ( 'NONE',  ( -0.000000000000000000, -1.000000000000000000, -0.000000000000000000 ) ) ;
#479 = DIRECTION ( 'NONE',  ( -0.7071067811865487940, 0.000000000000000000, -0.7071067811865462405 ) ) ;
#480 = VERTEX_POINT ( 'NONE', #1043 ) ;
#481 = CIRCLE ( 'NONE', #331, 6.000000000000001776 ) ;
#482 = ADVANCED_FACE ( 'NONE', ( #1448 ), #230, .T. ) ;
#483 = DIRECTION ( 'NONE',  ( -0.000000000000000000, -1.000000000000000000, -0.000000000000000000 ) ) ;
#484 = DIRECTION ( 'NONE',  ( 0.000000000000000000, 0.000000000000000000, 1.000000000000000000 ) ) ;
#485 = EDGE_LOOP ( 'NONE', ( #1013, #343, #984, #556 ) ) ;
#486 = DIRECTION ( 'NONE',  ( -0.7071067811865462405, 0.000000000000000000, 0.7071067811865487940 ) ) ;
#487 = EDGE_CURVE ( 'NONE', #517, #1370, #190, .T. ) ;
#488 = DIRECTION ( 'NONE',  ( 0.000000000000000000, 0.000000000000000000, 1.000000000000000000 ) ) ;
#489 = ADVANCED_FACE ( 'NONE', ( #624 ), #1174, .F. ) ;
#490 = VERTEX_POINT ( 'NONE', #228 ) ;
#491 = ADVANCED_FACE ( 'NONE', ( #643 ), #708, .T. ) ;
#492 = CARTESIAN_POINT ( 'NONE',  ( -9.899494936611658247, 35.00000000000000000, 4.242640687119306087 ) ) ;
#493 = LINE ( 'NONE', #519, #776 ) ;
#494 = VERTEX_POINT ( 'NONE', #358 ) ;
#495 = DIRECTION ( 'NONE',  ( 0.000000000000000000, -1.000000000000000000, 0.000000000000000000 ) ) ;
#496 =( NAMED_UNIT ( * ) PLANE_ANGLE_UNIT ( ) SI_UNIT ( $, .RADIAN. ) );
#497 = AXIS2_PLACEMENT_3D ( 'NONE', #501, #1179, #1721 ) ;
#498 = AXIS2_PLACEMENT_3D ( 'NONE', #146, #276, #1094 ) ;
#499 = ORIENTED_EDGE ( 'NONE', *, *, #89, .T. ) ;
#500 = EDGE_CURVE ( 'NONE', #1310, #586, #114, .T. ) ;
#501 = CARTESIAN_POINT ( 'NONE',  ( -2.121320343559630839, 53.00000000000000711, 7.778174593052025187 ) ) ;
#502 = DIRECTION ( 'NONE',  ( 0.000000000000000000, 0.000000000000000000, 1.000000000000000000 ) ) ;
#503 = EDGE_LOOP ( 'NONE', ( #414, #1030, #561, #426 ) ) ;
#504 = FACE_OUTER_BOUND ( 'NONE', #678, .T. ) ;
#505 = DIRECTION ( 'NONE',  ( 0.7071067811865466846, 0.000000000000000000, -0.7071067811865485719 ) ) ;
#506 = EDGE_CURVE ( 'NONE', #777, #969, #1429, .T. ) ;
#507 = SHAPE_REPRESENTATION_RELATIONSHIP ( 'NONE' , 'NONE' ,  #1176, #680 ) ;
#508 = ORIENTED_EDGE ( 'NONE', *, *, #1484, .F. ) ;
#509 = PRODUCT_DEFINITION_SHAPE ( 'NONE', 'NONE',  #204 ) ;
#510 = CARTESIAN_POINT ( 'NONE',  ( -7.071067811865488828, 55.00000000000000711, -7.071067811865462183 ) ) ;
#511 = CARTESIAN_POINT ( 'NONE',  ( 9.899494936611679563, 55.00000000000000711, 4.242640687119269671 ) ) ;
#512 = ORIENTED_EDGE ( 'NONE', *, *, #675, .T. ) ;
#513 = DIRECTION ( 'NONE',  ( 0.000000000000000000, 1.000000000000000000, 0.000000000000000000 ) ) ;
#514 = CIRCLE ( 'NONE', #961, 5.999999999999998224 ) ;
#515 = DIRECTION ( 'NONE',  ( 0.000000000000000000, 0.000000000000000000, 1.000000000000000000 ) ) ;
#516 = CARTESIAN_POINT ( 'NONE',  ( -9.899494936611665352, 35.00000000000000000, 1.734723475976807094E-14 ) ) ;
#517 = VERTEX_POINT ( 'NONE', #1734 ) ;
#518 = FACE_OUTER_BOUND ( 'NONE', #1266, .T. ) ;
#519 = CARTESIAN_POINT ( 'NONE',  ( 7.071067811865463071, 55.00000000000000711, -13.07106781186549327 ) ) ;
#520 = ORIENTED_EDGE ( 'NONE', *, *, #1531, .T. ) ;
#521 = FACE_OUTER_BOUND ( 'NONE', #1568, .T. ) ;
#522 = CARTESIAN_POINT ( 'NONE',  ( -7.071067811865488828, 37.00000000000000711, -7.071067811865462183 ) ) ;
#523 = ORIENTED_EDGE ( 'NONE', *, *, #428, .F. ) ;
#524 = CARTESIAN_POINT ( 'NONE',  ( 7.778174593052025187, 53.00000000000000711, 2.121320343559623733 ) ) ;
#525 = VECTOR ( 'NONE', #1510, 1000.000000000000114 ) ;
#526 = FILL_AREA_STYLE_COLOUR ( '', #827 ) ;
#527 = VERTEX_POINT ( 'NONE', #1463 ) ;
#528 = CIRCLE ( 'NONE', #752, 2.000000000000000000 ) ;
#529 = CARTESIAN_POINT ( 'NONE',  ( 11.31370849898477182, 55.00000000000000711, 2.828427124746169863 ) ) ;
#530 = ADVANCED_FACE ( 'NONE', ( #1193 ), #791, .T. ) ;
#531 = LINE ( 'NONE', #1374, #115 ) ;
#532 = CARTESIAN_POINT ( 'NONE',  ( 4.242640687119298093, 55.00000000000000711, 9.899494936611654694 ) ) ;
#533 = TOROIDAL_SURFACE ( 'NONE', #757, 3.999999999999998224, 2.000000000000000000 ) ;
#534 = ORIENTED_EDGE ( 'NONE', *, *, #928, .T. ) ;
#535 = LINE ( 'NONE', #1076, #1330 ) ;
#536 = ORIENTED_EDGE ( 'NONE', *, *, #487, .F. ) ;
#537 = ADVANCED_FACE ( 'NONE', ( #375 ), #1019, .T. ) ;
#538 = DIRECTION ( 'NONE',  ( -0.7071067811865460184, 0.000000000000000000, 0.7071067811865490160 ) ) ;
#539 = CARTESIAN_POINT ( 'NONE',  ( 7.778174593052018970, 53.00000000000000711, -2.121320343559663257 ) ) ;
#540 = SHAPE_DEFINITION_REPRESENTATION ( #509, #1176 ) ;
#541 = ADVANCED_FACE ( 'NONE', ( #935 ), #1491, .F. ) ;
#542 = EDGE_LOOP ( 'NONE', ( #1434, #868, #1018, #277 ) ) ;
#543 = CARTESIAN_POINT ( 'NONE',  ( -2.828427124746171195, 55.00000000000000711, 11.31370849898476472 ) ) ;
#544 = VERTEX_POINT ( 'NONE', #264 ) ;
#545 = EDGE_CURVE ( 'NONE', #1437, #517, #531, .T. ) ;
#546 = AXIS2_PLACEMENT_3D ( 'NONE', #555, #399, #538 ) ;
#547 = CARTESIAN_POINT ( 'NONE',  ( -7.778174593052025187, 37.00000000000000711, -2.121320343559628618 ) ) ;
#548 = CARTESIAN_POINT ( 'NONE',  ( -7.071067811865461294, 37.00000000000000711, 11.07106781186548794 ) ) ;
#549 = CONTEXT_DEPENDENT_SHAPE_REPRESENTATION ( #71, #913 ) ;
#550 = TOROIDAL_SURFACE ( 'NONE', #314, 3.000000000000000000, 2.000000000000000000 ) ;
#551 = AXIS2_PLACEMENT_3D ( 'NONE', #1080, #1656, #1247 ) ;
#552 = FILL_AREA_STYLE ('',( #526 ) ) ;
#553 = ORIENTED_EDGE ( 'NONE', *, *, #572, .T. ) ;
#554 = CIRCLE ( 'NONE', #970, 5.999999999999998224 ) ;
#555 = CARTESIAN_POINT ( 'NONE',  ( -9.899494936611676010, 53.00000000000000711, -4.242640687119265230 ) ) ;
#556 = ORIENTED_EDGE ( 'NONE', *, *, #1105, .F. ) ;
#557 = AXIS2_PLACEMENT_3D ( 'NONE', #1617, #929, #1486 ) ;
#558 = CYLINDRICAL_SURFACE ( 'NONE', #94, 6.000000000000002665 ) ;
#559 = DIRECTION ( 'NONE',  ( 0.7071067811865493491, 0.000000000000000000, 0.7071067811865459074 ) ) ;
#560 = CARTESIAN_POINT ( 'NONE',  ( -11.31370849898475761, 55.00000000000000711, 2.828427124746212051 ) ) ;
#561 = ORIENTED_EDGE ( 'NONE', *, *, #164, .F. ) ;
#562 = DIRECTION ( 'NONE',  ( -0.7071067811865486830, -0.000000000000000000, -0.7071067811865463515 ) ) ;
#563 = APPLICATION_CONTEXT ( 'automotive_design' ) ;
#564 = DIRECTION ( 'NONE',  ( 0.000000000000000000, 0.000000000000000000, 1.000000000000000000 ) ) ;
#565 = CIRCLE ( 'NONE', #927, 3.000000000000000000 ) ;
#566 = DIRECTION ( 'NONE',  ( -0.7071067811865493491, 0.000000000000000000, -0.7071067811865459074 ) ) ;
#567 = EDGE_LOOP ( 'NONE', ( #878, #1068, #1511, #168, #1181, #903 ) ) ;
#568 = DIRECTION ( 'NONE',  ( 0.000000000000000000, 1.000000000000000000, 0.000000000000000000 ) ) ;
#569 = CARTESIAN_POINT ( 'NONE',  ( 0.7071067811865318076, 37.00000000000000711, -9.192388155425120999 ) ) ;
#570 = VERTEX_POINT ( 'NONE', #1107 ) ;
#571 = DIRECTION ( 'NONE',  ( 0.000000000000000000, 1.000000000000000000, 0.000000000000000000 ) ) ;
#572 = EDGE_CURVE ( 'NONE', #937, #1618, #255, .T. ) ;
#573 = CYLINDRICAL_SURFACE ( 'NONE', #725, 1.000000000000000888 ) ;
#574 = CARTESIAN_POINT ( 'NONE',  ( -4.242640687119268783, 53.00000000000000711, 9.899494936611672458 ) ) ;
#575 = ORIENTED_EDGE ( 'NONE', *, *, #1366, .F. ) ;
#576 = FACE_OUTER_BOUND ( 'NONE', #387, .T. ) ;
#577 = DIRECTION ( 'NONE',  ( -0.000000000000000000, -1.000000000000000000, -0.000000000000000000 ) ) ;
#578 = ORIENTED_EDGE ( 'NONE', *, *, #1442, .F. ) ;
#579 = EDGE_CURVE ( 'NONE', #1594, #1421, #1343, .T. ) ;
#580 = DIRECTION ( 'NONE',  ( 0.000000000000000000, 0.000000000000000000, -1.000000000000000000 ) ) ;
#581 = AXIS2_PLACEMENT_3D ( 'NONE', #1058, #1467, #502 ) ;
#582 = PLANE ( 'NONE',  #51 ) ;
#583 = ORIENTED_EDGE ( 'NONE', *, *, #456, .T. ) ;
#584 = CIRCLE ( 'NONE', #813, 3.000000000000000000 ) ;
#585 = DIRECTION ( 'NONE',  ( -0.7071067811865460184, 0.000000000000000000, 0.7071067811865490160 ) ) ;
#586 = VERTEX_POINT ( 'NONE', #9 ) ;
#587 = ORIENTED_EDGE ( 'NONE', *, *, #592, .F. ) ;
#588 = CARTESIAN_POINT ( 'NONE',  ( 7.071067811865487052, 35.00000000000000000, 11.07106781186546485 ) ) ;
#589 = CYLINDRICAL_SURFACE ( 'NONE', #1502, 2.000000000000000444 ) ;
#590 = CARTESIAN_POINT ( 'NONE',  ( 9.899494936611665352, 53.00000000000000711, -2.450296909817240021E-14 ) ) ;
#591 = EDGE_CURVE ( 'NONE', #1421, #1085, #8, .T. ) ;
#592 = EDGE_CURVE ( 'NONE', #73, #1751, #634, .T. ) ;
#593 = EDGE_LOOP ( 'NONE', ( #363, #429, #656, #447 ) ) ;
#594 = AXIS2_PLACEMENT_3D ( 'NONE', #1027, #208, #629 ) ;
#595 = DIRECTION ( 'NONE',  ( -0.7071067811865462405, 0.000000000000000000, 0.7071067811865489050 ) ) ;
#596 = EDGE_LOOP ( 'NONE', ( #809, #402, #1238, #1377 ) ) ;
#597 = ORIENTED_EDGE ( 'NONE', *, *, #647, .T. ) ;
#598 = CARTESIAN_POINT ( 'NONE',  ( 7.071067811865487052, 37.00000000000000711, 7.071067811865460406 ) ) ;
#599 = DIRECTION ( 'NONE',  ( -0.000000000000000000, -1.000000000000000000, -0.000000000000000000 ) ) ;
#600 = EDGE_CURVE ( 'NONE', #1414, #302, #18, .T. ) ;
#601 = ORIENTED_EDGE ( 'NONE', *, *, #1433, .F. ) ;
#602 = EDGE_CURVE ( 'NONE', #893, #131, #1695, .T. ) ;
#603 = FACE_OUTER_BOUND ( 'NONE', #567, .T. ) ;
#604 = VERTEX_POINT ( 'NONE', #124 ) ;
#605 = ORIENTED_EDGE ( 'NONE', *, *, #1531, .F. ) ;
#606 = CARTESIAN_POINT ( 'NONE',  ( 0.7071067811865614505, 37.00000000000000711, 9.192388155425115670 ) ) ;
#607 = CARTESIAN_POINT ( 'NONE',  ( 9.192388155425117446, 53.00000000000000711, 0.7071067811865248132 ) ) ;
#608 = CIRCLE ( 'NONE', #581, 2.000000000000000000 ) ;
#609 = CARTESIAN_POINT ( 'NONE',  ( -1.431146867680865853E-14, 37.00000000000000711, -8.485281374238573093 ) ) ;
#610 = ORIENTED_EDGE ( 'NONE', *, *, #1624, .F. ) ;
#611 = CARTESIAN_POINT ( 'NONE',  ( 7.071067811865487052, 35.00000000000000000, 7.071067811865460406 ) ) ;
#612 = DIRECTION ( 'NONE',  ( 0.000000000000000000, 0.000000000000000000, 1.000000000000000000 ) ) ;
#613 = VERTEX_POINT ( 'NONE', #1507 ) ;
#614 = VECTOR ( 'NONE', #1709, 999.9999999999998863 ) ;
#615 = EDGE_CURVE ( 'NONE', #1517, #1235, #150, .T. ) ;
#616 = DIRECTION ( 'NONE',  ( 0.000000000000000000, 1.000000000000000000, 0.000000000000000000 ) ) ;
#617 = DIRECTION ( 'NONE',  ( 0.7071067811865490160, 0.000000000000000000, 0.7071067811865460184 ) ) ;
#618 = APPLICATION_CONTEXT ( 'automotive_design' ) ;
#619 = ORIENTED_EDGE ( 'NONE', *, *, #1129, .F. ) ;
#620 = DIRECTION ( 'NONE',  ( -0.000000000000000000, -1.000000000000000000, -0.000000000000000000 ) ) ;
#621 = CARTESIAN_POINT ( 'NONE',  ( 9.192388155425115670, 35.00000000000000000, -0.7071067811865704433 ) ) ;
#622 = VERTEX_POINT ( 'NONE', #1239 ) ;
#623 = CARTESIAN_POINT ( 'NONE',  ( -2.828427124746196508, 53.00000000000000711, -2.828427124746184518 ) ) ;
#624 = FACE_OUTER_BOUND ( 'NONE', #312, .T. ) ;
#625 = ADVANCED_FACE ( 'NONE', ( #280 ), #558, .T. ) ;
#626 =( LENGTH_UNIT ( ) NAMED_UNIT ( * ) SI_UNIT ( .MILLI., .METRE. ) );
#627 = AXIS2_PLACEMENT_3D ( 'NONE', #547, #562, #1245 ) ;
#628 = ORIENTED_EDGE ( 'NONE', *, *, #645, .F. ) ;
#629 = DIRECTION ( 'NONE',  ( 0.000000000000000000, 0.000000000000000000, 1.000000000000000000 ) ) ;
#630 = DIRECTION ( 'NONE',  ( -0.7071067811865455743, 0.000000000000000000, 0.7071067811865494601 ) ) ;
#631 = VERTEX_POINT ( 'NONE', #417 ) ;
#632 = DIRECTION ( 'NONE',  ( 0.7071067811865486830, 0.000000000000000000, 0.7071067811865463515 ) ) ;
#633 = EDGE_CURVE ( 'NONE', #1235, #837, #853, .T. ) ;
#634 = CIRCLE ( 'NONE', #1470, 1.000000000000000888 ) ;
#635 = DIRECTION ( 'NONE',  ( 0.7071067811865493491, 0.000000000000000000, 0.7071067811865459074 ) ) ;
#636 = CIRCLE ( 'NONE', #96, 2.000000000000000000 ) ;
#637 = ORIENTED_EDGE ( 'NONE', *, *, #1279, .T. ) ;
#638 = AXIS2_PLACEMENT_3D ( 'NONE', #1118, #1206, #1109 ) ;
#639 = DIRECTION ( 'NONE',  ( -0.000000000000000000, -1.000000000000000000, -0.000000000000000000 ) ) ;
#640 = DIRECTION ( 'NONE',  ( 0.000000000000000000, 0.000000000000000000, 1.000000000000000000 ) ) ;
#641 = ORIENTED_EDGE ( 'NONE', *, *, #1314, .F. ) ;
#642 = FACE_OUTER_BOUND ( 'NONE', #1047, .T. ) ;
#643 = FACE_OUTER_BOUND ( 'NONE', #855, .T. ) ;
#644 = DIRECTION ( 'NONE',  ( 0.000000000000000000, 0.000000000000000000, 1.000000000000000000 ) ) ;
#645 = EDGE_CURVE ( 'NONE', #1751, #722, #1327, .T. ) ;
#646 = ORIENTED_EDGE ( 'NONE', *, *, #1442, .T. ) ;
#647 = EDGE_CURVE ( 'NONE', #1400, #1705, #1087, .T. ) ;
#648 = CARTESIAN_POINT ( 'NONE',  ( 1.539567084929416296E-14, 53.00000000000000711, 9.899494936611665352 ) ) ;
#649 = CARTESIAN_POINT ( 'NONE',  ( 9.192388155425117446, 37.00000000000000711, 0.7071067811865248132 ) ) ;
#650 = VERTEX_POINT ( 'NONE', #823 ) ;
#651 = FACE_OUTER_BOUND ( 'NONE', #1424, .T. ) ;
#652 = AXIS2_PLACEMENT_3D ( 'NONE', #90, #505, #1597 ) ;
#653 = TOROIDAL_SURFACE ( 'NONE', #1136, 3.000000000000000000, 2.000000000000000000 ) ;
#654 = CIRCLE ( 'NONE', #594, 6.000000000000001776 ) ;
#655 = CARTESIAN_POINT ( 'NONE',  ( 11.31370849898475583, 37.00000000000000711, -2.828427124746217380 ) ) ;
#656 = ORIENTED_EDGE ( 'NONE', *, *, #664, .F. ) ;
#657 = EDGE_CURVE ( 'NONE', #1760, #570, #1752, .T. ) ;
#658 = DIRECTION ( 'NONE',  ( 0.000000000000000000, 0.000000000000000000, 1.000000000000000000 ) ) ;
#659 = SURFACE_SIDE_STYLE ('',( #949 ) ) ;
#660 = ORIENTED_EDGE ( 'NONE', *, *, #1173, .F. ) ;
#661 = LINE ( 'NONE', #529, #1321 ) ;
#662 = DIRECTION ( 'NONE',  ( -0.7071067811865485719, 0.000000000000000000, -0.7071067811865464625 ) ) ;
#663 = PRESENTATION_STYLE_ASSIGNMENT (( #91 ) ) ;
#664 = EDGE_CURVE ( 'NONE', #1400, #586, #149, .T. ) ;
#665 = EDGE_LOOP ( 'NONE', ( #1689, #1277, #922, #512 ) ) ;
#666 = CARTESIAN_POINT ( 'NONE',  ( -7.071067811865461294, 35.00000000000000000, 7.071067811865487940 ) ) ;
#667 = CIRCLE ( 'NONE', #11, 5.999999999999998224 ) ;
#668 = CARTESIAN_POINT ( 'NONE',  ( -0.7071067811865341390, 37.00000000000000711, 9.192388155425117446 ) ) ;
#669 = ORIENTED_EDGE ( 'NONE', *, *, #328, .T. ) ;
#670 = CARTESIAN_POINT ( 'NONE',  ( -9.899494936611665352, 55.00000000000000711, 1.734723475976807094E-14 ) ) ;
#671 = ADVANCED_FACE ( 'NONE', ( #1631 ), #1520, .T. ) ;
#672 = DIRECTION ( 'NONE',  ( 0.7071067811865459074, 0.000000000000000000, -0.7071067811865491270 ) ) ;
#673 = CARTESIAN_POINT ( 'NONE',  ( 0.000000000000000000, 0.000000000000000000, 0.000000000000000000 ) ) ;
#674 = CIRCLE ( 'NONE', #1527, 2.000000000000000000 ) ;
#675 = EDGE_CURVE ( 'NONE', #480, #1437, #1702, .T. ) ;
#676 = ORIENTED_EDGE ( 'NONE', *, *, #600, .F. ) ;
#677 = CARTESIAN_POINT ( 'NONE',  ( -7.071067811865461294, 37.00000000000000711, 7.071067811865487940 ) ) ;
#678 = EDGE_LOOP ( 'NONE', ( #1708, #931, #206, #1396 ) ) ;
#679 = DIRECTION ( 'NONE',  ( -0.000000000000000000, -1.000000000000000000, -0.000000000000000000 ) ) ;
#680 = ADVANCED_BREP_SHAPE_REPRESENTATION ( '', ( #266, #735 ), #1164 ) ;
#681 = CARTESIAN_POINT ( 'NONE',  ( -2.828427124746171195, 37.00000000000000711, 11.31370849898476472 ) ) ;
#682 = ORIENTED_EDGE ( 'NONE', *, *, #394, .F. ) ;
#683 = AXIS2_PLACEMENT_3D ( 'NONE', #1506, #932, #684 ) ;
#684 = DIRECTION ( 'NONE',  ( -0.7071067811865493491, 0.000000000000000000, -0.7071067811865459074 ) ) ;
#685 = EDGE_CURVE ( 'NONE', #1705, #1310, #443, .T. ) ;
#686 = ORIENTED_EDGE ( 'NONE', *, *, #843, .F. ) ;
#687 = CARTESIAN_POINT ( 'NONE',  ( 9.899494936611665352, 55.00000000000000711, -2.450296909817240021E-14 ) ) ;
#688 = AXIS2_PLACEMENT_3D ( 'NONE', #995, #861, #870 ) ;
#689 = AXIS2_PLACEMENT_3D ( 'NONE', #427, #967, #662 ) ;
#690 = VECTOR ( 'NONE', #672, 1000.000000000000000 ) ;
#691 = EDGE_LOOP ( 'NONE', ( #47, #1077, #1543, #472 ) ) ;
#692 = CIRCLE ( 'NONE', #916, 1.000000000000000000 ) ;
#693 = DIRECTION ( 'NONE',  ( 0.7071067811865462405, 0.000000000000000000, -0.7071067811865489050 ) ) ;
#694 = AXIS2_PLACEMENT_3D ( 'NONE', #1001, #1668, #1567 ) ;
#695 = CIRCLE ( 'NONE', #557, 2.000000000000000000 ) ;
#696 = DIRECTION ( 'NONE',  ( 0.7071067811865489050, -0.000000000000000000, 0.7071067811865462405 ) ) ;
#697 =( LENGTH_UNIT ( ) NAMED_UNIT ( * ) SI_UNIT ( .MILLI., .METRE. ) );
#698 = PLANE ( 'NONE',  #1331 ) ;
#699 = AXIS2_PLACEMENT_3D ( 'NONE', #704, #571, #1426 ) ;
#700 = VERTEX_POINT ( 'NONE', #44 ) ;
#701 = DIRECTION ( 'NONE',  ( 0.7071067811865462405, -0.000000000000000000, -0.7071067811865489050 ) ) ;
#702 = LINE ( 'NONE', #1413, #1065 ) ;
#703 = ORIENTED_EDGE ( 'NONE', *, *, #308, .F. ) ;
#704 = CARTESIAN_POINT ( 'NONE',  ( 9.899494936611665352, 53.00000000000000711, -2.450296909817240021E-14 ) ) ;
#705 =( NAMED_UNIT ( * ) PLANE_ANGLE_UNIT ( ) SI_UNIT ( $, .RADIAN. ) );
#706 = AXIS2_PLACEMENT_3D ( 'NONE', #522, #1316, #644 ) ;
#707 = DIRECTION ( 'NONE',  ( -0.7071067811865484609, -0.000000000000000000, -0.7071067811865465735 ) ) ;
#708 = TOROIDAL_SURFACE ( 'NONE', #933, 4.000000000000002665, 2.000000000000000000 ) ;
#709 = VERTEX_POINT ( 'NONE', #986 ) ;
#710 = EDGE_CURVE ( 'NONE', #1421, #127, #193, .T. ) ;
#711 = ORIENTED_EDGE ( 'NONE', *, *, #1681, .F. ) ;
#712 = ORIENTED_EDGE ( 'NONE', *, *, #615, .T. ) ;
#713 = CARTESIAN_POINT ( 'NONE',  ( -7.071067811865488828, 55.00000000000000711, -13.07106781186546307 ) ) ;
#714 = FACE_OUTER_BOUND ( 'NONE', #1564, .T. ) ;
#715 = DIRECTION ( 'NONE',  ( 0.7071067811865489050, 0.000000000000000000, 0.7071067811865462405 ) ) ;
#716 = ADVANCED_FACE ( 'NONE', ( #62 ), #1532, .T. ) ;
#717 = VERTEX_POINT ( 'NONE', #606 ) ;
#718 = VECTOR ( 'NONE', #1550, 1000.000000000000000 ) ;
#719 = DIRECTION ( 'NONE',  ( 0.000000000000000000, 0.000000000000000000, 1.000000000000000000 ) ) ;
#720 = ORIENTED_EDGE ( 'NONE', *, *, #308, .T. ) ;
#721 = AXIS2_PLACEMENT_3D ( 'NONE', #770, #1574, #909 ) ;
#722 = VERTEX_POINT ( 'NONE', #26 ) ;
#723 = CARTESIAN_POINT ( 'NONE',  ( -7.778174593052019858, 35.00000000000000000, 2.121320343559657040 ) ) ;
#724 = ADVANCED_FACE ( 'NONE', ( #1281 ), #1416, .T. ) ;
#725 = AXIS2_PLACEMENT_3D ( 'NONE', #1016, #1570, #36 ) ;
#726 = EDGE_CURVE ( 'NONE', #837, #455, #291, .T. ) ;
#727 = FACE_OUTER_BOUND ( 'NONE', #1469, .T. ) ;
#728 = LINE ( 'NONE', #609, #421 ) ;
#729 = ORIENTED_EDGE ( 'NONE', *, *, #647, .F. ) ;
#730 = DIRECTION ( 'NONE',  ( 0.7071067811865489050, -0.000000000000000000, 0.7071067811865462405 ) ) ;
#731 = ORIENTED_EDGE ( 'NONE', *, *, #958, .T. ) ;
#732 = ORIENTED_EDGE ( 'NONE', *, *, #944, .F. ) ;
#733 = DIRECTION ( 'NONE',  ( -0.000000000000000000, -1.000000000000000000, -0.000000000000000000 ) ) ;
#734 = CARTESIAN_POINT ( 'NONE',  ( -9.899494936611676010, 35.00000000000000000, -4.242640687119266119 ) ) ;
#735 = AXIS2_PLACEMENT_3D ( 'NONE', #104, #1204, #1194 ) ;
#736 = EDGE_LOOP ( 'NONE', ( #1629, #1307, #885, #553, #1130, #890, #87, #992, #1270, #1059, #1632, #1124, #1485, #360, #1548, #1243, #1476, #1257, #1385 ) ) ;
#737 = VECTOR ( 'NONE', #1563, 999.9999999999998863 ) ;
#738 = AXIS2_PLACEMENT_3D ( 'NONE', #1276, #292, #1422 ) ;
#739 = CARTESIAN_POINT ( 'NONE',  ( -7.071067811865488828, 35.00000000000000000, -7.071067811865462183 ) ) ;
#740 = CARTESIAN_POINT ( 'NONE',  ( -9.899494936611672458, 35.00000000000000000, -4.242640687119269671 ) ) ;
#741 = VERTEX_POINT ( 'NONE', #588 ) ;
#742 = CARTESIAN_POINT ( 'NONE',  ( -1.734723475976807094E-14, 35.00000000000000000, -9.899494936611668905 ) ) ;
#743 = CARTESIAN_POINT ( 'NONE',  ( -11.31370849898475761, 37.00000000000000711, 2.828427124746212051 ) ) ;
#744 = ORIENTED_EDGE ( 'NONE', *, *, #270, .F. ) ;
#745 = DIRECTION ( 'NONE',  ( 0.000000000000000000, 0.000000000000000000, 1.000000000000000000 ) ) ;
#746 = DIRECTION ( 'NONE',  ( 0.000000000000000000, 1.000000000000000000, 0.000000000000000000 ) ) ;
#747 = ORIENTED_EDGE ( 'NONE', *, *, #337, .F. ) ;
#748 = CARTESIAN_POINT ( 'NONE',  ( 0.7071067811865614505, 35.00000000000000000, 9.192388155425115670 ) ) ;
#749 = VECTOR ( 'NONE', #959, 1000.000000000000114 ) ;
#750 = AXIS2_PLACEMENT_3D ( 'NONE', #1691, #1428, #977 ) ;
#751 = CYLINDRICAL_SURFACE ( 'NONE', #1454, 5.999999999999998224 ) ;
#752 = AXIS2_PLACEMENT_3D ( 'NONE', #1289, #1269, #1028 ) ;
#753 = ORIENTED_EDGE ( 'NONE', *, *, #1178, .F. ) ;
#754 = CARTESIAN_POINT ( 'NONE',  ( 2.121320343559653931, 35.00000000000000000, 7.778174593052018970 ) ) ;
#755 = DIRECTION ( 'NONE',  ( 0.000000000000000000, 0.000000000000000000, 1.000000000000000000 ) ) ;
#756 = ORIENTED_EDGE ( 'NONE', *, *, #980, .T. ) ;
#757 = AXIS2_PLACEMENT_3D ( 'NONE', #1461, #513, #1053 ) ;
#758 = CARTESIAN_POINT ( 'NONE',  ( 7.071067811865487052, 37.00000000000000711, 13.07106781186546307 ) ) ;
#759 = DIRECTION ( 'NONE',  ( 0.000000000000000000, 0.000000000000000000, 1.000000000000000000 ) ) ;
#760 = DIRECTION ( 'NONE',  ( 0.000000000000000000, 0.000000000000000000, 1.000000000000000000 ) ) ;
#761 = VERTEX_POINT ( 'NONE', #1569 ) ;
#762 = DIRECTION ( 'NONE',  ( -0.000000000000000000, -1.000000000000000000, -0.000000000000000000 ) ) ;
#763 = DIRECTION ( 'NONE',  ( 0.000000000000000000, -1.000000000000000000, 0.000000000000000000 ) ) ;
#764 = ORIENTED_EDGE ( 'NONE', *, *, #1439, .F. ) ;
#765 = EDGE_CURVE ( 'NONE', #176, #494, #1114, .T. ) ;
#766 = DIRECTION ( 'NONE',  ( -0.7071067811865462405, 0.000000000000000000, 0.7071067811865487940 ) ) ;
#767 = CARTESIAN_POINT ( 'NONE',  ( 2.828427124746196508, 35.00000000000000000, 2.828427124746181853 ) ) ;
#768 =( NAMED_UNIT ( * ) PLANE_ANGLE_UNIT ( ) SI_UNIT ( $, .RADIAN. ) );
#769 = ORIENTED_EDGE ( 'NONE', *, *, #394, .T. ) ;
#770 = CARTESIAN_POINT ( 'NONE',  ( 9.899494936611665352, 37.00000000000000711, -2.450296909817240021E-14 ) ) ;
#771 = DIRECTION ( 'NONE',  ( 0.000000000000000000, 0.000000000000000000, 1.000000000000000000 ) ) ;
#772 = ORIENTED_EDGE ( 'NONE', *, *, #802, .F. ) ;
#773 = DIRECTION ( 'NONE',  ( -0.000000000000000000, -1.000000000000000000, -0.000000000000000000 ) ) ;
#774 = PRODUCT ( 'Cross', 'Cross', '', ( #1640 ) ) ;
#775 = EDGE_CURVE ( 'NONE', #118, #836, #1528, .T. ) ;
#776 = VECTOR ( 'NONE', #902, 1000.000000000000000 ) ;
#777 = VERTEX_POINT ( 'NONE', #723 ) ;
#778 = CIRCLE ( 'NONE', #638, 2.000000000000000000 ) ;
#779 = DIRECTION ( 'NONE',  ( 0.7071067811865491270, 3.066586833366738908E-16, 0.7071067811865460184 ) ) ;
#780 = LINE ( 'NONE', #621, #380 ) ;
#781 = ORIENTED_EDGE ( 'NONE', *, *, #998, .T. ) ;
#782 = LINE ( 'NONE', #748, #157 ) ;
#783 = AXIS2_PLACEMENT_3D ( 'NONE', #1302, #486, #895 ) ;
#784 = DIRECTION ( 'NONE',  ( 0.000000000000000000, 1.000000000000000000, 0.000000000000000000 ) ) ;
#785 = DIRECTION ( 'NONE',  ( 0.000000000000000000, 1.000000000000000000, 0.000000000000000000 ) ) ;
#786 = ADVANCED_FACE ( 'NONE', ( #442 ), #1390, .T. ) ;
#787 = VERTEX_POINT ( 'NONE', #184 ) ;
#788 = DIRECTION ( 'NONE',  ( 0.000000000000000000, 1.000000000000000000, 0.000000000000000000 ) ) ;
#789 = ORIENTED_EDGE ( 'NONE', *, *, #144, .F. ) ;
#790 = CYLINDRICAL_SURFACE ( 'NONE', #1143, 2.000000000000000444 ) ;
#791 = TOROIDAL_SURFACE ( 'NONE', #23, 3.000000000000000000, 2.000000000000000000 ) ;
#792 = UNCERTAINTY_MEASURE_WITH_UNIT (LENGTH_MEASURE( 1.000000000000000082E-05 ), #697, 'distance_accuracy_value', 'NONE');
#793 = ADVANCED_FACE ( 'NONE', ( #315 ), #434, .T. ) ;
#794 = DIRECTION ( 'NONE',  ( 0.000000000000000000, 1.000000000000000000, 0.000000000000000000 ) ) ;
#795 = SURFACE_STYLE_FILL_AREA ( #1758 ) ;
#796 = ORIENTED_EDGE ( 'NONE', *, *, #1081, .F. ) ;
#797 = EDGE_CURVE ( 'NONE', #544, #127, #1246, .T. ) ;
#798 = CARTESIAN_POINT ( 'NONE',  ( -4.242640687119304310, 37.00000000000000711, -9.899494936611663576 ) ) ;
#799 = PLANE ( 'NONE',  #234 ) ;
#800 = ORIENTED_EDGE ( 'NONE', *, *, #1500, .F. ) ;
#801 = DIRECTION ( 'NONE',  ( -0.7071067811865456854, 0.000000000000000000, 0.7071067811865494601 ) ) ;
#802 = EDGE_CURVE ( 'NONE', #1625, #937, #1761, .T. ) ;
#803 = CARTESIAN_POINT ( 'NONE',  ( -7.071067811865488828, 53.00000000000000711, -7.071067811865462183 ) ) ;
#804 = DIRECTION ( 'NONE',  ( 0.000000000000000000, 0.000000000000000000, 1.000000000000000000 ) ) ;
#805 = AXIS2_PLACEMENT_3D ( 'NONE', #85, #224, #1012 ) ;
#806 = ORIENTED_EDGE ( 'NONE', *, *, #1716, .F. ) ;
#807 = AXIS2_PLACEMENT_3D ( 'NONE', #1200, #1741, #892 ) ;
#808 = FACE_OUTER_BOUND ( 'NONE', #691, .T. ) ;
#809 = ORIENTED_EDGE ( 'NONE', *, *, #897, .T. ) ;
#810 = CYLINDRICAL_SURFACE ( 'NONE', #863, 1.999999999999999556 ) ;
#811 = DIRECTION ( 'NONE',  ( 0.000000000000000000, 0.000000000000000000, 1.000000000000000000 ) ) ;
#812 = DIRECTION ( 'NONE',  ( 0.000000000000000000, 0.000000000000000000, 1.000000000000000000 ) ) ;
#813 = AXIS2_PLACEMENT_3D ( 'NONE', #670, #679, #1086 ) ;
#814 = EDGE_CURVE ( 'NONE', #722, #1618, #1333, .T. ) ;
#815 = ORIENTED_EDGE ( 'NONE', *, *, #1255, .F. ) ;
#816 = CARTESIAN_POINT ( 'NONE',  ( -2.828427124746196508, 53.00000000000000711, -2.828427124746185406 ) ) ;
#817 = VERTEX_POINT ( 'NONE', #1405 ) ;
#818 = DIRECTION ( 'NONE',  ( 1.156482317317871331E-15, 0.000000000000000000, 1.000000000000000000 ) ) ;
#819 = CIRCLE ( 'NONE', #365, 3.999999999999998224 ) ;
#820 = TOROIDAL_SURFACE ( 'NONE', #422, 3.000000000000000000, 2.000000000000000000 ) ;
#821 = ORIENTED_EDGE ( 'NONE', *, *, #1754, .F. ) ;
#822 = CARTESIAN_POINT ( 'NONE',  ( 4.242640687119298093, 55.00000000000000711, 9.899494936611654694 ) ) ;
#823 = CARTESIAN_POINT ( 'NONE',  ( -7.071067811865461294, 55.00000000000000711, 11.07106781186548794 ) ) ;
#824 = APPLICATION_PROTOCOL_DEFINITION ( 'draft international standard', 'automotive_design', 1998, #470 ) ;
#825 = CARTESIAN_POINT ( 'NONE',  ( 7.071067811865487052, 55.00000000000000711, 7.071067811865460406 ) ) ;
#826 = EDGE_LOOP ( 'NONE', ( #1320, #222, #1591, #1014 ) ) ;
#827 = COLOUR_RGB ( '',1.000000000000000000, 1.000000000000000000, 0.000000000000000000 ) ;
#828 = LINE ( 'NONE', #1386, #993 ) ;
#829 = VECTOR ( 'NONE', #1660, 999.9999999999998863 ) ;
#830 = CARTESIAN_POINT ( 'NONE',  ( -2.121320343559631727, 55.00000000000000711, 7.778174593052025187 ) ) ;
#831 = DIRECTION ( 'NONE',  ( 0.000000000000000000, 1.000000000000000000, 0.000000000000000000 ) ) ;
#832 = AXIS2_PLACEMENT_3D ( 'NONE', #356, #101, #1163 ) ;
#833 = EDGE_CURVE ( 'NONE', #1697, #1594, #1144, .T. ) ;
#834 = VERTEX_POINT ( 'NONE', #451 ) ;
#835 = CARTESIAN_POINT ( 'NONE',  ( -1.431146867680865853E-14, 55.00000000000000711, -8.485281374238573093 ) ) ;
#836 = VERTEX_POINT ( 'NONE', #327 ) ;
#837 = VERTEX_POINT ( 'NONE', #869 ) ;
#838 = DIRECTION ( 'NONE',  ( 0.7071067811865461294, 0.000000000000000000, -0.7071067811865490160 ) ) ;
#839 = EDGE_CURVE ( 'NONE', #700, #1104, #1561, .T. ) ;
#840 = CARTESIAN_POINT ( 'NONE',  ( 7.071067811865463071, 53.00000000000000711, -7.071067811865495045 ) ) ;
#841 = DIRECTION ( 'NONE',  ( -0.7071067811865459074, 0.000000000000000000, 0.7071067811865493491 ) ) ;
#842 = EDGE_LOOP ( 'NONE', ( #1151, #1150, #1139, #731 ) ) ;
#843 = EDGE_CURVE ( 'NONE', #908, #1041, #88, .T. ) ;
#844 = FACE_OUTER_BOUND ( 'NONE', #503, .T. ) ;
#845 = CARTESIAN_POINT ( 'NONE',  ( -0.7071067811865630048, 53.00000000000000711, -9.192388155425119223 ) ) ;
#846 = VERTEX_POINT ( 'NONE', #1023 ) ;
#847 = AXIS2_PLACEMENT_3D ( 'NONE', #6, #801, #1 ) ;
#848 = CARTESIAN_POINT ( 'NONE',  ( -7.071067811865488828, 35.00000000000000000, -7.071067811865462183 ) ) ;
#849 = DIRECTION ( 'NONE',  ( 0.000000000000000000, 0.000000000000000000, 1.000000000000000000 ) ) ;
#850 = DIRECTION ( 'NONE',  ( 8.673617379884038430E-16, 0.000000000000000000, 1.000000000000000000 ) ) ;
#851 = EDGE_LOOP ( 'NONE', ( #1002, #898, #25, #1488 ) ) ;
#852 = TOROIDAL_SURFACE ( 'NONE', #1061, 3.999999999999999112, 2.000000000000000000 ) ;
#853 = CIRCLE ( 'NONE', #1090, 2.000000000000000000 ) ;
#854 = CARTESIAN_POINT ( 'NONE',  ( 7.778174593052018970, 55.00000000000000711, -2.121320343559663257 ) ) ;
#855 = EDGE_LOOP ( 'NONE', ( #246, #473, #744, #578 ) ) ;
#856 = CIRCLE ( 'NONE', #1119, 4.000000000000000888 ) ;
#857 = EDGE_LOOP ( 'NONE', ( #1096, #1637, #1052, #796 ) ) ;
#858 = CARTESIAN_POINT ( 'NONE',  ( -7.071067811865488828, 55.00000000000000711, -7.071067811865462183 ) ) ;
#859 = AXIS2_PLACEMENT_3D ( 'NONE', #1436, #1299, #1021 ) ;
#860 = AXIS2_PLACEMENT_3D ( 'NONE', #524, #282, #841 ) ;
#861 = DIRECTION ( 'NONE',  ( 0.000000000000000000, 1.000000000000000000, 0.000000000000000000 ) ) ;
#862 = DIRECTION ( 'NONE',  ( 0.000000000000000000, 1.000000000000000000, 0.000000000000000000 ) ) ;
#863 = AXIS2_PLACEMENT_3D ( 'NONE', #1079, #1764, #247 ) ;
#864 = ORIENTED_EDGE ( 'NONE', *, *, #270, .T. ) ;
#865 = ADVANCED_FACE ( 'NONE', ( #504 ), #1577, .T. ) ;
#866 = CARTESIAN_POINT ( 'NONE',  ( 7.071067811865463071, 53.00000000000000711, -7.071067811865495045 ) ) ;
#867 = ORIENTED_EDGE ( 'NONE', *, *, #602, .T. ) ;
#868 = ORIENTED_EDGE ( 'NONE', *, *, #1115, .T. ) ;
#869 = CARTESIAN_POINT ( 'NONE',  ( 9.192388155425115670, 53.00000000000000711, -0.7071067811865704433 ) ) ;
#870 = DIRECTION ( 'NONE',  ( 0.000000000000000000, 0.000000000000000000, 1.000000000000000000 ) ) ;
#871 = DIRECTION ( 'NONE',  ( -0.000000000000000000, -1.000000000000000000, -0.000000000000000000 ) ) ;
#872 = ORIENTED_EDGE ( 'NONE', *, *, #1754, .T. ) ;
#873 = AXIS2_PLACEMENT_3D ( 'NONE', #136, #1501, #1639 ) ;
#874 = AXIS2_PLACEMENT_3D ( 'NONE', #46, #988, #488 ) ;
#875 = VECTOR ( 'NONE', #701, 999.9999999999998863 ) ;
#876 = DIRECTION ( 'NONE',  ( 0.000000000000000000, 0.000000000000000000, 1.000000000000000000 ) ) ;
#877 = CARTESIAN_POINT ( 'NONE',  ( 7.778174593052026076, 35.00000000000000000, 2.121320343559622845 ) ) ;
#878 = ORIENTED_EDGE ( 'NONE', *, *, #285, .T. ) ;
#879 = CYLINDRICAL_SURFACE ( 'NONE', #783, 1.999999999999999556 ) ;
#880 = CARTESIAN_POINT ( 'NONE',  ( 9.899494936611677787, 35.00000000000000000, 4.242640687119266119 ) ) ;
#881 = CARTESIAN_POINT ( 'NONE',  ( 2.121320343559653931, 53.00000000000000711, 7.778174593052018970 ) ) ;
#882 = ORIENTED_EDGE ( 'NONE', *, *, #271, .T. ) ;
#883 = DIRECTION ( 'NONE',  ( 0.000000000000000000, 0.000000000000000000, -1.000000000000000000 ) ) ;
#884 = FACE_OUTER_BOUND ( 'NONE', #1480, .T. ) ;
#885 = ORIENTED_EDGE ( 'NONE', *, *, #802, .T. ) ;
#886 = DIRECTION ( 'NONE',  ( 0.7071067811865462405, 0.000000000000000000, -0.7071067811865487940 ) ) ;
#887 = CIRCLE ( 'NONE', #1755, 1.999999999999999778 ) ;
#888 = CLOSED_SHELL ( 'NONE', ( #181, #482, #279, #537, #106, #491, #345, #1676, #793, #1388, #1518, #1472, #1285, #257, #251, #625, #541, #1379, #368, #1231, #1565, #1038, #1221, #1271, #1675, #489, #475, #671, #34, #405, #786, #925, #947, #1236, #865, #1427, #716, #400, #997, #904, #1759, #415, #724, #1095, #403, #1227, #354, #1135, #1603, #1728, #1693, #889, #161, #1452, #1010, #905, #530, #349, #212 ) ) ;
#889 = ADVANCED_FACE ( 'NONE', ( #642 ), #1337, .T. ) ;
#890 = ORIENTED_EDGE ( 'NONE', *, *, #839, .T. ) ;
#891 = CARTESIAN_POINT ( 'NONE',  ( -2.828427124746211163, 55.00000000000000711, -11.31370849898475939 ) ) ;
#892 = DIRECTION ( 'NONE',  ( 0.7071067811865464625, 0.000000000000000000, -0.7071067811865485719 ) ) ;
#893 = VERTEX_POINT ( 'NONE', #1438 ) ;
#894 = AXIS2_PLACEMENT_3D ( 'NONE', #1209, #134, #122 ) ;
#895 = DIRECTION ( 'NONE',  ( 0.7071067811865485719, 0.000000000000000000, 0.7071067811865464625 ) ) ;
#896 = FACE_OUTER_BOUND ( 'NONE', #50, .T. ) ;
#897 = EDGE_CURVE ( 'NONE', #527, #717, #782, .T. ) ;
#898 = ORIENTED_EDGE ( 'NONE', *, *, #423, .F. ) ;
#899 = CARTESIAN_POINT ( 'NONE',  ( -7.071067811865488828, 53.00000000000000711, -13.07106781186546485 ) ) ;
#900 = AXIS2_PLACEMENT_3D ( 'NONE', #1541, #339, #1684 ) ;
#901 = AXIS2_PLACEMENT_3D ( 'NONE', #1112, #425, #158 ) ;
#902 = DIRECTION ( 'NONE',  ( -0.000000000000000000, -1.000000000000000000, -0.000000000000000000 ) ) ;
#903 = ORIENTED_EDGE ( 'NONE', *, *, #657, .T. ) ;
#904 = ADVANCED_FACE ( 'NONE', ( #111 ), #879, .T. ) ;
#905 = ADVANCED_FACE ( 'NONE', ( #651 ), #1032, .T. ) ;
#906 = FACE_OUTER_BOUND ( 'NONE', #293, .T. ) ;
#907 = VECTOR ( 'NONE', #1258, 1000.000000000000114 ) ;
#908 = VERTEX_POINT ( 'NONE', #1191 ) ;
#909 = DIRECTION ( 'NONE',  ( 1.734723475976807094E-15, 0.000000000000000000, 1.000000000000000000 ) ) ;
#910 = DIRECTION ( 'NONE',  ( 0.000000000000000000, 1.000000000000000000, 0.000000000000000000 ) ) ;
#911 = VERTEX_POINT ( 'NONE', #758 ) ;
#912 = LINE ( 'NONE', #336, #1363 ) ;
#913 = PRODUCT_DEFINITION_SHAPE ( 'NONE', 'NONE',  #1768 ) ;
#914 = EDGE_CURVE ( 'NONE', #834, #480, #16, .T. ) ;
#915 = AXIS2_PLACEMENT_3D ( 'NONE', #548, #412, #1621 ) ;
#916 = AXIS2_PLACEMENT_3D ( 'NONE', #258, #404, #1504 ) ;
#917 = CIRCLE ( 'NONE', #1154, 1.000000000000000000 ) ;
#918 = ORIENTED_EDGE ( 'NONE', *, *, #998, .F. ) ;
#919 = CIRCLE ( 'NONE', #468, 1.999999999999999556 ) ;
#920 = CARTESIAN_POINT ( 'NONE',  ( 9.899494936611658247, 55.00000000000000711, -4.242640687119309639 ) ) ;
#921 = DIRECTION ( 'NONE',  ( -0.000000000000000000, -1.000000000000000000, -0.000000000000000000 ) ) ;
#922 = ORIENTED_EDGE ( 'NONE', *, *, #1036, .T. ) ;
#923 = FACE_OUTER_BOUND ( 'NONE', #1352, .T. ) ;
#924 = VECTOR ( 'NONE', #1134, 999.9999999999998863 ) ;
#925 = ADVANCED_FACE ( 'NONE', ( #906 ), #80, .T. ) ;
#926 = EDGE_LOOP ( 'NONE', ( #1218, #82, #1364, #747 ) ) ;
#927 = AXIS2_PLACEMENT_3D ( 'NONE', #516, #1185, #1054 ) ;
#928 = EDGE_CURVE ( 'NONE', #1443, #1437, #674, .T. ) ;
#929 = DIRECTION ( 'NONE',  ( -1.000000000000000000, 0.000000000000000000, 0.000000000000000000 ) ) ;
#930 = DIRECTION ( 'NONE',  ( 0.000000000000000000, 1.000000000000000000, 0.000000000000000000 ) ) ;
#931 = ORIENTED_EDGE ( 'NONE', *, *, #1232, .F. ) ;
#932 = DIRECTION ( 'NONE',  ( 0.7071067811865459074, -2.821186441973487217E-30, -0.7071067811865492381 ) ) ;
#933 = AXIS2_PLACEMENT_3D ( 'NONE', #1744, #794, #1586 ) ;
#934 = UNCERTAINTY_MEASURE_WITH_UNIT (LENGTH_MEASURE( 1.000000000000000082E-05 ), #1762, 'distance_accuracy_value', 'NONE');
#935 = FACE_OUTER_BOUND ( 'NONE', #542, .T. ) ;
#936 = DIRECTION ( 'NONE',  ( 1.000000000000000000, 0.000000000000000000, 0.000000000000000000 ) ) ;
#937 = VERTEX_POINT ( 'NONE', #374 ) ;
#938 = EDGE_CURVE ( 'NONE', #1341, #409, #1202, .T. ) ;
#939 = DIRECTION ( 'NONE',  ( -0.7071067811865462405, -1.533293416683369947E-16, 0.7071067811865487940 ) ) ;
#940 = ORIENTED_EDGE ( 'NONE', *, *, #1110, .F. ) ;
#941 = LINE ( 'NONE', #1496, #907 ) ;
#942 = ORIENTED_EDGE ( 'NONE', *, *, #1716, .T. ) ;
#943 = DIRECTION ( 'NONE',  ( 0.000000000000000000, 1.000000000000000000, 0.000000000000000000 ) ) ;
#944 = EDGE_CURVE ( 'NONE', #817, #460, #1453, .T. ) ;
#945 = CIRCLE ( 'NONE', #35, 4.000000000000003553 ) ;
#946 = ORIENTED_EDGE ( 'NONE', *, *, #1439, .T. ) ;
#947 = ADVANCED_FACE ( 'NONE', ( #521 ), #533, .T. ) ;
#948 = AXIS2_PLACEMENT_3D ( 'NONE', #1440, #201, #453 ) ;
#949 = SURFACE_STYLE_FILL_AREA ( #552 ) ;
#950 = ORIENTED_EDGE ( 'NONE', *, *, #1681, .T. ) ;
#951 = FACE_OUTER_BOUND ( 'NONE', #851, .T. ) ;
#952 = DIRECTION ( 'NONE',  ( -0.000000000000000000, -1.000000000000000000, -0.000000000000000000 ) ) ;
#953 =( NAMED_UNIT ( * ) PLANE_ANGLE_UNIT ( ) SI_UNIT ( $, .RADIAN. ) );
#954 = EDGE_LOOP ( 'NONE', ( #173, #469, #189, #1599 ) ) ;
#955 = DIRECTION ( 'NONE',  ( -0.000000000000000000, 1.000000000000000000, -0.000000000000000000 ) ) ;
#956 = TOROIDAL_SURFACE ( 'NONE', #706, 4.000000000000000888, 2.000000000000000000 ) ;
#957 = EDGE_CURVE ( 'NONE', #787, #480, #1477, .T. ) ;
#958 = EDGE_CURVE ( 'NONE', #570, #490, #1724, .T. ) ;
#959 = DIRECTION ( 'NONE',  ( 0.7071067811865461294, 0.000000000000000000, -0.7071067811865489050 ) ) ;
#960 = ITEM_DEFINED_TRANSFORMATION ( 'NONE', 'NONE', #392,  #735 ) ;
#961 = AXIS2_PLACEMENT_3D ( 'NONE', #1293, #1284, #850 ) ;
#962 = VECTOR ( 'NONE', #1687, 1000.000000000000000 ) ;
#963 = LINE ( 'NONE', #920, #384 ) ;
#964 = ORIENTED_EDGE ( 'NONE', *, *, #1417, .F. ) ;
#965 = CARTESIAN_POINT ( 'NONE',  ( 7.071067811865487052, 55.00000000000000711, 11.07106781186546485 ) ) ;
#966 = EDGE_CURVE ( 'NONE', #147, #1517, #912, .T. ) ;
#967 = DIRECTION ( 'NONE',  ( 0.7071067811865464625, -6.133173666733490636E-16, -0.7071067811865485719 ) ) ;
#968 = CARTESIAN_POINT ( 'NONE',  ( 4.242640687119268783, 55.00000000000000711, -9.899494936611679563 ) ) ;
#969 = VERTEX_POINT ( 'NONE', #17 ) ;
#970 = AXIS2_PLACEMENT_3D ( 'NONE', #840, #1419, #444 ) ;
#971 = PLANE ( 'NONE',  #1653 ) ;
#972 = VERTEX_POINT ( 'NONE', #822 ) ;
#973 = EDGE_CURVE ( 'NONE', #494, #622, #1671, .T. ) ;
#974 = ORIENTED_EDGE ( 'NONE', *, *, #237, .F. ) ;
#975 = AXIS2_PLACEMENT_3D ( 'NONE', #342, #1319, #484 ) ;
#976 = DIRECTION ( 'NONE',  ( -0.000000000000000000, -1.000000000000000000, -0.000000000000000000 ) ) ;
#977 = DIRECTION ( 'NONE',  ( 0.000000000000000000, 0.000000000000000000, 1.000000000000000000 ) ) ;
#978 = CARTESIAN_POINT ( 'NONE',  ( -7.071067811865461294, 35.00000000000000000, 7.071067811865487940 ) ) ;
#979 = AXIS2_PLACEMENT_3D ( 'NONE', #476, #177, #1015 ) ;
#980 = EDGE_CURVE ( 'NONE', #460, #1576, #584, .T. ) ;
#981 = ORIENTED_EDGE ( 'NONE', *, *, #123, .F. ) ;
#982 = CARTESIAN_POINT ( 'NONE',  ( 2.828427124746194732, 53.00000000000000711, 2.828427124746176524 ) ) ;
#983 = CARTESIAN_POINT ( 'NONE',  ( -4.242640687119269671, 35.00000000000000000, 9.899494936611672458 ) ) ;
#984 = ORIENTED_EDGE ( 'NONE', *, *, #1433, .T. ) ;
#985 = CIRCLE ( 'NONE', #1340, 2.000000000000000000 ) ;
#986 = CARTESIAN_POINT ( 'NONE',  ( -2.121320343559632171, 35.00000000000000000, 7.778174593052026964 ) ) ;
#987 = FACE_OUTER_BOUND ( 'NONE', #1133, .T. ) ;
#988 = DIRECTION ( 'NONE',  ( 0.000000000000000000, 1.000000000000000000, 0.000000000000000000 ) ) ;
#989 = ORIENTED_EDGE ( 'NONE', *, *, #164, .T. ) ;
#990 = DIRECTION ( 'NONE',  ( -0.000000000000000000, -1.000000000000000000, -0.000000000000000000 ) ) ;
#991 = ORIENTED_EDGE ( 'NONE', *, *, #1490, .F. ) ;
#992 = ORIENTED_EDGE ( 'NONE', *, *, #237, .T. ) ;
#993 = VECTOR ( 'NONE', #187, 1000.000000000000000 ) ;
#994 = DIRECTION ( 'NONE',  ( 0.7071067811865459074, 0.000000000000000000, -0.7071067811865491270 ) ) ;
#995 = CARTESIAN_POINT ( 'NONE',  ( 9.899494936611665352, 35.00000000000000000, -2.450296909817240021E-14 ) ) ;
#996 = DIRECTION ( 'NONE',  ( -0.000000000000000000, -1.000000000000000000, -0.000000000000000000 ) ) ;
#997 = ADVANCED_FACE ( 'NONE', ( #1753 ), #810, .T. ) ;
#998 = EDGE_CURVE ( 'NONE', #39, #1414, #1646, .T. ) ;
#999 = EDGE_LOOP ( 'NONE', ( #1161, #864, #1763, #1738, #637, #69 ) ) ;
#1000 = LINE ( 'NONE', #58, #962 ) ;
#1001 = CARTESIAN_POINT ( 'NONE',  ( 9.899494936611665352, 37.00000000000000711, -2.450296909817240021E-14 ) ) ;
#1002 = ORIENTED_EDGE ( 'NONE', *, *, #1559, .F. ) ;
#1003 = TOROIDAL_SURFACE ( 'NONE', #1614, 3.999999999999998224, 2.000000000000000000 ) ;
#1004 = DIRECTION ( 'NONE',  ( -0.7071067811865460184, 0.000000000000000000, 0.7071067811865490160 ) ) ;
#1005 = AXIS2_PLACEMENT_3D ( 'NONE', #449, #1395, #1547 ) ;
#1006 = AXIS2_PLACEMENT_3D ( 'NONE', #978, #298, #288 ) ;
#1007 = FACE_OUTER_BOUND ( 'NONE', #313, .T. ) ;
#1008 = FACE_OUTER_BOUND ( 'NONE', #303, .T. ) ;
#1009 = AXIS2_PLACEMENT_3D ( 'NONE', #623, #886, #1312 ) ;
#1010 = ADVANCED_FACE ( 'NONE', ( #278 ), #790, .T. ) ;
#1011 = ORIENTED_EDGE ( 'NONE', *, *, #1192, .F. ) ;
#1012 = DIRECTION ( 'NONE',  ( -0.7071067811865461294, 0.000000000000000000, 0.7071067811865489050 ) ) ;
#1013 = ORIENTED_EDGE ( 'NONE', *, *, #1539, .F. ) ;
#1014 = ORIENTED_EDGE ( 'NONE', *, *, #833, .T. ) ;
#1015 = DIRECTION ( 'NONE',  ( 0.7071067811865467956, 0.000000000000000000, -0.7071067811865484609 ) ) ;
#1016 = CARTESIAN_POINT ( 'NONE',  ( -1.734723475976807094E-14, 55.00000000000000711, -9.899494936611668905 ) ) ;
#1017 = DIRECTION ( 'NONE',  ( 0.000000000000000000, 0.000000000000000000, 1.000000000000000000 ) ) ;
#1018 = ORIENTED_EDGE ( 'NONE', *, *, #1168, .T. ) ;
#1019 = TOROIDAL_SURFACE ( 'NONE', #1108, 3.999999999999999112, 2.000000000000000000 ) ;
#1020 = DIRECTION ( 'NONE',  ( 0.000000000000000000, 1.000000000000000000, 0.000000000000000000 ) ) ;
#1021 = DIRECTION ( 'NONE',  ( 0.000000000000000000, 0.000000000000000000, 1.000000000000000000 ) ) ;
#1022 = VERTEX_POINT ( 'NONE', #1636 ) ;
#1023 = CARTESIAN_POINT ( 'NONE',  ( 11.31370849898475583, 53.00000000000000711, -2.828427124746217380 ) ) ;
#1024 = DIRECTION ( 'NONE',  ( -0.7071067811865489050, 0.000000000000000000, -0.7071067811865462405 ) ) ;
#1025 = CARTESIAN_POINT ( 'NONE',  ( -2.828427124746211163, 55.00000000000000711, -11.31370849898475939 ) ) ;
#1026 = ORIENTED_EDGE ( 'NONE', *, *, #1493, .F. ) ;
#1027 = CARTESIAN_POINT ( 'NONE',  ( 7.071067811865487052, 53.00000000000000711, 7.071067811865460406 ) ) ;
#1028 = DIRECTION ( 'NONE',  ( 0.7071067811865467956, 0.000000000000000000, -0.7071067811865484609 ) ) ;
#1029 = CIRCLE ( 'NONE', #688, 3.000000000000000000 ) ;
#1030 = ORIENTED_EDGE ( 'NONE', *, *, #1544, .F. ) ;
#1031 = VECTOR ( 'NONE', #762, 1000.000000000000000 ) ;
#1032 = CYLINDRICAL_SURFACE ( 'NONE', #386, 2.000000000000000444 ) ;
#1033 = EDGE_CURVE ( 'NONE', #1132, #1041, #1082, .T. ) ;
#1034 = DIRECTION ( 'NONE',  ( 0.000000000000000000, 0.000000000000000000, 1.000000000000000000 ) ) ;
#1035 = CIRCLE ( 'NONE', #1184, 5.999999999999998224 ) ;
#1036 = EDGE_CURVE ( 'NONE', #73, #480, #1372, .T. ) ;
#1037 = ORIENTED_EDGE ( 'NONE', *, *, #1590, .F. ) ;
#1038 = ADVANCED_FACE ( 'NONE', ( #923 ), #141, .T. ) ;
#1039 = DIRECTION ( 'NONE',  ( -0.000000000000000000, 1.000000000000000000, -0.000000000000000000 ) ) ;
#1040 = DIRECTION ( 'NONE',  ( 0.000000000000000000, 0.000000000000000000, 1.000000000000000000 ) ) ;
#1041 = VERTEX_POINT ( 'NONE', #416 ) ;
#1042 = DIRECTION ( 'NONE',  ( -0.7071067811865466846, 0.000000000000000000, 0.7071067811865485719 ) ) ;
#1043 = CARTESIAN_POINT ( 'NONE',  ( 0.7071067811865318076, 53.00000000000000711, -9.192388155425120999 ) ) ;
#1044 = FACE_OUTER_BOUND ( 'NONE', #485, .T. ) ;
#1045 = PRODUCT_DEFINITION_SHAPE ( 'NONE', 'NONE',  #22 ) ;
#1046 = AXIS2_PLACEMENT_3D ( 'NONE', #673, #804, #936 ) ;
#1047 = EDGE_LOOP ( 'NONE', ( #1677, #406, #1171, #1651 ) ) ;
#1048 = DIRECTION ( 'NONE',  ( -1.000000000000000000, 0.000000000000000000, 0.000000000000000000 ) ) ;
#1049 = VECTOR ( 'NONE', #347, 1000.000000000000000 ) ;
#1050 = AXIS2_PLACEMENT_3D ( 'NONE', #739, #568, #1659 ) ;
#1051 = CARTESIAN_POINT ( 'NONE',  ( -7.071067811865461294, 37.00000000000000711, 7.071067811865487940 ) ) ;
#1052 = ORIENTED_EDGE ( 'NONE', *, *, #2, .F. ) ;
#1053 = DIRECTION ( 'NONE',  ( 0.000000000000000000, 0.000000000000000000, 1.000000000000000000 ) ) ;
#1054 = DIRECTION ( 'NONE',  ( 0.000000000000000000, 0.000000000000000000, 1.000000000000000000 ) ) ;
#1055 = EDGE_CURVE ( 'NONE', #455, #613, #254, .T. ) ;
#1056 = ORIENTED_EDGE ( 'NONE', *, *, #726, .F. ) ;
#1057 = FACE_OUTER_BOUND ( 'NONE', #926, .T. ) ;
#1058 = CARTESIAN_POINT ( 'NONE',  ( 7.071067811865487052, 37.00000000000000711, 11.07106781186546485 ) ) ;
#1059 = ORIENTED_EDGE ( 'NONE', *, *, #446, .T. ) ;
#1060 = CARTESIAN_POINT ( 'NONE',  ( 2.121320343559629507, 53.00000000000000711, -7.778174593052028740 ) ) ;
#1061 = AXIS2_PLACEMENT_3D ( 'NONE', #1304, #1156, #55 ) ;
#1062 = UNCERTAINTY_MEASURE_WITH_UNIT (LENGTH_MEASURE( 1.000000000000000082E-05 ), #1622, 'distance_accuracy_value', 'NONE');
#1063 = CARTESIAN_POINT ( 'NONE',  ( -4.242640687119306087, 53.00000000000000711, -9.899494936611660023 ) ) ;
#1064 = TOROIDAL_SURFACE ( 'NONE', #1584, 3.000000000000000000, 2.000000000000000000 ) ;
#1065 = VECTOR ( 'NONE', #577, 1000.000000000000000 ) ;
#1066 = ORIENTED_EDGE ( 'NONE', *, *, #685, .F. ) ;
#1067 = DIRECTION ( 'NONE',  ( 0.000000000000000000, 0.000000000000000000, 1.000000000000000000 ) ) ;
#1068 = ORIENTED_EDGE ( 'NONE', *, *, #155, .T. ) ;
#1069 = DIRECTION ( 'NONE',  ( 0.000000000000000000, 1.000000000000000000, 0.000000000000000000 ) ) ;
#1070 = VECTOR ( 'NONE', #219, 999.9999999999998863 ) ;
#1071 = DIRECTION ( 'NONE',  ( 0.7071067811865461294, 0.000000000000000000, -0.7071067811865490160 ) ) ;
#1072 = EDGE_CURVE ( 'NONE', #1699, #722, #1481, .T. ) ;
#1073 = ORIENTED_EDGE ( 'NONE', *, *, #1033, .F. ) ;
#1074 = AXIS2_PLACEMENT_3D ( 'NONE', #1291, #1254, #1538 ) ;
#1075 = AXIS2_PLACEMENT_3D ( 'NONE', #1305, #72, #617 ) ;
#1076 = CARTESIAN_POINT ( 'NONE',  ( -9.899494936611661799, 55.00000000000000711, 4.242640687119305198 ) ) ;
#1077 = ORIENTED_EDGE ( 'NONE', *, *, #600, .T. ) ;
#1078 = EDGE_CURVE ( 'NONE', #717, #409, #1378, .T. ) ;
#1079 = CARTESIAN_POINT ( 'NONE',  ( -4.242640687119304310, 37.00000000000000711, -9.899494936611663576 ) ) ;
#1080 = CARTESIAN_POINT ( 'NONE',  ( -1.734723475976807094E-14, 37.00000000000000711, -9.899494936611668905 ) ) ;
#1081 = EDGE_CURVE ( 'NONE', #570, #631, #84, .T. ) ;
#1082 = CIRCLE ( 'NONE', #627, 2.000000000000000000 ) ;
#1083 = ORIENTED_EDGE ( 'NONE', *, *, #579, .T. ) ;
#1084 = SURFACE_STYLE_USAGE ( .BOTH. , #659 ) ;
#1085 = VERTEX_POINT ( 'NONE', #148 ) ;
#1086 = DIRECTION ( 'NONE',  ( 0.000000000000000000, 0.000000000000000000, 1.000000000000000000 ) ) ;
#1087 = LINE ( 'NONE', #1648, #749 ) ;
#1088 = APPLICATION_PROTOCOL_DEFINITION ( 'draft international standard', 'automotive_design', 1998, #618 ) ;
#1089 = TOROIDAL_SURFACE ( 'NONE', #1750, 4.000000000000002665, 2.000000000000000000 ) ;
#1090 = AXIS2_PLACEMENT_3D ( 'NONE', #539, #1071, #1100 ) ;
#1091 = AXIS2_PLACEMENT_3D ( 'NONE', #197, #1048, #1334 ) ;
#1092 = EDGE_CURVE ( 'NONE', #613, #604, #661, .T. ) ;
#1093 = AXIS2_PLACEMENT_3D ( 'NONE', #1730, #746, #640 ) ;
#1094 = DIRECTION ( 'NONE',  ( 0.000000000000000000, 0.000000000000000000, 1.000000000000000000 ) ) ;
#1095 = ADVANCED_FACE ( 'NONE', ( #951 ), #1237, .T. ) ;
#1096 = ORIENTED_EDGE ( 'NONE', *, *, #657, .F. ) ;
#1097 = AXIS2_PLACEMENT_3D ( 'NONE', #1530, #388, #658 ) ;
#1098 = CARTESIAN_POINT ( 'NONE',  ( 2.121320343559629507, 35.00000000000000000, -7.778174593052029628 ) ) ;
#1099 = AXIS2_PLACEMENT_3D ( 'NONE', #858, #733, #580 ) ;
#1100 = DIRECTION ( 'NONE',  ( -0.7071067811865489050, 0.000000000000000000, -0.7071067811865461294 ) ) ;
#1101 = DIRECTION ( 'NONE',  ( 1.000000000000000000, 0.000000000000000000, 0.000000000000000000 ) ) ;
#1102 = CARTESIAN_POINT ( 'NONE',  ( 9.899494936611658247, 55.00000000000000711, -4.242640687119309639 ) ) ;
#1103 = CARTESIAN_POINT ( 'NONE',  ( 9.899494936611658247, 53.00000000000000711, -4.242640687119309639 ) ) ;
#1104 = VERTEX_POINT ( 'NONE', #1098 ) ;
#1105 = EDGE_CURVE ( 'NONE', #650, #176, #1462, .T. ) ;
#1106 = CARTESIAN_POINT ( 'NONE',  ( -1.734723475976807094E-14, 55.00000000000000711, -6.899494936611668017 ) ) ;
#1107 = CARTESIAN_POINT ( 'NONE',  ( -11.31370849898475761, 53.00000000000000711, 2.828427124746212051 ) ) ;
#1108 = AXIS2_PLACEMENT_3D ( 'NONE', #401, #943, #272 ) ;
#1109 = DIRECTION ( 'NONE',  ( 0.7071067811865475727, 0.000000000000000000, -0.7071067811865475727 ) ) ;
#1110 = EDGE_CURVE ( 'NONE', #490, #969, #1489, .T. ) ;
#1111 = ORIENTED_EDGE ( 'NONE', *, *, #1248, .T. ) ;
#1112 = CARTESIAN_POINT ( 'NONE',  ( -1.734723475976807094E-14, 55.00000000000000711, -9.899494936611668905 ) ) ;
#1113 = ORIENTED_EDGE ( 'NONE', *, *, #1546, .F. ) ;
#1114 = LINE ( 'NONE', #830, #43 ) ;
#1115 = EDGE_CURVE ( 'NONE', #604, #232, #941, .T. ) ;
#1116 = APPLICATION_PROTOCOL_DEFINITION ( 'draft international standard', 'automotive_design', 1998, #1297 ) ;
#1117 = DIRECTION ( 'NONE',  ( 0.7071067811865490160, -0.000000000000000000, 0.7071067811865461294 ) ) ;
#1118 = CARTESIAN_POINT ( 'NONE',  ( 9.899494936611677787, 37.00000000000000711, 4.242640687119266119 ) ) ;
#1119 = AXIS2_PLACEMENT_3D ( 'NONE', #510, #1582, #745 ) ;
#1120 = ORIENTED_EDGE ( 'NONE', *, *, #14, .F. ) ;
#1121 =( GEOMETRIC_REPRESENTATION_CONTEXT ( 3 ) GLOBAL_UNCERTAINTY_ASSIGNED_CONTEXT ( ( #934 ) ) GLOBAL_UNIT_ASSIGNED_CONTEXT ( ( #1762, #953, #1376 ) ) REPRESENTATION_CONTEXT ( 'NONE', 'WORKASPACE' ) );
#1122 = CARTESIAN_POINT ( 'NONE',  ( 1.539567084929416296E-14, 37.00000000000000711, 9.899494936611665352 ) ) ;
#1123 = FACE_OUTER_BOUND ( 'NONE', #593, .T. ) ;
#1124 = ORIENTED_EDGE ( 'NONE', *, *, #1401, .T. ) ;
#1125 = DIRECTION ( 'NONE',  ( -0.7071067811865465735, 0.000000000000000000, 0.7071067811865484609 ) ) ;
#1126 = DIRECTION ( 'NONE',  ( 0.000000000000000000, 1.000000000000000000, 0.000000000000000000 ) ) ;
#1127 = FACE_OUTER_BOUND ( 'NONE', #29, .T. ) ;
#1128 = AXIS2_PLACEMENT_3D ( 'NONE', #848, #1683, #33 ) ;
#1129 = EDGE_CURVE ( 'NONE', #147, #613, #1375, .T. ) ;
#1130 = ORIENTED_EDGE ( 'NONE', *, *, #144, .T. ) ;
#1131 = CARTESIAN_POINT ( 'NONE',  ( 7.071067811865463071, 37.00000000000000711, -13.07106781186549327 ) ) ;
#1132 = VERTEX_POINT ( 'NONE', #311 ) ;
#1133 = EDGE_LOOP ( 'NONE', ( #95, #942, #1190, #1404 ) ) ;
#1134 = DIRECTION ( 'NONE',  ( -0.7071067811865487940, -0.000000000000000000, -0.7071067811865463515 ) ) ;
#1135 = ADVANCED_FACE ( 'NONE', ( #1545 ), #457, .T. ) ;
#1136 = AXIS2_PLACEMENT_3D ( 'NONE', #590, #1263, #202 ) ;
#1137 = CIRCLE ( 'NONE', #1513, 4.000000000000003553 ) ;
#1138 = CARTESIAN_POINT ( 'NONE',  ( -9.899494936611665352, 55.00000000000000711, 1.734723475976807094E-14 ) ) ;
#1139 = ORIENTED_EDGE ( 'NONE', *, *, #285, .F. ) ;
#1140 = CARTESIAN_POINT ( 'NONE',  ( -2.828427124746196508, 35.00000000000000000, -2.828427124746186294 ) ) ;
#1141 = DIRECTION ( 'NONE',  ( -0.7071067811865459074, 0.000000000000000000, 0.7071067811865493491 ) ) ;
#1142 = ORIENTED_EDGE ( 'NONE', *, *, #1168, .F. ) ;
#1143 = AXIS2_PLACEMENT_3D ( 'NONE', #816, #693, #1353 ) ;
#1144 = LINE ( 'NONE', #1272, #924 ) ;
#1145 = FACE_OUTER_BOUND ( 'NONE', #1446, .T. ) ;
#1146 = DIRECTION ( 'NONE',  ( -0.7071067811865467956, 0.000000000000000000, 0.7071067811865484609 ) ) ;
#1147 = ORIENTED_EDGE ( 'NONE', *, *, #337, .T. ) ;
#1148 = EDGE_CURVE ( 'NONE', #761, #1373, #1402, .T. ) ;
#1149 = CARTESIAN_POINT ( 'NONE',  ( -7.778174593052018970, 53.00000000000000711, 2.121320343559656152 ) ) ;
#1150 = ORIENTED_EDGE ( 'NONE', *, *, #1587, .T. ) ;
#1151 = ORIENTED_EDGE ( 'NONE', *, *, #1110, .T. ) ;
#1152 = TOROIDAL_SURFACE ( 'NONE', #750, 4.000000000000000888, 2.000000000000000000 ) ;
#1153 = DIRECTION ( 'NONE',  ( 0.7071067811865462405, -0.000000000000000000, -0.7071067811865489050 ) ) ;
#1154 = AXIS2_PLACEMENT_3D ( 'NONE', #324, #1536, #1423 ) ;
#1155 = CIRCLE ( 'NONE', #1643, 2.000000000000000000 ) ;
#1156 = DIRECTION ( 'NONE',  ( 0.000000000000000000, 1.000000000000000000, 0.000000000000000000 ) ) ;
#1157 = LINE ( 'NONE', #319, #737 ) ;
#1158 = ORIENTED_EDGE ( 'NONE', *, *, #973, .T. ) ;
#1159 = CARTESIAN_POINT ( 'NONE',  ( -2.828427124746168975, 37.00000000000000711, 11.31370849898476472 ) ) ;
#1160 = DIRECTION ( 'NONE',  ( 0.000000000000000000, 0.000000000000000000, 1.000000000000000000 ) ) ;
#1161 = ORIENTED_EDGE ( 'NONE', *, *, #938, .T. ) ;
#1162 = PRODUCT_RELATED_PRODUCT_CATEGORY ( 'part', '', ( #1483 ) ) ;
#1163 = DIRECTION ( 'NONE',  ( 0.7071067811865461294, 0.000000000000000000, -0.7071067811865489050 ) ) ;
#1164 =( GEOMETRIC_REPRESENTATION_CONTEXT ( 3 ) GLOBAL_UNCERTAINTY_ASSIGNED_CONTEXT ( ( #1620 ) ) GLOBAL_UNIT_ASSIGNED_CONTEXT ( ( #626, #768, #249 ) ) REPRESENTATION_CONTEXT ( 'NONE', 'WORKASPACE' ) );
#1165 = CARTESIAN_POINT ( 'NONE',  ( -4.242640687119305198, 35.00000000000000000, -9.899494936611658247 ) ) ;
#1166 = CARTESIAN_POINT ( 'NONE',  ( -9.192388155425117446, 53.00000000000000711, -0.7071067811865314745 ) ) ;
#1167 = EDGE_LOOP ( 'NONE', ( #1278, #259, #267, #800 ) ) ;
#1168 = EDGE_CURVE ( 'NONE', #232, #455, #828, .T. ) ;
#1169 = LINE ( 'NONE', #891, #1031 ) ;
#1170 = CARTESIAN_POINT ( 'NONE',  ( 7.071067811865463071, 35.00000000000000000, -7.071067811865495045 ) ) ;
#1171 = ORIENTED_EDGE ( 'NONE', *, *, #1294, .F. ) ;
#1172 = DIRECTION ( 'NONE',  ( 0.000000000000000000, 1.000000000000000000, 0.000000000000000000 ) ) ;
#1173 = EDGE_CURVE ( 'NONE', #846, #1705, #1000, .T. ) ;
#1174 = CYLINDRICAL_SURFACE ( 'NONE', #165, 1.000000000000000000 ) ;
#1175 = DIRECTION ( 'NONE',  ( 0.7071067811865492381, 9.199760500100228065E-16, 0.7071067811865457964 ) ) ;
#1176 = SHAPE_REPRESENTATION ( 'Cross', ( #735 ), #1164 ) ;
#1177 = ORIENTED_EDGE ( 'NONE', *, *, #1115, .F. ) ;
#1178 = EDGE_CURVE ( 'NONE', #1253, #294, #1737, .T. ) ;
#1179 = DIRECTION ( 'NONE',  ( -0.7071067811865463515, -7.666467083416861323E-16, 0.7071067811865486830 ) ) ;
#1180 = CARTESIAN_POINT ( 'NONE',  ( -1.734723475976807094E-14, 53.00000000000000711, -9.899494936611668905 ) ) ;
#1181 = ORIENTED_EDGE ( 'NONE', *, *, #1613, .T. ) ;
#1182 = CIRCLE ( 'NONE', #411, 2.000000000000000000 ) ;
#1183 = DIRECTION ( 'NONE',  ( -0.7071067811865459074, 0.000000000000000000, 0.7071067811865492381 ) ) ;
#1184 = AXIS2_PLACEMENT_3D ( 'NONE', #677, #930, #760 ) ;
#1185 = DIRECTION ( 'NONE',  ( 0.000000000000000000, 1.000000000000000000, 0.000000000000000000 ) ) ;
#1186 = VECTOR ( 'NONE', #153, 999.9999999999998863 ) ;
#1187 = EDGE_LOOP ( 'NONE', ( #534, #440, #325, #330 ) ) ;
#1188 = DIRECTION ( 'NONE',  ( 0.000000000000000000, 0.000000000000000000, 1.000000000000000000 ) ) ;
#1189 = CARTESIAN_POINT ( 'NONE',  ( -2.121320343559655708, 53.00000000000000711, -7.778174593052022523 ) ) ;
#1190 = ORIENTED_EDGE ( 'NONE', *, *, #914, .T. ) ;
#1191 = CARTESIAN_POINT ( 'NONE',  ( -11.31370849898476472, 37.00000000000000711, -2.828427124746171195 ) ) ;
#1192 = EDGE_CURVE ( 'NONE', #1275, #777, #1654, .T. ) ;
#1193 = FACE_OUTER_BOUND ( 'NONE', #1719, .T. ) ;
#1194 = DIRECTION ( 'NONE',  ( 1.000000000000000000, 0.000000000000000000, 0.000000000000000000 ) ) ;
#1195 = VERTEX_POINT ( 'NONE', #1131 ) ;
#1196 = CARTESIAN_POINT ( 'NONE',  ( -9.899494936611665352, 53.00000000000000711, 1.734723475976807094E-14 ) ) ;
#1197 = VECTOR ( 'NONE', #1322, 1000.000000000000114 ) ;
#1198 = AXIS2_PLACEMENT_3D ( 'NONE', #666, #871, #1017 ) ;
#1199 = CIRCLE ( 'NONE', #1431, 4.000000000000003553 ) ;
#1200 = CARTESIAN_POINT ( 'NONE',  ( -4.242640687119301646, 53.00000000000000711, -9.899494936611661799 ) ) ;
#1201 = VERTEX_POINT ( 'NONE', #965 ) ;
#1202 = LINE ( 'NONE', #70, #242 ) ;
#1203 = CARTESIAN_POINT ( 'NONE',  ( -7.071067811865461294, 53.00000000000000711, 7.071067811865487940 ) ) ;
#1204 = DIRECTION ( 'NONE',  ( 0.000000000000000000, 0.000000000000000000, 1.000000000000000000 ) ) ;
#1205 = ORIENTED_EDGE ( 'NONE', *, *, #1493, .T. ) ;
#1206 = DIRECTION ( 'NONE',  ( 0.7071067811865476838, 0.000000000000000000, 0.7071067811865473507 ) ) ;
#1207 = CARTESIAN_POINT ( 'NONE',  ( 7.071067811865487052, 53.00000000000000711, 7.071067811865460406 ) ) ;
#1208 = ORIENTED_EDGE ( 'NONE', *, *, #797, .T. ) ;
#1209 = CARTESIAN_POINT ( 'NONE',  ( 1.539567084929416296E-14, 55.00000000000000711, 9.899494936611665352 ) ) ;
#1210 = EDGE_CURVE ( 'NONE', #972, #1201, #1137, .T. ) ;
#1211 = PRODUCT_DEFINITION_CONTEXT ( 'detailed design', #470, 'design' ) ;
#1212 = DIRECTION ( 'NONE',  ( -0.7071067811865490160, 0.000000000000000000, -0.7071067811865461294 ) ) ;
#1213 = AXIS2_PLACEMENT_3D ( 'NONE', #1309, #76, #771 ) ;
#1214 = CIRCLE ( 'NONE', #1641, 2.000000000000000000 ) ;
#1215 = ORIENTED_EDGE ( 'NONE', *, *, #710, .F. ) ;
#1216 = DIRECTION ( 'NONE',  ( 0.7071067811865462405, 0.000000000000000000, -0.7071067811865489050 ) ) ;
#1217 = CARTESIAN_POINT ( 'NONE',  ( -2.828427124746168975, 55.00000000000000711, 11.31370849898476472 ) ) ;
#1218 = ORIENTED_EDGE ( 'NONE', *, *, #1294, .T. ) ;
#1219 = DIRECTION ( 'NONE',  ( 0.000000000000000000, -1.000000000000000000, 0.000000000000000000 ) ) ;
#1220 = AXIS2_PLACEMENT_3D ( 'NONE', #1060, #766, #632 ) ;
#1221 = ADVANCED_FACE ( 'NONE', ( #1268 ), #24, .F. ) ;
#1222 = CARTESIAN_POINT ( 'NONE',  ( 7.071067811865487052, 55.00000000000000711, 7.071067811865460406 ) ) ;
#1223 = ORIENTED_EDGE ( 'NONE', *, *, #928, .F. ) ;
#1224 = AXIS2_PLACEMENT_3D ( 'NONE', #1347, #1588, #1482 ) ;
#1225 = PRESENTATION_STYLE_ASSIGNMENT (( #1084 ) ) ;
#1226 = ORIENTED_EDGE ( 'NONE', *, *, #145, .F. ) ;
#1227 = ADVANCED_FACE ( 'NONE', ( #576 ), #366, .T. ) ;
#1228 = CARTESIAN_POINT ( 'NONE',  ( -7.071067811865488828, 55.00000000000000711, -7.071067811865462183 ) ) ;
#1229 = ORIENTED_EDGE ( 'NONE', *, *, #1358, .T. ) ;
#1230 = DIRECTION ( 'NONE',  ( -0.000000000000000000, -1.000000000000000000, -0.000000000000000000 ) ) ;
#1231 = ADVANCED_FACE ( 'NONE', ( #431 ), #971, .F. ) ;
#1232 = EDGE_CURVE ( 'NONE', #1104, #1370, #166, .T. ) ;
#1233 = AXIS2_PLACEMENT_3D ( 'NONE', #1228, #1628, #1362 ) ;
#1234 = PLANE ( 'NONE',  #1553 ) ;
#1235 = VERTEX_POINT ( 'NONE', #854 ) ;
#1236 = ADVANCED_FACE ( 'NONE', ( #844 ), #820, .T. ) ;
#1237 = CYLINDRICAL_SURFACE ( 'NONE', #546, 1.999999999999999778 ) ;
#1238 = ORIENTED_EDGE ( 'NONE', *, *, #938, .F. ) ;
#1239 = CARTESIAN_POINT ( 'NONE',  ( 2.121320343559653931, 55.00000000000000711, 7.778174593052018970 ) ) ;
#1240 = EDGE_CURVE ( 'NONE', #1443, #787, #1412, .T. ) ;
#1241 = STYLED_ITEM ( 'NONE', ( #1225 ), #266 ) ;
#1242 = DIRECTION ( 'NONE',  ( 0.000000000000000000, 0.000000000000000000, 1.000000000000000000 ) ) ;
#1243 = ORIENTED_EDGE ( 'NONE', *, *, #1590, .T. ) ;
#1244 = AXIS2_PLACEMENT_3D ( 'NONE', #825, #1256, #27 ) ;
#1245 = DIRECTION ( 'NONE',  ( -0.7071067811865463515, 0.000000000000000000, 0.7071067811865486830 ) ) ;
#1246 = CIRCLE ( 'NONE', #1389, 6.000000000000000888 ) ;
#1247 = DIRECTION ( 'NONE',  ( 0.000000000000000000, 0.000000000000000000, 1.000000000000000000 ) ) ;
#1248 = EDGE_CURVE ( 'NONE', #156, #846, #1371, .T. ) ;
#1249 = LINE ( 'NONE', #12, #1186 ) ;
#1250 = ORIENTED_EDGE ( 'NONE', *, *, #79, .F. ) ;
#1251 = EDGE_CURVE ( 'NONE', #741, #761, #1199, .T. ) ;
#1252 = DIRECTION ( 'NONE',  ( -0.7071067811865491270, 0.000000000000000000, -0.7071067811865460184 ) ) ;
#1253 = VERTEX_POINT ( 'NONE', #1106 ) ;
#1254 = DIRECTION ( 'NONE',  ( 0.000000000000000000, 1.000000000000000000, 0.000000000000000000 ) ) ;
#1255 = EDGE_CURVE ( 'NONE', #302, #118, #1318, .T. ) ;
#1256 = DIRECTION ( 'NONE',  ( 0.000000000000000000, 1.000000000000000000, 0.000000000000000000 ) ) ;
#1257 = ORIENTED_EDGE ( 'NONE', *, *, #1546, .T. ) ;
#1258 = DIRECTION ( 'NONE',  ( -0.7071067811865489050, 0.000000000000000000, -0.7071067811865461294 ) ) ;
#1259 = ORIENTED_EDGE ( 'NONE', *, *, #1746, .T. ) ;
#1260 = ORIENTED_EDGE ( 'NONE', *, *, #477, .F. ) ;
#1261 = DIRECTION ( 'NONE',  ( -0.7071067811865489050, 0.000000000000000000, -0.7071067811865461294 ) ) ;
#1262 = FACE_OUTER_BOUND ( 'NONE', #1323, .T. ) ;
#1263 = DIRECTION ( 'NONE',  ( 0.000000000000000000, 1.000000000000000000, 0.000000000000000000 ) ) ;
#1264 = CIRCLE ( 'NONE', #1635, 3.000000000000000000 ) ;
#1265 = AXIS2_PLACEMENT_3D ( 'NONE', #341, #779, #1600 ) ;
#1266 = EDGE_LOOP ( 'NONE', ( #989, #676, #918, #1037 ) ) ;
#1267 = CIRCLE ( 'NONE', #320, 2.000000000000000444 ) ;
#1268 = FACE_OUTER_BOUND ( 'NONE', #736, .T. ) ;
#1269 = DIRECTION ( 'NONE',  ( 0.7071067811865485719, -0.000000000000000000, 0.7071067811865465735 ) ) ;
#1270 = ORIENTED_EDGE ( 'NONE', *, *, #500, .T. ) ;
#1271 = ADVANCED_FACE ( 'NONE', ( #1324 ), #1729, .F. ) ;
#1272 = CARTESIAN_POINT ( 'NONE',  ( -11.31370849898476472, 53.00000000000000711, -2.828427124746171195 ) ) ;
#1273 = FACE_OUTER_BOUND ( 'NONE', #283, .T. ) ;
#1274 = CARTESIAN_POINT ( 'NONE',  ( -11.31370849898476472, 53.00000000000000711, -2.828427124746171195 ) ) ;
#1275 = VERTEX_POINT ( 'NONE', #492 ) ;
#1276 = CARTESIAN_POINT ( 'NONE',  ( 1.539567084929416296E-14, 53.00000000000000711, 9.899494936611665352 ) ) ;
#1277 = ORIENTED_EDGE ( 'NONE', *, *, #1572, .T. ) ;
#1278 = ORIENTED_EDGE ( 'NONE', *, *, #814, .T. ) ;
#1279 = EDGE_CURVE ( 'NONE', #613, #1022, #654, .T. ) ;
#1280 =( GEOMETRIC_REPRESENTATION_CONTEXT ( 3 ) GLOBAL_UNCERTAINTY_ASSIGNED_CONTEXT ( ( #1062 ) ) GLOBAL_UNIT_ASSIGNED_CONTEXT ( ( #1622, #496, #1456 ) ) REPRESENTATION_CONTEXT ( 'NONE', 'WORKASPACE' ) );
#1281 = FACE_OUTER_BOUND ( 'NONE', #1359, .T. ) ;
#1282 = AXIS2_PLACEMENT_3D ( 'NONE', #1571, #996, #195 ) ;
#1283 = VECTOR ( 'NONE', #1039, 1000.000000000000000 ) ;
#1284 = DIRECTION ( 'NONE',  ( -0.000000000000000000, -1.000000000000000000, -0.000000000000000000 ) ) ;
#1285 = ADVANCED_FACE ( 'NONE', ( #603 ), #332, .T. ) ;
#1286 = EDGE_CURVE ( 'NONE', #232, #1400, #348, .T. ) ;
#1287 = EDGE_LOOP ( 'NONE', ( #769, #1583, #1767, #1505 ) ) ;
#1288 = DIRECTION ( 'NONE',  ( 0.000000000000000000, 0.000000000000000000, 1.000000000000000000 ) ) ;
#1289 = CARTESIAN_POINT ( 'NONE',  ( 4.242640687119298093, 53.00000000000000711, 9.899494936611654694 ) ) ;
#1290 = ORIENTED_EDGE ( 'NONE', *, *, #506, .T. ) ;
#1291 = CARTESIAN_POINT ( 'NONE',  ( -1.734723475976807094E-14, 37.00000000000000711, -9.899494936611668905 ) ) ;
#1292 = DIRECTION ( 'NONE',  ( 0.000000000000000000, 1.000000000000000000, 0.000000000000000000 ) ) ;
#1293 = CARTESIAN_POINT ( 'NONE',  ( -7.071067811865461294, 53.00000000000000711, 7.071067811865487940 ) ) ;
#1294 = EDGE_CURVE ( 'NONE', #490, #1576, #636, .T. ) ;
#1295 = ORIENTED_EDGE ( 'NONE', *, *, #914, .F. ) ;
#1296 = TOROIDAL_SURFACE ( 'NONE', #203, 4.000000000000002665, 2.000000000000000000 ) ;
#1297 = APPLICATION_CONTEXT ( 'automotive_design' ) ;
#1298 = CARTESIAN_POINT ( 'NONE',  ( -7.071067811865461294, 55.00000000000000711, 7.071067811865487940 ) ) ;
#1299 = DIRECTION ( 'NONE',  ( -1.000000000000000000, 0.000000000000000000, 0.000000000000000000 ) ) ;
#1300 = ORIENTED_EDGE ( 'NONE', *, *, #645, .T. ) ;
#1301 = CIRCLE ( 'NONE', #498, 6.000000000000001776 ) ;
#1302 = CARTESIAN_POINT ( 'NONE',  ( -9.899494936611660023, 37.00000000000000711, 4.242640687119305198 ) ) ;
#1303 = CIRCLE ( 'NONE', #1005, 4.000000000000000000 ) ;
#1304 = CARTESIAN_POINT ( 'NONE',  ( -7.071067811865461294, 37.00000000000000711, 7.071067811865487940 ) ) ;
#1305 = CARTESIAN_POINT ( 'NONE',  ( 2.828427124746196508, 53.00000000000000711, 2.828427124746181853 ) ) ;
#1306 = AXIS2_PLACEMENT_3D ( 'NONE', #200, #1172, #1595 ) ;
#1307 = ORIENTED_EDGE ( 'NONE', *, *, #83, .T. ) ;
#1308 = PLANE ( 'NONE',  #805 ) ;
#1309 = CARTESIAN_POINT ( 'NONE',  ( 7.071067811865463071, 37.00000000000000711, -7.071067811865495045 ) ) ;
#1310 = VERTEX_POINT ( 'NONE', #214 ) ;
#1311 = EDGE_CURVE ( 'NONE', #908, #1625, #1638, .T. ) ;
#1312 = DIRECTION ( 'NONE',  ( -0.7071067811865487940, 0.000000000000000000, -0.7071067811865462405 ) ) ;
#1313 = MECHANICAL_DESIGN_GEOMETRIC_PRESENTATION_REPRESENTATION (  '', ( #1368 ), #1280 ) ;
#1314 = EDGE_CURVE ( 'NONE', #1275, #1610, #407, .T. ) ;
#1315 = CARTESIAN_POINT ( 'NONE',  ( 4.242640687119268783, 37.00000000000000711, -9.899494936611679563 ) ) ;
#1316 = DIRECTION ( 'NONE',  ( 0.000000000000000000, 1.000000000000000000, 0.000000000000000000 ) ) ;
#1317 = ORIENTED_EDGE ( 'NONE', *, *, #1210, .T. ) ;
#1318 = LINE ( 'NONE', #1450, #1283 ) ;
#1319 = DIRECTION ( 'NONE',  ( 0.000000000000000000, 1.000000000000000000, 0.000000000000000000 ) ) ;
#1320 = ORIENTED_EDGE ( 'NONE', *, *, #14, .T. ) ;
#1321 = VECTOR ( 'NONE', #408, 1000.000000000000000 ) ;
#1322 = DIRECTION ( 'NONE',  ( -0.7071067811865461294, -0.000000000000000000, 0.7071067811865489050 ) ) ;
#1323 = EDGE_LOOP ( 'NONE', ( #1451, #1111, #322, #1766 ) ) ;
#1324 = FACE_OUTER_BOUND ( 'NONE', #340, .T. ) ;
#1325 = FACE_OUTER_BOUND ( 'NONE', #596, .T. ) ;
#1326 = EDGE_LOOP ( 'NONE', ( #1580, #597, #660, #720 ) ) ;
#1327 = CIRCLE ( 'NONE', #551, 1.000000000000000888 ) ;
#1328 = CARTESIAN_POINT ( 'NONE',  ( -9.899494936611672458, 53.00000000000000711, -4.242640687119269671 ) ) ;
#1329 = CARTESIAN_POINT ( 'NONE',  ( -7.778174593052024299, 55.00000000000000711, -2.121320343559629507 ) ) ;
#1330 = VECTOR ( 'NONE', #1626, 999.9999999999998863 ) ;
#1331 = AXIS2_PLACEMENT_3D ( 'NONE', #1478, #19, #108 ) ;
#1332 = ORIENTED_EDGE ( 'NONE', *, *, #456, .F. ) ;
#1333 = CIRCLE ( 'NONE', #474, 2.000000000000000000 ) ;
#1334 = DIRECTION ( 'NONE',  ( 0.000000000000000000, 0.000000000000000000, 1.000000000000000000 ) ) ;
#1335 = FACE_OUTER_BOUND ( 'NONE', #183, .T. ) ;
#1336 = ORIENTED_EDGE ( 'NONE', *, *, #1314, .T. ) ;
#1337 = CYLINDRICAL_SURFACE ( 'NONE', #1009, 2.000000000000000444 ) ;
#1338 = DIRECTION ( 'NONE',  ( 0.000000000000000000, 0.000000000000000000, 1.000000000000000000 ) ) ;
#1339 = DIRECTION ( 'NONE',  ( 0.000000000000000000, 1.000000000000000000, 0.000000000000000000 ) ) ;
#1340 = AXIS2_PLACEMENT_3D ( 'NONE', #1551, #56, #1146 ) ;
#1341 = VERTEX_POINT ( 'NONE', #371 ) ;
#1342 = CYLINDRICAL_SURFACE ( 'NONE', #52, 2.000000000000000000 ) ;
#1343 = CIRCLE ( 'NONE', #1611, 6.000000000000000888 ) ;
#1344 = ORIENTED_EDGE ( 'NONE', *, *, #1497, .T. ) ;
#1345 = DIRECTION ( 'NONE',  ( 0.7071067811865489050, -0.000000000000000000, 0.7071067811865461294 ) ) ;
#1346 = CARTESIAN_POINT ( 'NONE',  ( -7.071067811865461294, 53.00000000000000711, 7.071067811865487940 ) ) ;
#1347 = CARTESIAN_POINT ( 'NONE',  ( -7.071067811865461294, 53.00000000000000711, 7.071067811865487940 ) ) ;
#1348 = ORIENTED_EDGE ( 'NONE', *, *, #1624, .T. ) ;
#1349 = PRODUCT_RELATED_PRODUCT_CATEGORY ( 'part', '', ( #774 ) ) ;
#1350 = DIRECTION ( 'NONE',  ( -0.000000000000000000, -1.000000000000000000, -0.000000000000000000 ) ) ;
#1351 = DIRECTION ( 'NONE',  ( -0.000000000000000000, -1.000000000000000000, -0.000000000000000000 ) ) ;
#1352 = EDGE_LOOP ( 'NONE', ( #583, #107, #159, #57, #31, #756, #1523, #175, #1680, #213, #1158, #1259, #1317, #216, #290, #712, #1205, #395, #5 ) ) ;
#1353 = DIRECTION ( 'NONE',  ( -0.7071067811865487940, 0.000000000000000000, -0.7071067811865462405 ) ) ;
#1354 = CIRCLE ( 'NONE', #1091, 2.000000000000000000 ) ;
#1355 = CARTESIAN_POINT ( 'NONE',  ( -7.071067811865488828, 53.00000000000000711, -7.071067811865462183 ) ) ;
#1356 = DIRECTION ( 'NONE',  ( 0.000000000000000000, 1.000000000000000000, 0.000000000000000000 ) ) ;
#1357 = TOROIDAL_SURFACE ( 'NONE', #1665, 4.000000000000002665, 2.000000000000000000 ) ;
#1358 = EDGE_CURVE ( 'NONE', #1751, #700, #1354, .T. ) ;
#1359 = EDGE_LOOP ( 'NONE', ( #1666, #180, #1634, #686 ) ) ;
#1360 = DIRECTION ( 'NONE',  ( 0.7071067811865462405, 0.000000000000000000, -0.7071067811865489050 ) ) ;
#1361 = ORIENTED_EDGE ( 'NONE', *, *, #28, .F. ) ;
#1362 = DIRECTION ( 'NONE',  ( 0.000000000000000000, -0.000000000000000000, 1.000000000000000000 ) ) ;
#1363 = VECTOR ( 'NONE', #238, 1000.000000000000114 ) ;
#1364 = ORIENTED_EDGE ( 'NONE', *, *, #300, .F. ) ;
#1365 = EDGE_CURVE ( 'NONE', #1253, #834, #1581, .T. ) ;
#1366 = EDGE_CURVE ( 'NONE', #99, #817, #856, .T. ) ;
#1367 = CARTESIAN_POINT ( 'NONE',  ( -1.734723475976807094E-14, 37.00000000000000711, -9.899494936611668905 ) ) ;
#1368 = STYLED_ITEM ( 'NONE', ( #663 ), #680 ) ;
#1369 = LINE ( 'NONE', #139, #525 ) ;
#1370 = VERTEX_POINT ( 'NONE', #1444 ) ;
#1371 = CIRCLE ( 'NONE', #192, 5.999999999999998224 ) ;
#1372 = LINE ( 'NONE', #1612, #452 ) ;
#1373 = VERTEX_POINT ( 'NONE', #754 ) ;
#1374 = CARTESIAN_POINT ( 'NONE',  ( 2.828427124746170751, 55.00000000000000711, -11.31370849898477005 ) ) ;
#1375 = CIRCLE ( 'NONE', #223, 1.999999999999999778 ) ;
#1376 =( NAMED_UNIT ( * ) SI_UNIT ( $, .STERADIAN. ) SOLID_ANGLE_UNIT ( ) );
#1377 = ORIENTED_EDGE ( 'NONE', *, *, #423, .T. ) ;
#1378 = LINE ( 'NONE', #383, #1630 ) ;
#1379 = ADVANCED_FACE ( 'NONE', ( #1592 ), #1308, .F. ) ;
#1380 = DIRECTION ( 'NONE',  ( -0.000000000000000000, -1.000000000000000000, -0.000000000000000000 ) ) ;
#1381 = APPLICATION_PROTOCOL_DEFINITION ( 'draft international standard', 'automotive_design', 1998, #563 ) ;
#1382 = AXIS2_PLACEMENT_3D ( 'NONE', #687, #1765, #818 ) ;
#1383 = DIRECTION ( 'NONE',  ( -0.7071067811865486830, -0.000000000000000000, -0.7071067811865464625 ) ) ;
#1384 = CIRCLE ( 'NONE', #1213, 5.999999999999998224 ) ;
#1385 = ORIENTED_EDGE ( 'NONE', *, *, #1192, .T. ) ;
#1386 = CARTESIAN_POINT ( 'NONE',  ( 9.192388155425117446, 55.00000000000000711, 0.7071067811865248132 ) ) ;
#1387 = DIRECTION ( 'NONE',  ( -0.7071067811865492381, -0.000000000000000000, -0.7071067811865459074 ) ) ;
#1388 = ADVANCED_FACE ( 'NONE', ( #75 ), #361, .T. ) ;
#1389 = AXIS2_PLACEMENT_3D ( 'NONE', #1690, #1397, #304 ) ;
#1390 = CYLINDRICAL_SURFACE ( 'NONE', #105, 2.000000000000000000 ) ;
#1391 = CARTESIAN_POINT ( 'NONE',  ( 0.000000000000000000, 0.000000000000000000, -25.00000000000000000 ) ) ;
#1392 = DIRECTION ( 'NONE',  ( -0.7071067811865464625, 0.000000000000000000, 0.7071067811865485719 ) ) ;
#1393 = ORIENTED_EDGE ( 'NONE', *, *, #1642, .F. ) ;
#1394 = DIRECTION ( 'NONE',  ( 0.7071067811865462405, 0.000000000000000000, -0.7071067811865489050 ) ) ;
#1395 = DIRECTION ( 'NONE',  ( 0.000000000000000000, 1.000000000000000000, 0.000000000000000000 ) ) ;
#1396 = ORIENTED_EDGE ( 'NONE', *, *, #1572, .F. ) ;
#1397 = DIRECTION ( 'NONE',  ( 0.000000000000000000, 1.000000000000000000, 0.000000000000000000 ) ) ;
#1398 = LINE ( 'NONE', #466, #1049 ) ;
#1399 = VECTOR ( 'NONE', #391, 1000.000000000000000 ) ;
#1400 = VERTEX_POINT ( 'NONE', #352 ) ;
#1401 = EDGE_CURVE ( 'NONE', #351, #741, #945, .T. ) ;
#1402 = LINE ( 'NONE', #1519, #1542 ) ;
#1403 = DIRECTION ( 'NONE',  ( 0.7071067811865489050, -0.000000000000000000, 0.7071067811865462405 ) ) ;
#1404 = ORIENTED_EDGE ( 'NONE', *, *, #1036, .F. ) ;
#1405 = CARTESIAN_POINT ( 'NONE',  ( -9.899494936611674234, 55.00000000000000711, -4.242640687119266119 ) ) ;
#1406 = DIRECTION ( 'NONE',  ( 0.000000000000000000, 1.000000000000000000, 0.000000000000000000 ) ) ;
#1407 = DIRECTION ( 'NONE',  ( 0.000000000000000000, 1.000000000000000000, 0.000000000000000000 ) ) ;
#1408 = VECTOR ( 'NONE', #1024, 999.9999999999998863 ) ;
#1409 = AXIS2_PLACEMENT_3D ( 'NONE', #1298, #639, #883 ) ;
#1410 = ORIENTED_EDGE ( 'NONE', *, *, #839, .F. ) ;
#1411 = AXIS2_PLACEMENT_3D ( 'NONE', #1170, #353, #1040 ) ;
#1412 = LINE ( 'NONE', #49, #275 ) ;
#1413 = CARTESIAN_POINT ( 'NONE',  ( -11.31370849898476472, 55.00000000000000711, -2.828427124746171195 ) ) ;
#1414 = VERTEX_POINT ( 'NONE', #1159 ) ;
#1415 = CIRCLE ( 'NONE', #1097, 2.999999999999999112 ) ;
#1416 = CYLINDRICAL_SURFACE ( 'NONE', #979, 2.000000000000000000 ) ;
#1417 = EDGE_CURVE ( 'NONE', #1085, #544, #1169, .T. ) ;
#1418 = EDGE_CURVE ( 'NONE', #118, #494, #260, .T. ) ;
#1419 = DIRECTION ( 'NONE',  ( -0.000000000000000000, -1.000000000000000000, -0.000000000000000000 ) ) ;
#1420 = CARTESIAN_POINT ( 'NONE',  ( -2.121320343559655264, 35.00000000000000000, -7.778174593052023411 ) ) ;
#1421 = VERTEX_POINT ( 'NONE', #899 ) ;
#1422 = DIRECTION ( 'NONE',  ( 0.000000000000000000, 0.000000000000000000, 1.000000000000000000 ) ) ;
#1423 = DIRECTION ( 'NONE',  ( 1.734723475976807094E-15, 0.000000000000000000, 1.000000000000000000 ) ) ;
#1424 = EDGE_LOOP ( 'NONE', ( #1602, #732, #711, #243 ) ) ;
#1425 = AXIS2_PLACEMENT_3D ( 'NONE', #418, #812, #1101 ) ;
#1426 = DIRECTION ( 'NONE',  ( 0.000000000000000000, 0.000000000000000000, 1.000000000000000000 ) ) ;
#1427 = ADVANCED_FACE ( 'NONE', ( #518 ), #1342, .T. ) ;
#1428 = DIRECTION ( 'NONE',  ( 0.000000000000000000, 1.000000000000000000, 0.000000000000000000 ) ) ;
#1429 = CIRCLE ( 'NONE', #652, 2.000000000000000000 ) ;
#1430 = CIRCLE ( 'NONE', #1198, 4.000000000000000000 ) ;
#1431 = AXIS2_PLACEMENT_3D ( 'NONE', #1667, #990, #1288 ) ;
#1432 = FACE_OUTER_BOUND ( 'NONE', #65, .T. ) ;
#1433 = EDGE_CURVE ( 'NONE', #836, #176, #1182, .T. ) ;
#1434 = ORIENTED_EDGE ( 'NONE', *, *, #1092, .T. ) ;
#1435 = DIRECTION ( 'NONE',  ( 0.000000000000000000, 0.000000000000000000, -1.000000000000000000 ) ) ;
#1436 = CARTESIAN_POINT ( 'NONE',  ( 7.071067811865487052, 53.00000000000000711, 11.07106781186546485 ) ) ;
#1437 = VERTEX_POINT ( 'NONE', #1608 ) ;
#1438 = CARTESIAN_POINT ( 'NONE',  ( -7.071067811865461294, 35.00000000000000000, 11.07106781186548794 ) ) ;
#1439 = EDGE_CURVE ( 'NONE', #351, #604, #778, .T. ) ;
#1440 = CARTESIAN_POINT ( 'NONE',  ( 7.071067811865463071, 55.00000000000000711, -7.071067811865495045 ) ) ;
#1441 = FACE_OUTER_BOUND ( 'NONE', #1287, .T. ) ;
#1442 = EDGE_CURVE ( 'NONE', #761, #409, #1155, .T. ) ;
#1443 = VERTEX_POINT ( 'NONE', #968 ) ;
#1444 = CARTESIAN_POINT ( 'NONE',  ( 4.242640687119269671, 35.00000000000000000, -9.899494936611677787 ) ) ;
#1445 = CYLINDRICAL_SURFACE ( 'NONE', #807, 1.999999999999999556 ) ;
#1446 = EDGE_LOOP ( 'NONE', ( #950, #575, #821, #1723, #1658 ) ) ;
#1447 = CARTESIAN_POINT ( 'NONE',  ( 1.414213562373083599, 37.00000000000000711, -7.071067811865480834 ) ) ;
#1448 = FACE_OUTER_BOUND ( 'NONE', #857, .T. ) ;
#1449 = VERTEX_POINT ( 'NONE', #1102 ) ;
#1450 = CARTESIAN_POINT ( 'NONE',  ( -0.7071067811865341390, 55.00000000000000711, 9.192388155425117446 ) ) ;
#1451 = ORIENTED_EDGE ( 'NONE', *, *, #169, .F. ) ;
#1452 = ADVANCED_FACE ( 'NONE', ( #1057 ), #321, .T. ) ;
#1453 = LINE ( 'NONE', #1732, #1070 ) ;
#1454 = AXIS2_PLACEMENT_3D ( 'NONE', #185, #599, #454 ) ;
#1455 = DIRECTION ( 'NONE',  ( 0.000000000000000000, 1.000000000000000000, 0.000000000000000000 ) ) ;
#1456 =( NAMED_UNIT ( * ) SI_UNIT ( $, .STERADIAN. ) SOLID_ANGLE_UNIT ( ) );
#1457 = ORIENTED_EDGE ( 'NONE', *, *, #1559, .T. ) ;
#1458 = CARTESIAN_POINT ( 'NONE',  ( -9.899494936611658247, 37.00000000000000711, 4.242640687119306087 ) ) ;
#1459 = FACE_OUTER_BOUND ( 'NONE', #378, .T. ) ;
#1460 = ORIENTED_EDGE ( 'NONE', *, *, #1279, .F. ) ;
#1461 = CARTESIAN_POINT ( 'NONE',  ( 7.071067811865463071, 37.00000000000000711, -7.071067811865495045 ) ) ;
#1462 = CIRCLE ( 'NONE', #1685, 4.000000000000000000 ) ;
#1463 = CARTESIAN_POINT ( 'NONE',  ( 0.7071067811865614505, 53.00000000000000711, 9.192388155425115670 ) ) ;
#1464 = SURFACE_SIDE_STYLE ('',( #795 ) ) ;
#1465 = EDGE_LOOP ( 'NONE', ( #1344, #772, #269, #610, #309 ) ) ;
#1466 = DIRECTION ( 'NONE',  ( 0.7071067811865462405, -1.175494350822286632E-30, -0.7071067811865490160 ) ) ;
#1467 = DIRECTION ( 'NONE',  ( -1.000000000000000000, 0.000000000000000000, 0.000000000000000000 ) ) ;
#1468 = VECTOR ( 'NONE', #346, 1000.000000000000114 ) ;
#1469 = EDGE_LOOP ( 'NONE', ( #60, #1460, #619, #1495 ) ) ;
#1470 = AXIS2_PLACEMENT_3D ( 'NONE', #1367, #130, #3 ) ;
#1471 = CARTESIAN_POINT ( 'NONE',  ( -11.31370849898476472, 37.00000000000000711, -2.828427124746171195 ) ) ;
#1472 = ADVANCED_FACE ( 'NONE', ( #379 ), #1521, .F. ) ;
#1473 = DIRECTION ( 'NONE',  ( 0.000000000000000000, 1.000000000000000000, 0.000000000000000000 ) ) ;
#1474 = TOROIDAL_SURFACE ( 'NONE', #694, 3.000000000000000000, 2.000000000000000000 ) ;
#1475 = AXIS2_PLACEMENT_3D ( 'NONE', #648, #788, #1067 ) ;
#1476 = ORIENTED_EDGE ( 'NONE', *, *, #1490, .T. ) ;
#1477 = CIRCLE ( 'NONE', #1220, 2.000000000000000000 ) ;
#1478 = CARTESIAN_POINT ( 'NONE',  ( -11.31370849898476472, 55.00000000000000711, -2.828427124746171195 ) ) ;
#1479 = DIRECTION ( 'NONE',  ( -0.7071067811865485719, 0.000000000000000000, -0.7071067811865464625 ) ) ;
#1480 = EDGE_LOOP ( 'NONE', ( #1607, #1498, #872, #226 ) ) ;
#1481 = LINE ( 'NONE', #1619, #1399 ) ;
#1482 = DIRECTION ( 'NONE',  ( 0.000000000000000000, 0.000000000000000000, 1.000000000000000000 ) ) ;
#1483 = PRODUCT ( 'cross_collision', 'cross_collision', '', ( #10 ) ) ;
#1484 = EDGE_CURVE ( 'NONE', #1517, #455, #239, .T. ) ;
#1485 = ORIENTED_EDGE ( 'NONE', *, *, #1251, .T. ) ;
#1486 = DIRECTION ( 'NONE',  ( 0.000000000000000000, 0.000000000000000000, 1.000000000000000000 ) ) ;
#1487 = CARTESIAN_POINT ( 'NONE',  ( -2.121320343559655708, 55.00000000000000711, -7.778174593052022523 ) ) ;
#1488 = ORIENTED_EDGE ( 'NONE', *, *, #1746, .F. ) ;
#1489 = LINE ( 'NONE', #128, #305 ) ;
#1490 = EDGE_CURVE ( 'NONE', #39, #893, #102, .T. ) ;
#1491 = PLANE ( 'NONE',  #873 ) ;
#1492 = ORIENTED_EDGE ( 'NONE', *, *, #966, .F. ) ;
#1493 = EDGE_CURVE ( 'NONE', #1235, #1449, #963, .T. ) ;
#1494 = DIRECTION ( 'NONE',  ( 0.7071067811865486830, 0.000000000000000000, 0.7071067811865463515 ) ) ;
#1495 = ORIENTED_EDGE ( 'NONE', *, *, #1508, .F. ) ;
#1496 = CARTESIAN_POINT ( 'NONE',  ( 8.485281374238569541, 37.00000000000000711, -2.092510192897023558E-14 ) ) ;
#1497 = EDGE_CURVE ( 'NONE', #544, #937, #919, .T. ) ;
#1498 = ORIENTED_EDGE ( 'NONE', *, *, #89, .F. ) ;
#1499 = AXIS2_PLACEMENT_3D ( 'NONE', #1458, #97, #1698 ) ;
#1500 = EDGE_CURVE ( 'NONE', #722, #544, #1249, .T. ) ;
#1501 = DIRECTION ( 'NONE',  ( -0.7071067811865461294, 0.000000000000000000, 0.7071067811865489050 ) ) ;
#1502 = AXIS2_PLACEMENT_3D ( 'NONE', #317, #1117, #1529 ) ;
#1503 = ORIENTED_EDGE ( 'NONE', *, *, #615, .F. ) ;
#1504 = DIRECTION ( 'NONE',  ( 0.000000000000000000, 0.000000000000000000, 1.000000000000000000 ) ) ;
#1505 = ORIENTED_EDGE ( 'NONE', *, *, #545, .F. ) ;
#1506 = CARTESIAN_POINT ( 'NONE',  ( -9.899494936611656470, 53.00000000000000711, 4.242640687119306087 ) ) ;
#1507 = CARTESIAN_POINT ( 'NONE',  ( 11.31370849898477182, 53.00000000000000711, 2.828427124746169863 ) ) ;
#1508 = EDGE_CURVE ( 'NONE', #1201, #147, #1558, .T. ) ;
#1509 = EDGE_CURVE ( 'NONE', #1373, #709, #1415, .T. ) ;
#1510 = DIRECTION ( 'NONE',  ( -0.7071067811865461294, -0.000000000000000000, 0.7071067811865489050 ) ) ;
#1511 = ORIENTED_EDGE ( 'NONE', *, *, #281, .T. ) ;
#1512 = CIRCLE ( 'NONE', #191, 1.000000000000000888 ) ;
#1513 = AXIS2_PLACEMENT_3D ( 'NONE', #1555, #301, #1524 ) ;
#1514 = DIRECTION ( 'NONE',  ( 0.000000000000000000, 0.000000000000000000, 1.000000000000000000 ) ) ;
#1515 = DIRECTION ( 'NONE',  ( 0.000000000000000000, 0.000000000000000000, 1.000000000000000000 ) ) ;
#1516 = DIRECTION ( 'NONE',  ( 0.7071067811865461294, 0.000000000000000000, -0.7071067811865489050 ) ) ;
#1517 = VERTEX_POINT ( 'NONE', #419 ) ;
#1518 = ADVANCED_FACE ( 'NONE', ( #1748 ), #698, .F. ) ;
#1519 = CARTESIAN_POINT ( 'NONE',  ( -9.899494936611674234, 35.00000000000000000, -4.242640687119267007 ) ) ;
#1520 = CYLINDRICAL_SURFACE ( 'NONE', #377, 1.999999999999999778 ) ;
#1521 = PLANE ( 'NONE',  #1701 ) ;
#1522 = CIRCLE ( 'NONE', #318, 2.000000000000000000 ) ;
#1523 = ORIENTED_EDGE ( 'NONE', *, *, #310, .T. ) ;
#1524 = DIRECTION ( 'NONE',  ( 0.000000000000000000, 0.000000000000000000, 1.000000000000000000 ) ) ;
#1525 = ORIENTED_EDGE ( 'NONE', *, *, #217, .F. ) ;
#1526 = ORIENTED_EDGE ( 'NONE', *, *, #1072, .F. ) ;
#1527 = AXIS2_PLACEMENT_3D ( 'NONE', #210, #1183, #1715 ) ;
#1528 = LINE ( 'NONE', #1560, #326 ) ;
#1529 = DIRECTION ( 'NONE',  ( 0.7071067811865460184, 0.000000000000000000, -0.7071067811865492381 ) ) ;
#1530 = CARTESIAN_POINT ( 'NONE',  ( 1.539567084929416296E-14, 35.00000000000000000, 9.899494936611665352 ) ) ;
#1531 = EDGE_CURVE ( 'NONE', #527, #118, #13, .T. ) ;
#1532 = TOROIDAL_SURFACE ( 'NONE', #1074, 3.000000000000000000, 2.000000000000000000 ) ;
#1533 = ORIENTED_EDGE ( 'NONE', *, *, #271, .F. ) ;
#1534 = PRESENTATION_LAYER_ASSIGNMENT (  '', '', ( #1368 ) ) ;
#1535 = DIRECTION ( 'NONE',  ( 0.7071067811865490160, 0.000000000000000000, 0.7071067811865460184 ) ) ;
#1536 = DIRECTION ( 'NONE',  ( -0.000000000000000000, -1.000000000000000000, -0.000000000000000000 ) ) ;
#1537 = ORIENTED_EDGE ( 'NONE', *, *, #664, .T. ) ;
#1538 = DIRECTION ( 'NONE',  ( 0.000000000000000000, 0.000000000000000000, 1.000000000000000000 ) ) ;
#1539 = EDGE_CURVE ( 'NONE', #1760, #650, #695, .T. ) ;
#1540 = CARTESIAN_POINT ( 'NONE',  ( 2.828427124746204502, 37.00000000000000711, 11.31370849898475228 ) ) ;
#1541 = CARTESIAN_POINT ( 'NONE',  ( 2.121320343559653931, 37.00000000000000711, 7.778174593052018970 ) ) ;
#1542 = VECTOR ( 'NONE', #284, 1000.000000000000000 ) ;
#1543 = ORIENTED_EDGE ( 'NONE', *, *, #1255, .T. ) ;
#1544 = EDGE_CURVE ( 'NONE', #302, #717, #1512, .T. ) ;
#1545 = FACE_OUTER_BOUND ( 'NONE', #15, .T. ) ;
#1546 = EDGE_CURVE ( 'NONE', #893, #1275, #1430, .T. ) ;
#1547 = DIRECTION ( 'NONE',  ( 0.000000000000000000, 0.000000000000000000, 1.000000000000000000 ) ) ;
#1548 = ORIENTED_EDGE ( 'NONE', *, *, #1509, .T. ) ;
#1549 = DIRECTION ( 'NONE',  ( -0.7071067811865459074, -0.000000000000000000, 0.7071067811865491270 ) ) ;
#1550 = DIRECTION ( 'NONE',  ( -0.7071067811865489050, -0.000000000000000000, -0.7071067811865462405 ) ) ;
#1551 = CARTESIAN_POINT ( 'NONE',  ( -9.899494936611672458, 53.00000000000000711, -4.242640687119268783 ) ) ;
#1552 = AXIS2_PLACEMENT_3D ( 'NONE', #1578, #1455, #515 ) ;
#1553 = AXIS2_PLACEMENT_3D ( 'NONE', #132, #1360, #1749 ) ;
#1554 = ORIENTED_EDGE ( 'NONE', *, *, #1148, .F. ) ;
#1555 = CARTESIAN_POINT ( 'NONE',  ( 7.071067811865487052, 55.00000000000000711, 7.071067811865460406 ) ) ;
#1556 = DIRECTION ( 'NONE',  ( -0.000000000000000000, 1.000000000000000000, -0.000000000000000000 ) ) ;
#1557 = EDGE_LOOP ( 'NONE', ( #1627, #236, #940, #1147 ) ) ;
#1558 = CIRCLE ( 'NONE', #1244, 4.000000000000003553 ) ;
#1559 = EDGE_CURVE ( 'NONE', #527, #622, #1736, .T. ) ;
#1560 = CARTESIAN_POINT ( 'NONE',  ( -2.828427124746169863, 53.00000000000000711, 11.31370849898476294 ) ) ;
#1561 = CIRCLE ( 'NONE', #357, 3.000000000000000000 ) ;
#1562 = DIRECTION ( 'NONE',  ( 0.000000000000000000, 1.000000000000000000, 0.000000000000000000 ) ) ;
#1563 = DIRECTION ( 'NONE',  ( -0.7071067811865462405, 0.000000000000000000, 0.7071067811865489050 ) ) ;
#1564 = EDGE_LOOP ( 'NONE', ( #1290, #1250, #1073, #397 ) ) ;
#1565 = ADVANCED_FACE ( 'NONE', ( #1432 ), #582, .F. ) ;
#1566 = CARTESIAN_POINT ( 'NONE',  ( -7.071067811865488828, 55.00000000000000711, -7.071067811865462183 ) ) ;
#1567 = DIRECTION ( 'NONE',  ( 0.000000000000000000, 0.000000000000000000, 1.000000000000000000 ) ) ;
#1568 = EDGE_LOOP ( 'NONE', ( #441, #974, #536, #1525, #981 ) ) ;
#1569 = CARTESIAN_POINT ( 'NONE',  ( 4.242640687119298093, 35.00000000000000000, 9.899494936611654694 ) ) ;
#1570 = DIRECTION ( 'NONE',  ( 0.000000000000000000, 1.000000000000000000, 0.000000000000000000 ) ) ;
#1571 = CARTESIAN_POINT ( 'NONE',  ( 7.071067811865487052, 53.00000000000000711, 7.071067811865460406 ) ) ;
#1572 = EDGE_CURVE ( 'NONE', #517, #73, #728, .T. ) ;
#1573 = ORIENTED_EDGE ( 'NONE', *, *, #1544, .T. ) ;
#1574 = DIRECTION ( 'NONE',  ( -0.000000000000000000, -1.000000000000000000, -0.000000000000000000 ) ) ;
#1575 = CARTESIAN_POINT ( 'NONE',  ( -4.242640687119267895, 55.00000000000000711, 9.899494936611674234 ) ) ;
#1576 = VERTEX_POINT ( 'NONE', #172 ) ;
#1577 = CYLINDRICAL_SURFACE ( 'NONE', #1589, 2.000000000000000444 ) ;
#1578 = CARTESIAN_POINT ( 'NONE',  ( 1.539567084929416296E-14, 55.00000000000000711, 9.899494936611665352 ) ) ;
#1579 = DIRECTION ( 'NONE',  ( -0.7071067811865462405, 0.000000000000000000, 0.7071067811865489050 ) ) ;
#1580 = ORIENTED_EDGE ( 'NONE', *, *, #218, .T. ) ;
#1581 = CIRCLE ( 'NONE', #316, 2.000000000000000000 ) ;
#1582 = DIRECTION ( 'NONE',  ( 0.000000000000000000, 1.000000000000000000, 0.000000000000000000 ) ) ;
#1583 = ORIENTED_EDGE ( 'NONE', *, *, #169, .T. ) ;
#1584 = AXIS2_PLACEMENT_3D ( 'NONE', #1180, #109, #755 ) ;
#1585 = DIRECTION ( 'NONE',  ( -0.7071067811865486830, 0.000000000000000000, -0.7071067811865463515 ) ) ;
#1586 = DIRECTION ( 'NONE',  ( 0.000000000000000000, 0.000000000000000000, 1.000000000000000000 ) ) ;
#1587 = EDGE_CURVE ( 'NONE', #969, #1610, #1157, .T. ) ;
#1588 = DIRECTION ( 'NONE',  ( 0.000000000000000000, 1.000000000000000000, 0.000000000000000000 ) ) ;
#1589 = AXIS2_PLACEMENT_3D ( 'NONE', #1447, #344, #1743 ) ;
#1590 = EDGE_CURVE ( 'NONE', #709, #39, #1398, .T. ) ;
#1591 = ORIENTED_EDGE ( 'NONE', *, *, #54, .T. ) ;
#1592 = FACE_OUTER_BOUND ( 'NONE', #1326, .T. ) ;
#1593 = DIRECTION ( 'NONE',  ( -0.7071067811865461294, 0.000000000000000000, 0.7071067811865489050 ) ) ;
#1594 = VERTEX_POINT ( 'NONE', #1274 ) ;
#1595 = DIRECTION ( 'NONE',  ( 0.000000000000000000, 0.000000000000000000, 1.000000000000000000 ) ) ;
#1596 = VECTOR ( 'NONE', #1745, 1000.000000000000000 ) ;
#1597 = DIRECTION ( 'NONE',  ( -0.7071067811865484609, 0.000000000000000000, -0.7071067811865466846 ) ) ;
#1598 = AXIS2_PLACEMENT_3D ( 'NONE', #881, #479, #1674 ) ;
#1599 = ORIENTED_EDGE ( 'NONE', *, *, #92, .T. ) ;
#1600 = DIRECTION ( 'NONE',  ( 0.7071067811865459074, 0.000000000000000000, -0.7071067811865493491 ) ) ;
#1601 = DIRECTION ( 'NONE',  ( 0.000000000000000000, 1.000000000000000000, 0.000000000000000000 ) ) ;
#1602 = ORIENTED_EDGE ( 'NONE', *, *, #300, .T. ) ;
#1603 = ADVANCED_FACE ( 'NONE', ( #1127 ), #653, .T. ) ;
#1604 = EDGE_CURVE ( 'NONE', #1022, #1341, #137, .T. ) ;
#1605 = DIRECTION ( 'NONE',  ( 0.7071067811865462405, -0.000000000000000000, -0.7071067811865489050 ) ) ;
#1606 = LINE ( 'NONE', #532, #1596 ) ;
#1607 = ORIENTED_EDGE ( 'NONE', *, *, #113, .T. ) ;
#1608 = CARTESIAN_POINT ( 'NONE',  ( 2.828427124746170751, 53.00000000000000711, -11.31370849898477005 ) ) ;
#1609 = DIRECTION ( 'NONE',  ( -0.7071067811865490160, 0.000000000000000000, -0.7071067811865461294 ) ) ;
#1610 = VERTEX_POINT ( 'NONE', #743 ) ;
#1611 = AXIS2_PLACEMENT_3D ( 'NONE', #803, #1756, #1515 ) ;
#1612 = CARTESIAN_POINT ( 'NONE',  ( 0.7071067811865318076, 55.00000000000000711, -9.192388155425120999 ) ) ;
#1613 = EDGE_CURVE ( 'NONE', #836, #1760, #514, .T. ) ;
#1614 = AXIS2_PLACEMENT_3D ( 'NONE', #225, #910, #1160 ) ;
#1615 = DIRECTION ( 'NONE',  ( 0.000000000000000000, 0.000000000000000000, 1.000000000000000000 ) ) ;
#1616 = ORIENTED_EDGE ( 'NONE', *, *, #1500, .T. ) ;
#1617 = CARTESIAN_POINT ( 'NONE',  ( -7.071067811865461294, 53.00000000000000711, 11.07106781186548794 ) ) ;
#1618 = VERTEX_POINT ( 'NONE', #1420 ) ;
#1619 = CARTESIAN_POINT ( 'NONE',  ( -0.7071067811865633379, 35.00000000000000000, -9.192388155425119223 ) ) ;
#1620 = UNCERTAINTY_MEASURE_WITH_UNIT (LENGTH_MEASURE( 1.000000000000000082E-05 ), #626, 'distance_accuracy_value', 'NONE');
#1621 = DIRECTION ( 'NONE',  ( 0.000000000000000000, 0.000000000000000000, 1.000000000000000000 ) ) ;
#1622 =( LENGTH_UNIT ( ) NAMED_UNIT ( * ) SI_UNIT ( .MILLI., .METRE. ) );
#1623 = PRODUCT_DEFINITION_FORMATION_WITH_SPECIFIED_SOURCE ( 'ANY', '', #1483, .NOT_KNOWN. ) ;
#1624 = EDGE_CURVE ( 'NONE', #127, #908, #1652, .T. ) ;
#1625 = VERTEX_POINT ( 'NONE', #734 ) ;
#1626 = DIRECTION ( 'NONE',  ( -0.7071067811865462405, 0.000000000000000000, 0.7071067811865489050 ) ) ;
#1627 = ORIENTED_EDGE ( 'NONE', *, *, #54, .F. ) ;
#1628 = DIRECTION ( 'NONE',  ( 0.000000000000000000, 1.000000000000000000, 0.000000000000000000 ) ) ;
#1629 = ORIENTED_EDGE ( 'NONE', *, *, #1726, .T. ) ;
#1630 = VECTOR ( 'NONE', #268, 1000.000000000000000 ) ;
#1631 = FACE_OUTER_BOUND ( 'NONE', #1670, .T. ) ;
#1632 = ORIENTED_EDGE ( 'NONE', *, *, #477, .T. ) ;
#1633 = LINE ( 'NONE', #1217, #1696 ) ;
#1634 = ORIENTED_EDGE ( 'NONE', *, *, #1033, .T. ) ;
#1635 = AXIS2_PLACEMENT_3D ( 'NONE', #1703, #478, #1615 ) ;
#1636 = CARTESIAN_POINT ( 'NONE',  ( 7.071067811865487052, 53.00000000000000711, 13.07106781186546307 ) ) ;
#1637 = ORIENTED_EDGE ( 'NONE', *, *, #1539, .T. ) ;
#1638 = CIRCLE ( 'NONE', #1265, 2.000000000000000000 ) ;
#1639 = DIRECTION ( 'NONE',  ( 0.7071067811865489050, 0.000000000000000000, 0.7071067811865461294 ) ) ;
#1640 = PRODUCT_CONTEXT ( 'NONE', #618, 'mechanical' ) ;
#1641 = AXIS2_PLACEMENT_3D ( 'NONE', #1189, #1609, #1593 ) ;
#1642 = EDGE_CURVE ( 'NONE', #1449, #1443, #819, .T. ) ;
#1643 = AXIS2_PLACEMENT_3D ( 'NONE', #1657, #707, #244 ) ;
#1644 = DIRECTION ( 'NONE',  ( 0.000000000000000000, 1.000000000000000000, 0.000000000000000000 ) ) ;
#1645 = ORIENTED_EDGE ( 'NONE', *, *, #765, .F. ) ;
#1646 = CIRCLE ( 'NONE', #847, 2.000000000000000000 ) ;
#1647 = CARTESIAN_POINT ( 'NONE',  ( -7.071067811865461294, 55.00000000000000711, 7.071067811865487940 ) ) ;
#1648 = CARTESIAN_POINT ( 'NONE',  ( 8.485281374238569541, 37.00000000000000711, -2.092510192897023558E-14 ) ) ;
#1649 = DIRECTION ( 'NONE',  ( 1.000000000000000000, 0.000000000000000000, 0.000000000000000000 ) ) ;
#1650 = DIRECTION ( 'NONE',  ( 0.7071067811865489050, -0.000000000000000000, 0.7071067811865462405 ) ) ;
#1651 = ORIENTED_EDGE ( 'NONE', *, *, #958, .F. ) ;
#1652 = CIRCLE ( 'NONE', #874, 6.000000000000000888 ) ;
#1653 = AXIS2_PLACEMENT_3D ( 'NONE', #835, #730, #1394 ) ;
#1654 = LINE ( 'NONE', #439, #875 ) ;
#1655 = ORIENTED_EDGE ( 'NONE', *, *, #957, .T. ) ;
#1656 = DIRECTION ( 'NONE',  ( -0.000000000000000000, -1.000000000000000000, -0.000000000000000000 ) ) ;
#1657 = CARTESIAN_POINT ( 'NONE',  ( 4.242640687119298093, 37.00000000000000711, 9.899494936611654694 ) ) ;
#1658 = ORIENTED_EDGE ( 'NONE', *, *, #579, .F. ) ;
#1659 = DIRECTION ( 'NONE',  ( 0.000000000000000000, -0.000000000000000000, 1.000000000000000000 ) ) ;
#1660 = DIRECTION ( 'NONE',  ( -0.7071067811865487940, 0.000000000000000000, -0.7071067811865463515 ) ) ;
#1661 = CARTESIAN_POINT ( 'NONE',  ( 7.071067811865471953, 37.00000000000000711, -1.414213562373113131 ) ) ;
#1662 = CYLINDRICAL_SURFACE ( 'NONE', #948, 5.999999999999998224 ) ;
#1663 = SHAPE_REPRESENTATION ( 'cross_collision', ( #1425, #392 ), #20 ) ;
#1664 = DIRECTION ( 'NONE',  ( -0.7071067811865459074, 0.000000000000000000, 0.7071067811865492381 ) ) ;
#1665 = AXIS2_PLACEMENT_3D ( 'NONE', #1207, #1644, #1242 ) ;
#1666 = ORIENTED_EDGE ( 'NONE', *, *, #1311, .T. ) ;
#1667 = CARTESIAN_POINT ( 'NONE',  ( 7.071067811865487052, 35.00000000000000000, 7.071067811865460406 ) ) ;
#1668 = DIRECTION ( 'NONE',  ( 0.000000000000000000, 1.000000000000000000, 0.000000000000000000 ) ) ;
#1669 = EDGE_CURVE ( 'NONE', #1373, #717, #116, .T. ) ;
#1670 = EDGE_LOOP ( 'NONE', ( #764, #1260, #1361, #1177 ) ) ;
#1671 = CIRCLE ( 'NONE', #894, 2.999999999999999112 ) ;
#1672 = DIRECTION ( 'NONE',  ( 0.7071067811865459074, -3.066586833366752714E-16, -0.7071067811865492381 ) ) ;
#1673 = CARTESIAN_POINT ( 'NONE',  ( 0.7071067811865618946, 53.00000000000000711, 9.192388155425115670 ) ) ;
#1674 = DIRECTION ( 'NONE',  ( -0.7071067811865462405, 0.000000000000000000, 0.7071067811865489050 ) ) ;
#1675 = ADVANCED_FACE ( 'NONE', ( #307 ), #1692, .F. ) ;
#1676 = ADVANCED_FACE ( 'NONE', ( #1441 ), #751, .T. ) ;
#1677 = ORIENTED_EDGE ( 'NONE', *, *, #1081, .T. ) ;
#1678 = TOROIDAL_SURFACE ( 'NONE', #1224, 3.999999999999999112, 2.000000000000000000 ) ;
#1679 = DIRECTION ( 'NONE',  ( 0.000000000000000000, 1.000000000000000000, 0.000000000000000000 ) ) ;
#1680 = ORIENTED_EDGE ( 'NONE', *, *, #1105, .T. ) ;
#1681 = EDGE_CURVE ( 'NONE', #1594, #817, #985, .T. ) ;
#1682 = ORIENTED_EDGE ( 'NONE', *, *, #1739, .F. ) ;
#1683 = DIRECTION ( 'NONE',  ( -0.000000000000000000, -1.000000000000000000, -0.000000000000000000 ) ) ;
#1684 = DIRECTION ( 'NONE',  ( -0.7071067811865462405, 0.000000000000000000, 0.7071067811865489050 ) ) ;
#1685 = AXIS2_PLACEMENT_3D ( 'NONE', #1647, #1069, #1514 ) ;
#1686 = EDGE_LOOP ( 'NONE', ( #753, #262, #523, #140 ) ) ;
#1687 = DIRECTION ( 'NONE',  ( -0.000000000000000000, -1.000000000000000000, -0.000000000000000000 ) ) ;
#1688 = CARTESIAN_POINT ( 'NONE',  ( 7.778174593052026076, 37.00000000000000711, 2.121320343559622845 ) ) ;
#1689 = ORIENTED_EDGE ( 'NONE', *, *, #545, .T. ) ;
#1690 = CARTESIAN_POINT ( 'NONE',  ( -7.071067811865488828, 37.00000000000000711, -7.071067811865462183 ) ) ;
#1691 = CARTESIAN_POINT ( 'NONE',  ( -7.071067811865488828, 53.00000000000000711, -7.071067811865462183 ) ) ;
#1692 = CYLINDRICAL_SURFACE ( 'NONE', #274, 1.000000000000000000 ) ;
#1693 = ADVANCED_FACE ( 'NONE', ( #1008 ), #1704, .T. ) ;
#1694 = VECTOR ( 'NONE', #1153, 1000.000000000000000 ) ;
#1695 = CIRCLE ( 'NONE', #915, 2.000000000000000000 ) ;
#1696 = VECTOR ( 'NONE', #1351, 1000.000000000000000 ) ;
#1697 = VERTEX_POINT ( 'NONE', #1166 ) ;
#1698 = DIRECTION ( 'NONE',  ( -0.7071067811865485719, 0.000000000000000000, -0.7071067811865464625 ) ) ;
#1699 = VERTEX_POINT ( 'NONE', #1710 ) ;
#1700 = EDGE_LOOP ( 'NONE', ( #1113, #867, #133, #641 ) ) ;
#1701 = AXIS2_PLACEMENT_3D ( 'NONE', #436, #1650, #1216 ) ;
#1702 = LINE ( 'NONE', #170, #1694 ) ;
#1703 = CARTESIAN_POINT ( 'NONE',  ( -1.734723475976807094E-14, 55.00000000000000711, -9.899494936611668905 ) ) ;
#1704 = CYLINDRICAL_SURFACE ( 'NONE', #1075, 1.999999999999999778 ) ;
#1705 = VERTEX_POINT ( 'NONE', #655 ) ;
#1706 = CARTESIAN_POINT ( 'NONE',  ( -1.734723475976807094E-14, 53.00000000000000711, -6.899494936611668017 ) ) ;
#1707 = FACE_OUTER_BOUND ( 'NONE', #1686, .T. ) ;
#1708 = ORIENTED_EDGE ( 'NONE', *, *, #487, .T. ) ;
#1709 = DIRECTION ( 'NONE',  ( 0.7071067811865487940, -0.000000000000000000, 0.7071067811865463515 ) ) ;
#1710 = CARTESIAN_POINT ( 'NONE',  ( -0.7071067811865633379, 53.00000000000000711, -9.192388155425119223 ) ) ;
#1711 = ORIENTED_EDGE ( 'NONE', *, *, #710, .T. ) ;
#1712 = CARTESIAN_POINT ( 'NONE',  ( -1.734723475976807094E-14, 55.00000000000000711, -9.899494936611668905 ) ) ;
#1713 = CARTESIAN_POINT ( 'NONE',  ( 7.071067811865463071, 37.00000000000000711, -7.071067811865495045 ) ) ;
#1714 = ORIENTED_EDGE ( 'NONE', *, *, #500, .F. ) ;
#1715 = DIRECTION ( 'NONE',  ( 0.7071067811865493491, 0.000000000000000000, 0.7071067811865459074 ) ) ;
#1716 = EDGE_CURVE ( 'NONE', #1751, #834, #229, .T. ) ;
#1717 = CARTESIAN_POINT ( 'NONE',  ( 9.899494936611665352, 55.00000000000000711, -2.450296909817240021E-14 ) ) ;
#1718 = FILL_AREA_STYLE_COLOUR ( '', #48 ) ;
#1719 = EDGE_LOOP ( 'NONE', ( #42, #1332, #1655, #1295 ) ) ;
#1720 = AXIS2_PLACEMENT_3D ( 'NONE', #1566, #620, #1435 ) ;
#1721 = DIRECTION ( 'NONE',  ( 0.7071067811865486830, 0.000000000000000000, 0.7071067811865463515 ) ) ;
#1722 = DIRECTION ( 'NONE',  ( 0.000000000000000000, 1.000000000000000000, 0.000000000000000000 ) ) ;
#1723 = ORIENTED_EDGE ( 'NONE', *, *, #591, .F. ) ;
#1724 = LINE ( 'NONE', #227, #438 ) ;
#1725 = DIRECTION ( 'NONE',  ( 0.000000000000000000, 1.000000000000000000, 0.000000000000000000 ) ) ;
#1726 = EDGE_CURVE ( 'NONE', #777, #1132, #565, .T. ) ;
#1727 = ORIENTED_EDGE ( 'NONE', *, *, #1418, .F. ) ;
#1728 = ADVANCED_FACE ( 'NONE', ( #1044 ), #1678, .T. ) ;
#1729 = CYLINDRICAL_SURFACE ( 'NONE', #117, 1.000000000000000888 ) ;
#1730 = CARTESIAN_POINT ( 'NONE',  ( -1.734723475976807094E-14, 35.00000000000000000, -9.899494936611668905 ) ) ;
#1731 = EDGE_LOOP ( 'NONE', ( #1083, #1711, #1348, #1120 ) ) ;
#1732 = CARTESIAN_POINT ( 'NONE',  ( -7.778174593052024299, 55.00000000000000711, -2.121320343559629062 ) ) ;
#1733 = CIRCLE ( 'NONE', #77, 2.000000000000000000 ) ;
#1734 = CARTESIAN_POINT ( 'NONE',  ( 2.828427124746170751, 37.00000000000000711, -11.31370849898477005 ) ) ;
#1735 = DIRECTION ( 'NONE',  ( 0.7071067811865459074, 0.000000000000000000, -0.7071067811865493491 ) ) ;
#1736 = CIRCLE ( 'NONE', #1598, 2.000000000000000000 ) ;
#1737 = CIRCLE ( 'NONE', #901, 3.000000000000000000 ) ;
#1738 = ORIENTED_EDGE ( 'NONE', *, *, #1092, .F. ) ;
#1739 = EDGE_CURVE ( 'NONE', #911, #604, #481, .T. ) ;
#1740 = DIRECTION ( 'NONE',  ( 0.000000000000000000, 0.000000000000000000, 1.000000000000000000 ) ) ;
#1741 = DIRECTION ( 'NONE',  ( 0.7071067811865487940, -0.000000000000000000, 0.7071067811865462405 ) ) ;
#1742 = EDGE_LOOP ( 'NONE', ( #1336, #121, #265, #1011 ) ) ;
#1743 = DIRECTION ( 'NONE',  ( 0.7071067811865487940, 0.000000000000000000, 0.7071067811865462405 ) ) ;
#1744 = CARTESIAN_POINT ( 'NONE',  ( 7.071067811865487052, 37.00000000000000711, 7.071067811865460406 ) ) ;
#1745 = DIRECTION ( 'NONE',  ( 0.7071067811865489050, -0.000000000000000000, 0.7071067811865462405 ) ) ;
#1746 = EDGE_CURVE ( 'NONE', #622, #972, #1606, .T. ) ;
#1747 = ORIENTED_EDGE ( 'NONE', *, *, #1248, .F. ) ;
#1748 = FACE_OUTER_BOUND ( 'NONE', #826, .T. ) ;
#1749 = DIRECTION ( 'NONE',  ( -0.7071067811865489050, 0.000000000000000000, -0.7071067811865462405 ) ) ;
#1750 = AXIS2_PLACEMENT_3D ( 'NONE', #598, #1562, #45 ) ;
#1751 = VERTEX_POINT ( 'NONE', #211 ) ;
#1752 = CIRCLE ( 'NONE', #463, 5.999999999999998224 ) ;
#1753 = FACE_OUTER_BOUND ( 'NONE', #1167, .T. ) ;
#1754 = EDGE_CURVE ( 'NONE', #1085, #99, #1733, .T. ) ;
#1755 = AXIS2_PLACEMENT_3D ( 'NONE', #86, #630, #98 ) ;
#1756 = DIRECTION ( 'NONE',  ( -0.000000000000000000, -1.000000000000000000, -0.000000000000000000 ) ) ;
#1757 = TOROIDAL_SURFACE ( 'NONE', #975, 3.000000000000000000, 2.000000000000000000 ) ;
#1758 = FILL_AREA_STYLE ('',( #1718 ) ) ;
#1759 = ADVANCED_FACE ( 'NONE', ( #359 ), #956, .T. ) ;
#1760 = VERTEX_POINT ( 'NONE', #376 ) ;
#1761 = CIRCLE ( 'NONE', #1128, 4.000000000000000888 ) ;
#1762 =( LENGTH_UNIT ( ) NAMED_UNIT ( * ) SI_UNIT ( .MILLI., .METRE. ) );
#1763 = ORIENTED_EDGE ( 'NONE', *, *, #1739, .T. ) ;
#1764 = DIRECTION ( 'NONE',  ( -0.7071067811865487940, 0.000000000000000000, -0.7071067811865462405 ) ) ;
#1765 = DIRECTION ( 'NONE',  ( -0.000000000000000000, -1.000000000000000000, -0.000000000000000000 ) ) ;
#1766 = ORIENTED_EDGE ( 'NONE', *, *, #123, .T. ) ;
#1767 = ORIENTED_EDGE ( 'NONE', *, *, #217, .T. ) ;
#1768 = NEXT_ASSEMBLY_USAGE_OCCURRENCE ( 'NAUO1', ' ', ' ', #22, #204, $ ) ;
ENDSEC;
END-ISO-10303-21;
