ISO-10303-21;
HEADER;
FILE_DESCRIPTION (( 'STEP AP214' ),
    '1' );
FILE_NAME ('cylinder_collision.stp',
    '2026-08-20T22:23:48',
    ( '' ),
    ( '' ),
    'SwSTEP 2.0',
    'SolidWorks 2025',
    '' );
FILE_SCHEMA (( 'AUTOMOTIVE_DESIGN' ));
ENDSEC;

DATA;
#1 = CARTESIAN_POINT ( 'NONE',  ( 27.00000000000000000, 24.99999999999656808, 12.50000000000132871 ) ) ;
#2 = CARTESIAN_POINT ( 'NONE',  ( 28.00918830920367242, 37.82542580261015530, -1.156141332259617718E-14 ) ) ;
#3 = CARTESIAN_POINT ( 'NONE',  ( 12.99999999999999467, 24.99999999999654321, 12.82542580261357834 ) ) ;
#4 = CARTESIAN_POINT ( 'NONE',  ( 30.00000000000000000, 27.47210604344855511, 9.258852983308061724 ) ) ;
#5 = DIRECTION ( 'NONE',  ( -1.000000000000000000, -0.000000000000000000, -0.000000000000000000 ) ) ;
#6 = CARTESIAN_POINT ( 'NONE',  ( 10.00000000000000178, 24.99999999999656453, 9.500000000001326939 ) ) ;
#7 = PRESENTATION_LAYER_ASSIGNMENT (  '', '', ( #435 ) ) ;
#8 = CARTESIAN_POINT ( 'NONE',  ( 29.12132034355964905, 36.64527122753082722, 4.823629279957866167 ) ) ;
#9 = CARTESIAN_POINT ( 'NONE',  ( 29.99999999999999289, 24.99999999999656453, 10.00459415460316492 ) ) ;
#10 = DIRECTION ( 'NONE',  ( -1.000000000000000000, -0.000000000000000000, -0.000000000000000000 ) ) ;
#11 = CARTESIAN_POINT ( 'NONE',  ( 30.00000000000000711, 26.24337975181089533, -9.500000000001341149 ) ) ;
#12 = PRODUCT ( 'Cylinder', 'Cylinder', '', ( #590 ) ) ;
#13 = CARTESIAN_POINT ( 'NONE',  ( 28.00918830920367952, 13.15085160521973329, -4.908077967687920484 ) ) ;
#14 = CARTESIAN_POINT ( 'NONE',  ( 30.00000000000000355, 17.37541947035062506, 7.624580529645889726 ) ) ;
#15 = CARTESIAN_POINT ( 'NONE',  ( 11.99081169079632225, 24.99999999999654321, 12.82542580261357834 ) ) ;
#16 = CARTESIAN_POINT ( 'NONE',  ( 27.00000000000000000, 12.82534154164131834, 3.271848554491338046 ) ) ;
#17 = CARTESIAN_POINT ( 'NONE',  ( 28.00918830920368308, 24.99999999999656808, -12.50000000000134115 ) ) ;
#18 = CARTESIAN_POINT ( 'NONE',  ( 10.87867965644035806, 29.82362927995443158, -11.64527122753425381 ) ) ;
#19 = ADVANCED_FACE ( 'NONE', ( #876 ), #775, .T. ) ;
#20 = CARTESIAN_POINT ( 'NONE',  ( 30.00000000000001066, 14.73494559878770005, -4.731676182125522898E-14 ) ) ;
#21 = CARTESIAN_POINT ( 'NONE',  ( 13.00000000000001066, 29.90807796768456583, 11.84914839477681880 ) ) ;
#22 = CARTESIAN_POINT ( 'NONE',  ( 30.00000000000000711, 17.74151042365293662, -7.258489576343594152 ) ) ;
#23 = DIRECTION ( 'NONE',  ( 1.000000000000000000, 0.000000000000000000, 0.000000000000000000 ) ) ;
#24 = CARTESIAN_POINT ( 'NONE',  ( 10.00000000000000000, 22.52789395654756177, 9.258852983308065276 ) ) ;
#25 = CARTESIAN_POINT ( 'NONE',  ( 29.99999999999999289, 32.62458052964245780, 7.624580529645914595 ) ) ;
#26 = CARTESIAN_POINT ( 'NONE',  ( 13.00000000000000178, 24.99999999999656808, -12.50000000000134115 ) ) ;
#27 = CARTESIAN_POINT ( 'NONE',  ( 30.00000000000001066, 28.92826625166555843, -9.483673661391783583 ) ) ;
#28 = CARTESIAN_POINT ( 'NONE',  ( 10.21507575950825419, 13.98378005647031763, 4.563067706693574976 ) ) ;
#29 = CARTESIAN_POINT ( 'NONE',  ( 29.99999999999999645, 24.99999999999656453, 9.500000000001326939 ) ) ;
#30 = CARTESIAN_POINT ( 'NONE',  ( 30.00000000000001066, 21.07173374832757773, -9.483673661391785359 ) ) ;
#31 = CARTESIAN_POINT ( 'NONE',  ( 12.49540584539816557, 12.17457419738298796, -5.742833655204742152E-14 ) ) ;
#32 = CARTESIAN_POINT ( 'NONE',  ( 29.99999999999999289, 32.25848957634016756, -7.258489576343613692 ) ) ;
#33 = EDGE_CURVE ( 'NONE', #924, #138, #761, .T. ) ;
#34 = SURFACE_STYLE_USAGE ( .BOTH. , #804 ) ;
#35 = CARTESIAN_POINT ( 'NONE',  ( 10.00000000000000533, 29.12639324789160256, 9.961994542752846016 ) ) ;
#36 = PRESENTATION_STYLE_ASSIGNMENT (( #339 ) ) ;
#37 = CARTESIAN_POINT ( 'NONE',  ( 29.78492424049174048, 13.98378005647031586, 4.563067706693573200 ) ) ;
#38 = CARTESIAN_POINT ( 'NONE',  ( 13.00000000000000711, 36.84914839477340820, 4.908077967687951570 ) ) ;
#39 = CARTESIAN_POINT ( 'NONE',  ( 30.00000000000000000, 34.74732360998321212, -9.462928289601983023E-15 ) ) ;
#40 = PRODUCT_DEFINITION_CONTEXT ( 'detailed design', #810, 'design' ) ;
#41 = CARTESIAN_POINT ( 'NONE',  ( 10.00000000000000000, 15.99464721996587535, 3.730139255442992852 ) ) ;
#42 = CARTESIAN_POINT ( 'NONE',  ( 27.00000000000000711, 32.68183399968381764, 9.995835529978322143 ) ) ;
#43 = MECHANICAL_DESIGN_GEOMETRIC_PRESENTATION_REPRESENTATION (  '', ( #681 ), #600 ) ;
#44 = CARTESIAN_POINT ( 'NONE',  ( 11.99081169079632581, 15.93105444336356058, 9.068945556632957761 ) ) ;
#45 = CARTESIAN_POINT ( 'NONE',  ( 29.78492424049175824, 36.01621994352282741, 4.563067706693545666 ) ) ;
#46 = CARTESIAN_POINT ( 'NONE',  ( 10.21507575950825597, 23.47897743109871627, -11.62132034356098131 ) ) ;
#47 = CARTESIAN_POINT ( 'NONE',  ( 30.00000000000000000, 24.99999999999656808, -10.00459415460317913 ) ) ;
#48 = CARTESIAN_POINT ( 'NONE',  ( 10.87867965644036339, 20.17637072003874366, 11.64527122753425736 ) ) ;
#49 = CARTESIAN_POINT ( 'NONE',  ( 29.12132034355964905, 26.60787642664919872, -12.28492424049309051 ) ) ;
#50 = APPLICATION_PROTOCOL_DEFINITION ( 'draft international standard', 'automotive_design', 1998, #864 ) ;
#51 = CARTESIAN_POINT ( 'NONE',  ( 10.00000000000000000, 32.62458052964245780, 7.624580529645914595 ) ) ;
#52 = CARTESIAN_POINT ( 'NONE',  ( 26.99999999999999645, 26.63624617374142645, -12.50000000000133404 ) ) ;
#53 = EDGE_CURVE ( 'NONE', #758, #924, #239, .T. ) ;
#54 = CARTESIAN_POINT ( 'NONE',  ( 10.21507575950824709, 33.43144971935131338, 8.431449719354764838 ) ) ;
#55 = CARTESIAN_POINT ( 'NONE',  ( 28.00918830920369018, 15.93105444336355703, -9.068945556632966642 ) ) ;
#56 = CARTESIAN_POINT ( 'NONE',  ( 13.00000000000000533, 14.07767014556717733, -6.295237254636919744 ) ) ;
#57 = CARTESIAN_POINT ( 'NONE',  ( 10.00000000000000178, 26.37546441596156654, -10.50918830920501890 ) ) ;
#58 = CARTESIAN_POINT ( 'NONE',  ( 29.12132034355963484, 16.08709527164609199, 8.912904728350429906 ) ) ;
#59 = APPLICATION_PROTOCOL_DEFINITION ( 'draft international standard', 'automotive_design', 1998, #542 ) ;
#60 = CARTESIAN_POINT ( 'NONE',  ( 11.99081169079632403, 24.99999999999656808, -12.50000000000133937 ) ) ;
#61 = CARTESIAN_POINT ( 'NONE',  ( 10.21507575950825419, 36.01621994352282030, -4.563067706693541226 ) ) ;
#62 = CARTESIAN_POINT ( 'NONE',  ( 29.12132034355964905, 36.64527122753082722, 4.823629279957866167 ) ) ;
#63 = EDGE_CURVE ( 'NONE', #612, #966, #64, .T. ) ;
#64 = B_SPLINE_CURVE_WITH_KNOTS ( 'NONE', 3,
 ( #544, #874, #316, #560, #112, #555, #487, #705, #806, #476, #414, #634, #718, #640, #795, #24, #710, #629 ),
 .UNSPECIFIED., .F., .F.,
 ( 4, 2, 2, 2, 2, 2, 2, 2, 4 ),
 ( 0.000000000000000000, 0.06250000000000001388, 0.1250000000000000278, 0.1875000000000000555, 0.2500000000000000555, 0.3125000000000000555, 0.3750000000000001110, 0.4375000000000000555, 0.5000000000000000000 ),
 .UNSPECIFIED. ) ;
#65 = CARTESIAN_POINT ( 'NONE',  ( 11.99081169079632758, 13.15085160521973329, -4.908077967687920484 ) ) ;
#66 = EDGE_LOOP ( 'NONE', ( #99, #294, #446, #836 ) ) ;
#67 = CARTESIAN_POINT ( 'NONE',  ( 30.00000000000000000, 26.25952002083394632, -9.500000000001341149 ) ) ;
#68 = CARTESIAN_POINT ( 'NONE',  ( 27.50459415460184687, 26.63602598922588882, -12.50000000000134293 ) ) ;
#69 = CARTESIAN_POINT ( 'NONE',  ( 13.00000000000000178, 34.06894555662954360, -9.068945556632993288 ) ) ;
#70 = CARTESIAN_POINT ( 'NONE',  ( 10.00000000000000178, 26.24337975181089533, -9.500000000001341149 ) ) ;
#71 = CARTESIAN_POINT ( 'NONE',  ( 30.00000000000000000, 34.74732360998321212, -9.462928289601983023E-15 ) ) ;
#72 = CARTESIAN_POINT ( 'NONE',  ( 27.00000000000001066, 12.82534154164132545, -3.271848554491352701 ) ) ;
#73 = CARTESIAN_POINT ( 'NONE',  ( 29.12132034355963484, 24.99999999999654321, 12.60475074697249376 ) ) ;
#74 = CARTESIAN_POINT ( 'NONE',  ( 12.49540584539816024, 13.15085160521974217, 4.908077967687983545 ) ) ;
#75 = ORIENTED_EDGE ( 'NONE', *, *, #506, .F. ) ;
#76 = CARTESIAN_POINT ( 'NONE',  ( 30.00000000000000000, 29.79887917148232646, 8.294858134408833905 ) ) ;
#77 = CARTESIAN_POINT ( 'NONE',  ( 30.00000000000000000, 24.99999999999656808, -12.50000000000133760 ) ) ;
#78 = B_SPLINE_CURVE_WITH_KNOTS ( 'NONE', 3,
 ( #419, #206, #350, #656, #130, #969, #431, #831, #591, #272, #743, #56, #897, #661, #357, #122, #669, #981 ),
 .UNSPECIFIED., .F., .F.,
 ( 4, 2, 2, 2, 2, 2, 2, 2, 4 ),
 ( 0.5000000000000000000, 0.5625000000000000000, 0.6250000000000000000, 0.6875000000000000000, 0.7500000000000000000, 0.8125000000000000000, 0.8750000000000000000, 0.9375000000000000000, 1.000000000000000000 ),
 .UNSPECIFIED. ) ;
#79 = CARTESIAN_POINT ( 'NONE',  ( 27.00000000000000355, 24.99999999999656808, -12.50000000000134115 ) ) ;
#80 = CARTESIAN_POINT ( 'NONE',  ( 13.00000000000000178, 36.84914839477340109, -4.908077967687948018 ) ) ;
#81 = CARTESIAN_POINT ( 'NONE',  ( 30.00000000000000000, 24.99999999999656808, -9.500000000001341149 ) ) ;
#82 = CARTESIAN_POINT ( 'NONE',  ( 27.00000000000000000, 13.15085160521973329, -4.908077967687920484 ) ) ;
#83 = CARTESIAN_POINT ( 'NONE',  ( 13.00000000000000178, 24.99999999999656808, 12.50000000000132871 ) ) ;
#84 = CARTESIAN_POINT ( 'NONE',  ( 28.00918830920368308, 12.17457419738298796, -5.742833655204742152E-14 ) ) ;
#85 = CARTESIAN_POINT ( 'NONE',  ( 10.87867965644036339, 33.91290472834701575, -8.912904728350463657 ) ) ;
#86 = CARTESIAN_POINT ( 'NONE',  ( 29.99999999999999645, 32.60803073992719447, -5.827137815158743628 ) ) ;
#87 = CARTESIAN_POINT ( 'NONE',  ( 26.99999999999999645, 15.93105444336356058, 9.068945556632957761 ) ) ;
#88 = CARTESIAN_POINT ( 'NONE',  ( 27.00000000000000711, 12.49999999999523581, -1.636246173744866805 ) ) ;
#89 = CARTESIAN_POINT ( 'NONE',  ( 27.00000000000000000, 29.90807796768451965, -11.84914839477684012 ) ) ;
#90 = CARTESIAN_POINT ( 'NONE',  ( 13.00000000000000888, 37.49999999999790390, 1.636246173744855703 ) ) ;
#91 = CARTESIAN_POINT ( 'NONE',  ( 29.99999999999998934, 24.99999999999654676, 9.747323609986644044 ) ) ;
#92 = CARTESIAN_POINT ( 'NONE',  ( 11.99081169079632581, 36.84914839477340820, 4.908077967687950682 ) ) ;
#93 = CARTESIAN_POINT ( 'NONE',  ( 10.00000000000000000, 30.82713781515329998, -7.608030739931171738 ) ) ;
#94 = PRODUCT_RELATED_PRODUCT_CATEGORY ( 'part', '', ( #163 ) ) ;
#95 = CARTESIAN_POINT ( 'NONE',  ( 29.12132034355963484, 16.08709527164609199, 8.912904728350429906 ) ) ;
#96 = CARTESIAN_POINT ( 'NONE',  ( 10.21507575950825419, 36.01621994352282030, -4.563067706693541226 ) ) ;
#97 = CARTESIAN_POINT ( 'NONE',  ( 13.00000000000000000, 32.68183399968381764, -9.995835529978322143 ) ) ;
#98 = CARTESIAN_POINT ( 'NONE',  ( 29.78492424049175469, 13.98378005647030697, -4.563067706693518133 ) ) ;
#99 = ORIENTED_EDGE ( 'NONE', *, *, #764, .F. ) ;
#100 = CARTESIAN_POINT ( 'NONE',  ( 30.00000000000000000, 24.99999999999656808, -10.00459415460317913 ) ) ;
#101 =( NAMED_UNIT ( * ) SI_UNIT ( $, .STERADIAN. ) SOLID_ANGLE_UNIT ( ) );
#102 = CARTESIAN_POINT ( 'NONE',  ( 30.00000000000000355, 28.92826625166559396, 9.483673661391765819 ) ) ;
#103 = MANIFOLD_SOLID_BREP ( 'Stock-SuperDexCube-1', #467 ) ;
#104 = CARTESIAN_POINT ( 'NONE',  ( 13.00000000000000178, 12.17457419738298796, -5.742833655204742152E-14 ) ) ;
#105 = CARTESIAN_POINT ( 'NONE',  ( 30.00000000000000000, 23.75662024818224438, -9.500000000001341149 ) ) ;
#106 = CARTESIAN_POINT ( 'NONE',  ( 10.21507575950825242, 16.56855028064177304, 8.431449719354734640 ) ) ;
#107 = CARTESIAN_POINT ( 'NONE',  ( 30.00000000000000355, 19.17300189737794724, 7.607891027382341242 ) ) ;
#108 = CARTESIAN_POINT ( 'NONE',  ( 29.78492424049175824, 20.43693229330306238, 11.01621994352626821 ) ) ;
#109 = EDGE_LOOP ( 'NONE', ( #606, #645, #152, #687 ) ) ;
#110 = CARTESIAN_POINT ( 'NONE',  ( 30.00000000000000355, 15.99464721996587180, -3.730139255442946666 ) ) ;
#111 = CARTESIAN_POINT ( 'NONE',  ( 10.00000000000000178, 34.00535278002726614, 3.730139255442966650 ) ) ;
#112 = CARTESIAN_POINT ( 'NONE',  ( 10.00000000000000000, 19.17300189738081428, -7.607891027388931526 ) ) ;
#113 = CARTESIAN_POINT ( 'NONE',  ( 30.00000000000000355, 34.96199454274943008, 4.126393247894992733 ) ) ;
#114 = CARTESIAN_POINT ( 'NONE',  ( 12.49540584539816024, 15.93105444336356058, 9.068945556632957761 ) ) ;
#115 = CARTESIAN_POINT ( 'NONE',  ( 29.99999999999999645, 34.00535278002726614, -3.730139255442968427 ) ) ;
#116 = DIRECTION ( 'NONE',  ( 0.000000000000000000, 0.000000000000000000, 1.000000000000000000 ) ) ;
#117 = CARTESIAN_POINT ( 'NONE',  ( 10.00000000000000178, 26.24337975181089533, -9.500000000001341149 ) ) ;
#118 = CARTESIAN_POINT ( 'NONE',  ( 29.12132034355964549, 24.99999999999657518, -12.28492424049308873 ) ) ;
#119 = CARTESIAN_POINT ( 'NONE',  ( 10.21507575950825597, 24.99999999999656808, -11.62132034356098309 ) ) ;
#120 = CARTESIAN_POINT ( 'NONE',  ( 30.00000000000001066, 15.25267639000991693, -4.485172746128106679E-14 ) ) ;
#121 = CARTESIAN_POINT ( 'NONE',  ( 10.00000000000000355, 35.78278519242766720, -1.082061133820367722E-14 ) ) ;
#122 = CARTESIAN_POINT ( 'NONE',  ( 13.00000000000000533, 21.72815144550520827, -12.17465845835524973 ) ) ;
#123 = CARTESIAN_POINT ( 'NONE',  ( 10.21507575950825419, 13.98378005647030697, -4.563067706693519021 ) ) ;
#124 = CARTESIAN_POINT ( 'NONE',  ( 27.50459415460185042, 15.93105444336355703, -9.068945556632966642 ) ) ;
#125 = SHAPE_DEFINITION_REPRESENTATION ( #361, #649 ) ;
#126 = CARTESIAN_POINT ( 'NONE',  ( 10.00000000000000711, 14.73494559878770005, -4.731676182125522898E-14 ) ) ;
#127 = CARTESIAN_POINT ( 'NONE',  ( 29.99999999999999645, 15.49990120830702622, -1.259281463673782353 ) ) ;
#128 = CARTESIAN_POINT ( 'NONE',  ( 10.87867965644036161, 26.60787642664919517, -12.28492424049309406 ) ) ;
#129 = CARTESIAN_POINT ( 'NONE',  ( 29.12132034355965260, 29.82362927995448132, 11.64527122753423249 ) ) ;
#130 = CARTESIAN_POINT ( 'NONE',  ( 13.00000000000000355, 17.31816600030931141, 9.995835529978311484 ) ) ;
#131 = CARTESIAN_POINT ( 'NONE',  ( 10.21507575950825952, 16.56855028064178015, -8.431449719354750627 ) ) ;
#132 = CARTESIAN_POINT ( 'NONE',  ( 29.12132034355963839, 33.91290472834702285, -8.912904728350463657 ) ) ;
#133 = CARTESIAN_POINT ( 'NONE',  ( 30.00000000000000000, 22.52813259602750051, -9.258951852953710926 ) ) ;
#134 = CARTESIAN_POINT ( 'NONE',  ( 10.00000000000000178, 34.96199454274943008, 4.126393247894992733 ) ) ;
#135 = CARTESIAN_POINT ( 'NONE',  ( 28.00918830920366176, 20.09192203230860585, -11.84914839477684190 ) ) ;
#136 = EDGE_CURVE ( 'NONE', #854, #930, #567, .T. ) ;
#137 = CARTESIAN_POINT ( 'NONE',  ( 11.99081169079632936, 12.17457419738298796, -5.742833671827920807E-14 ) ) ;
#138 = VERTEX_POINT ( 'NONE', #180 ) ;
#139 = CARTESIAN_POINT ( 'NONE',  ( 10.00000000000000000, 15.51632633860479338, 3.928266251669005449 ) ) ;
#140 = CARTESIAN_POINT ( 'NONE',  ( 29.78492424049174048, 13.98378005647031586, 4.563067706693573200 ) ) ;
#141 = CARTESIAN_POINT ( 'NONE',  ( 11.99081169079632758, 29.90807796768456583, 11.84914839477681525 ) ) ;
#142 = CARTESIAN_POINT ( 'NONE',  ( 29.78492424049174758, 24.99999999999656808, 11.62132034356096888 ) ) ;
#143 = CARTESIAN_POINT ( 'NONE',  ( 10.00000000000000178, 24.99999999999656453, 9.500000000001326939 ) ) ;
#144 = CARTESIAN_POINT ( 'NONE',  ( 9.999999999999998224, 26.25928146366749871, 9.500098791689534750 ) ) ;
#145 = CARTESIAN_POINT ( 'NONE',  ( 27.50459415460182555, 24.99999999999654321, 12.82542580261357834 ) ) ;
#146 = CARTESIAN_POINT ( 'NONE',  ( 13.00000000000000178, 24.99999999999656808, -12.50000000000134115 ) ) ;
#147 = CARTESIAN_POINT ( 'NONE',  ( 10.00000000000000178, 24.99999999999656808, -9.500000000001341149 ) ) ;
#148 = CARTESIAN_POINT ( 'NONE',  ( 27.00000000000000355, 23.36397401076725089, -12.50000000000134115 ) ) ;
#149 = CARTESIAN_POINT ( 'NONE',  ( 27.00000000000000355, 15.00416447001824771, 7.681833999687246006 ) ) ;
#150 = CARTESIAN_POINT ( 'NONE',  ( 28.00918830920368308, 20.09192203230865914, 11.84914839477684723 ) ) ;
#151 = CARTESIAN_POINT ( 'NONE',  ( 12.49540584539816557, 34.06894555662954360, -9.068945556632993288 ) ) ;
#152 = ORIENTED_EDGE ( 'NONE', *, *, #225, .T. ) ;
#153 = CARTESIAN_POINT ( 'NONE',  ( 10.00000000000000711, 14.73494559878770005, -4.731676182125522898E-14 ) ) ;
#154 = CARTESIAN_POINT ( 'NONE',  ( 27.00000000000000000, 29.90807796768451965, -11.84914839477684012 ) ) ;
#155 = CARTESIAN_POINT ( 'NONE',  ( 10.00000000000000178, 24.99999999999657163, -9.500000000001341149 ) ) ;
#156 = CARTESIAN_POINT ( 'NONE',  ( 29.12132034355964549, 13.35472877246231782, -4.823629279957835081 ) ) ;
#157 = CARTESIAN_POINT ( 'NONE',  ( 12.49540584539816201, 26.63602598922588882, -12.50000000000134293 ) ) ;
#158 = B_SPLINE_CURVE_WITH_KNOTS ( 'NONE', 5,
 ( #749, #735, #60, #650, #197, #582, #498, #819 ),
 .UNSPECIFIED., .F., .F.,
 ( 6, 2, 6 ),
 ( 0.000000000000000000, 0.5000000000000000000, 1.000000000000000000 ),
 .UNSPECIFIED. ) ;
#159 = CARTESIAN_POINT ( 'NONE',  ( 29.99999999999999645, 33.29485813441731068, -4.798879171452970382 ) ) ;
#160 = CARTESIAN_POINT ( 'NONE',  ( 29.99999999999999289, 31.89239862303784534, 6.892398623041302130 ) ) ;
#161 = CARTESIAN_POINT ( 'NONE',  ( 12.49540584539816201, 24.99999999999656808, 12.50000000000132871 ) ) ;
#162 = ADVANCED_BREP_SHAPE_REPRESENTATION ( '', ( #103, #638 ), #308 ) ;
#163 = PRODUCT ( 'cylinder_collision', 'cylinder_collision', '', ( #283 ) ) ;
#164 = CARTESIAN_POINT ( 'NONE',  ( 27.00000000000000711, 29.90807796768456583, 11.84914839477681880 ) ) ;
#165 = DIRECTION ( 'NONE',  ( -1.000000000000000000, -0.000000000000000000, -0.000000000000000000 ) ) ;
#166 = EDGE_CURVE ( 'NONE', #924, #758, #527, .T. ) ;
#167 = COLOUR_RGB ( '',1.000000000000000000, 0.000000000000000000, 0.000000000000000000 ) ;
#168 = CARTESIAN_POINT ( 'NONE',  ( 28.00918830920367952, 29.90807796768451965, -11.84914839477684012 ) ) ;
#169 = CARTESIAN_POINT ( 'NONE',  ( 10.87867965644036694, 20.17637072003868681, -11.64527122753424315 ) ) ;
#170 = CARTESIAN_POINT ( 'NONE',  ( 13.00000000000000178, 26.63624617374141934, 12.50000000000132516 ) ) ;
#171 = B_SPLINE_SURFACE_WITH_KNOTS ( 'NONE', 5, 3, ( 
 ( #599, #686, #375, #69, #80, #605, #847, #917, #304, #3, #765, #675, #988, #611, #752, #617, #212, #935, #146 ),
 ( #456, #157, #299, #151, #215, #999, #929, #371, #232, #221, #450, #519, #74, #293, #538, #835, #461, #362, #771 ),
 ( #525, #672, #984, #284, #287, #438, #840, #227, #141, #680, #532, #445, #595, #137, #65, #757, #513, #853, #993 ),
 ( #912, #627, #18, #85, #397, #315, #622, #698, #957, #949, #403, #321, #548, #185, #481, #940, #169, #470, #873 ),
 ( #709, #789, #554, #391, #96, #256, #799, #327, #639, #879, #179, #106, #28, #332, #564, #884, #386, #46, #900 ),
 ( #201, #413, #426, #369, #430, #121, #739, #51, #35, #196, #586, #577, #992, #660, #497, #353, #818, #723, #734 ),
 ( #976, #292, #422, #679, #571, #603, #349, #920, #972, #905, #501, #581, #824, #126, #190, #275, #205, #756, #219 ),
 ( #811, #117, #505, #492, #805, #648, #111, #338, #963, #262, #890, #418, #41, #345, #862, #541, #230, #238, #774 ) ),
 .UNSPECIFIED., .F., .T., .F.,
 ( 6, 2, 6 ),
 ( 4, 1, 1, 1, 1, 1, 1, 1, 1, 1, 1, 1, 1, 1, 1, 1, 4 ),
 ( 0.000000000000000000, 0.5000000000000000000, 1.000000000000000000 ),
 ( 0.000000000000000000, 0.3926990816987241395, 0.7853981633974482790, 1.178097245096172418, 1.570796326794896558, 1.963495408493620475, 2.356194490192344393, 2.748893571891068976, 3.141592653589793116, 3.534291735288517255, 3.926990816987240951, 4.319689898685965979, 4.712388980384689674, 5.105088062083414258, 5.497787143782137953, 5.890486225480862537, 6.283185307179586232 ),
 .UNSPECIFIED. ) ;
#172 = CARTESIAN_POINT ( 'NONE',  ( 29.78492424049175824, 29.56306770669016615, 11.01621994352624334 ) ) ;
#173 = CARTESIAN_POINT ( 'NONE',  ( 11.99081169079632581, 29.90807796768451965, -11.84914839477684012 ) ) ;
#174 = CARTESIAN_POINT ( 'NONE',  ( 30.00000000000000355, 34.96199454274943008, 4.126393247894992733 ) ) ;
#175 = CARTESIAN_POINT ( 'NONE',  ( 30.00000000000000000, 23.75662024818224438, -9.500000000001341149 ) ) ;
#176 = CARTESIAN_POINT ( 'NONE',  ( 13.00000000000000355, 29.90807796768451965, -11.84914839477684012 ) ) ;
#177 = CARTESIAN_POINT ( 'NONE',  ( 30.00000000000001066, 21.26986074455362896, 9.005352780030706938 ) ) ;
#178 = DIRECTION ( 'NONE',  ( 0.000000000000000000, 1.000000000000000000, 0.000000000000000000 ) ) ;
#179 = CARTESIAN_POINT ( 'NONE',  ( 10.21507575950825775, 20.43693229330306238, 11.01621994352626999 ) ) ;
#180 = CARTESIAN_POINT ( 'NONE',  ( 27.00000000000000000, 24.99999999999656808, 12.50000000000132871 ) ) ;
#181 = CARTESIAN_POINT ( 'NONE',  ( 30.00000000000000711, 17.37541947035062506, -7.624580529645901272 ) ) ;
#182 = CARTESIAN_POINT ( 'NONE',  ( 12.49540584539816024, 13.15085160521974217, 4.908077967687983545 ) ) ;
#183 = CARTESIAN_POINT ( 'NONE',  ( 29.99999999999999289, 31.89239862303784534, 6.892398623041302130 ) ) ;
#184 = AXIS2_PLACEMENT_3D ( 'NONE', #250, #559, #178 ) ;
#185 = CARTESIAN_POINT ( 'NONE',  ( 10.87867965644036339, 12.39524925302407077, -5.633467030757399863E-14 ) ) ;
#186 = CARTESIAN_POINT ( 'NONE',  ( 29.78492424049174048, 33.43144971935133469, -8.431449719354770167 ) ) ;
#187 = CARTESIAN_POINT ( 'NONE',  ( 13.00000000000000533, 13.15085160521973329, -4.908077967687920484 ) ) ;
#188 = CARTESIAN_POINT ( 'NONE',  ( 30.00000000000001066, 29.12639324789157058, -9.961994542752863779 ) ) ;
#189 =( NAMED_UNIT ( * ) SI_UNIT ( $, .STERADIAN. ) SOLID_ANGLE_UNIT ( ) );
#190 = CARTESIAN_POINT ( 'NONE',  ( 10.00000000000000178, 15.51632633860479338, -3.928266251668956155 ) ) ;
#191 = CARTESIAN_POINT ( 'NONE',  ( 27.00000000000000711, 32.68183399968382474, -9.995835529978329248 ) ) ;
#192 = CARTESIAN_POINT ( 'NONE',  ( 30.00000000000001066, 28.92826625166555843, -9.483673661391783583 ) ) ;
#193 = ORIENTED_EDGE ( 'NONE', *, *, #475, .T. ) ;
#194 = CARTESIAN_POINT ( 'NONE',  ( 29.78492424049174758, 24.99999999999656808, -11.62132034356098131 ) ) ;
#195 =( NAMED_UNIT ( * ) SI_UNIT ( $, .STERADIAN. ) SOLID_ANGLE_UNIT ( ) );
#196 = CARTESIAN_POINT ( 'NONE',  ( 9.999999999999998224, 24.99999999999654676, 10.78278519243107958 ) ) ;
#197 = CARTESIAN_POINT ( 'NONE',  ( 10.21507575950825597, 24.99999999999656808, -11.62132034356098309 ) ) ;
#198 = CARTESIAN_POINT ( 'NONE',  ( 10.87867965644036339, 13.35472877246231960, -4.823629279957835081 ) ) ;
#199 = CARTESIAN_POINT ( 'NONE',  ( 29.12132034355964549, 37.60475074696906006, -1.203530870967078996E-14 ) ) ;
#200 = EDGE_CURVE ( 'NONE', #138, #489, #253, .T. ) ;
#201 = CARTESIAN_POINT ( 'NONE',  ( 10.00000000000000178, 24.99999999999656453, -10.50918830920501712 ) ) ;
#202 = CARTESIAN_POINT ( 'NONE',  ( 27.00000000000000000, 34.99583552997486890, 7.681833999687261993 ) ) ;
#203 = CARTESIAN_POINT ( 'NONE',  ( 10.87867965644036339, 33.91290472834701575, -8.912904728350463657 ) ) ;
#204 = CARTESIAN_POINT ( 'NONE',  ( 27.50459415460184331, 20.09192203230860585, -11.84914839477684190 ) ) ;
#205 = CARTESIAN_POINT ( 'NONE',  ( 10.00000000000000888, 21.07173374832757773, -9.483673661391785359 ) ) ;
#206 = CARTESIAN_POINT ( 'NONE',  ( 13.00000000000000888, 23.36375382625170616, 12.50000000000133049 ) ) ;
#207 = CARTESIAN_POINT ( 'NONE',  ( 10.87867965644036516, 29.82362927995448132, 11.64527122753422894 ) ) ;
#208 = CARTESIAN_POINT ( 'NONE',  ( 29.78492424049175469, 20.43693229330299843, -11.01621994352625933 ) ) ;
#209 = CARTESIAN_POINT ( 'NONE',  ( 30.00000000000000000, 20.20088218902787247, -8.294759264763202466 ) ) ;
#210 = CARTESIAN_POINT ( 'NONE',  ( 10.00000000000000355, 34.96199454274942298, -4.126393247894990957 ) ) ;
#211 = CARTESIAN_POINT ( 'NONE',  ( 28.00918830920367242, 13.15085160521974217, 4.908077967687983545 ) ) ;
#212 = CARTESIAN_POINT ( 'NONE',  ( 13.00000000000000888, 20.09192203230860585, -11.84914839477684190 ) ) ;
#213 = CARTESIAN_POINT ( 'NONE',  ( 10.00000000000000355, 34.00535278002726614, -3.730139255442968427 ) ) ;
#214 = CARTESIAN_POINT ( 'NONE',  ( 27.50459415460182555, 24.99999999999654321, 12.82542580261357834 ) ) ;
#215 = CARTESIAN_POINT ( 'NONE',  ( 12.49540584539815846, 36.84914839477340109, -4.908077967687948018 ) ) ;
#216 = ORIENTED_EDGE ( 'NONE', *, *, #237, .F. ) ;
#217 = CARTESIAN_POINT ( 'NONE',  ( 10.00000000000000533, 21.26986074455362896, 9.005352780030706938 ) ) ;
#218 = CARTESIAN_POINT ( 'NONE',  ( 30.00000000000000355, 15.99464721996587180, -3.730139255442946666 ) ) ;
#219 = CARTESIAN_POINT ( 'NONE',  ( 10.00000000000000178, 24.99999999999656808, -10.00459415460317736 ) ) ;
#220 = CARTESIAN_POINT ( 'NONE',  ( 28.00918830920366176, 20.09192203230860585, -11.84914839477684190 ) ) ;
#221 = CARTESIAN_POINT ( 'NONE',  ( 12.49540584539815669, 24.99999999999654321, 12.82542580261357834 ) ) ;
#222 = EDGE_LOOP ( 'NONE', ( #216, #848, #400, #451 ) ) ;
#223 = CARTESIAN_POINT ( 'NONE',  ( 10.00000000000000178, 34.48367366138835166, 3.928266251668979692 ) ) ;
#224 = DIRECTION ( 'NONE',  ( 0.000000000000000000, 0.000000000000000000, 1.000000000000000000 ) ) ;
#225 = EDGE_CURVE ( 'NONE', #758, #489, #480, .T. ) ;
#226 = CARTESIAN_POINT ( 'NONE',  ( 28.00918830920367242, 13.15085160521974217, 4.908077967687983545 ) ) ;
#227 = CARTESIAN_POINT ( 'NONE',  ( 11.99081169079632225, 34.06894555662952939, 9.068945556632984406 ) ) ;
#228 = CARTESIAN_POINT ( 'NONE',  ( 10.00000000000000178, 24.99999999999656808, -9.500000000001341149 ) ) ;
#229 = CARTESIAN_POINT ( 'NONE',  ( 27.00000000000000355, 24.99999999999656808, -12.50000000000134115 ) ) ;
#230 = CARTESIAN_POINT ( 'NONE',  ( 10.00000000000000888, 21.26986074455358633, -9.005352780030705162 ) ) ;
#231 = CARTESIAN_POINT ( 'NONE',  ( 27.00000000000000355, 26.63602598922588882, -12.50000000000134293 ) ) ;
#232 = CARTESIAN_POINT ( 'NONE',  ( 12.49540584539816912, 29.90807796768456583, 11.84914839477681880 ) ) ;
#233 = CARTESIAN_POINT ( 'NONE',  ( 29.99999999999999645, 24.99999999999656453, 9.500000000001326939 ) ) ;
#234 = CARTESIAN_POINT ( 'NONE',  ( 30.00000000000000711, 26.24337975181089533, -9.500000000001341149 ) ) ;
#235 = CARTESIAN_POINT ( 'NONE',  ( 10.00000000000000000, 33.29485813441137054, 4.798879171467318017 ) ) ;
#236 = CARTESIAN_POINT ( 'NONE',  ( 28.00918830920369018, 15.93105444336355703, -9.068945556632966642 ) ) ;
#237 = EDGE_CURVE ( 'NONE', #930, #854, #78, .T. ) ;
#238 = CARTESIAN_POINT ( 'NONE',  ( 10.00000000000000178, 23.75662024818224438, -9.500000000001341149 ) ) ;
#239 = B_SPLINE_CURVE_WITH_KNOTS ( 'NONE', 3,
 ( #81, #67, #295, #990, #918, #86, #159, #767, #925, #382, #528, #694, #387, #849, #76, #4, #618, #29 ),
 .UNSPECIFIED., .F., .F.,
 ( 4, 2, 2, 2, 2, 2, 2, 2, 4 ),
 ( 0.000000000000000000, 0.06250000000000000000, 0.1250000000000000000, 0.1874999999999999722, 0.2499999999999999722, 0.3125000000000000000, 0.3750000000000000000, 0.4375000000000000000, 0.5000000000000000000 ),
 .UNSPECIFIED. ) ;
#240 = CARTESIAN_POINT ( 'NONE',  ( 28.00918830920366887, 34.06894555662954360, -9.068945556632993288 ) ) ;
#241 = CARTESIAN_POINT ( 'NONE',  ( 13.00000000000000533, 37.17465845835181426, 3.271848554491348260 ) ) ;
#242 = CARTESIAN_POINT ( 'NONE',  ( 29.99999999999998934, 24.99999999999654321, 10.78278519243108136 ) ) ;
#243 = CARTESIAN_POINT ( 'NONE',  ( 12.49540584539816379, 36.84914839477340820, 4.908077967687951570 ) ) ;
#244 = CARTESIAN_POINT ( 'NONE',  ( 29.99999999999999645, 34.96199454274942298, -4.126393247894990068 ) ) ;
#245 = PRESENTATION_LAYER_ASSIGNMENT (  '', '', ( #681 ) ) ;
#246 = CARTESIAN_POINT ( 'NONE',  ( 13.00000000000000178, 37.17465845835180716, -3.271848554491358030 ) ) ;
#247 = CARTESIAN_POINT ( 'NONE',  ( 29.78492424049175469, 29.56306770669010220, -11.01621994352626466 ) ) ;
#248 = ORIENTED_EDGE ( 'NONE', *, *, #53, .T. ) ;
#249 = CARTESIAN_POINT ( 'NONE',  ( 30.00000000000000355, 28.92826625166559396, 9.483673661391765819 ) ) ;
#250 = CARTESIAN_POINT ( 'NONE',  ( 0.000000000000000000, 0.000000000000000000, -25.00000000000000000 ) ) ;
#251 = CARTESIAN_POINT ( 'NONE',  ( 13.00000000000000355, 32.68183399968382474, 9.995835529978313261 ) ) ;
#252 = CARTESIAN_POINT ( 'NONE',  ( 29.12132034355964905, 29.82362927995442092, -11.64527122753425203 ) ) ;
#253 = B_SPLINE_CURVE_WITH_KNOTS ( 'NONE', 3,
 ( #354, #901, #427, #423, #42, #202, #729, #502, #825, #346, #973, #891, #977, #191, #740, #434, #52, #665 ),
 .UNSPECIFIED., .F., .F.,
 ( 4, 2, 2, 2, 2, 2, 2, 2, 4 ),
 ( 0.5000000000000000000, 0.5625000000000000000, 0.6249999999999998890, 0.6874999999999998890, 0.7499999999999997780, 0.8124999999999997780, 0.8749999999999997780, 0.9374999999999997780, 1.000000000000000000 ),
 .UNSPECIFIED. ) ;
#254 = CARTESIAN_POINT ( 'NONE',  ( 13.00000000000000888, 20.09192203230860585, -11.84914839477684190 ) ) ;
#255 = CARTESIAN_POINT ( 'NONE',  ( 29.78492424049175469, 26.52102256889441634, -11.62132034356098309 ) ) ;
#256 = CARTESIAN_POINT ( 'NONE',  ( 10.21507575950825775, 36.92387054357490683, -1.126999489491236293E-14 ) ) ;
#257 = CARTESIAN_POINT ( 'NONE',  ( 13.00000000000000355, 31.29523725463350559, -10.92232985442938897 ) ) ;
#258 = CARTESIAN_POINT ( 'NONE',  ( 30.00000000000000000, 24.99999999999656808, -9.500000000001341149 ) ) ;
#259 = CARTESIAN_POINT ( 'NONE',  ( 12.49540584539816379, 20.09192203230860585, -11.84914839477684190 ) ) ;
#260 = CARTESIAN_POINT ( 'NONE',  ( 30.00000000000000000, 24.99999999999656453, -10.50918830920501534 ) ) ;
#261 = CARTESIAN_POINT ( 'NONE',  ( 27.00000000000000355, 20.09192203230860585, -11.84914839477684190 ) ) ;
#262 = CARTESIAN_POINT ( 'NONE',  ( 9.999999999999998224, 24.99999999999654676, 9.747323609986644044 ) ) ;
#263 = CARTESIAN_POINT ( 'NONE',  ( 30.00000000000000000, 24.99999999999656453, -10.50918830920501534 ) ) ;
#264 = CARTESIAN_POINT ( 'NONE',  ( 29.78492424049174758, 24.99999999999656808, -11.62132034356098131 ) ) ;
#265 = CARTESIAN_POINT ( 'NONE',  ( 11.99081169079632581, 34.06894555662954360, -9.068945556632993288 ) ) ;
#266 = CARTESIAN_POINT ( 'NONE',  ( 29.99999999999999289, 32.62458052964247202, -7.624580529645921700 ) ) ;
#267 = SHAPE_REPRESENTATION ( 'cylinder_collision', ( #326, #184 ), #980 ) ;
#268 = CARTESIAN_POINT ( 'NONE',  ( 30.00000000000000355, 23.73996346518379852, -9.500000000001342926 ) ) ;
#269 = EDGE_CURVE ( 'NONE', #854, #612, #158, .T. ) ;
#270 = CARTESIAN_POINT ( 'NONE',  ( 10.00000000000000355, 17.37541947035063927, 7.624580529645887061 ) ) ;
#271 = CARTESIAN_POINT ( 'NONE',  ( 27.50459415460184687, 29.90807796768456583, 11.84914839477681880 ) ) ;
#272 = CARTESIAN_POINT ( 'NONE',  ( 13.00000000000000533, 12.49999999999523403, -1.636246173744861920 ) ) ;
#273 = CARTESIAN_POINT ( 'NONE',  ( 10.87867965644036339, 24.99999999999656808, -12.28492424049309051 ) ) ;
#274 = CARTESIAN_POINT ( 'NONE',  ( 28.00918830920367597, 15.93105444336356058, 9.068945556632957761 ) ) ;
#275 = CARTESIAN_POINT ( 'NONE',  ( 10.00000000000000355, 17.74151042365293662, -7.258489576343594152 ) ) ;
#276 = CARTESIAN_POINT ( 'NONE',  ( 29.78492424049174758, 24.99999999999656808, -11.62132034356098131 ) ) ;
#277 = CARTESIAN_POINT ( 'NONE',  ( 10.87867965644036339, 24.99999999999656808, -12.28492424049309051 ) ) ;
#278 = CARTESIAN_POINT ( 'NONE',  ( 27.50459415460183976, 34.06894555662954360, -9.068945556632993288 ) ) ;
#279 = DIRECTION ( 'NONE',  ( 1.000000000000000000, 0.000000000000000000, 0.000000000000000000 ) ) ;
#280 = CARTESIAN_POINT ( 'NONE',  ( 27.00000000000000355, 24.99999999999656808, -12.50000000000133937 ) ) ;
#281 = CARTESIAN_POINT ( 'NONE',  ( 10.87867965644035806, 37.60475074696906006, -1.169759015796244486E-14 ) ) ;
#282 = CARTESIAN_POINT ( 'NONE',  ( 29.12132034355964549, 24.99999999999657518, -12.28492424049308873 ) ) ;
#283 = PRODUCT_CONTEXT ( 'NONE', #701, 'mechanical' ) ;
#284 = CARTESIAN_POINT ( 'NONE',  ( 11.99081169079632581, 34.06894555662954360, -9.068945556632993288 ) ) ;
#285 = CARTESIAN_POINT ( 'NONE',  ( 11.99081169079632936, 12.17457419738298796, -5.742833671827920807E-14 ) ) ;
#286 = CARTESIAN_POINT ( 'NONE',  ( 28.00918830920368308, 20.09192203230865914, 11.84914839477684723 ) ) ;
#287 = CARTESIAN_POINT ( 'NONE',  ( 11.99081169079632403, 36.84914839477340109, -4.908077967687948018 ) ) ;
#288 = CARTESIAN_POINT ( 'NONE',  ( 10.00000000000000178, 34.00535278002726614, 3.730139255442966650 ) ) ;
#289 = CARTESIAN_POINT ( 'NONE',  ( 10.00000000000000355, 34.48367366138834456, -3.928266251668979692 ) ) ;
#290 = CARTESIAN_POINT ( 'NONE',  ( 30.00000000000001066, 21.26986074455362896, 9.005352780030706938 ) ) ;
#291 = VECTOR ( 'NONE', #165, 1000.000000000000000 ) ;
#292 = CARTESIAN_POINT ( 'NONE',  ( 10.00000000000000178, 26.30942208388622916, -10.00459415460317736 ) ) ;
#293 = CARTESIAN_POINT ( 'NONE',  ( 12.49540584539816557, 12.17457419738298796, -5.742833655204742152E-14 ) ) ;
#294 = ORIENTED_EDGE ( 'NONE', *, *, #594, .T. ) ;
#295 = CARTESIAN_POINT ( 'NONE',  ( 30.00000000000000355, 27.47203043156268620, -9.258670440073446528 ) ) ;
#296 = FACE_OUTER_BOUND ( 'NONE', #526, .T. ) ;
#297 = CARTESIAN_POINT ( 'NONE',  ( 27.00000000000000000, 15.00416447001825127, -7.681833999687263770 ) ) ;
#298 = CARTESIAN_POINT ( 'NONE',  ( 27.50459415460184687, 12.17457419738298796, -5.742833655204742152E-14 ) ) ;
#299 = CARTESIAN_POINT ( 'NONE',  ( 12.49540584539816201, 29.90807796768451965, -11.84914839477684012 ) ) ;
#300 = CARTESIAN_POINT ( 'NONE',  ( 10.00000000000000000, 32.25848957634015335, 7.258489576343607474 ) ) ;
#301 = CARTESIAN_POINT ( 'NONE',  ( 30.00000000000000000, 24.99999999999656808, -9.500000000001341149 ) ) ;
#302 = CARTESIAN_POINT ( 'NONE',  ( 10.00000000000000178, 24.99999999999656453, 10.00459415460316492 ) ) ;
#303 = CARTESIAN_POINT ( 'NONE',  ( 28.00918830920366176, 34.06894555662952939, 9.068945556632982630 ) ) ;
#304 = CARTESIAN_POINT ( 'NONE',  ( 13.00000000000001066, 29.90807796768456583, 11.84914839477681880 ) ) ;
#305 = CARTESIAN_POINT ( 'NONE',  ( 9.999999999999998224, 31.89239862303785955, -6.892398623041307459 ) ) ;
#306 = PLANE ( 'NONE',  #654 ) ;
#307 = CARTESIAN_POINT ( 'NONE',  ( 9.999999999999998224, 29.79895478336393566, 8.295040677645481253 ) ) ;
#308 =( GEOMETRIC_REPRESENTATION_CONTEXT ( 3 ) GLOBAL_UNCERTAINTY_ASSIGNED_CONTEXT ( ( #839 ) ) GLOBAL_UNIT_ASSIGNED_CONTEXT ( ( #647, #794, #195 ) ) REPRESENTATION_CONTEXT ( 'NONE', 'WORKASPACE' ) );
#309 = CARTESIAN_POINT ( 'NONE',  ( 27.50459415460184331, 29.90807796768451965, -11.84914839477684012 ) ) ;
#310 = PRODUCT_DEFINITION_SHAPE ( 'NONE', 'NONE',  #845 ) ;
#311 = CARTESIAN_POINT ( 'NONE',  ( 10.00000000000000533, 28.92826625166559396, 9.483673661391765819 ) ) ;
#312 = CARTESIAN_POINT ( 'NONE',  ( 13.00000000000000355, 24.99999999999656808, -12.50000000000133937 ) ) ;
#313 = CARTESIAN_POINT ( 'NONE',  ( 30.00000000000001066, 28.73013925543953917, -9.005352780030701609 ) ) ;
#314 = CARTESIAN_POINT ( 'NONE',  ( 27.50459415460183976, 37.82542580261015530, -1.156141332259617718E-14 ) ) ;
#315 = CARTESIAN_POINT ( 'NONE',  ( 10.87867965644035806, 37.60475074696906006, -1.169759015796244486E-14 ) ) ;
#316 = CARTESIAN_POINT ( 'NONE',  ( 10.00000000000000000, 22.52796956843636167, -9.258670440077887420 ) ) ;
#317 = CARTESIAN_POINT ( 'NONE',  ( 30.00000000000000355, 15.03800545724371318, -4.126393247894966976 ) ) ;
#318 = CARTESIAN_POINT ( 'NONE',  ( 13.00000000000000178, 24.99999999999656808, -12.50000000000134115 ) ) ;
#319 = CARTESIAN_POINT ( 'NONE',  ( 10.00000000000000178, 24.99999999999657163, -9.500000000001341149 ) ) ;
#320 =( NAMED_UNIT ( * ) PLANE_ANGLE_UNIT ( ) SI_UNIT ( $, .RADIAN. ) );
#321 = CARTESIAN_POINT ( 'NONE',  ( 10.87867965644036516, 16.08709527164609199, 8.912904728350428130 ) ) ;
#322 = CARTESIAN_POINT ( 'NONE',  ( 30.00000000000000000, 23.74071853632860396, 9.500098791689532973 ) ) ;
#323 = CARTESIAN_POINT ( 'NONE',  ( 30.00000000000000000, 24.99999999999656808, -10.00459415460317913 ) ) ;
#324 = CARTESIAN_POINT ( 'NONE',  ( 12.49540584539815846, 36.84914839477340109, -4.908077967687948018 ) ) ;
#325 = CARTESIAN_POINT ( 'NONE',  ( 29.78492424049173337, 33.43144971935131338, 8.431449719354763062 ) ) ;
#326 = AXIS2_PLACEMENT_3D ( 'NONE', #747, #585, #279 ) ;
#327 = CARTESIAN_POINT ( 'NONE',  ( 10.21507575950824709, 33.43144971935131338, 8.431449719354764838 ) ) ;
#328 = CARTESIAN_POINT ( 'NONE',  ( 13.00000000000000355, 34.99583552997488312, 7.681833999687251335 ) ) ;
#329 = CARTESIAN_POINT ( 'NONE',  ( 30.00000000000000000, 35.26505440120543966, -9.878267637469099837E-15 ) ) ;
#330 = CARTESIAN_POINT ( 'NONE',  ( 13.00000000000000355, 37.82542580261015530, -1.156141332259617718E-14 ) ) ;
#331 = CARTESIAN_POINT ( 'NONE',  ( 30.00000000000001066, 20.87360675210156558, -9.961994542752862003 ) ) ;
#332 = CARTESIAN_POINT ( 'NONE',  ( 10.21507575950825775, 13.07612945641823465, -5.303049454159863449E-14 ) ) ;
#333 = SURFACE_STYLE_FILL_AREA ( #392 ) ;
#334 = CARTESIAN_POINT ( 'NONE',  ( 30.00000000000000000, 24.99999999999656453, -10.50918830920501534 ) ) ;
#335 = CARTESIAN_POINT ( 'NONE',  ( 12.49540584539816201, 13.15085160521973329, -4.908077967687920484 ) ) ;
#336 = CARTESIAN_POINT ( 'NONE',  ( 30.00000000000000000, 24.99999999999656808, -10.00459415460317913 ) ) ;
#337 = FILL_AREA_STYLE ('',( #486 ) ) ;
#338 = CARTESIAN_POINT ( 'NONE',  ( 10.00000000000000000, 31.89239862303784534, 6.892398623041302130 ) ) ;
#339 = SURFACE_STYLE_USAGE ( .BOTH. , #724 ) ;
#340 = CARTESIAN_POINT ( 'NONE',  ( 29.78492424049175114, 36.01621994352282030, -4.563067706693541226 ) ) ;
#341 = CARTESIAN_POINT ( 'NONE',  ( 13.00000000000000178, 34.06894555662954360, -9.068945556632993288 ) ) ;
#342 = CARTESIAN_POINT ( 'NONE',  ( 30.00000000000000711, 17.37541947035062506, -7.624580529645901272 ) ) ;
#343 = DIRECTION ( 'NONE',  ( 1.000000000000000000, 0.000000000000000000, 0.000000000000000000 ) ) ;
#344 = PRODUCT_DEFINITION_FORMATION_WITH_SPECIFIED_SOURCE ( 'ANY', '', #163, .NOT_KNOWN. ) ;
#345 = CARTESIAN_POINT ( 'NONE',  ( 10.00000000000000711, 15.25267639000991693, -4.485172746128106679E-14 ) ) ;
#346 = CARTESIAN_POINT ( 'NONE',  ( 27.00000000000000711, 37.49999999999790390, -1.636246173744859700 ) ) ;
#347 = CARTESIAN_POINT ( 'NONE',  ( 10.00000000000000533, 20.87360675210160110, 9.961994542752869108 ) ) ;
#348 = CARTESIAN_POINT ( 'NONE',  ( 30.00000000000000000, 24.99999999999656808, -9.500000000001341149 ) ) ;
#349 = CARTESIAN_POINT ( 'NONE',  ( 10.00000000000000178, 34.48367366138835166, 3.928266251668979692 ) ) ;
#350 = CARTESIAN_POINT ( 'NONE',  ( 13.00000000000000533, 21.72815144550521538, 12.17465845835523730 ) ) ;
#351 = CARTESIAN_POINT ( 'NONE',  ( 10.21507575950825419, 13.98378005647031763, 4.563067706693574976 ) ) ;
#352 = CARTESIAN_POINT ( 'NONE',  ( 29.12132034355964194, 36.64527122753082011, -4.823629279957859950 ) ) ;
#353 = CARTESIAN_POINT ( 'NONE',  ( 10.00000000000000355, 17.37541947035062506, -7.624580529645901272 ) ) ;
#354 = CARTESIAN_POINT ( 'NONE',  ( 27.00000000000000000, 24.99999999999656808, 12.50000000000132871 ) ) ;
#355 = CARTESIAN_POINT ( 'NONE',  ( 11.99081169079632048, 13.15085160521974217, 4.908077967687983545 ) ) ;
#356 = CARTESIAN_POINT ( 'NONE',  ( 28.00918830920368308, 24.99999999999656808, -12.50000000000134115 ) ) ;
#357 = CARTESIAN_POINT ( 'NONE',  ( 13.00000000000000533, 18.70476274535964123, -10.92232985442939075 ) ) ;
#358 = CARTESIAN_POINT ( 'NONE',  ( 10.87867965644036516, 23.39212357334394454, -12.28492424049308873 ) ) ;
#359 = CARTESIAN_POINT ( 'NONE',  ( 29.12132034355963839, 13.35472877246232493, 4.823629279957895477 ) ) ;
#360 = CONTEXT_DEPENDENT_SHAPE_REPRESENTATION ( #913, #518 ) ;
#361 = PRODUCT_DEFINITION_SHAPE ( 'NONE', 'NONE',  #893 ) ;
#362 = CARTESIAN_POINT ( 'NONE',  ( 12.49540584539816201, 23.36397401076725089, -12.50000000000134115 ) ) ;
#363 = CARTESIAN_POINT ( 'NONE',  ( 10.00000000000000178, 15.03800545724371318, -4.126393247894966976 ) ) ;
#364 = CARTESIAN_POINT ( 'NONE',  ( 29.12132034355962773, 33.91290472834700154, 8.912904728350456551 ) ) ;
#365 = FACE_OUTER_BOUND ( 'NONE', #366, .T. ) ;
#366 = EDGE_LOOP ( 'NONE', ( #248, #753 ) ) ;
#367 = CARTESIAN_POINT ( 'NONE',  ( 10.00000000000000178, 24.99999999999656808, -10.00459415460317736 ) ) ;
#368 = CARTESIAN_POINT ( 'NONE',  ( 28.00918830920366531, 24.99999999999654321, 12.82542580261357834 ) ) ;
#369 = CARTESIAN_POINT ( 'NONE',  ( 9.999999999999998224, 32.62458052964247202, -7.624580529645920812 ) ) ;
#370 = ADVANCED_FACE ( 'NONE', ( #365 ), #923, .T. ) ;
#371 = CARTESIAN_POINT ( 'NONE',  ( 12.49540584539816024, 34.06894555662952939, 9.068945556632982630 ) ) ;
#372 = CARTESIAN_POINT ( 'NONE',  ( 10.00000000000000178, 23.75662024818224438, -9.500000000001341149 ) ) ;
#373 = CARTESIAN_POINT ( 'NONE',  ( 30.00000000000000355, 34.00535278002726614, 3.730139255442966650 ) ) ;
#374 = CARTESIAN_POINT ( 'NONE',  ( 10.00000000000000000, 32.60789102738612399, -5.826998102615132069 ) ) ;
#375 = CARTESIAN_POINT ( 'NONE',  ( 13.00000000000000355, 29.90807796768451965, -11.84914839477684012 ) ) ;
#376 = ORIENTED_EDGE ( 'NONE', *, *, #136, .F. ) ;
#377 = CARTESIAN_POINT ( 'NONE',  ( 9.999999999999998224, 24.99999999999654676, 9.747323609986644044 ) ) ;
#378 = CARTESIAN_POINT ( 'NONE',  ( 10.00000000000000000, 24.99999999999656808, -5.167639272596926773E-15 ) ) ;
#379 = CARTESIAN_POINT ( 'NONE',  ( 27.00000000000000355, 18.70476274535965544, 10.92232985442938720 ) ) ;
#380 = CARTESIAN_POINT ( 'NONE',  ( 27.50459415460184687, 36.84914839477340820, 4.908077967687951570 ) ) ;
#381 = CARTESIAN_POINT ( 'NONE',  ( 30.00000000000000000, 24.99999999999656808, -5.167639272596926773E-15 ) ) ;
#382 = CARTESIAN_POINT ( 'NONE',  ( 30.00000000000000355, 34.50009879169799376, 1.259281463629135622 ) ) ;
#383 = CARTESIAN_POINT ( 'NONE',  ( 27.00000000000000711, 29.90807796768456583, 11.84914839477681880 ) ) ;
#384 = LINE ( 'NONE', #933, #834 ) ;
#385 = CARTESIAN_POINT ( 'NONE',  ( 27.50459415460184331, 13.15085160521973329, -4.908077967687920484 ) ) ;
#386 = CARTESIAN_POINT ( 'NONE',  ( 10.21507575950825597, 20.43693229330299843, -11.01621994352625400 ) ) ;
#387 = CARTESIAN_POINT ( 'NONE',  ( 30.00000000000000000, 32.60789102738698375, 5.826998102612772179 ) ) ;
#388 = CYLINDRICAL_SURFACE ( 'NONE', #732, 12.50000000000133227 ) ;
#389 = CARTESIAN_POINT ( 'NONE',  ( 27.00000000000000711, 14.07767014556718088, -6.295237254636917967 ) ) ;
#390 = CARTESIAN_POINT ( 'NONE',  ( 26.99999999999999289, 24.99999999999654321, 12.82542580261357834 ) ) ;
#391 = CARTESIAN_POINT ( 'NONE',  ( 10.21507575950825242, 33.43144971935133469, -8.431449719354770167 ) ) ;
#392 = FILL_AREA_STYLE ('',( #471 ) ) ;
#393 = CARTESIAN_POINT ( 'NONE',  ( 29.78492424049175469, 26.52102256889441634, -11.62132034356098309 ) ) ;
#394 = ORIENTED_EDGE ( 'NONE', *, *, #764, .T. ) ;
#395 = CARTESIAN_POINT ( 'NONE',  ( 10.87867965644035984, 24.99999999999656808, 12.28492424049307807 ) ) ;
#396 = CARTESIAN_POINT ( 'NONE',  ( 29.12132034355964905, 20.17637072003868326, -11.64527122753425026 ) ) ;
#397 = CARTESIAN_POINT ( 'NONE',  ( 10.87867965644035984, 36.64527122753082722, -4.823629279957861726 ) ) ;
#398 = CARTESIAN_POINT ( 'NONE',  ( 13.00000000000000711, 28.27184855448791367, 12.17465845835523730 ) ) ;
#399 = CARTESIAN_POINT ( 'NONE',  ( 29.78492424049175469, 16.56855028064178015, -8.431449719354752403 ) ) ;
#400 = ORIENTED_EDGE ( 'NONE', *, *, #63, .F. ) ;
#401 = CARTESIAN_POINT ( 'NONE',  ( 29.99999999999998934, 24.99999999999654321, 10.26505440120886092 ) ) ;
#402 = CARTESIAN_POINT ( 'NONE',  ( 0.000000000000000000, 0.000000000000000000, 0.000000000000000000 ) ) ;
#403 = CARTESIAN_POINT ( 'NONE',  ( 10.87867965644036339, 20.17637072003874366, 11.64527122753425736 ) ) ;
#404 = CARTESIAN_POINT ( 'NONE',  ( 13.00000000000000533, 34.99583552997489022, -7.681833999687260217 ) ) ;
#405 = CARTESIAN_POINT ( 'NONE',  ( 30.00000000000000000, 35.78278519242766720, -1.099491768747250111E-14 ) ) ;
#406 = CARTESIAN_POINT ( 'NONE',  ( 12.49540584539816912, 29.90807796768456583, 11.84914839477681880 ) ) ;
#407 = CARTESIAN_POINT ( 'NONE',  ( 30.00000000000001066, 14.73494559878770005, -4.731676182125522898E-14 ) ) ;
#408 =( LENGTH_UNIT ( ) NAMED_UNIT ( * ) SI_UNIT ( .MILLI., .METRE. ) );
#409 = CARTESIAN_POINT ( 'NONE',  ( 29.99999999999999645, 17.39196926006888688, 5.827137815163924373 ) ) ;
#410 = CARTESIAN_POINT ( 'NONE',  ( 29.12132034355964549, 24.99999999999657518, -12.28492424049308873 ) ) ;
#411 = CARTESIAN_POINT ( 'NONE',  ( 13.00000000000000178, 36.84914839477340109, -4.908077967687948018 ) ) ;
#412 = CARTESIAN_POINT ( 'NONE',  ( 29.99999999999999289, 32.25848957634015335, 7.258489576343607474 ) ) ;
#413 = CARTESIAN_POINT ( 'NONE',  ( 10.00000000000000178, 26.37546441596156654, -10.50918830920501890 ) ) ;
#414 = CARTESIAN_POINT ( 'NONE',  ( 10.00000000000000178, 15.74132955992803318, 2.472030431566578201 ) ) ;
#415 = CARTESIAN_POINT ( 'NONE',  ( 29.99999999999999645, 34.48367366138834456, -3.928266251668979692 ) ) ;
#416 = CARTESIAN_POINT ( 'NONE',  ( 11.99081169079632403, 24.99999999999656808, -12.50000000000133937 ) ) ;
#417 = CARTESIAN_POINT ( 'NONE',  ( 30.00000000000000355, 17.37541947035062506, 7.624580529645889726 ) ) ;
#418 = CARTESIAN_POINT ( 'NONE',  ( 10.00000000000000355, 18.10760137695524818, 6.892398623041275485 ) ) ;
#419 = CARTESIAN_POINT ( 'NONE',  ( 13.00000000000000178, 24.99999999999656808, 12.50000000000132871 ) ) ;
#420 = CARTESIAN_POINT ( 'NONE',  ( 10.00000000000000178, 24.99999999999656453, -10.50918830920501712 ) ) ;
#421 = CARTESIAN_POINT ( 'NONE',  ( 30.00000000000001066, 21.07173374832762036, 9.483673661391788912 ) ) ;
#422 = CARTESIAN_POINT ( 'NONE',  ( 10.00000000000000711, 28.92826625166555843, -9.483673661391785359 ) ) ;
#423 = CARTESIAN_POINT ( 'NONE',  ( 27.00000000000001066, 31.29523725463347006, 10.92232985442939075 ) ) ;
#424 = CARTESIAN_POINT ( 'NONE',  ( 10.21507575950825597, 26.52102256889441634, -11.62132034356098664 ) ) ;
#425 = CARTESIAN_POINT ( 'NONE',  ( 28.00918830920369018, 36.84914839477340820, 4.908077967687951570 ) ) ;
#426 = CARTESIAN_POINT ( 'NONE',  ( 10.00000000000000711, 29.12639324789157058, -9.961994542752869108 ) ) ;
#427 = CARTESIAN_POINT ( 'NONE',  ( 27.00000000000000711, 28.27184855448790657, 12.17465845835524263 ) ) ;
#428 = CARTESIAN_POINT ( 'NONE',  ( 10.87867965644035984, 36.64527122753082722, -4.823629279957861726 ) ) ;
#429 = CARTESIAN_POINT ( 'NONE',  ( 27.50459415460183976, 15.93105444336356058, 9.068945556632957761 ) ) ;
#430 = CARTESIAN_POINT ( 'NONE',  ( 10.00000000000000355, 34.96199454274942298, -4.126393247894990957 ) ) ;
#431 = CARTESIAN_POINT ( 'NONE',  ( 13.00000000000000533, 14.07767014556718088, 6.295237254636910862 ) ) ;
#432 = CARTESIAN_POINT ( 'NONE',  ( 10.21507575950825597, 23.47897743109871627, -11.62132034356098131 ) ) ;
#433 = CARTESIAN_POINT ( 'NONE',  ( 29.12132034355963484, 24.99999999999654321, 12.60475074697249376 ) ) ;
#434 = CARTESIAN_POINT ( 'NONE',  ( 27.00000000000001066, 28.27184855448792788, -12.17465845835524973 ) ) ;
#435 = STYLED_ITEM ( 'NONE', ( #655 ), #162 ) ;
#436 = CARTESIAN_POINT ( 'NONE',  ( 10.00000000000000000, 32.62458052964245780, 7.624580529645914595 ) ) ;
#437 = CARTESIAN_POINT ( 'NONE',  ( 29.12132034355964549, 13.35472877246231782, -4.823629279957835081 ) ) ;
#438 = CARTESIAN_POINT ( 'NONE',  ( 11.99081169079632581, 37.82542580261015530, -1.139255404674200305E-14 ) ) ;
#439 = ORIENTED_EDGE ( 'NONE', *, *, #63, .T. ) ;
#440 = CARTESIAN_POINT ( 'NONE',  ( 10.00000000000000178, 23.69057791610690344, -10.00459415460317736 ) ) ;
#441 = CARTESIAN_POINT ( 'NONE',  ( 27.50459415460184331, 24.99999999999656808, -12.50000000000134115 ) ) ;
#442 = UNCERTAINTY_MEASURE_WITH_UNIT (LENGTH_MEASURE( 1.000000000000000082E-05 ), #817, 'distance_accuracy_value', 'NONE');
#443 = ADVANCED_FACE ( 'NONE', ( #777 ), #171, .T. ) ;
#444 =( NAMED_UNIT ( * ) SI_UNIT ( $, .STERADIAN. ) SOLID_ANGLE_UNIT ( ) );
#445 = CARTESIAN_POINT ( 'NONE',  ( 11.99081169079632581, 15.93105444336356058, 9.068945556632957761 ) ) ;
#446 = ORIENTED_EDGE ( 'NONE', *, *, #628, .T. ) ;
#447 = CARTESIAN_POINT ( 'NONE',  ( 27.00000000000000000, 24.99999999999656808, 12.50000000000132871 ) ) ;
#448 = CARTESIAN_POINT ( 'NONE',  ( 27.00000000000000000, 23.36375382625170971, -12.50000000000133582 ) ) ;
#449 = CARTESIAN_POINT ( 'NONE',  ( 27.50459415460184687, 29.90807796768456583, 11.84914839477681880 ) ) ;
#450 = CARTESIAN_POINT ( 'NONE',  ( 12.49540584539816912, 20.09192203230865914, 11.84914839477684723 ) ) ;
#451 = ORIENTED_EDGE ( 'NONE', *, *, #269, .F. ) ;
#452 = CARTESIAN_POINT ( 'NONE',  ( 27.50459415460183266, 24.99999999999656808, 12.50000000000132871 ) ) ;
#453 = CARTESIAN_POINT ( 'NONE',  ( 27.00000000000000000, 36.84914839477340820, 4.908077967687951570 ) ) ;
#454 = CARTESIAN_POINT ( 'NONE',  ( 27.00000000000000355, 12.49999999999523581, 1.636246173744850596 ) ) ;
#455 = CARTESIAN_POINT ( 'NONE',  ( 27.50459415460185042, 15.93105444336355703, -9.068945556632966642 ) ) ;
#456 = CARTESIAN_POINT ( 'NONE',  ( 12.49540584539816201, 24.99999999999656808, -12.50000000000134115 ) ) ;
#457 = CARTESIAN_POINT ( 'NONE',  ( 10.00000000000000533, 21.07173374832762036, 9.483673661391788912 ) ) ;
#458 = CARTESIAN_POINT ( 'NONE',  ( 27.00000000000001066, 12.17457419738298796, -5.742833655204742152E-14 ) ) ;
#459 = FACE_OUTER_BOUND ( 'NONE', #109, .T. ) ;
#460 = CARTESIAN_POINT ( 'NONE',  ( 27.00000000000000355, 34.06894555662954360, -9.068945556632993288 ) ) ;
#461 = CARTESIAN_POINT ( 'NONE',  ( 12.49540584539816379, 20.09192203230860585, -11.84914839477684190 ) ) ;
#462 = CARTESIAN_POINT ( 'NONE',  ( 10.00000000000000178, 24.99999999999656453, -10.50918830920501712 ) ) ;
#463 = FACE_OUTER_BOUND ( 'NONE', #841, .T. ) ;
#464 = CARTESIAN_POINT ( 'NONE',  ( 11.99081169079632403, 24.99999999999656808, 12.50000000000132871 ) ) ;
#465 = CARTESIAN_POINT ( 'NONE',  ( 27.50459415460183266, 13.15085160521974217, 4.908077967687983545 ) ) ;
#466 = CYLINDRICAL_SURFACE ( 'NONE', #514, 12.50000000000133227 ) ;
#467 = CLOSED_SHELL ( 'NONE', ( #987, #443, #780, #703, #370, #816, #19, #690 ) ) ;
#468 = B_SPLINE_SURFACE_WITH_KNOTS ( 'NONE', 5, 3, ( 
 ( #301, #234, #540, #861, #785, #71, #373, #160, #683, #91, #290, #602, #919, #996, #218, #522, #608, #175, #258 ),
 ( #323, #892, #192, #965, #415, #329, #796, #644, #102, #561, #573, #951, #477, #20, #881, #488, #30, #494, #711 ),
 ( #334, #550, #566, #801, #714, #405, #113, #25, #706, #242, #813, #14, #870, #886, #317, #181, #635, #651, #631 ),
 ( #264, #393, #247, #186, #340, #959, #725, #945, #172, #807, #108, #472, #37, #791, #98, #399, #556, #875, #641 ),
 ( #410, #954, #252, #483, #719, #852, #8, #537, #547, #73, #788, #95, #704, #868, #156, #626, #396, #943, #531 ),
 ( #17, #604, #168, #240, #858, #2, #863, #303, #776, #922, #150, #692, #226, #84, #13, #236, #220, #928, #524 ),
 ( #763, #782, #309, #934, #616, #314, #380, #846, #449, #145, #685, #998, #465, #298, #385, #455, #469, #610, #770 ),
 ( #79, #231, #89, #460, #543, #697, #621, #939, #164, #390, #576, #962, #728, #733, #722, #948, #261, #896, #968 ) ),
 .UNSPECIFIED., .F., .T., .F.,
 ( 6, 2, 6 ),
 ( 4, 1, 1, 1, 1, 1, 1, 1, 1, 1, 1, 1, 1, 1, 1, 1, 4 ),
 ( 0.000000000000000000, 0.5000000000000000000, 1.000000000000000000 ),
 ( 0.000000000000000000, 0.3926990816987241395, 0.7853981633974482790, 1.178097245096172418, 1.570796326794896558, 1.963495408493620475, 2.356194490192344393, 2.748893571891068976, 3.141592653589793116, 3.534291735288517255, 3.926990816987240951, 4.319689898685965979, 4.712388980384689674, 5.105088062083414258, 5.497787143782137953, 5.890486225480862537, 6.283185307179586232 ),
 .UNSPECIFIED. ) ;
#469 = CARTESIAN_POINT ( 'NONE',  ( 27.50459415460184331, 20.09192203230860585, -11.84914839477684190 ) ) ;
#470 = CARTESIAN_POINT ( 'NONE',  ( 10.87867965644036516, 23.39212357334394454, -12.28492424049308873 ) ) ;
#471 = FILL_AREA_STYLE_COLOUR ( '', #167 ) ;
#472 = CARTESIAN_POINT ( 'NONE',  ( 29.78492424049174758, 16.56855028064178015, 8.431449719354743522 ) ) ;
#473 = CARTESIAN_POINT ( 'NONE',  ( 11.99081169079632225, 34.06894555662952939, 9.068945556632984406 ) ) ;
#474 = CARTESIAN_POINT ( 'NONE',  ( 30.00000000000001066, 14.21721480756547784, -4.960748960641554095E-14 ) ) ;
#475 = EDGE_CURVE ( 'NONE', #966, #612, #667, .T. ) ;
#476 = CARTESIAN_POINT ( 'NONE',  ( 9.999999999999998224, 15.49990120830703333, 1.259281463660164357 ) ) ;
#477 = CARTESIAN_POINT ( 'NONE',  ( 29.99999999999998934, 15.51632633860479515, 3.928266251669005449 ) ) ;
#478 = CARTESIAN_POINT ( 'NONE',  ( 12.99999999999999467, 24.99999999999654321, 12.82542580261357834 ) ) ;
#479 = CARTESIAN_POINT ( 'NONE',  ( 29.78492424049174403, 24.99999999999654321, 11.92387054357832632 ) ) ;
#480 = B_SPLINE_CURVE_WITH_KNOTS ( 'NONE', 5,
 ( #587, #47, #263, #276, #118, #906, #510, #280 ),
 .UNSPECIFIED., .F., .F.,
 ( 6, 2, 6 ),
 ( 0.000000000000000000, 0.5000000000000000000, 1.000000000000000000 ),
 .UNSPECIFIED. ) ;
#481 = CARTESIAN_POINT ( 'NONE',  ( 10.87867965644036339, 13.35472877246231960, -4.823629279957835081 ) ) ;
#482 = CARTESIAN_POINT ( 'NONE',  ( 30.00000000000000000, 20.20104521663130015, 8.295040677647582683 ) ) ;
#483 = CARTESIAN_POINT ( 'NONE',  ( 29.12132034355963839, 33.91290472834702285, -8.912904728350463657 ) ) ;
#484 = CARTESIAN_POINT ( 'NONE',  ( 13.00000000000000178, 15.93105444336356058, 9.068945556632957761 ) ) ;
#485 = CARTESIAN_POINT ( 'NONE',  ( 30.00000000000001066, 21.26986074455358633, -9.005352780030705162 ) ) ;
#486 = FILL_AREA_STYLE_COLOUR ( '', #887 ) ;
#487 = CARTESIAN_POINT ( 'NONE',  ( 10.00000000000000000, 16.70514186558771641, -4.798879171480057160 ) ) ;
#488 = CARTESIAN_POINT ( 'NONE',  ( 30.00000000000000711, 17.74151042365293662, -7.258489576343594152 ) ) ;
#489 = VERTEX_POINT ( 'NONE', #708 ) ;
#490 = CARTESIAN_POINT ( 'NONE',  ( 29.99999999999999289, 32.62458052964245780, 7.624580529645914595 ) ) ;
#491 = SHAPE_REPRESENTATION_RELATIONSHIP ( 'NONE' , 'NONE' ,  #649, #162 ) ;
#492 = CARTESIAN_POINT ( 'NONE',  ( 9.999999999999998224, 31.89239862303785955, -6.892398623041307459 ) ) ;
#493 = CARTESIAN_POINT ( 'NONE',  ( 30.00000000000000355, 16.70514186558771996, 4.798879171479708994 ) ) ;
#494 = CARTESIAN_POINT ( 'NONE',  ( 30.00000000000000000, 23.69057791610690344, -10.00459415460317913 ) ) ;
#495 = CARTESIAN_POINT ( 'NONE',  ( 10.21507575950825597, 24.99999999999656808, -11.62132034356098309 ) ) ;
#496 = CARTESIAN_POINT ( 'NONE',  ( 30.00000000000000711, 26.37546441596156654, -10.50918830920501712 ) ) ;
#497 = CARTESIAN_POINT ( 'NONE',  ( 10.00000000000000178, 15.03800545724371318, -4.126393247894966976 ) ) ;
#498 = CARTESIAN_POINT ( 'NONE',  ( 10.00000000000000178, 24.99999999999656808, -10.00459415460317736 ) ) ;
#499 = CARTESIAN_POINT ( 'NONE',  ( 10.00000000000000000, 15.03800545724371140, 4.126393247895019378 ) ) ;
#500 = CARTESIAN_POINT ( 'NONE',  ( 27.50459415460182910, 34.06894555662952939, 9.068945556632982630 ) ) ;
#501 = CARTESIAN_POINT ( 'NONE',  ( 10.00000000000000533, 21.07173374832762036, 9.483673661391788912 ) ) ;
#502 = CARTESIAN_POINT ( 'NONE',  ( 26.99999999999999645, 37.17465845835180005, 3.271848554491343819 ) ) ;
#503 = CARTESIAN_POINT ( 'NONE',  ( 10.87867965644036694, 20.17637072003868681, -11.64527122753424315 ) ) ;
#504 = CARTESIAN_POINT ( 'NONE',  ( 29.12132034355964905, 16.08709527164609199, -8.912904728350440564 ) ) ;
#505 = CARTESIAN_POINT ( 'NONE',  ( 10.00000000000000711, 28.73013925543953917, -9.005352780030701609 ) ) ;
#506 = EDGE_CURVE ( 'NONE', #930, #966, #748, .T. ) ;
#507 = CARTESIAN_POINT ( 'NONE',  ( 29.99999999999999645, 15.74114701668850458, 2.472106043458033753 ) ) ;
#508 = CARTESIAN_POINT ( 'NONE',  ( 10.87867965644036339, 16.08709527164608843, -8.912904728350440564 ) ) ;
#509 = CARTESIAN_POINT ( 'NONE',  ( 29.12132034355964549, 24.99999999999657518, -12.28492424049308873 ) ) ;
#510 = CARTESIAN_POINT ( 'NONE',  ( 27.50459415460184331, 24.99999999999656808, -12.50000000000134115 ) ) ;
#511 = CARTESIAN_POINT ( 'NONE',  ( 10.21507575950825775, 36.92387054357490683, -1.126999489491236293E-14 ) ) ;
#512 = CARTESIAN_POINT ( 'NONE',  ( 27.50459415460183976, 36.84914839477340109, -4.908077967687948018 ) ) ;
#513 = CARTESIAN_POINT ( 'NONE',  ( 11.99081169079632403, 20.09192203230860585, -11.84914839477683657 ) ) ;
#514 = AXIS2_PLACEMENT_3D ( 'NONE', #866, #10, #856 ) ;
#515 = CARTESIAN_POINT ( 'NONE',  ( 10.00000000000000355, 17.74151042365293662, -7.258489576343594152 ) ) ;
#516 = CARTESIAN_POINT ( 'NONE',  ( 29.78492424049175824, 20.43693229330306238, 11.01621994352626821 ) ) ;
#517 = SHAPE_DEFINITION_REPRESENTATION ( #310, #267 ) ;
#518 = PRODUCT_DEFINITION_SHAPE ( 'NONE', 'NONE',  #1001 ) ;
#519 = CARTESIAN_POINT ( 'NONE',  ( 12.49540584539816024, 15.93105444336356058, 9.068945556632957761 ) ) ;
#520 = ORIENTED_EDGE ( 'NONE', *, *, #136, .T. ) ;
#521 = CARTESIAN_POINT ( 'NONE',  ( 10.00000000000000178, 15.99464721996587180, -3.730139255442946666 ) ) ;
#522 = CARTESIAN_POINT ( 'NONE',  ( 30.00000000000000711, 18.10760137695524818, -6.892398623041287031 ) ) ;
#523 = PRODUCT_DEFINITION_CONTEXT ( 'detailed design', #864, 'design' ) ;
#524 = CARTESIAN_POINT ( 'NONE',  ( 28.00918830920368308, 24.99999999999656808, -12.50000000000134115 ) ) ;
#525 = CARTESIAN_POINT ( 'NONE',  ( 11.99081169079632403, 24.99999999999656808, -12.50000000000133937 ) ) ;
#526 = EDGE_LOOP ( 'NONE', ( #439, #193 ) ) ;
#527 = B_SPLINE_CURVE_WITH_KNOTS ( 'NONE', 3,
 ( #885, #322, #950, #482, #107, #409, #493, #507, #572, #127, #578, #909, #964, #812, #209, #133, #268, #828 ),
 .UNSPECIFIED., .F., .F.,
 ( 4, 2, 2, 2, 2, 2, 2, 2, 4 ),
 ( 0.5000000000000000000, 0.5625000000000000000, 0.6250000000000000000, 0.6875000000000000000, 0.7500000000000000000, 0.8125000000000000000, 0.8750000000000000000, 0.9375000000000000000, 1.000000000000000000 ),
 .UNSPECIFIED. ) ;
#528 = CARTESIAN_POINT ( 'NONE',  ( 30.00000000000000711, 34.25867044006030682, 2.472030431575832576 ) ) ;
#529 = CARTESIAN_POINT ( 'NONE',  ( 26.99999999999999289, 24.99999999999654321, 12.82542580261357834 ) ) ;
#530 = CARTESIAN_POINT ( 'NONE',  ( 10.00000000000000178, 34.25885298329870920, 2.472106043470406078 ) ) ;
#531 = CARTESIAN_POINT ( 'NONE',  ( 29.12132034355964549, 24.99999999999657518, -12.28492424049308873 ) ) ;
#532 = CARTESIAN_POINT ( 'NONE',  ( 11.99081169079632581, 20.09192203230865914, 11.84914839477684723 ) ) ;
#533 = ORIENTED_EDGE ( 'NONE', *, *, #225, .F. ) ;
#534 = CARTESIAN_POINT ( 'NONE',  ( 10.00000000000000355, 18.10760137695524818, 6.892398623041275485 ) ) ;
#535 = CARTESIAN_POINT ( 'NONE',  ( 30.00000000000000000, 24.99999999999656808, -5.167639272596926773E-15 ) ) ;
#536 = CARTESIAN_POINT ( 'NONE',  ( 10.00000000000000178, 24.99999999999656453, 9.500000000001326939 ) ) ;
#537 = CARTESIAN_POINT ( 'NONE',  ( 29.12132034355962773, 33.91290472834700154, 8.912904728350456551 ) ) ;
#538 = CARTESIAN_POINT ( 'NONE',  ( 12.49540584539816201, 13.15085160521973329, -4.908077967687920484 ) ) ;
#539 = CARTESIAN_POINT ( 'NONE',  ( 29.99999999999999289, 24.99999999999656453, 10.50918830920500469 ) ) ;
#540 = CARTESIAN_POINT ( 'NONE',  ( 30.00000000000001066, 28.73013925543953917, -9.005352780030701609 ) ) ;
#541 = CARTESIAN_POINT ( 'NONE',  ( 10.00000000000000355, 18.10760137695524818, -6.892398623041287031 ) ) ;
#542 = APPLICATION_CONTEXT ( 'automotive_design' ) ;
#543 = CARTESIAN_POINT ( 'NONE',  ( 26.99999999999999645, 36.84914839477340109, -4.908077967687948018 ) ) ;
#544 = CARTESIAN_POINT ( 'NONE',  ( 10.00000000000000178, 24.99999999999657163, -9.500000000001341149 ) ) ;
#545 = CARTESIAN_POINT ( 'NONE',  ( 30.00000000000000000, 24.99999999999656808, -9.500000000001341149 ) ) ;
#546 = CARTESIAN_POINT ( 'NONE',  ( 10.00000000000000000, 32.60803073992562418, 5.827137815162530821 ) ) ;
#547 = CARTESIAN_POINT ( 'NONE',  ( 29.12132034355965260, 29.82362927995448132, 11.64527122753423249 ) ) ;
#548 = CARTESIAN_POINT ( 'NONE',  ( 10.87867965644035984, 13.35472877246232493, 4.823629279957896365 ) ) ;
#549 = CARTESIAN_POINT ( 'NONE',  ( 13.00000000000000711, 35.92232985442594639, 6.295237254636911750 ) ) ;
#550 = CARTESIAN_POINT ( 'NONE',  ( 30.00000000000000711, 26.37546441596156654, -10.50918830920501712 ) ) ;
#551 = CARTESIAN_POINT ( 'NONE',  ( 11.99081169079632581, 20.09192203230865914, 11.84914839477684723 ) ) ;
#552 = CARTESIAN_POINT ( 'NONE',  ( 30.00000000000000000, 23.62453558403156606, -10.50918830920501534 ) ) ;
#553 = CARTESIAN_POINT ( 'NONE',  ( 0.000000000000000000, 0.000000000000000000, 0.000000000000000000 ) ) ;
#554 = CARTESIAN_POINT ( 'NONE',  ( 10.21507575950825419, 29.56306770669010220, -11.01621994352626110 ) ) ;
#555 = CARTESIAN_POINT ( 'NONE',  ( 10.00000000000000355, 17.39196926006600563, -5.827137815157333200 ) ) ;
#556 = CARTESIAN_POINT ( 'NONE',  ( 29.78492424049175469, 20.43693229330299843, -11.01621994352625933 ) ) ;
#557 = EDGE_LOOP ( 'NONE', ( #75, #376, #766, #720 ) ) ;
#558 = CARTESIAN_POINT ( 'NONE',  ( 29.78492424049175114, 36.01621994352282030, -4.563067706693541226 ) ) ;
#559 = DIRECTION ( 'NONE',  ( 1.000000000000000000, 0.000000000000000000, 0.000000000000000000 ) ) ;
#560 = CARTESIAN_POINT ( 'NONE',  ( 10.00000000000000355, 20.20104521661901842, -8.295040677639027749 ) ) ;
#561 = CARTESIAN_POINT ( 'NONE',  ( 29.99999999999998934, 24.99999999999654321, 10.26505440120886092 ) ) ;
#562 = CARTESIAN_POINT ( 'NONE',  ( 13.00000000000000355, 23.36397401076725089, -12.50000000000134115 ) ) ;
#563 = CARTESIAN_POINT ( 'NONE',  ( 29.99999999999998934, 24.99999999999654676, 9.747323609986644044 ) ) ;
#564 = CARTESIAN_POINT ( 'NONE',  ( 10.21507575950825419, 13.98378005647030697, -4.563067706693519021 ) ) ;
#565 = CARTESIAN_POINT ( 'NONE',  ( 13.00000000000000178, 24.99999999999656808, 12.50000000000132871 ) ) ;
#566 = CARTESIAN_POINT ( 'NONE',  ( 30.00000000000001066, 29.12639324789157058, -9.961994542752863779 ) ) ;
#567 = B_SPLINE_CURVE_WITH_KNOTS ( 'NONE', 3,
 ( #790, #944, #800, #257, #97, #404, #784, #246, #869, #90, #241, #549, #328, #251, #880, #398, #170, #565 ),
 .UNSPECIFIED., .F., .F.,
 ( 4, 2, 2, 2, 2, 2, 2, 2, 4 ),
 ( 0.000000000000000000, 0.06249999999999993061, 0.1249999999999999722, 0.1875000000000000000, 0.2500000000000000555, 0.3125000000000001110, 0.3750000000000001110, 0.4375000000000001110, 0.5000000000000000000 ),
 .UNSPECIFIED. ) ;
#568 = CARTESIAN_POINT ( 'NONE',  ( 12.49540584539816201, 24.99999999999656808, -12.50000000000134115 ) ) ;
#569 = CARTESIAN_POINT ( 'NONE',  ( 30.00000000000000711, 18.10760137695524818, -6.892398623041287031 ) ) ;
#570 = MECHANICAL_DESIGN_GEOMETRIC_PRESENTATION_REPRESENTATION (  '', ( #435 ), #746 ) ;
#571 = CARTESIAN_POINT ( 'NONE',  ( 10.00000000000000355, 34.48367366138834456, -3.928266251668979692 ) ) ;
#572 = CARTESIAN_POINT ( 'NONE',  ( 30.00000000000000355, 15.50009879168344362, 1.259281463673740609 ) ) ;
#573 = CARTESIAN_POINT ( 'NONE',  ( 30.00000000000001066, 21.07173374832762036, 9.483673661391788912 ) ) ;
#574 = CARTESIAN_POINT ( 'NONE',  ( 11.99081169079632581, 37.82542580261015530, -1.139255404674200305E-14 ) ) ;
#575 = CARTESIAN_POINT ( 'NONE',  ( 29.78492424049174048, 33.43144971935133469, -8.431449719354770167 ) ) ;
#576 = CARTESIAN_POINT ( 'NONE',  ( 27.00000000000000711, 20.09192203230865914, 11.84914839477684723 ) ) ;
#577 = CARTESIAN_POINT ( 'NONE',  ( 10.00000000000000355, 17.37541947035063927, 7.624580529645887061 ) ) ;
#578 = CARTESIAN_POINT ( 'NONE',  ( 30.00000000000000000, 15.74132955992313043, -2.472030431568339459 ) ) ;
#579 = CARTESIAN_POINT ( 'NONE',  ( 10.87867965644035806, 33.91290472834700154, 8.912904728350458328 ) ) ;
#580 = CARTESIAN_POINT ( 'NONE',  ( 27.50459415460185042, 20.09192203230865914, 11.84914839477684723 ) ) ;
#581 = CARTESIAN_POINT ( 'NONE',  ( 10.00000000000000355, 17.74151042365294373, 7.258489576343583494 ) ) ;
#582 = CARTESIAN_POINT ( 'NONE',  ( 10.00000000000000178, 24.99999999999656453, -10.50918830920501712 ) ) ;
#583 = CARTESIAN_POINT ( 'NONE',  ( 10.21507575950825775, 13.07612945641823465, -5.303049454159863449E-14 ) ) ;
#584 = CARTESIAN_POINT ( 'NONE',  ( 27.50459415460184687, 36.84914839477340820, 4.908077967687951570 ) ) ;
#585 = DIRECTION ( 'NONE',  ( 0.000000000000000000, 0.000000000000000000, 1.000000000000000000 ) ) ;
#586 = CARTESIAN_POINT ( 'NONE',  ( 10.00000000000000533, 20.87360675210160110, 9.961994542752869108 ) ) ;
#587 = CARTESIAN_POINT ( 'NONE',  ( 30.00000000000000000, 24.99999999999656808, -9.500000000001341149 ) ) ;
#588 = CARTESIAN_POINT ( 'NONE',  ( 10.21507575950825242, 24.99999999999654321, 11.92387054357832632 ) ) ;
#589 = CARTESIAN_POINT ( 'NONE',  ( 29.78492424049174758, 16.56855028064178015, 8.431449719354743522 ) ) ;
#590 = PRODUCT_CONTEXT ( 'NONE', #542, 'mechanical' ) ;
#591 = CARTESIAN_POINT ( 'NONE',  ( 13.00000000000000355, 12.49999999999523581, 1.636246173744853927 ) ) ;
#592 = CARTESIAN_POINT ( 'NONE',  ( 10.87867965644036516, 16.08709527164609199, 8.912904728350428130 ) ) ;
#593 = CARTESIAN_POINT ( 'NONE',  ( 28.00918830920368663, 26.63602598922588882, -12.50000000000134293 ) ) ;
#594 = EDGE_CURVE ( 'NONE', #489, #138, #938, .T. ) ;
#595 = CARTESIAN_POINT ( 'NONE',  ( 11.99081169079632048, 13.15085160521974217, 4.908077967687983545 ) ) ;
#596 = CARTESIAN_POINT ( 'NONE',  ( 11.99081169079632403, 23.36397401076725089, -12.50000000000133937 ) ) ;
#597 = CARTESIAN_POINT ( 'NONE',  ( 27.50459415460184331, 29.90807796768451965, -11.84914839477684012 ) ) ;
#598 = UNCERTAINTY_MEASURE_WITH_UNIT (LENGTH_MEASURE( 1.000000000000000082E-05 ), #958, 'distance_accuracy_value', 'NONE');
#599 = CARTESIAN_POINT ( 'NONE',  ( 13.00000000000000178, 24.99999999999656808, -12.50000000000134115 ) ) ;
#600 =( GEOMETRIC_REPRESENTATION_CONTEXT ( 3 ) GLOBAL_UNCERTAINTY_ASSIGNED_CONTEXT ( ( #598 ) ) GLOBAL_UNIT_ASSIGNED_CONTEXT ( ( #958, #865, #101 ) ) REPRESENTATION_CONTEXT ( 'NONE', 'WORKASPACE' ) );
#601 = CARTESIAN_POINT ( 'NONE',  ( 29.12132034355963839, 24.99999999999656808, 12.28492424049307985 ) ) ;
#602 = CARTESIAN_POINT ( 'NONE',  ( 30.00000000000000355, 18.10760137695524818, 6.892398623041275485 ) ) ;
#603 = CARTESIAN_POINT ( 'NONE',  ( 10.00000000000000355, 35.26505440120543966, -9.878267637469099837E-15 ) ) ;
#604 = CARTESIAN_POINT ( 'NONE',  ( 28.00918830920368663, 26.63602598922588882, -12.50000000000134293 ) ) ;
#605 = CARTESIAN_POINT ( 'NONE',  ( 13.00000000000000355, 37.82542580261015530, -1.156141332259617718E-14 ) ) ;
#606 = ORIENTED_EDGE ( 'NONE', *, *, #33, .F. ) ;
#607 = CARTESIAN_POINT ( 'NONE',  ( 10.00000000000000178, 15.51632633860479338, -3.928266251668956155 ) ) ;
#608 = CARTESIAN_POINT ( 'NONE',  ( 30.00000000000001066, 21.26986074455358633, -9.005352780030705162 ) ) ;
#609 = CARTESIAN_POINT ( 'NONE',  ( 27.00000000000000355, 14.07767014556717200, 6.295237254636901980 ) ) ;
#610 = CARTESIAN_POINT ( 'NONE',  ( 27.50459415460183976, 23.36397401076725089, -12.50000000000134115 ) ) ;
#611 = CARTESIAN_POINT ( 'NONE',  ( 13.00000000000000178, 12.17457419738298796, -5.742833655204742152E-14 ) ) ;
#612 = VERTEX_POINT ( 'NONE', #155 ) ;
#613 = CARTESIAN_POINT ( 'NONE',  ( 10.00000000000000355, 17.74151042365294373, 7.258489576343583494 ) ) ;
#614 = FACE_OUTER_BOUND ( 'NONE', #66, .T. ) ;
#615 = CARTESIAN_POINT ( 'NONE',  ( 27.00000000000000355, 24.99999999999656808, -12.50000000000133937 ) ) ;
#616 = CARTESIAN_POINT ( 'NONE',  ( 27.50459415460183976, 36.84914839477340109, -4.908077967687948018 ) ) ;
#617 = CARTESIAN_POINT ( 'NONE',  ( 13.00000000000000355, 15.93105444336355703, -9.068945556632966642 ) ) ;
#618 = CARTESIAN_POINT ( 'NONE',  ( 30.00000000000000355, 26.25928146366452864, 9.499901208313122680 ) ) ;
#619 = DIRECTION ( 'NONE',  ( 1.000000000000000000, 0.000000000000000000, 0.000000000000000000 ) ) ;
#620 = CARTESIAN_POINT ( 'NONE',  ( 10.00000000000000355, 29.79911781096288692, -8.294759264763216677 ) ) ;
#621 = CARTESIAN_POINT ( 'NONE',  ( 27.00000000000000000, 36.84914839477340820, 4.908077967687951570 ) ) ;
#622 = CARTESIAN_POINT ( 'NONE',  ( 10.87867965644036516, 36.64527122753082722, 4.823629279957865279 ) ) ;
#623 = CARTESIAN_POINT ( 'NONE',  ( 9.999999999999998224, 24.99999999999654321, 10.26505440120886092 ) ) ;
#624 = CARTESIAN_POINT ( 'NONE',  ( 27.00000000000000355, 34.06894555662954360, -9.068945556632993288 ) ) ;
#625 = CARTESIAN_POINT ( 'NONE',  ( 10.00000000000000355, 26.26003653481170019, -9.500000000001344702 ) ) ;
#626 = CARTESIAN_POINT ( 'NONE',  ( 29.12132034355964905, 16.08709527164609199, -8.912904728350440564 ) ) ;
#627 = CARTESIAN_POINT ( 'NONE',  ( 10.87867965644036161, 26.60787642664919517, -12.28492424049309406 ) ) ;
#628 = EDGE_CURVE ( 'NONE', #138, #930, #384, .T. ) ;
#629 = CARTESIAN_POINT ( 'NONE',  ( 10.00000000000000178, 24.99999999999656453, 9.500000000001326939 ) ) ;
#630 = B_SPLINE_SURFACE_WITH_KNOTS ( 'NONE', 5, 3, ( 
 ( #696, #11, #313, #953, #115, #39, #798, #183, #658, #563, #177, #793, #872, #120, #110, #569, #485, #105, #348 ),
 ( #100, #716, #27, #32, #637, #883, #956, #412, #249, #401, #421, #967, #803, #407, #889, #22, #653, #809, #336 ),
 ( #646, #496, #188, #266, #244, #961, #174, #490, #815, #895, #721, #417, #727, #474, #643, #342, #331, #552, #260 ),
 ( #194, #255, #713, #575, #558, #731, #45, #325, #877, #479, #516, #589, #140, #668, #751, #671, #208, #745, #742 ),
 ( #509, #49, #830, #132, #352, #199, #62, #364, #129, #433, #755, #58, #359, #908, #437, #504, #838, #983, #282 ),
 ( #356, #593, #674, #664, #975, #911, #425, #827, #986, #368, #286, #274, #211, #979, #833, #55, #135, #971, #903 ),
 ( #441, #68, #597, #278, #512, #915, #584, #500, #271, #214, #580, #429, #899, #737, #821, #124, #204, #932, #850 ),
 ( #229, #773, #154, #624, #779, #926, #453, #689, #383, #529, #768, #87, #678, #458, #82, #843, #695, #148, #1000 ) ),
 .UNSPECIFIED., .F., .T., .F.,
 ( 6, 2, 6 ),
 ( 4, 1, 1, 1, 1, 1, 1, 1, 1, 1, 1, 1, 1, 1, 1, 1, 4 ),
 ( 0.000000000000000000, 0.5000000000000000000, 1.000000000000000000 ),
 ( 0.000000000000000000, 0.3926990816987241395, 0.7853981633974482790, 1.178097245096172418, 1.570796326794896558, 1.963495408493620475, 2.356194490192344393, 2.748893571891068976, 3.141592653589793116, 3.534291735288517255, 3.926990816987240951, 4.319689898685965979, 4.712388980384689674, 5.105088062083414258, 5.497787143782137953, 5.890486225480862537, 6.283185307179586232 ),
 .UNSPECIFIED. ) ;
#631 = CARTESIAN_POINT ( 'NONE',  ( 30.00000000000000000, 24.99999999999656453, -10.50918830920501534 ) ) ;
#632 = CARTESIAN_POINT ( 'NONE',  ( 12.49540584539816912, 20.09192203230865914, 11.84914839477684723 ) ) ;
#633 = CARTESIAN_POINT ( 'NONE',  ( 27.00000000000001066, 17.31816600030930786, 9.995835529978311484 ) ) ;
#634 = CARTESIAN_POINT ( 'NONE',  ( 10.00000000000000000, 16.70495932234819136, 4.798954783371166322 ) ) ;
#635 = CARTESIAN_POINT ( 'NONE',  ( 30.00000000000001066, 20.87360675210156558, -9.961994542752862003 ) ) ;
#636 = CARTESIAN_POINT ( 'NONE',  ( 13.00000000000000178, 13.15085160521974217, 4.908077967687983545 ) ) ;
#637 = CARTESIAN_POINT ( 'NONE',  ( 29.99999999999999645, 34.48367366138834456, -3.928266251668979692 ) ) ;
#638 = AXIS2_PLACEMENT_3D ( 'NONE', #553, #116, #343 ) ;
#639 = CARTESIAN_POINT ( 'NONE',  ( 10.21507575950825952, 29.56306770669016615, 11.01621994352623801 ) ) ;
#640 = CARTESIAN_POINT ( 'NONE',  ( 10.00000000000000000, 19.17286218485041260, 7.608030739938762999 ) ) ;
#641 = CARTESIAN_POINT ( 'NONE',  ( 29.78492424049174758, 24.99999999999656808, -11.62132034356098131 ) ) ;
#642 = CARTESIAN_POINT ( 'NONE',  ( 12.49540584539815669, 24.99999999999654321, 12.82542580261357834 ) ) ;
#643 = CARTESIAN_POINT ( 'NONE',  ( 30.00000000000000355, 15.03800545724371318, -4.126393247894966976 ) ) ;
#644 = CARTESIAN_POINT ( 'NONE',  ( 29.99999999999999289, 32.25848957634015335, 7.258489576343607474 ) ) ;
#645 = ORIENTED_EDGE ( 'NONE', *, *, #53, .F. ) ;
#646 = CARTESIAN_POINT ( 'NONE',  ( 30.00000000000000000, 24.99999999999656453, -10.50918830920501534 ) ) ;
#647 =( LENGTH_UNIT ( ) NAMED_UNIT ( * ) SI_UNIT ( .MILLI., .METRE. ) );
#648 = CARTESIAN_POINT ( 'NONE',  ( 10.00000000000000355, 34.74732360998321212, -9.462928289601983023E-15 ) ) ;
#649 = SHAPE_REPRESENTATION ( 'Cylinder', ( #638 ), #308 ) ;
#650 = CARTESIAN_POINT ( 'NONE',  ( 10.87867965644036339, 24.99999999999656808, -12.28492424049309051 ) ) ;
#651 = CARTESIAN_POINT ( 'NONE',  ( 30.00000000000000000, 23.62453558403156606, -10.50918830920501534 ) ) ;
#652 = CARTESIAN_POINT ( 'NONE',  ( 11.99081169079632403, 26.63602598922588882, -12.50000000000134293 ) ) ;
#653 = CARTESIAN_POINT ( 'NONE',  ( 30.00000000000001066, 21.07173374832757773, -9.483673661391785359 ) ) ;
#654 = AXIS2_PLACEMENT_3D ( 'NONE', #378, #619, #760 ) ;
#655 = PRESENTATION_STYLE_ASSIGNMENT (( #34 ) ) ;
#656 = CARTESIAN_POINT ( 'NONE',  ( 13.00000000000000355, 18.70476274535964478, 10.92232985442937832 ) ) ;
#657 = CARTESIAN_POINT ( 'NONE',  ( 10.00000000000000711, 29.12639324789157058, -9.961994542752869108 ) ) ;
#658 = CARTESIAN_POINT ( 'NONE',  ( 30.00000000000000355, 28.73013925543957470, 9.005352780030682069 ) ) ;
#659 = APPLICATION_PROTOCOL_DEFINITION ( 'draft international standard', 'automotive_design', 1998, #701 ) ;
#660 = CARTESIAN_POINT ( 'NONE',  ( 10.00000000000000711, 14.21721480756548139, -4.960748960641554095E-14 ) ) ;
#661 = CARTESIAN_POINT ( 'NONE',  ( 13.00000000000000533, 17.31816600030931497, -9.995835529978325695 ) ) ;
#662 = PRODUCT_RELATED_PRODUCT_CATEGORY ( 'part', '', ( #12 ) ) ;
#663 = CARTESIAN_POINT ( 'NONE',  ( 10.00000000000000888, 20.87360675210156558, -9.961994542752862003 ) ) ;
#664 = CARTESIAN_POINT ( 'NONE',  ( 28.00918830920366887, 34.06894555662954360, -9.068945556632993288 ) ) ;
#665 = CARTESIAN_POINT ( 'NONE',  ( 27.00000000000000355, 24.99999999999656808, -12.50000000000133937 ) ) ;
#666 = CARTESIAN_POINT ( 'NONE',  ( 11.99081169079632758, 13.15085160521973329, -4.908077967687920484 ) ) ;
#667 = B_SPLINE_CURVE_WITH_KNOTS ( 'NONE', 3,
 ( #6, #144, #844, #307, #787, #546, #235, #530, #851, #781, #927, #867, #374, #93, #620, #684, #625, #319 ),
 .UNSPECIFIED., .F., .F.,
 ( 4, 2, 2, 2, 2, 2, 2, 2, 4 ),
 ( 0.5000000000000000000, 0.5625000000000000000, 0.6249999999999998890, 0.6874999999999998890, 0.7499999999999997780, 0.8124999999999997780, 0.8749999999999997780, 0.9374999999999998890, 1.000000000000000000 ),
 .UNSPECIFIED. ) ;
#668 = CARTESIAN_POINT ( 'NONE',  ( 29.78492424049175824, 13.07612945641823465, -5.268188105950737989E-14 ) ) ;
#669 = CARTESIAN_POINT ( 'NONE',  ( 13.00000000000000533, 23.36375382625170616, -12.50000000000133404 ) ) ;
#670 = CARTESIAN_POINT ( 'NONE',  ( 9.999999999999998224, 32.62458052964247202, -7.624580529645920812 ) ) ;
#671 = CARTESIAN_POINT ( 'NONE',  ( 29.78492424049175469, 16.56855028064178015, -8.431449719354752403 ) ) ;
#672 = CARTESIAN_POINT ( 'NONE',  ( 11.99081169079632403, 26.63602598922588882, -12.50000000000134293 ) ) ;
#673 = CARTESIAN_POINT ( 'NONE',  ( 10.21507575950825242, 16.56855028064177304, 8.431449719354734640 ) ) ;
#674 = CARTESIAN_POINT ( 'NONE',  ( 28.00918830920367952, 29.90807796768451965, -11.84914839477684012 ) ) ;
#675 = CARTESIAN_POINT ( 'NONE',  ( 13.00000000000000178, 15.93105444336356058, 9.068945556632957761 ) ) ;
#676 = ORIENTED_EDGE ( 'NONE', *, *, #200, .T. ) ;
#677 = CARTESIAN_POINT ( 'NONE',  ( 10.00000000000000355, 18.10760137695524818, -6.892398623041287031 ) ) ;
#678 = CARTESIAN_POINT ( 'NONE',  ( 26.99999999999999289, 13.15085160521974217, 4.908077967687983545 ) ) ;
#679 = CARTESIAN_POINT ( 'NONE',  ( 9.999999999999998224, 32.25848957634016756, -7.258489576343613692 ) ) ;
#680 = CARTESIAN_POINT ( 'NONE',  ( 11.99081169079632225, 24.99999999999654321, 12.82542580261357834 ) ) ;
#681 = STYLED_ITEM ( 'NONE', ( #36 ), #103 ) ;
#682 = CARTESIAN_POINT ( 'NONE',  ( 28.00918830920367242, 24.99999999999656808, 12.50000000000132871 ) ) ;
#683 = CARTESIAN_POINT ( 'NONE',  ( 30.00000000000000355, 28.73013925543957470, 9.005352780030682069 ) ) ;
#684 = CARTESIAN_POINT ( 'NONE',  ( 10.00000000000000178, 27.47186740396797333, -9.258951852953718031 ) ) ;
#685 = CARTESIAN_POINT ( 'NONE',  ( 27.50459415460185042, 20.09192203230865914, 11.84914839477684723 ) ) ;
#686 = CARTESIAN_POINT ( 'NONE',  ( 13.00000000000000355, 26.63602598922588882, -12.50000000000134293 ) ) ;
#687 = ORIENTED_EDGE ( 'NONE', *, *, #200, .F. ) ;
#688 = CARTESIAN_POINT ( 'NONE',  ( 10.00000000000000355, 34.74732360998321212, -9.462928289601983023E-15 ) ) ;
#689 = CARTESIAN_POINT ( 'NONE',  ( 26.99999999999998934, 34.06894555662952939, 9.068945556632982630 ) ) ;
#690 = ADVANCED_FACE ( 'NONE', ( #459 ), #630, .T. ) ;
#691 = CARTESIAN_POINT ( 'NONE',  ( 27.00000000000001066, 21.72815144550521893, 12.17465845835524085 ) ) ;
#692 = CARTESIAN_POINT ( 'NONE',  ( 28.00918830920367597, 15.93105444336356058, 9.068945556632957761 ) ) ;
#693 = DIRECTION ( 'NONE',  ( 0.000000000000000000, 0.000000000000000000, -1.000000000000000000 ) ) ;
#694 = CARTESIAN_POINT ( 'NONE',  ( 29.99999999999999645, 33.29504067764974451, 4.798954783361890186 ) ) ;
#695 = CARTESIAN_POINT ( 'NONE',  ( 27.00000000000000355, 20.09192203230860585, -11.84914839477684190 ) ) ;
#696 = CARTESIAN_POINT ( 'NONE',  ( 30.00000000000000000, 24.99999999999656808, -9.500000000001341149 ) ) ;
#697 = CARTESIAN_POINT ( 'NONE',  ( 27.00000000000000355, 37.82542580261015530, -1.156141332259617718E-14 ) ) ;
#698 = CARTESIAN_POINT ( 'NONE',  ( 10.87867965644035806, 33.91290472834700154, 8.912904728350458328 ) ) ;
#699 = CARTESIAN_POINT ( 'NONE',  ( 10.00000000000000711, 28.92826625166555843, -9.483673661391785359 ) ) ;
#700 = LINE ( 'NONE', #77, #291 ) ;
#701 = APPLICATION_CONTEXT ( 'automotive_design' ) ;
#702 = CARTESIAN_POINT ( 'NONE',  ( 27.00000000000000355, 23.36375382625170971, 12.50000000000132871 ) ) ;
#703 = ADVANCED_FACE ( 'NONE', ( #614 ), #388, .T. ) ;
#704 = CARTESIAN_POINT ( 'NONE',  ( 29.12132034355963839, 13.35472877246232493, 4.823629279957895477 ) ) ;
#705 = CARTESIAN_POINT ( 'NONE',  ( 10.00000000000000000, 15.74114701668849747, -2.472106043457653612 ) ) ;
#706 = CARTESIAN_POINT ( 'NONE',  ( 30.00000000000000355, 29.12639324789160256, 9.961994542752844239 ) ) ;
#707 = CARTESIAN_POINT ( 'NONE',  ( 11.99081169079632758, 29.90807796768456583, 11.84914839477681525 ) ) ;
#708 = CARTESIAN_POINT ( 'NONE',  ( 27.00000000000000355, 24.99999999999656808, -12.50000000000133937 ) ) ;
#709 = CARTESIAN_POINT ( 'NONE',  ( 10.21507575950825597, 24.99999999999656808, -11.62132034356098309 ) ) ;
#710 = CARTESIAN_POINT ( 'NONE',  ( 10.00000000000000178, 23.74071853632563389, 9.499901208313120904 ) ) ;
#711 = CARTESIAN_POINT ( 'NONE',  ( 30.00000000000000000, 24.99999999999656808, -10.00459415460317913 ) ) ;
#712 = CARTESIAN_POINT ( 'NONE',  ( 12.49540584539816379, 37.82542580261015530, -1.156141332259617718E-14 ) ) ;
#713 = CARTESIAN_POINT ( 'NONE',  ( 29.78492424049175469, 29.56306770669010220, -11.01621994352626466 ) ) ;
#714 = CARTESIAN_POINT ( 'NONE',  ( 29.99999999999999645, 34.96199454274942298, -4.126393247894990068 ) ) ;
#715 = ORIENTED_EDGE ( 'NONE', *, *, #628, .F. ) ;
#716 = CARTESIAN_POINT ( 'NONE',  ( 30.00000000000000711, 26.30942208388622916, -10.00459415460317913 ) ) ;
#717 = SURFACE_STYLE_FILL_AREA ( #337 ) ;
#718 = CARTESIAN_POINT ( 'NONE',  ( 9.999999999999998224, 17.39210897259642152, 5.826998102607498176 ) ) ;
#719 = CARTESIAN_POINT ( 'NONE',  ( 29.12132034355964194, 36.64527122753082011, -4.823629279957859950 ) ) ;
#720 = ORIENTED_EDGE ( 'NONE', *, *, #475, .F. ) ;
#721 = CARTESIAN_POINT ( 'NONE',  ( 30.00000000000001066, 20.87360675210160821, 9.961994542752867332 ) ) ;
#722 = CARTESIAN_POINT ( 'NONE',  ( 27.00000000000000000, 13.15085160521973329, -4.908077967687920484 ) ) ;
#723 = CARTESIAN_POINT ( 'NONE',  ( 10.00000000000000178, 23.62453558403156606, -10.50918830920501534 ) ) ;
#724 = SURFACE_SIDE_STYLE ('',( #333 ) ) ;
#725 = CARTESIAN_POINT ( 'NONE',  ( 29.78492424049175824, 36.01621994352282741, 4.563067706693545666 ) ) ;
#726 = EDGE_LOOP ( 'NONE', ( #994, #989, #894, #533 ) ) ;
#727 = CARTESIAN_POINT ( 'NONE',  ( 29.99999999999998934, 15.03800545724372029, 4.126393247895019378 ) ) ;
#728 = CARTESIAN_POINT ( 'NONE',  ( 26.99999999999999289, 13.15085160521974217, 4.908077967687983545 ) ) ;
#729 = CARTESIAN_POINT ( 'NONE',  ( 27.00000000000000711, 35.92232985442595350, 6.295237254636907309 ) ) ;
#730 = CARTESIAN_POINT ( 'NONE',  ( 9.999999999999998224, 24.99999999999654676, 10.78278519243107958 ) ) ;
#731 = CARTESIAN_POINT ( 'NONE',  ( 29.78492424049174403, 36.92387054357490683, -1.143885417076653548E-14 ) ) ;
#732 = AXIS2_PLACEMENT_3D ( 'NONE', #535, #5, #224 ) ;
#733 = CARTESIAN_POINT ( 'NONE',  ( 27.00000000000001066, 12.17457419738298796, -5.742833655204742152E-14 ) ) ;
#734 = CARTESIAN_POINT ( 'NONE',  ( 10.00000000000000178, 24.99999999999656453, -10.50918830920501712 ) ) ;
#735 = CARTESIAN_POINT ( 'NONE',  ( 12.49540584539816201, 24.99999999999656808, -12.50000000000134115 ) ) ;
#736 = CARTESIAN_POINT ( 'NONE',  ( 10.00000000000000355, 17.37541947035062506, -7.624580529645901272 ) ) ;
#737 = CARTESIAN_POINT ( 'NONE',  ( 27.50459415460184687, 12.17457419738298796, -5.742833655204742152E-14 ) ) ;
#738 = APPLICATION_PROTOCOL_DEFINITION ( 'draft international standard', 'automotive_design', 1998, #810 ) ;
#739 = CARTESIAN_POINT ( 'NONE',  ( 10.00000000000000178, 34.96199454274943008, 4.126393247894992733 ) ) ;
#740 = CARTESIAN_POINT ( 'NONE',  ( 27.00000000000000355, 31.29523725463348427, -10.92232985442938720 ) ) ;
#741 = CARTESIAN_POINT ( 'NONE',  ( 10.21507575950825597, 36.01621994352282741, 4.563067706693544778 ) ) ;
#742 = CARTESIAN_POINT ( 'NONE',  ( 29.78492424049174758, 24.99999999999656808, -11.62132034356098131 ) ) ;
#743 = CARTESIAN_POINT ( 'NONE',  ( 13.00000000000000355, 12.82534154164132367, -3.271848554491357586 ) ) ;
#744 = CARTESIAN_POINT ( 'NONE',  ( 10.21507575950825952, 29.56306770669016615, 11.01621994352623801 ) ) ;
#745 = CARTESIAN_POINT ( 'NONE',  ( 29.78492424049174758, 23.47897743109871627, -11.62132034356098131 ) ) ;
#746 =( GEOMETRIC_REPRESENTATION_CONTEXT ( 3 ) GLOBAL_UNCERTAINTY_ASSIGNED_CONTEXT ( ( #442 ) ) GLOBAL_UNIT_ASSIGNED_CONTEXT ( ( #817, #320, #189 ) ) REPRESENTATION_CONTEXT ( 'NONE', 'WORKASPACE' ) );
#747 = CARTESIAN_POINT ( 'NONE',  ( 0.000000000000000000, 0.000000000000000000, 0.000000000000000000 ) ) ;
#748 = B_SPLINE_CURVE_WITH_KNOTS ( 'NONE', 5,
 ( #83, #161, #464, #395, #942, #769, #302, #536 ),
 .UNSPECIFIED., .F., .F.,
 ( 6, 2, 6 ),
 ( 0.000000000000000000, 0.5000000000000000000, 1.000000000000000000 ),
 .UNSPECIFIED. ) ;
#749 = CARTESIAN_POINT ( 'NONE',  ( 13.00000000000000355, 24.99999999999656808, -12.50000000000133937 ) ) ;
#750 = CARTESIAN_POINT ( 'NONE',  ( 10.00000000000000533, 29.12639324789160256, 9.961994542752846016 ) ) ;
#751 = CARTESIAN_POINT ( 'NONE',  ( 29.78492424049175469, 13.98378005647030697, -4.563067706693518133 ) ) ;
#752 = CARTESIAN_POINT ( 'NONE',  ( 13.00000000000000533, 13.15085160521973329, -4.908077967687920484 ) ) ;
#753 = ORIENTED_EDGE ( 'NONE', *, *, #166, .T. ) ;
#754 = CARTESIAN_POINT ( 'NONE',  ( 10.00000000000000000, 31.89239862303784534, 6.892398623041302130 ) ) ;
#755 = CARTESIAN_POINT ( 'NONE',  ( 29.12132034355964905, 20.17637072003874366, 11.64527122753425914 ) ) ;
#756 = CARTESIAN_POINT ( 'NONE',  ( 10.00000000000000178, 23.69057791610690344, -10.00459415460317736 ) ) ;
#757 = CARTESIAN_POINT ( 'NONE',  ( 11.99081169079632758, 15.93105444336355703, -9.068945556632966642 ) ) ;
#758 = VERTEX_POINT ( 'NONE', #545 ) ;
#759 = CARTESIAN_POINT ( 'NONE',  ( 10.00000000000000711, 15.25267639000991693, -4.485172746128106679E-14 ) ) ;
#760 = DIRECTION ( 'NONE',  ( 0.000000000000000000, 0.000000000000000000, -1.000000000000000000 ) ) ;
#761 = B_SPLINE_CURVE_WITH_KNOTS ( 'NONE', 5,
 ( #233, #9, #539, #142, #601, #682, #452, #447 ),
 .UNSPECIFIED., .F., .F.,
 ( 6, 2, 6 ),
 ( 0.000000000000000000, 0.5000000000000000000, 1.000000000000000000 ),
 .UNSPECIFIED. ) ;
#762 = CARTESIAN_POINT ( 'NONE',  ( 27.00000000000001421, 17.31816600030932207, -9.995835529978329248 ) ) ;
#763 = CARTESIAN_POINT ( 'NONE',  ( 27.50459415460184331, 24.99999999999656808, -12.50000000000134115 ) ) ;
#764 = EDGE_CURVE ( 'NONE', #489, #854, #700, .T. ) ;
#765 = CARTESIAN_POINT ( 'NONE',  ( 13.00000000000000533, 20.09192203230865914, 11.84914839477684723 ) ) ;
#766 = ORIENTED_EDGE ( 'NONE', *, *, #269, .T. ) ;
#767 = CARTESIAN_POINT ( 'NONE',  ( 30.00000000000000000, 34.25885298329274065, -2.472106043484758153 ) ) ;
#768 = CARTESIAN_POINT ( 'NONE',  ( 27.00000000000000711, 20.09192203230865914, 11.84914839477684723 ) ) ;
#769 = CARTESIAN_POINT ( 'NONE',  ( 10.00000000000000178, 24.99999999999656453, 10.50918830920500469 ) ) ;
#770 = CARTESIAN_POINT ( 'NONE',  ( 27.50459415460184331, 24.99999999999656808, -12.50000000000134115 ) ) ;
#771 = CARTESIAN_POINT ( 'NONE',  ( 12.49540584539816201, 24.99999999999656808, -12.50000000000134115 ) ) ;
#772 = CARTESIAN_POINT ( 'NONE',  ( 10.00000000000000888, 21.26986074455358633, -9.005352780030705162 ) ) ;
#773 = CARTESIAN_POINT ( 'NONE',  ( 27.00000000000000355, 26.63602598922588882, -12.50000000000134293 ) ) ;
#774 = CARTESIAN_POINT ( 'NONE',  ( 10.00000000000000178, 24.99999999999656808, -9.500000000001341149 ) ) ;
#775 = B_SPLINE_SURFACE_WITH_KNOTS ( 'NONE', 5, 3, ( 
 ( #26, #952, #176, #341, #411, #330, #38, #888, #21, #478, #797, #484, #636, #104, #187, #786, #254, #562, #318 ),
 ( #955, #792, #802, #808, #324, #712, #243, #882, #406, #642, #632, #114, #182, #31, #335, #960, #259, #946, #568 ),
 ( #416, #652, #173, #265, #871, #574, #92, #473, #707, #15, #551, #44, #355, #285, #666, #978, #826, #596, #907 ),
 ( #277, #128, #902, #203, #428, #281, #898, #579, #207, #970, #48, #592, #914, #982, #198, #508, #503, #358, #273 ),
 ( #495, #424, #985, #814, #61, #511, #741, #54, #744, #588, #829, #673, #351, #583, #123, #131, #910, #432, #119 ),
 ( #420, #57, #657, #670, #210, #832, #134, #436, #750, #730, #347, #270, #499, #820, #363, #736, #663, #974, #462 ),
 ( #367, #778, #699, #842, #289, #837, #223, #300, #311, #623, #457, #613, #139, #153, #607, #515, #931, #440, #855 ),
 ( #228, #70, #995, #305, #213, #688, #288, #754, #860, #377, #217, #534, #936, #759, #521, #677, #772, #372, #147 ) ),
 .UNSPECIFIED., .F., .T., .F.,
 ( 6, 2, 6 ),
 ( 4, 1, 1, 1, 1, 1, 1, 1, 1, 1, 1, 1, 1, 1, 1, 1, 4 ),
 ( 0.000000000000000000, 0.5000000000000000000, 1.000000000000000000 ),
 ( 0.000000000000000000, 0.3926990816987241395, 0.7853981633974482790, 1.178097245096172418, 1.570796326794896558, 1.963495408493620475, 2.356194490192344393, 2.748893571891068976, 3.141592653589793116, 3.534291735288517255, 3.926990816987240951, 4.319689898685965979, 4.712388980384689674, 5.105088062083414258, 5.497787143782137953, 5.890486225480862537, 6.283185307179586232 ),
 .UNSPECIFIED. ) ;
#776 = CARTESIAN_POINT ( 'NONE',  ( 28.00918830920369018, 29.90807796768456583, 11.84914839477681880 ) ) ;
#777 = FACE_OUTER_BOUND ( 'NONE', #222, .T. ) ;
#778 = CARTESIAN_POINT ( 'NONE',  ( 10.00000000000000178, 26.30942208388622916, -10.00459415460317736 ) ) ;
#779 = CARTESIAN_POINT ( 'NONE',  ( 26.99999999999999645, 36.84914839477340109, -4.908077967687948018 ) ) ;
#780 = ADVANCED_FACE ( 'NONE', ( #463 ), #466, .T. ) ;
#781 = CARTESIAN_POINT ( 'NONE',  ( 10.00000000000000178, 34.50009879169206783, -1.259281463671440449 ) ) ;
#782 = CARTESIAN_POINT ( 'NONE',  ( 27.50459415460184687, 26.63602598922588882, -12.50000000000134293 ) ) ;
#783 = AXIS2_PLACEMENT_3D ( 'NONE', #381, #859, #693 ) ;
#784 = CARTESIAN_POINT ( 'NONE',  ( 13.00000000000000178, 35.92232985442595350, -6.295237254636921520 ) ) ;
#785 = CARTESIAN_POINT ( 'NONE',  ( 29.99999999999999645, 34.00535278002726614, -3.730139255442968427 ) ) ;
#786 = CARTESIAN_POINT ( 'NONE',  ( 13.00000000000000355, 15.93105444336355703, -9.068945556632966642 ) ) ;
#787 = CARTESIAN_POINT ( 'NONE',  ( 10.00000000000000000, 30.82699810261377493, 7.607891027383759663 ) ) ;
#788 = CARTESIAN_POINT ( 'NONE',  ( 29.12132034355964905, 20.17637072003874366, 11.64527122753425914 ) ) ;
#789 = CARTESIAN_POINT ( 'NONE',  ( 10.21507575950825597, 26.52102256889441634, -11.62132034356098664 ) ) ;
#790 = CARTESIAN_POINT ( 'NONE',  ( 13.00000000000000355, 24.99999999999656808, -12.50000000000133937 ) ) ;
#791 = CARTESIAN_POINT ( 'NONE',  ( 29.78492424049175824, 13.07612945641823465, -5.268188105950737989E-14 ) ) ;
#792 = CARTESIAN_POINT ( 'NONE',  ( 12.49540584539816201, 26.63602598922588882, -12.50000000000134293 ) ) ;
#793 = CARTESIAN_POINT ( 'NONE',  ( 30.00000000000000355, 18.10760137695524818, 6.892398623041275485 ) ) ;
#794 =( NAMED_UNIT ( * ) PLANE_ANGLE_UNIT ( ) SI_UNIT ( $, .RADIAN. ) );
#795 = CARTESIAN_POINT ( 'NONE',  ( 10.00000000000000178, 20.20112082850788227, 8.294858134408851669 ) ) ;
#796 = CARTESIAN_POINT ( 'NONE',  ( 30.00000000000000355, 34.48367366138835166, 3.928266251668979692 ) ) ;
#797 = CARTESIAN_POINT ( 'NONE',  ( 13.00000000000000533, 20.09192203230865914, 11.84914839477684723 ) ) ;
#798 = CARTESIAN_POINT ( 'NONE',  ( 30.00000000000000355, 34.00535278002726614, 3.730139255442966650 ) ) ;
#799 = CARTESIAN_POINT ( 'NONE',  ( 10.21507575950825597, 36.01621994352282741, 4.563067706693544778 ) ) ;
#800 = CARTESIAN_POINT ( 'NONE',  ( 13.00000000000000000, 28.27184855448792788, -12.17465845835524618 ) ) ;
#801 = CARTESIAN_POINT ( 'NONE',  ( 29.99999999999999289, 32.62458052964247202, -7.624580529645921700 ) ) ;
#802 = CARTESIAN_POINT ( 'NONE',  ( 12.49540584539816201, 29.90807796768451965, -11.84914839477684012 ) ) ;
#803 = CARTESIAN_POINT ( 'NONE',  ( 29.99999999999998934, 15.51632633860479515, 3.928266251669005449 ) ) ;
#804 = SURFACE_SIDE_STYLE ('',( #717 ) ) ;
#805 = CARTESIAN_POINT ( 'NONE',  ( 10.00000000000000355, 34.00535278002726614, -3.730139255442968427 ) ) ;
#806 = CARTESIAN_POINT ( 'NONE',  ( 10.00000000000000000, 15.50009879168344362, -1.259281463660206324 ) ) ;
#807 = CARTESIAN_POINT ( 'NONE',  ( 29.78492424049174403, 24.99999999999654321, 11.92387054357832632 ) ) ;
#808 = CARTESIAN_POINT ( 'NONE',  ( 12.49540584539816557, 34.06894555662954360, -9.068945556632993288 ) ) ;
#809 = CARTESIAN_POINT ( 'NONE',  ( 30.00000000000000000, 23.69057791610690344, -10.00459415460317913 ) ) ;
#810 = APPLICATION_CONTEXT ( 'automotive_design' ) ;
#811 = CARTESIAN_POINT ( 'NONE',  ( 10.00000000000000178, 24.99999999999656808, -9.500000000001341149 ) ) ;
#812 = CARTESIAN_POINT ( 'NONE',  ( 29.99999999999999645, 19.17286218483517146, -7.608030739930209840 ) ) ;
#813 = CARTESIAN_POINT ( 'NONE',  ( 30.00000000000001066, 20.87360675210160821, 9.961994542752867332 ) ) ;
#814 = CARTESIAN_POINT ( 'NONE',  ( 10.21507575950825242, 33.43144971935133469, -8.431449719354770167 ) ) ;
#815 = CARTESIAN_POINT ( 'NONE',  ( 30.00000000000000355, 29.12639324789160256, 9.961994542752844239 ) ) ;
#816 = ADVANCED_FACE ( 'NONE', ( #296 ), #306, .F. ) ;
#817 =( LENGTH_UNIT ( ) NAMED_UNIT ( * ) SI_UNIT ( .MILLI., .METRE. ) );
#818 = CARTESIAN_POINT ( 'NONE',  ( 10.00000000000000888, 20.87360675210156558, -9.961994542752862003 ) ) ;
#819 = CARTESIAN_POINT ( 'NONE',  ( 10.00000000000000178, 24.99999999999657163, -9.500000000001341149 ) ) ;
#820 = CARTESIAN_POINT ( 'NONE',  ( 10.00000000000000711, 14.21721480756548139, -4.960748960641554095E-14 ) ) ;
#821 = CARTESIAN_POINT ( 'NONE',  ( 27.50459415460184331, 13.15085160521973329, -4.908077967687920484 ) ) ;
#822 = AXIS2_PLACEMENT_3D ( 'NONE', #402, #878, #23 ) ;
#823 = ITEM_DEFINED_TRANSFORMATION ( 'NONE', 'NONE', #184,  #638 ) ;
#824 = CARTESIAN_POINT ( 'NONE',  ( 10.00000000000000000, 15.51632633860479338, 3.928266251669005449 ) ) ;
#825 = CARTESIAN_POINT ( 'NONE',  ( 27.00000000000000000, 37.49999999999788258, 1.636246173744855703 ) ) ;
#826 = CARTESIAN_POINT ( 'NONE',  ( 11.99081169079632403, 20.09192203230860585, -11.84914839477683657 ) ) ;
#827 = CARTESIAN_POINT ( 'NONE',  ( 28.00918830920366176, 34.06894555662952939, 9.068945556632982630 ) ) ;
#828 = CARTESIAN_POINT ( 'NONE',  ( 30.00000000000000000, 24.99999999999656808, -9.500000000001341149 ) ) ;
#829 = CARTESIAN_POINT ( 'NONE',  ( 10.21507575950825775, 20.43693229330306238, 11.01621994352626999 ) ) ;
#830 = CARTESIAN_POINT ( 'NONE',  ( 29.12132034355964905, 29.82362927995442092, -11.64527122753425203 ) ) ;
#831 = CARTESIAN_POINT ( 'NONE',  ( 13.00000000000000533, 12.82534154164132012, 3.271848554491349148 ) ) ;
#832 = CARTESIAN_POINT ( 'NONE',  ( 10.00000000000000355, 35.78278519242766720, -1.082061133820367722E-14 ) ) ;
#833 = CARTESIAN_POINT ( 'NONE',  ( 28.00918830920367952, 13.15085160521973329, -4.908077967687920484 ) ) ;
#834 = VECTOR ( 'NONE', #857, 1000.000000000000000 ) ;
#835 = CARTESIAN_POINT ( 'NONE',  ( 12.49540584539816557, 15.93105444336355703, -9.068945556632966642 ) ) ;
#836 = ORIENTED_EDGE ( 'NONE', *, *, #237, .T. ) ;
#837 = CARTESIAN_POINT ( 'NONE',  ( 10.00000000000000355, 35.26505440120543966, -9.878267637469099837E-15 ) ) ;
#838 = CARTESIAN_POINT ( 'NONE',  ( 29.12132034355964905, 20.17637072003868326, -11.64527122753425026 ) ) ;
#839 = UNCERTAINTY_MEASURE_WITH_UNIT (LENGTH_MEASURE( 1.000000000000000082E-05 ), #647, 'distance_accuracy_value', 'NONE');
#840 = CARTESIAN_POINT ( 'NONE',  ( 11.99081169079632581, 36.84914839477340820, 4.908077967687950682 ) ) ;
#841 = EDGE_LOOP ( 'NONE', ( #676, #394, #520, #715 ) ) ;
#842 = CARTESIAN_POINT ( 'NONE',  ( 9.999999999999998224, 32.25848957634016756, -7.258489576343613692 ) ) ;
#843 = CARTESIAN_POINT ( 'NONE',  ( 27.00000000000001066, 15.93105444336355703, -9.068945556632966642 ) ) ;
#844 = CARTESIAN_POINT ( 'NONE',  ( 10.00000000000000178, 27.47203043156695301, 9.258670440071410823 ) ) ;
#845 = PRODUCT_DEFINITION ( 'UNKNOWN', '', #344, #40 ) ;
#846 = CARTESIAN_POINT ( 'NONE',  ( 27.50459415460182910, 34.06894555662952939, 9.068945556632982630 ) ) ;
#847 = CARTESIAN_POINT ( 'NONE',  ( 13.00000000000000711, 36.84914839477340820, 4.908077967687951570 ) ) ;
#848 = ORIENTED_EDGE ( 'NONE', *, *, #506, .T. ) ;
#849 = CARTESIAN_POINT ( 'NONE',  ( 29.99999999999999645, 30.82713781515242246, 7.608030739933518305 ) ) ;
#850 = CARTESIAN_POINT ( 'NONE',  ( 27.50459415460184331, 24.99999999999656808, -12.50000000000134115 ) ) ;
#851 = CARTESIAN_POINT ( 'NONE',  ( 10.00000000000000178, 34.49990120830375417, 1.259281463671431567 ) ) ;
#852 = CARTESIAN_POINT ( 'NONE',  ( 29.12132034355964549, 37.60475074696906006, -1.203530870967078996E-14 ) ) ;
#853 = CARTESIAN_POINT ( 'NONE',  ( 11.99081169079632403, 23.36397401076725089, -12.50000000000133937 ) ) ;
#854 = VERTEX_POINT ( 'NONE', #312 ) ;
#855 = CARTESIAN_POINT ( 'NONE',  ( 10.00000000000000178, 24.99999999999656808, -10.00459415460317736 ) ) ;
#856 = DIRECTION ( 'NONE',  ( 0.000000000000000000, 0.000000000000000000, 1.000000000000000000 ) ) ;
#857 = DIRECTION ( 'NONE',  ( -1.000000000000000000, -0.000000000000000000, -0.000000000000000000 ) ) ;
#858 = CARTESIAN_POINT ( 'NONE',  ( 28.00918830920368308, 36.84914839477340109, -4.908077967687948018 ) ) ;
#859 = DIRECTION ( 'NONE',  ( 1.000000000000000000, 0.000000000000000000, 0.000000000000000000 ) ) ;
#860 = CARTESIAN_POINT ( 'NONE',  ( 10.00000000000000533, 28.73013925543957470, 9.005352780030682069 ) ) ;
#861 = CARTESIAN_POINT ( 'NONE',  ( 29.99999999999999289, 31.89239862303785955, -6.892398623041307459 ) ) ;
#862 = CARTESIAN_POINT ( 'NONE',  ( 10.00000000000000178, 15.99464721996587180, -3.730139255442946666 ) ) ;
#863 = CARTESIAN_POINT ( 'NONE',  ( 28.00918830920369018, 36.84914839477340820, 4.908077967687951570 ) ) ;
#864 = APPLICATION_CONTEXT ( 'automotive_design' ) ;
#865 =( NAMED_UNIT ( * ) PLANE_ANGLE_UNIT ( ) SI_UNIT ( $, .RADIAN. ) );
#866 = CARTESIAN_POINT ( 'NONE',  ( 30.00000000000000000, 24.99999999999656808, -5.167639272596926773E-15 ) ) ;
#867 = CARTESIAN_POINT ( 'NONE',  ( 10.00000000000000000, 33.29504067762893271, -4.798954783384198564 ) ) ;
#868 = CARTESIAN_POINT ( 'NONE',  ( 29.12132034355965260, 12.39524925302407077, -5.616036340029660056E-14 ) ) ;
#869 = CARTESIAN_POINT ( 'NONE',  ( 13.00000000000000533, 37.49999999999788969, -1.636246173744861476 ) ) ;
#870 = CARTESIAN_POINT ( 'NONE',  ( 29.99999999999998934, 15.03800545724372029, 4.126393247895019378 ) ) ;
#871 = CARTESIAN_POINT ( 'NONE',  ( 11.99081169079632403, 36.84914839477340109, -4.908077967687948018 ) ) ;
#872 = CARTESIAN_POINT ( 'NONE',  ( 29.99999999999998934, 15.99464721996587535, 3.730139255442992852 ) ) ;
#873 = CARTESIAN_POINT ( 'NONE',  ( 10.87867965644036339, 24.99999999999656808, -12.28492424049309051 ) ) ;
#874 = CARTESIAN_POINT ( 'NONE',  ( 10.00000000000000000, 23.74047997915435815, -9.500000000001341149 ) ) ;
#875 = CARTESIAN_POINT ( 'NONE',  ( 29.78492424049174758, 23.47897743109871627, -11.62132034356098131 ) ) ;
#876 = FACE_OUTER_BOUND ( 'NONE', #557, .T. ) ;
#877 = CARTESIAN_POINT ( 'NONE',  ( 29.78492424049175824, 29.56306770669016615, 11.01621994352624334 ) ) ;
#878 = DIRECTION ( 'NONE',  ( 0.000000000000000000, 0.000000000000000000, 1.000000000000000000 ) ) ;
#879 = CARTESIAN_POINT ( 'NONE',  ( 10.21507575950825242, 24.99999999999654321, 11.92387054357832632 ) ) ;
#880 = CARTESIAN_POINT ( 'NONE',  ( 13.00000000000000711, 31.29523725463348427, 10.92232985442938187 ) ) ;
#881 = CARTESIAN_POINT ( 'NONE',  ( 30.00000000000000355, 15.51632633860479338, -3.928266251668956155 ) ) ;
#882 = CARTESIAN_POINT ( 'NONE',  ( 12.49540584539816024, 34.06894555662952939, 9.068945556632982630 ) ) ;
#883 = CARTESIAN_POINT ( 'NONE',  ( 30.00000000000000000, 35.26505440120543966, -9.878267637469099837E-15 ) ) ;
#884 = CARTESIAN_POINT ( 'NONE',  ( 10.21507575950825952, 16.56855028064178015, -8.431449719354750627 ) ) ;
#885 = CARTESIAN_POINT ( 'NONE',  ( 29.99999999999999645, 24.99999999999656453, 9.500000000001326939 ) ) ;
#886 = CARTESIAN_POINT ( 'NONE',  ( 30.00000000000001066, 14.21721480756547784, -4.960748960641554095E-14 ) ) ;
#887 = COLOUR_RGB ( '',1.000000000000000000, 0.000000000000000000, 0.000000000000000000 ) ;
#888 = CARTESIAN_POINT ( 'NONE',  ( 12.99999999999999467, 34.06894555662952939, 9.068945556632982630 ) ) ;
#889 = CARTESIAN_POINT ( 'NONE',  ( 30.00000000000000355, 15.51632633860479338, -3.928266251668956155 ) ) ;
#890 = CARTESIAN_POINT ( 'NONE',  ( 10.00000000000000533, 21.26986074455362896, 9.005352780030706938 ) ) ;
#891 = CARTESIAN_POINT ( 'NONE',  ( 27.00000000000000711, 35.92232985442594639, -6.295237254636917967 ) ) ;
#892 = CARTESIAN_POINT ( 'NONE',  ( 30.00000000000000711, 26.30942208388622916, -10.00459415460317913 ) ) ;
#893 = PRODUCT_DEFINITION ( 'UNKNOWN', '', #916, #523 ) ;
#894 = ORIENTED_EDGE ( 'NONE', *, *, #594, .F. ) ;
#895 = CARTESIAN_POINT ( 'NONE',  ( 29.99999999999998934, 24.99999999999654321, 10.78278519243108136 ) ) ;
#896 = CARTESIAN_POINT ( 'NONE',  ( 27.00000000000000355, 23.36397401076725089, -12.50000000000134115 ) ) ;
#897 = CARTESIAN_POINT ( 'NONE',  ( 13.00000000000000355, 15.00416447001824949, -7.681833999687261105 ) ) ;
#898 = CARTESIAN_POINT ( 'NONE',  ( 10.87867965644036516, 36.64527122753082722, 4.823629279957865279 ) ) ;
#899 = CARTESIAN_POINT ( 'NONE',  ( 27.50459415460183266, 13.15085160521974217, 4.908077967687983545 ) ) ;
#900 = CARTESIAN_POINT ( 'NONE',  ( 10.21507575950825597, 24.99999999999656808, -11.62132034356098309 ) ) ;
#901 = CARTESIAN_POINT ( 'NONE',  ( 27.00000000000001066, 26.63624617374142289, 12.50000000000132871 ) ) ;
#902 = CARTESIAN_POINT ( 'NONE',  ( 10.87867965644035806, 29.82362927995443158, -11.64527122753425381 ) ) ;
#903 = CARTESIAN_POINT ( 'NONE',  ( 28.00918830920368308, 24.99999999999656808, -12.50000000000134115 ) ) ;
#904 =( NAMED_UNIT ( * ) PLANE_ANGLE_UNIT ( ) SI_UNIT ( $, .RADIAN. ) );
#905 = CARTESIAN_POINT ( 'NONE',  ( 9.999999999999998224, 24.99999999999654321, 10.26505440120886092 ) ) ;
#906 = CARTESIAN_POINT ( 'NONE',  ( 28.00918830920368308, 24.99999999999656808, -12.50000000000134115 ) ) ;
#907 = CARTESIAN_POINT ( 'NONE',  ( 11.99081169079632403, 24.99999999999656808, -12.50000000000133937 ) ) ;
#908 = CARTESIAN_POINT ( 'NONE',  ( 29.12132034355965260, 12.39524925302407077, -5.616036340029660056E-14 ) ) ;
#909 = CARTESIAN_POINT ( 'NONE',  ( 29.99999999999999645, 16.70495932235308345, -4.798954783369369537 ) ) ;
#910 = CARTESIAN_POINT ( 'NONE',  ( 10.21507575950825597, 20.43693229330299843, -11.01621994352625400 ) ) ;
#911 = CARTESIAN_POINT ( 'NONE',  ( 28.00918830920367242, 37.82542580261015530, -1.156141332259617718E-14 ) ) ;
#912 = CARTESIAN_POINT ( 'NONE',  ( 10.87867965644036339, 24.99999999999656808, -12.28492424049309051 ) ) ;
#913 =( REPRESENTATION_RELATIONSHIP ('NONE','NONE', #267, #649 ) REPRESENTATION_RELATIONSHIP_WITH_TRANSFORMATION ( #823 )SHAPE_REPRESENTATION_RELATIONSHIP( ) );
#914 = CARTESIAN_POINT ( 'NONE',  ( 10.87867965644035984, 13.35472877246232493, 4.823629279957896365 ) ) ;
#915 = CARTESIAN_POINT ( 'NONE',  ( 27.50459415460183976, 37.82542580261015530, -1.156141332259617718E-14 ) ) ;
#916 = PRODUCT_DEFINITION_FORMATION_WITH_SPECIFIED_SOURCE ( 'ANY', '', #12, .NOT_KNOWN. ) ;
#917 = CARTESIAN_POINT ( 'NONE',  ( 12.99999999999999467, 34.06894555662952939, 9.068945556632982630 ) ) ;
#918 = CARTESIAN_POINT ( 'NONE',  ( 30.00000000000001066, 30.82699810261222240, -7.607891027387561067 ) ) ;
#919 = CARTESIAN_POINT ( 'NONE',  ( 29.99999999999998934, 15.99464721996587535, 3.730139255442992852 ) ) ;
#920 = CARTESIAN_POINT ( 'NONE',  ( 10.00000000000000000, 32.25848957634015335, 7.258489576343607474 ) ) ;
#921 = UNCERTAINTY_MEASURE_WITH_UNIT (LENGTH_MEASURE( 1.000000000000000082E-05 ), #408, 'distance_accuracy_value', 'NONE');
#922 = CARTESIAN_POINT ( 'NONE',  ( 28.00918830920366531, 24.99999999999654321, 12.82542580261357834 ) ) ;
#923 = PLANE ( 'NONE',  #783 ) ;
#924 = VERTEX_POINT ( 'NONE', #991 ) ;
#925 = CARTESIAN_POINT ( 'NONE',  ( 30.00000000000000355, 34.49990120829782114, -1.259281463629146947 ) ) ;
#926 = CARTESIAN_POINT ( 'NONE',  ( 27.00000000000000355, 37.82542580261015530, -1.156141332259617718E-14 ) ) ;
#927 = CARTESIAN_POINT ( 'NONE',  ( 10.00000000000000178, 34.25867044008112572, -2.472030431553533525 ) ) ;
#928 = CARTESIAN_POINT ( 'NONE',  ( 28.00918830920367952, 23.36397401076725089, -12.50000000000134115 ) ) ;
#929 = CARTESIAN_POINT ( 'NONE',  ( 12.49540584539816379, 36.84914839477340820, 4.908077967687951570 ) ) ;
#930 = VERTEX_POINT ( 'NONE', #941 ) ;
#931 = CARTESIAN_POINT ( 'NONE',  ( 10.00000000000000888, 21.07173374832757773, -9.483673661391785359 ) ) ;
#932 = CARTESIAN_POINT ( 'NONE',  ( 27.50459415460183976, 23.36397401076725089, -12.50000000000134115 ) ) ;
#933 = CARTESIAN_POINT ( 'NONE',  ( 30.00000000000000000, 24.99999999999656808, 12.50000000000132694 ) ) ;
#934 = CARTESIAN_POINT ( 'NONE',  ( 27.50459415460183976, 34.06894555662954360, -9.068945556632993288 ) ) ;
#935 = CARTESIAN_POINT ( 'NONE',  ( 13.00000000000000355, 23.36397401076725089, -12.50000000000134115 ) ) ;
#936 = CARTESIAN_POINT ( 'NONE',  ( 10.00000000000000000, 15.99464721996587535, 3.730139255442992852 ) ) ;
#937 = FACE_OUTER_BOUND ( 'NONE', #726, .T. ) ;
#938 = B_SPLINE_CURVE_WITH_KNOTS ( 'NONE', 3,
 ( #615, #448, #997, #947, #762, #297, #389, #72, #88, #454, #16, #609, #149, #633, #379, #691, #702, #1 ),
 .UNSPECIFIED., .F., .F.,
 ( 4, 2, 2, 2, 2, 2, 2, 2, 4 ),
 ( 0.000000000000000000, 0.06250000000000004163, 0.1250000000000000833, 0.1875000000000000833, 0.2500000000000001110, 0.3125000000000001110, 0.3750000000000001110, 0.4375000000000000555, 0.5000000000000000000 ),
 .UNSPECIFIED. ) ;
#939 = CARTESIAN_POINT ( 'NONE',  ( 26.99999999999998934, 34.06894555662952939, 9.068945556632982630 ) ) ;
#940 = CARTESIAN_POINT ( 'NONE',  ( 10.87867965644036339, 16.08709527164608843, -8.912904728350440564 ) ) ;
#941 = CARTESIAN_POINT ( 'NONE',  ( 13.00000000000000178, 24.99999999999656808, 12.50000000000132871 ) ) ;
#942 = CARTESIAN_POINT ( 'NONE',  ( 10.21507575950825419, 24.99999999999656808, 11.62132034356096888 ) ) ;
#943 = CARTESIAN_POINT ( 'NONE',  ( 29.12132034355964549, 23.39212357334394810, -12.28492424049308873 ) ) ;
#944 = CARTESIAN_POINT ( 'NONE',  ( 13.00000000000000000, 26.63624617374142645, -12.50000000000133404 ) ) ;
#945 = CARTESIAN_POINT ( 'NONE',  ( 29.78492424049173337, 33.43144971935131338, 8.431449719354763062 ) ) ;
#946 = CARTESIAN_POINT ( 'NONE',  ( 12.49540584539816201, 23.36397401076725089, -12.50000000000134115 ) ) ;
#947 = CARTESIAN_POINT ( 'NONE',  ( 27.00000000000000355, 18.70476274535965899, -10.92232985442939963 ) ) ;
#948 = CARTESIAN_POINT ( 'NONE',  ( 27.00000000000001066, 15.93105444336355703, -9.068945556632966642 ) ) ;
#949 = CARTESIAN_POINT ( 'NONE',  ( 10.87867965644035806, 24.99999999999654321, 12.60475074697249553 ) ) ;
#950 = CARTESIAN_POINT ( 'NONE',  ( 30.00000000000000355, 22.52796956842413323, 9.258670440069330709 ) ) ;
#951 = CARTESIAN_POINT ( 'NONE',  ( 30.00000000000000355, 17.74151042365294018, 7.258489576343583494 ) ) ;
#952 = CARTESIAN_POINT ( 'NONE',  ( 13.00000000000000355, 26.63602598922588882, -12.50000000000134293 ) ) ;
#953 = CARTESIAN_POINT ( 'NONE',  ( 29.99999999999999289, 31.89239862303785955, -6.892398623041307459 ) ) ;
#954 = CARTESIAN_POINT ( 'NONE',  ( 29.12132034355964905, 26.60787642664919872, -12.28492424049309051 ) ) ;
#955 = CARTESIAN_POINT ( 'NONE',  ( 12.49540584539816201, 24.99999999999656808, -12.50000000000134115 ) ) ;
#956 = CARTESIAN_POINT ( 'NONE',  ( 30.00000000000000355, 34.48367366138835166, 3.928266251668979692 ) ) ;
#957 = CARTESIAN_POINT ( 'NONE',  ( 10.87867965644036516, 29.82362927995448132, 11.64527122753422894 ) ) ;
#958 =( LENGTH_UNIT ( ) NAMED_UNIT ( * ) SI_UNIT ( .MILLI., .METRE. ) );
#959 = CARTESIAN_POINT ( 'NONE',  ( 29.78492424049174403, 36.92387054357490683, -1.143885417076653548E-14 ) ) ;
#960 = CARTESIAN_POINT ( 'NONE',  ( 12.49540584539816557, 15.93105444336355703, -9.068945556632966642 ) ) ;
#961 = CARTESIAN_POINT ( 'NONE',  ( 30.00000000000000000, 35.78278519242766720, -1.099491768747250111E-14 ) ) ;
#962 = CARTESIAN_POINT ( 'NONE',  ( 26.99999999999999645, 15.93105444336356058, 9.068945556632957761 ) ) ;
#963 = CARTESIAN_POINT ( 'NONE',  ( 10.00000000000000533, 28.73013925543957470, 9.005352780030682069 ) ) ;
#964 = CARTESIAN_POINT ( 'NONE',  ( 30.00000000000000000, 17.39210897261164845, -5.826998102616053998 ) ) ;
#965 = CARTESIAN_POINT ( 'NONE',  ( 29.99999999999999289, 32.25848957634016756, -7.258489576343613692 ) ) ;
#966 = VERTEX_POINT ( 'NONE', #143 ) ;
#967 = CARTESIAN_POINT ( 'NONE',  ( 30.00000000000000355, 17.74151042365294018, 7.258489576343583494 ) ) ;
#968 = CARTESIAN_POINT ( 'NONE',  ( 27.00000000000000355, 24.99999999999656808, -12.50000000000134115 ) ) ;
#969 = CARTESIAN_POINT ( 'NONE',  ( 13.00000000000000711, 15.00416447001824594, 7.681833999687253112 ) ) ;
#970 = CARTESIAN_POINT ( 'NONE',  ( 10.87867965644035806, 24.99999999999654321, 12.60475074697249553 ) ) ;
#971 = CARTESIAN_POINT ( 'NONE',  ( 28.00918830920367952, 23.36397401076725089, -12.50000000000134115 ) ) ;
#972 = CARTESIAN_POINT ( 'NONE',  ( 10.00000000000000533, 28.92826625166559396, 9.483673661391765819 ) ) ;
#973 = CARTESIAN_POINT ( 'NONE',  ( 27.00000000000000355, 37.17465845835181426, -3.271848554491357142 ) ) ;
#974 = CARTESIAN_POINT ( 'NONE',  ( 10.00000000000000178, 23.62453558403156606, -10.50918830920501534 ) ) ;
#975 = CARTESIAN_POINT ( 'NONE',  ( 28.00918830920368308, 36.84914839477340109, -4.908077967687948018 ) ) ;
#976 = CARTESIAN_POINT ( 'NONE',  ( 10.00000000000000178, 24.99999999999656808, -10.00459415460317736 ) ) ;
#977 = CARTESIAN_POINT ( 'NONE',  ( 27.00000000000000355, 34.99583552997488312, -7.681833999687266434 ) ) ;
#978 = CARTESIAN_POINT ( 'NONE',  ( 11.99081169079632758, 15.93105444336355703, -9.068945556632966642 ) ) ;
#979 = CARTESIAN_POINT ( 'NONE',  ( 28.00918830920368308, 12.17457419738298796, -5.742833655204742152E-14 ) ) ;
#980 =( GEOMETRIC_REPRESENTATION_CONTEXT ( 3 ) GLOBAL_UNCERTAINTY_ASSIGNED_CONTEXT ( ( #921 ) ) GLOBAL_UNIT_ASSIGNED_CONTEXT ( ( #408, #904, #444 ) ) REPRESENTATION_CONTEXT ( 'NONE', 'WORKASPACE' ) );
#981 = CARTESIAN_POINT ( 'NONE',  ( 13.00000000000000355, 24.99999999999656808, -12.50000000000133937 ) ) ;
#982 = CARTESIAN_POINT ( 'NONE',  ( 10.87867965644036339, 12.39524925302407077, -5.633467030757399863E-14 ) ) ;
#983 = CARTESIAN_POINT ( 'NONE',  ( 29.12132034355964549, 23.39212357334394810, -12.28492424049308873 ) ) ;
#984 = CARTESIAN_POINT ( 'NONE',  ( 11.99081169079632581, 29.90807796768451965, -11.84914839477684012 ) ) ;
#985 = CARTESIAN_POINT ( 'NONE',  ( 10.21507575950825419, 29.56306770669010220, -11.01621994352626110 ) ) ;
#986 = CARTESIAN_POINT ( 'NONE',  ( 28.00918830920369018, 29.90807796768456583, 11.84914839477681880 ) ) ;
#987 = ADVANCED_FACE ( 'NONE', ( #937 ), #468, .T. ) ;
#988 = CARTESIAN_POINT ( 'NONE',  ( 13.00000000000000178, 13.15085160521974217, 4.908077967687983545 ) ) ;
#989 = ORIENTED_EDGE ( 'NONE', *, *, #33, .T. ) ;
#990 = CARTESIAN_POINT ( 'NONE',  ( 29.99999999999999645, 29.79895478336816694, -8.295040677643484628 ) ) ;
#991 = CARTESIAN_POINT ( 'NONE',  ( 29.99999999999999645, 24.99999999999656453, 9.500000000001326939 ) ) ;
#992 = CARTESIAN_POINT ( 'NONE',  ( 10.00000000000000000, 15.03800545724371140, 4.126393247895019378 ) ) ;
#993 = CARTESIAN_POINT ( 'NONE',  ( 11.99081169079632403, 24.99999999999656808, -12.50000000000133937 ) ) ;
#994 = ORIENTED_EDGE ( 'NONE', *, *, #166, .F. ) ;
#995 = CARTESIAN_POINT ( 'NONE',  ( 10.00000000000000711, 28.73013925543953917, -9.005352780030701609 ) ) ;
#996 = CARTESIAN_POINT ( 'NONE',  ( 30.00000000000001066, 15.25267639000991693, -4.485172746128106679E-14 ) ) ;
#997 = CARTESIAN_POINT ( 'NONE',  ( 27.00000000000000355, 21.72815144550521893, -12.17465845835524796 ) ) ;
#998 = CARTESIAN_POINT ( 'NONE',  ( 27.50459415460183976, 15.93105444336356058, 9.068945556632957761 ) ) ;
#999 = CARTESIAN_POINT ( 'NONE',  ( 12.49540584539816379, 37.82542580261015530, -1.156141332259617718E-14 ) ) ;
#1000 = CARTESIAN_POINT ( 'NONE',  ( 27.00000000000000355, 24.99999999999656808, -12.50000000000134115 ) ) ;
#1001 = NEXT_ASSEMBLY_USAGE_OCCURRENCE ( 'NAUO1', ' ', ' ', #845, #893, $ ) ;
ENDSEC;
END-ISO-10303-21;
