ISO-10303-21;
HEADER;
FILE_DESCRIPTION (( 'STEP AP214' ),
    '1' );
FILE_NAME ('triangle_collision.stp',
    '2026-08-20T22:23:47',
    ( '' ),
    ( '' ),
    'SwSTEP 2.0',
    'SolidWorks 2025',
    '' );
FILE_SCHEMA (( 'AUTOMOTIVE_DESIGN' ));
ENDSEC;

DATA;
#1 = CARTESIAN_POINT ( 'NONE',  ( 0.6923930049708789669, 36.99266767447159765, 11.99999999999999822 ) ) ;
#2 = CARTESIAN_POINT ( 'NONE',  ( 12.00047863090896172, 16.49396190661352790, 11.35526370640225657 ) ) ;
#3 = DIRECTION ( 'NONE',  ( -0.4999999999999999445, -0.8660254037844387076, 0.000000000000000000 ) ) ;
#4 = CARTESIAN_POINT ( 'NONE',  ( -9.937822173508939372, 18.49999999999997513, 10.00000000000000000 ) ) ;
#5 = CARTESIAN_POINT ( 'NONE',  ( -0.8660254037844319353, 34.21281292110204220, 27.99999999999999645 ) ) ;
#6 = CARTESIAN_POINT ( 'NONE',  ( 11.52744288702737308, 16.84814151353000256, 29.50635283474753123 ) ) ;
#7 = CARTESIAN_POINT ( 'NONE',  ( -12.13807832240101092, 16.54926216298516195, 28.00000000000000000 ) ) ;
#8 = ADVANCED_FACE ( 'NONE', ( #359 ), #3556, .T. ) ;
#9 = CARTESIAN_POINT ( 'NONE',  ( -10.29808795771164931, 17.29109229472527431, 30.00000000000000000 ) ) ;
#10 = CARTESIAN_POINT ( 'NONE',  ( 12.21861447758795904, 16.78876673153879295, 11.86791072733754149 ) ) ;
#11 = CARTESIAN_POINT ( 'NONE',  ( 9.940096129115957524, 17.11646895297190341, 29.99999999999997513 ) ) ;
#12 = CARTESIAN_POINT ( 'NONE',  ( 10.65150876784106870, 16.92228346898722435, 29.92991889881247403 ) ) ;
#13 = CARTESIAN_POINT ( 'NONE',  ( -10.37996482249822350, 17.20443086830223933, 10.00454108389873475 ) ) ;
#14 = CARTESIAN_POINT ( 'NONE',  ( 12.19754037451956741, 16.71616502657618142, 28.00000000000000000 ) ) ;
#15 = CARTESIAN_POINT ( 'NONE',  ( 0.004416851502525815515, 35.12890188350086618, 10.00000000000000000 ) ) ;
#16 = CARTESIAN_POINT ( 'NONE',  ( -11.29098173847141950, 15.55207210798165285, 10.00000000000006928 ) ) ;
#17 = CARTESIAN_POINT ( 'NONE',  ( -0.02607227585905767461, 35.10843812142714881, 9.999999999999998224 ) ) ;
#18 = CARTESIAN_POINT ( 'NONE',  ( -11.21587184093404943, 16.36226484802077152, 10.49277375094295550 ) ) ;
#19 = CARTESIAN_POINT ( 'NONE',  ( 11.86542613231232579, 16.07516235351645051, 9.999999999999998224 ) ) ;
#20 = B_SPLINE_CURVE_WITH_KNOTS ( 'NONE', 3,
 ( #47, #4364, #1493, #2945, #4411, #1756, #4672, #1877, #3325, #124, #3045, #1185 ),
 .UNSPECIFIED., .F., .F.,
 ( 4, 2, 2, 2, 2, 4 ),
 ( -6.000000000146865712E-08, 0.0003489806520275060800, 0.0006980213040550136468, 0.001396102608110012192, 0.002094183912165010954, 0.002792265216220010150 ),
 .UNSPECIFIED. ) ;
#21 = CARTESIAN_POINT ( 'NONE',  ( -11.50225329373379424, 16.27743157228490389, 29.22133236682546809 ) ) ;
#22 = ORIENTED_EDGE ( 'NONE', *, *, #3995, .T. ) ;
#23 = CARTESIAN_POINT ( 'NONE',  ( -0.3637229597295196237, 36.45265321226739275, 29.44043329552165034 ) ) ;
#24 = CARTESIAN_POINT ( 'NONE',  ( -0.2667763570716390475, 36.30313887159709907, 29.59126119110792885 ) ) ;
#25 = CARTESIAN_POINT ( 'NONE',  ( 0.6440968347202825628, 37.00880724618313877, 10.00000000000002132 ) ) ;
#26 = CARTESIAN_POINT ( 'NONE',  ( 11.81038085508042812, 16.21210254837210485, 11.29399321295148795 ) ) ;
#27 = FILL_AREA_STYLE_COLOUR ( '', #2323 ) ;
#28 = CARTESIAN_POINT ( 'NONE',  ( 10.29704481331892296, 17.35168953209698373, 30.00000000000000711 ) ) ;
#29 = CARTESIAN_POINT ( 'NONE',  ( -0.01071921084203684982, 35.15458587935237489, 10.00046026786380438 ) ) ;
#30 = CARTESIAN_POINT ( 'NONE',  ( 10.93087313881349054, 16.69190690024026225, 29.79765680787089721 ) ) ;
#31 = CARTESIAN_POINT ( 'NONE',  ( -12.15673893964791752, 16.59681123040575912, 27.99999999999999645 ) ) ;
#32 = CARTESIAN_POINT ( 'NONE',  ( -10.32095031564926302, 17.26699025509373797, 29.99959400276243926 ) ) ;
#33 = FACE_OUTER_BOUND ( 'NONE', #1377, .T. ) ;
#34 = CARTESIAN_POINT ( 'NONE',  ( 10.24274250460742053, 17.26136147762617057, 29.99999999999999645 ) ) ;
#35 = CARTESIAN_POINT ( 'NONE',  ( 10.87431324216234074, 16.69365449606231167, 29.81305297947312383 ) ) ;
#36 = CARTESIAN_POINT ( 'NONE',  ( -10.32810059493559862, 17.25668207140199328, 10.00089158087967434 ) ) ;
#37 = COLOUR_RGB ( '',0.000000000000000000, 0.000000000000000000, 1.000000000000000000 ) ;
#38 = CARTESIAN_POINT ( 'NONE',  ( 0.1236852258624659417, 35.54946579921799810, 29.94914899200939828 ) ) ;
#39 = CIRCLE ( 'NONE', #2702, 2.000000000000000000 ) ;
#40 = CARTESIAN_POINT ( 'NONE',  ( 10.29537454033856214, 17.34438927160693922, 30.00000000000000000 ) ) ;
#41 = CARTESIAN_POINT ( 'NONE',  ( 0.0006404013708203449944, 35.11281266264562362, 10.00000000000000000 ) ) ;
#42 = CARTESIAN_POINT ( 'NONE',  ( -9.309228697588819657, 15.00346012923999872, 27.99999999999999289 ) ) ;
#43 = CARTESIAN_POINT ( 'NONE',  ( 11.68049156595761850, 15.86643832357392192, 11.86790966669688707 ) ) ;
#44 = CARTESIAN_POINT ( 'NONE',  ( -10.43280565233314405, 17.19702605208216895, 10.00531404577212768 ) ) ;
#45 = CARTESIAN_POINT ( 'NONE',  ( 11.75986251998867438, 15.94927046809510607, 12.00000000000000355 ) ) ;
#46 = VERTEX_POINT ( 'NONE', #616 ) ;
#47 = CARTESIAN_POINT ( 'NONE',  ( 2.598076211353312903, 35.21281292110202088, 12.00000000000000000 ) ) ;
#48 = CARTESIAN_POINT ( 'NONE',  ( 0.2778336293582254202, 36.59475224957223105, 29.32200197036070577 ) ) ;
#49 = CARTESIAN_POINT ( 'NONE',  ( 0.003554912658237979663, 35.11239038417127034, 10.00000000000000355 ) ) ;
#50 = CARTESIAN_POINT ( 'NONE',  ( 11.98052369086804525, 16.50331489090786974, 11.29403281399558523 ) ) ;
#51 = CARTESIAN_POINT ( 'NONE',  ( -11.75755986272578646, 15.94440541691783153, 28.13214034431496557 ) ) ;
#52 = CARTESIAN_POINT ( 'NONE',  ( -11.70900109366140107, 19.43048664347934107, 11.99999999999999822 ) ) ;
#53 = CARTESIAN_POINT ( 'NONE',  ( 2.598076211353312903, 35.21281292110202088, 12.00000000000000000 ) ) ;
#54 = CARTESIAN_POINT ( 'NONE',  ( 11.12551243714740501, 16.75534325820372317, 29.73543166125590176 ) ) ;
#55 = CARTESIAN_POINT ( 'NONE',  ( -10.28547934638701200, 17.30286100784601544, 29.99999999999998934 ) ) ;
#56 = CARTESIAN_POINT ( 'NONE',  ( -10.85678375781839833, 17.00743385892577209, 29.89469092875552647 ) ) ;
#57 = CYLINDRICAL_SURFACE ( 'NONE', #3532, 2.000000000000000000 ) ;
#58 = CARTESIAN_POINT ( 'NONE',  ( 10.17820808192742632, 17.21895283910222219, 29.99999999999999645 ) ) ;
#59 = CARTESIAN_POINT ( 'NONE',  ( -0.4371217406252675408, 37.06660053175860980, 11.99999999998544631 ) ) ;
#60 = CARTESIAN_POINT ( 'NONE',  ( -10.56779181261312317, 17.01519603114784829, 10.04067418803401956 ) ) ;
#61 = CARTESIAN_POINT ( 'NONE',  ( -0.08995028612933005097, 35.62222886586751258, 29.93303498323555090 ) ) ;
#62 = B_SPLINE_CURVE_WITH_KNOTS ( 'NONE', 3,
 ( #3251, #2165, #358, #711, #3614, #1806, #2753, #2396, #614, #1457, #4217, #211, #635, #3857, #2041, #4374, #3879, #2528, #1348, #1298, #973, #2442, #3510, #949, #10, #2777 ),
 .UNSPECIFIED., .F., .F.,
 ( 4, 1, 1, 2, 2, 2, 2, 2, 2, 2, 2, 2, 2, 4 ),
 ( 0.000000000000000000, 0.01562500000000000000, 0.03125000000000000000, 0.1250000000000000000, 0.1875000000000000000, 0.2500000000000000000, 0.3750000000000000000, 0.5000000000000000000, 0.6250000000000000000, 0.6875000000000000000, 0.7500000000000000000, 0.8125000000000000000, 0.8750000000000000000, 1.000000000000000000 ),
 .UNSPECIFIED. ) ;
#63 = CARTESIAN_POINT ( 'NONE',  ( 12.17274285001850664, 16.64139833477354813, 27.99999999999999645 ) ) ;
#64 = CARTESIAN_POINT ( 'NONE',  ( -0.05090373322135265804, 35.40242375052181245, 10.01934855824185711 ) ) ;
#65 = CARTESIAN_POINT ( 'NONE',  ( 0.8660254037844357100, 34.21281292110202088, 30.00000000000000000 ) ) ;
#66 = CARTESIAN_POINT ( 'NONE',  ( 11.95388873278047015, 16.21878202802993485, 11.73750178753907036 ) ) ;
#67 = CARTESIAN_POINT ( 'NONE',  ( -10.33195133406939270, 17.28624670505847760, 10.00040634500652992 ) ) ;
#68 =( NAMED_UNIT ( * ) PLANE_ANGLE_UNIT ( ) SI_UNIT ( $, .RADIAN. ) );
#69 = CARTESIAN_POINT ( 'NONE',  ( 0.002010972588436443862, 35.11262097009974781, 29.99999999999999289 ) ) ;
#70 = CARTESIAN_POINT ( 'NONE',  ( -12.06692987456793986, 16.38884044634075110, 11.86791010863049500 ) ) ;
#71 = CARTESIAN_POINT ( 'NONE',  ( -0.1679997552695875196, 35.73293226544740264, 29.89536043398116405 ) ) ;
#72 = CARTESIAN_POINT ( 'NONE',  ( 0.2779954473055594177, 37.09348793237585795, 10.00000000000000000 ) ) ;
#73 = CARTESIAN_POINT ( 'NONE',  ( 11.93529284252934985, 16.52459500370116530, 11.17389213726537456 ) ) ;
#74 = CARTESIAN_POINT ( 'NONE',  ( 11.24083124708037040, 17.00078828109455031, 10.26375228343778723 ) ) ;
#75 = SURFACE_STYLE_FILL_AREA ( #1473 ) ;
#76 = CARTESIAN_POINT ( 'NONE',  ( 10.04411973346613784, 18.31588722543350656, 30.00000000000000711 ) ) ;
#77 = CARTESIAN_POINT ( 'NONE',  ( -0.1344553199208348426, 36.69750475495495579, 10.77917669525552391 ) ) ;
#78 = CARTESIAN_POINT ( 'NONE',  ( -0.7181177315996217780, 36.98395424820949984, 27.99999999999997158 ) ) ;
#79 = ORIENTED_EDGE ( 'NONE', *, *, #4032, .F. ) ;
#80 = CARTESIAN_POINT ( 'NONE',  ( 10.87632287968317435, 16.91650713539674555, 29.87230721480636930 ) ) ;
#81 = CARTESIAN_POINT ( 'NONE',  ( -12.19736664961678407, 16.71487983614995088, 28.00000000000000000 ) ) ;
#82 = CARTESIAN_POINT ( 'NONE',  ( -9.736063769815604729, 15.03767766568513764, 30.00000000000000000 ) ) ;
#83 = CARTESIAN_POINT ( 'NONE',  ( 10.28517596846413085, 17.30279084029739778, 10.00000000000000000 ) ) ;
#84 = CARTESIAN_POINT ( 'NONE',  ( -10.88651866074979857, 17.14751978370322050, 29.90252351304409473 ) ) ;
#85 = CARTESIAN_POINT ( 'NONE',  ( 10.56460947423041929, 17.01142967354792646, 29.95931393318085512 ) ) ;
#86 = CARTESIAN_POINT ( 'NONE',  ( -10.28455231187830421, 17.30055473308395619, 10.00000000000000000 ) ) ;
#87 = CARTESIAN_POINT ( 'NONE',  ( -0.1128870981566950094, 35.61768833475210982, 29.93319388804590275 ) ) ;
#88 = CARTESIAN_POINT ( 'NONE',  ( 11.87409975344594315, 16.46386178108521037, 11.11512061525943373 ) ) ;
#89 = CARTESIAN_POINT ( 'NONE',  ( 10.28517637278603303, 17.30279190470740147, 30.00000000000000000 ) ) ;
#90 = DIRECTION ( 'NONE',  ( -0.8660254037844384856, -0.5000000000000004441, 0.000000000000000000 ) ) ;
#91 = CARTESIAN_POINT ( 'NONE',  ( -10.05947394933457062, 17.16003112000540298, 29.99999999999999289 ) ) ;
#92 = CARTESIAN_POINT ( 'NONE',  ( -9.937822173508926937, 18.49999999999999645, 10.00000000000000000 ) ) ;
#93 = CARTESIAN_POINT ( 'NONE',  ( 12.00047661515580266, 16.49395766184678536, 28.64473631826673028 ) ) ;
#94 = B_SPLINE_CURVE_WITH_KNOTS ( 'NONE', 3,
 ( #3123, #4588, #1314, #2055, #4633, #271, #248, #3146, #4253, #986, #1716, #1361, #2812, #3666, #2925, #765, #2497, #2218, #1403, #410, #2833, #3960, #1451, #2121, #3620, #1857 ),
 .UNSPECIFIED., .F., .F.,
 ( 4, 2, 2, 2, 2, 2, 2, 2, 2, 2, 2, 1, 1, 4 ),
 ( 0.000000000000000000, 0.1250000000000000000, 0.1875000000000000000, 0.2500000000000000000, 0.3125000000000000000, 0.3750000000000000000, 0.5000000000000000000, 0.6250000000000000000, 0.7500000000000000000, 0.8125000000000000000, 0.8750000000000000000, 0.9687500000000000000, 0.9843750000000000000, 1.000000000000000000 ),
 .UNSPECIFIED. ) ;
#95 = CARTESIAN_POINT ( 'NONE',  ( -10.77995343472634637, 17.15098152456377534, 10.06678238327175734 ) ) ;
#96 = EDGE_CURVE ( 'NONE', #2294, #1284, #2066, .T. ) ;
#97 = CARTESIAN_POINT ( 'NONE',  ( 0.006718717370687875279, 35.11181237814776068, 30.00000000000001066 ) ) ;
#98 = CARTESIAN_POINT ( 'NONE',  ( -12.05892556410345939, 16.49081327541545505, 11.54402413388163673 ) ) ;
#99 = CARTESIAN_POINT ( 'NONE',  ( 0.2411547686014981762, 35.96632531863792792, 29.79790713491512122 ) ) ;
#100 = DIRECTION ( 'NONE',  ( -0.4999999999999999445, 0.8660254037844387076, 0.000000000000000000 ) ) ;
#101 = CARTESIAN_POINT ( 'NONE',  ( 11.11815768383556247, 16.99700803851447972, 10.20270461514643046 ) ) ;
#102 = CARTESIAN_POINT ( 'NONE',  ( -11.65774612348776351, 15.91709367580440571, 28.45659066175613816 ) ) ;
#103 = CARTESIAN_POINT ( 'NONE',  ( -12.25526021752307138, 17.96253639434857163, 11.99999999999999822 ) ) ;
#104 = CARTESIAN_POINT ( 'NONE',  ( -0.3477067659186199311, 36.66476963579664528, 10.77809928227916281 ) ) ;
#105 = CARTESIAN_POINT ( 'NONE',  ( -0.6324543930912192025, 34.56983039012322934, 30.00000000000000000 ) ) ;
#106 = ORIENTED_EDGE ( 'NONE', *, *, #2232, .F. ) ;
#107 = CARTESIAN_POINT ( 'NONE',  ( 10.48906163205054476, 17.08894768162146605, 29.98080385106699453 ) ) ;
#108 = FACE_OUTER_BOUND ( 'NONE', #4493, .T. ) ;
#109 = CARTESIAN_POINT ( 'NONE',  ( -9.603605579956280280, 17.03844213684310915, 30.00000000000000000 ) ) ;
#110 = CARTESIAN_POINT ( 'NONE',  ( 12.15931687436281017, 16.60450387933133243, 12.00000000000000000 ) ) ;
#111 = CARTESIAN_POINT ( 'NONE',  ( 0.0006379209085110161374, 35.11281269567290053, 30.00000000000000000 ) ) ;
#112 = CARTESIAN_POINT ( 'NONE',  ( -0.3362296122792475250, 37.01746907653778607, 11.47985607353390591 ) ) ;
#113 = CARTESIAN_POINT ( 'NONE',  ( 11.66987298107779480, 19.50000000000000000, 27.99999999999999645 ) ) ;
#114 = CARTESIAN_POINT ( 'NONE',  ( -0.002263813862806282953, 35.12907827465349442, 30.00000000000000000 ) ) ;
#115 = CARTESIAN_POINT ( 'NONE',  ( 11.52388109740001987, 16.13589440647177753, 10.94185282907797863 ) ) ;
#116 = CARTESIAN_POINT ( 'NONE',  ( 10.73244436024986648, 16.83921382414947132, 10.10462757550557278 ) ) ;
#117 = CARTESIAN_POINT ( 'NONE',  ( 11.86187364454823268, 16.07060977343080310, 28.00000000000000000 ) ) ;
#118 = CARTESIAN_POINT ( 'NONE',  ( 10.97579833695072438, 15.36758417944613697, 28.00000000000000000 ) ) ;
#119 = CARTESIAN_POINT ( 'NONE',  ( 0.4568046813887965407, 37.06245281681172798, 28.13213694291669498 ) ) ;
#120 = CARTESIAN_POINT ( 'NONE',  ( 11.73477617139415585, 15.93840804237119713, 11.73724728526872418 ) ) ;
#121 = CARTESIAN_POINT ( 'NONE',  ( -10.68847213777531024, 17.09361306533492098, 10.05128895526444488 ) ) ;
#122 = APPLICATION_PROTOCOL_DEFINITION ( 'draft international standard', 'automotive_design', 1998, #3585 ) ;
#123 = CARTESIAN_POINT ( 'NONE',  ( 0.002218830002128059642, 35.11259197477794203, 30.00000000000000355 ) ) ;
#124 = CARTESIAN_POINT ( 'NONE',  ( 0.9876341980665716003, 36.87778897050487359, 12.00000000000000000 ) ) ;
#125 = CARTESIAN_POINT ( 'NONE',  ( 9.562157139985284715, 15.01844832411708275, 11.99999999999998046 ) ) ;
#126 = SURFACE_SIDE_STYLE ('',( #75 ) ) ;
#127 = CARTESIAN_POINT ( 'NONE',  ( -12.25843080935157481, 16.95970255502473378, 12.00000000000000000 ) ) ;
#128 = CARTESIAN_POINT ( 'NONE',  ( -1.722879967337155316, 36.35378985325829859, 30.00000000000000000 ) ) ;
#129 = ORIENTED_EDGE ( 'NONE', *, *, #996, .T. ) ;
#130 = CARTESIAN_POINT ( 'NONE',  ( 10.43578982378237008, 17.20134427625639262, 29.99467940520937503 ) ) ;
#131 = CARTESIAN_POINT ( 'NONE',  ( -12.29739271488309171, 17.27756104259557191, 30.00000000000000000 ) ) ;
#132 = CARTESIAN_POINT ( 'NONE',  ( 11.38839395999501569, 16.78181840545664727, 10.40965622616527497 ) ) ;
#133 = CARTESIAN_POINT ( 'NONE',  ( -9.915869995042637441, 17.10581910013349471, 30.00000000000000000 ) ) ;
#134 = CARTESIAN_POINT ( 'NONE',  ( 12.21861250420193024, 16.78875950693173991, 27.99999999990995647 ) ) ;
#135 = CARTESIAN_POINT ( 'NONE',  ( -10.47817948210835404, 17.25133278322855546, 29.99006364177862238 ) ) ;
#136 = CARTESIAN_POINT ( 'NONE',  ( 0.4327027705647729650, 36.95920042552194218, 11.35443891908104241 ) ) ;
#137 = CARTESIAN_POINT ( 'NONE',  ( 9.937822173508928714, 18.49999999999998224, 30.00000000000000000 ) ) ;
#138 = CARTESIAN_POINT ( 'NONE',  ( 0.1188051196901495354, 35.61662917141263307, 29.93321772420939553 ) ) ;
#139 = CARTESIAN_POINT ( 'NONE',  ( 0.08036202072969550469, 35.39572645495667302, 29.98080385106698031 ) ) ;
#140 = CARTESIAN_POINT ( 'NONE',  ( 9.353125559840890446, 15.00000000000000888, 12.00000000000000000 ) ) ;
#141 = CARTESIAN_POINT ( 'NONE',  ( -0.1694111139466710492, 37.10749699795635337, 27.99999999990996713 ) ) ;
#142 = B_SPLINE_CURVE_WITH_KNOTS ( 'NONE', 3,
 ( #2656, #2366, #918, #3824, #181, #469, #2679, #874 ),
 .UNSPECIFIED., .F., .F.,
 ( 4, 2, 2, 4 ),
 ( 0.000000000000000000, 0.4968292217892518736, 0.8871986279220296367, 1.000000000000000000 ),
 .UNSPECIFIED. ) ;
#143 = CARTESIAN_POINT ( 'NONE',  ( 11.92152825707326258, 16.23988115099895069, 28.45591314404800087 ) ) ;
#144 = CARTESIAN_POINT ( 'NONE',  ( -10.32858101755848601, 17.27798881377912465, 10.00041484615769782 ) ) ;
#145 = CARTESIAN_POINT ( 'NONE',  ( 0.2767648605214179658, 37.09365957277730530, 28.00000000000000711 ) ) ;
#146 = CARTESIAN_POINT ( 'NONE',  ( -12.12113443178796324, 16.83369826851210149, 11.35423647028774319 ) ) ;
#147 = CARTESIAN_POINT ( 'NONE',  ( 0.2941418459211427860, 37.09118195505441662, 12.00000000000001243 ) ) ;
#148 = CARTESIAN_POINT ( 'NONE',  ( -11.69416967405283181, 15.88039787944818215, 28.13208924084954532 ) ) ;
#149 = CARTESIAN_POINT ( 'NONE',  ( -12.21629208148482526, 16.77877179731672896, 11.99999999999998934 ) ) ;
#150 = CARTESIAN_POINT ( 'NONE',  ( -0.4273311170745050513, 34.81573239939461217, 29.99999999999999289 ) ) ;
#151 = ORIENTED_EDGE ( 'NONE', *, *, #1304, .T. ) ;
#152 = CARTESIAN_POINT ( 'NONE',  ( 10.61491628149522093, 16.98860540572140820, 29.94902952042506072 ) ) ;
#153 = CARTESIAN_POINT ( 'NONE',  ( -12.25934239167894368, 16.96453593118708980, 30.00000000000000000 ) ) ;
#154 = B_SPLINE_CURVE_WITH_KNOTS ( 'NONE', 3,
 ( #4014, #693, #2902, #2569, #3570, #1834, #4676, #741, #2171, #3258, #364, #4654 ),
 .UNSPECIFIED., .F., .F.,
 ( 4, 2, 2, 2, 2, 4 ),
 ( -6.000000000263953459E-08, 0.0003514718060976740267, 0.0007030036121953506245, 0.001406067224390719541, 0.002109130836586088457, 0.002812194448781457374 ),
 .UNSPECIFIED. ) ;
#155 = CARTESIAN_POINT ( 'NONE',  ( 11.43062266222514545, 16.88331339355086058, 10.40920862535709013 ) ) ;
#156 = CARTESIAN_POINT ( 'NONE',  ( -11.74650227337370900, 15.93494411924233134, 28.00000000000000355 ) ) ;
#157 = CARTESIAN_POINT ( 'NONE',  ( 10.28621814471760842, 17.30568562998515603, 10.00000000000001599 ) ) ;
#158 = CARTESIAN_POINT ( 'NONE',  ( -10.70544150134928252, 17.19355979317736782, 29.95254362299333550 ) ) ;
#159 = CARTESIAN_POINT ( 'NONE',  ( -0.1581961345568178579, 36.98018688169493373, 11.29403281417982186 ) ) ;
#160 = CARTESIAN_POINT ( 'NONE',  ( 10.13022286592957322, 18.11921283664175064, 30.00000000000000000 ) ) ;
#161 = CARTESIAN_POINT ( 'NONE',  ( 0.005116085240225633907, 35.12870418028818165, 30.00000000000000000 ) ) ;
#162 = CARTESIAN_POINT ( 'NONE',  ( 10.28236611113898391, 17.29535179841872150, 30.00000000000000000 ) ) ;
#163 = CARTESIAN_POINT ( 'NONE',  ( 11.85791524687199150, 16.05801424916988651, 12.00000000000000000 ) ) ;
#164 = CARTESIAN_POINT ( 'NONE',  ( 0.5249673654588379312, 36.97347985395526848, 28.52065158755369723 ) ) ;
#165 = CARTESIAN_POINT ( 'NONE',  ( 11.97205560549320680, 16.68598828841361481, 28.88543874441034731 ) ) ;
#166 = CARTESIAN_POINT ( 'NONE',  ( -11.34591426945484116, 16.23125629958636296, 29.32286357355429374 ) ) ;
#167 = CARTESIAN_POINT ( 'NONE',  ( 0.001647231071435806358, 35.11267177540636197, 30.00000000000000355 ) ) ;
#168 = CARTESIAN_POINT ( 'NONE',  ( -12.17375233951890046, 16.82032287401700188, 11.54340557961817026 ) ) ;
#169 = CARTESIAN_POINT ( 'NONE',  ( 0.2795369544779321425, 37.09327208715958335, 9.999999999999996447 ) ) ;
#170 = CARTESIAN_POINT ( 'NONE',  ( -11.88360205686240612, 16.48215701742008932, 28.88490223891259845 ) ) ;
#171 = CARTESIAN_POINT ( 'NONE',  ( -12.18112257413803334, 16.66490059193916906, 12.00000000000000000 ) ) ;
#172 = CARTESIAN_POINT ( 'NONE',  ( -0.7626608854150014327, 36.96707161784286200, 30.00000000000000000 ) ) ;
#173 = VERTEX_POINT ( 'NONE', #3635 ) ;
#174 = CARTESIAN_POINT ( 'NONE',  ( 10.56810836263808362, 17.22443077424841462, 29.98079450342244456 ) ) ;
#175 = CARTESIAN_POINT ( 'NONE',  ( -12.27365937060819689, 17.83955191941036844, 30.00000000000000355 ) ) ;
#176 = PRODUCT_DEFINITION_CONTEXT ( 'detailed design', #3585, 'design' ) ;
#177 = CARTESIAN_POINT ( 'NONE',  ( -9.230558285190996415, 14.99999998783744282, 30.00000000000000000 ) ) ;
#178 = CARTESIAN_POINT ( 'NONE',  ( 10.28703156977421429, 17.30809980423705241, 10.00000000000001599 ) ) ;
#179 = CARTESIAN_POINT ( 'NONE',  ( 9.071796769724482346, 15.00000000000000178, 27.99999999999999645 ) ) ;
#180 = CARTESIAN_POINT ( 'NONE',  ( -0.07851135698758926473, 37.10042801458757822, 11.73750610977141839 ) ) ;
#181 = CARTESIAN_POINT ( 'NONE',  ( 0.2887497554325191840, 37.09665517568006265, 27.99999999990996358 ) ) ;
#182 = CARTESIAN_POINT ( 'NONE',  ( -0.002784027747727979476, 35.11225160498990761, 10.00000000000000000 ) ) ;
#183 = CARTESIAN_POINT ( 'NONE',  ( 11.68049140026598742, 15.86643815954198722, 27.99999999999999645 ) ) ;
#184 = CARTESIAN_POINT ( 'NONE',  ( 0.1022646882380597311, 37.11225386042429619, 27.99999999990997068 ) ) ;
#185 = CARTESIAN_POINT ( 'NONE',  ( 11.82072658780968233, 16.89378648449376996, 29.22226541930646704 ) ) ;
#186 = PLANE ( 'NONE',  #4305 ) ;
#187 = APPLICATION_PROTOCOL_DEFINITION ( 'draft international standard', 'automotive_design', 1998, #3837 ) ;
#188 = CARTESIAN_POINT ( 'NONE',  ( 0.06732207690717080528, 36.43390994236636260, 10.49420692885708029 ) ) ;
#189 = CARTESIAN_POINT ( 'NONE',  ( 1.380020517909820388, 36.62734535495092558, 29.99999999999999289 ) ) ;
#190 = CARTESIAN_POINT ( 'NONE',  ( -11.75833827314083457, 16.27377824534363882, 11.11501655309274916 ) ) ;
#191 = CIRCLE ( 'NONE', #1779, 1.999999999999999778 ) ;
#192 = CARTESIAN_POINT ( 'NONE',  ( 11.52218975385772382, 15.73534088700132116, 9.999999999999989342 ) ) ;
#193 = CARTESIAN_POINT ( 'NONE',  ( -11.61949997926058842, 15.95562568869711129, 28.64575825029271172 ) ) ;
#194 = CARTESIAN_POINT ( 'NONE',  ( -12.19722071601966995, 16.71449860425537182, 11.99999999999998046 ) ) ;
#195 = CARTESIAN_POINT ( 'NONE',  ( -0.3214453466653546254, 37.08670845291481299, 30.00000000000002487 ) ) ;
#196 = EDGE_LOOP ( 'NONE', ( #483, #2539, #1853, #2543, #129, #911, #2359, #4441 ) ) ;
#197 = CARTESIAN_POINT ( 'NONE',  ( 10.32773091344538230, 17.27647527291417617, 10.00041461069628390 ) ) ;
#198 = CARTESIAN_POINT ( 'NONE',  ( 10.71833146410164161, 17.01869369904579443, 29.93283819923356859 ) ) ;
#199 = CARTESIAN_POINT ( 'NONE',  ( -12.29547535653649604, 17.62686700477386381, 27.99999999999998579 ) ) ;
#200 = CARTESIAN_POINT ( 'NONE',  ( -10.28289106346618453, 17.29852495485829422, 30.00000000000000000 ) ) ;
#201 = CARTESIAN_POINT ( 'NONE',  ( 12.30135699521802195, 17.30209338737420666, 9.999999999999936051 ) ) ;
#202 = CARTESIAN_POINT ( 'NONE',  ( -0.02653468184327275117, 35.21274015005681690, 10.00265483334935723 ) ) ;
#203 = CARTESIAN_POINT ( 'NONE',  ( -0.1694162000194310846, 37.10749659720015359, 11.86791037379065727 ) ) ;
#204 = CARTESIAN_POINT ( 'NONE',  ( -0.3508510083152914238, 37.08926953081522271, 11.99999999998544631 ) ) ;
#205 = CARTESIAN_POINT ( 'NONE',  ( -0.3881339725183026723, 37.07486630381150405, 10.00000000000001243 ) ) ;
#206 = CARTESIAN_POINT ( 'NONE',  ( 10.17857936193087021, 15.10432285903776162, 12.00000000000000000 ) ) ;
#207 = CARTESIAN_POINT ( 'NONE',  ( -0.5210418983023978878, 37.03114952514538771, 28.26275016499519310 ) ) ;
#208 = CARTESIAN_POINT ( 'NONE',  ( 11.69198813727182085, 16.55974310642596947, 29.22070708655746074 ) ) ;
#209 = CARTESIAN_POINT ( 'NONE',  ( -10.60413691175727280, 16.97857803064887250, 29.94913795864850670 ) ) ;
#210 = ITEM_DEFINED_TRANSFORMATION ( 'NONE', 'NONE', #1559,  #3683 ) ;
#211 = CARTESIAN_POINT ( 'NONE',  ( 11.46259323364740190, 16.98832402966694133, 10.40838738668536934 ) ) ;
#212 = CARTESIAN_POINT ( 'NONE',  ( -0.04826747093911261388, 36.33161912066762511, 10.40975818160456789 ) ) ;
#213 = CARTESIAN_POINT ( 'NONE',  ( 2.475800265399243028, 35.41861655085598670, 30.00000000000075673 ) ) ;
#214 = CARTESIAN_POINT ( 'NONE',  ( -11.60587282412609866, 16.08373576625001533, 11.11403017183696917 ) ) ;
#215 = CARTESIAN_POINT ( 'NONE',  ( 11.59991259587338774, 15.79779527414562779, 10.00000000000001066 ) ) ;
#216 = CARTESIAN_POINT ( 'NONE',  ( -12.12113441391295154, 16.83369836989432855, 28.64576365720796147 ) ) ;
#217 = CARTESIAN_POINT ( 'NONE',  ( -10.29901447075264187, 17.37475250799987592, 9.999999999999992895 ) ) ;
#218 = CARTESIAN_POINT ( 'NONE',  ( -0.004039515138131638539, 35.11203698049403243, 30.00000000000000000 ) ) ;
#219 = EDGE_LOOP ( 'NONE', ( #22, #4515, #819, #3472, #1665, #760, #3030, #307 ) ) ;
#220 = CARTESIAN_POINT ( 'NONE',  ( 10.32000253735109929, 17.26555078205312910, 10.00040634500634695 ) ) ;
#221 = CARTESIAN_POINT ( 'NONE',  ( -11.40637910041128400, 16.17030974164545398, 10.78737183699019297 ) ) ;
#222 = CARTESIAN_POINT ( 'NONE',  ( -12.23111332056272538, 16.83546783473662600, 29.99999999999998934 ) ) ;
#223 = LINE ( 'NONE', #4611, #2542 ) ;
#224 = CARTESIAN_POINT ( 'NONE',  ( 10.24039544833022397, 17.81947108354840736, 10.00000000000000000 ) ) ;
#225 = CARTESIAN_POINT ( 'NONE',  ( 11.94088741773532192, 16.17059813046644123, 27.99999999990995647 ) ) ;
#226 = CARTESIAN_POINT ( 'NONE',  ( 12.30282235248016320, 17.40580105143040512, 30.00000000000000000 ) ) ;
#227 = CARTESIAN_POINT ( 'NONE',  ( -0.4282676163866168118, 37.06678884177983235, 12.00000000000000355 ) ) ;
#228 = CARTESIAN_POINT ( 'NONE',  ( 10.28263996310183614, 17.29781762246281929, 29.99999999999999645 ) ) ;
#229 = CARTESIAN_POINT ( 'NONE',  ( 0.6399674960923679157, 34.57279057160537405, 10.00000000000000000 ) ) ;
#230 = CARTESIAN_POINT ( 'NONE',  ( 0.4707644710616629147, 36.78113218678359431, 29.00167907809086287 ) ) ;
#231 = CARTESIAN_POINT ( 'NONE',  ( 11.61430024605730082, 16.05128145764212277, 28.82709379685174511 ) ) ;
#232 = CARTESIAN_POINT ( 'NONE',  ( -12.29451418784139527, 17.73773781271840022, 28.00000000000000711 ) ) ;
#233 = CARTESIAN_POINT ( 'NONE',  ( 12.26177244321321780, 17.96287037316005097, 11.99999999999999822 ) ) ;
#234 = CARTESIAN_POINT ( 'NONE',  ( -0.1541899189688173410, 35.80131814599005935, 10.12715873781627174 ) ) ;
#235 = CARTESIAN_POINT ( 'NONE',  ( 1.904389971958583505, 36.16253799001002278, 28.00000000000001421 ) ) ;
#236 = CARTESIAN_POINT ( 'NONE',  ( -11.80714233622141940, 16.84035310759513138, 10.77805771732700357 ) ) ;
#237 = CARTESIAN_POINT ( 'NONE',  ( 10.26019616220422748, 17.27555664661025148, 10.00000000000000711 ) ) ;
#238 = EDGE_CURVE ( 'NONE', #2875, #2167, #1018, .T. ) ;
#239 = SHAPE_REPRESENTATION ( 'triangle_collision', ( #1328, #1559 ), #3382 ) ;
#240 = CARTESIAN_POINT ( 'NONE',  ( -11.53524336086292834, 16.14861484737490116, 29.05810873088192636 ) ) ;
#241 = CARTESIAN_POINT ( 'NONE',  ( -10.28516675508033451, 17.30207242013032598, 10.00000000000000178 ) ) ;
#242 = CARTESIAN_POINT ( 'NONE',  ( -0.3254465045409619117, 37.08605265743202040, 30.00000000000000000 ) ) ;
#243 = ORIENTED_EDGE ( 'NONE', *, *, #1677, .T. ) ;
#244 = CARTESIAN_POINT ( 'NONE',  ( 10.29543527100882550, 17.28762159644511698, 10.00000000000000000 ) ) ;
#245 = CARTESIAN_POINT ( 'NONE',  ( -11.34423236115366684, 16.23293746812646177, 10.68058538251170297 ) ) ;
#246 = CARTESIAN_POINT ( 'NONE',  ( -10.28289192876587244, 17.29852616780454255, 10.00000000000000000 ) ) ;
#247 = CARTESIAN_POINT ( 'NONE',  ( 2.557439934995884734, 35.28145553886189845, 9.999999999999998224 ) ) ;
#248 = CARTESIAN_POINT ( 'NONE',  ( 12.09481460887577420, 16.82143751396586495, 28.70709231019427321 ) ) ;
#249 = CARTESIAN_POINT ( 'NONE',  ( 12.30283627727431117, 17.40632243021300951, 12.00000000000000000 ) ) ;
#250 = CARTESIAN_POINT ( 'NONE',  ( -0.03489905267577968206, 35.24350425502102979, 10.00454108403528153 ) ) ;
#251 = CARTESIAN_POINT ( 'NONE',  ( -0.4510606176065515283, 37.06169875632863864, 11.99999999999999645 ) ) ;
#252 = CARTESIAN_POINT ( 'NONE',  ( 10.27151007160508911, 17.28587521400174509, 30.00000000000000000 ) ) ;
#253 = CARTESIAN_POINT ( 'NONE',  ( 0.7598739276970271073, 34.39667267098385395, 10.00000000000000178 ) ) ;
#254 = CARTESIAN_POINT ( 'NONE',  ( -0.3121618949316057323, 36.88151660637388574, 28.88543874455932681 ) ) ;
#255 = EDGE_CURVE ( 'NONE', #3199, #3590, #3080, .T. ) ;
#256 = CARTESIAN_POINT ( 'NONE',  ( -10.64877074711478322, 16.93361058218580339, 29.93334607539948777 ) ) ;
#257 = FACE_OUTER_BOUND ( 'NONE', #196, .T. ) ;
#258 = CARTESIAN_POINT ( 'NONE',  ( 0.09598006309655517099, 35.62136962993336908, 10.06693662266255984 ) ) ;
#259 = CARTESIAN_POINT ( 'NONE',  ( 1.380020517909822830, 36.62734535495094690, 28.00000000000000000 ) ) ;
#260 = CARTESIAN_POINT ( 'NONE',  ( -11.40426671949067661, 16.17245994923740682, 10.77773433381797297 ) ) ;
#261 = CARTESIAN_POINT ( 'NONE',  ( 11.24371751670637209, 15.52562337233058720, 12.00000000000000178 ) ) ;
#262 = CARTESIAN_POINT ( 'NONE',  ( -11.60587684185216162, 16.08374010509542984, 28.88596968842915658 ) ) ;
#263 = CARTESIAN_POINT ( 'NONE',  ( -11.78482523606700560, 19.29413490357686456, 12.00000000000000888 ) ) ;
#264 = CARTESIAN_POINT ( 'NONE',  ( -0.3188270847467245539, 37.08713754242696581, 30.00000000000000000 ) ) ;
#265 = EDGE_LOOP ( 'NONE', ( #4311, #2978, #1419, #283 ) ) ;
#266 = CARTESIAN_POINT ( 'NONE',  ( 10.56049453710628860, 17.19927851141220287, 10.01934855830448967 ) ) ;
#267 = CARTESIAN_POINT ( 'NONE',  ( 10.28391317934107363, 17.29944765700217246, 29.99999999999999645 ) ) ;
#268 = CARTESIAN_POINT ( 'NONE',  ( -10.28194933568894598, 17.29737850387406084, 9.999999999999994671 ) ) ;
#269 = CARTESIAN_POINT ( 'NONE',  ( 0.4442924493184123858, 34.79510398457528453, 10.00000000000001954 ) ) ;
#270 = VECTOR ( 'NONE', #3856, 1000.000000000000000 ) ;
#271 = CARTESIAN_POINT ( 'NONE',  ( 12.11612846292518064, 16.81581145489017359, 28.64575825029270462 ) ) ;
#272 = CARTESIAN_POINT ( 'NONE',  ( 0.2057717881003464089, 35.84075828266680475, 10.14813661021103108 ) ) ;
#273 = CARTESIAN_POINT ( 'NONE',  ( -0.1295605531517885767, 35.59163545757258618, 10.06211770910135961 ) ) ;
#274 = CARTESIAN_POINT ( 'NONE',  ( -0.8241534243804929938, 36.94206412643171689, 12.00000000000000533 ) ) ;
#275 = CARTESIAN_POINT ( 'NONE',  ( 11.85971817246639048, 16.06784645857488769, 28.00000000000001421 ) ) ;
#276 = CARTESIAN_POINT ( 'NONE',  ( -2.598076211353320009, 35.21281292110202088, 12.00000000000000000 ) ) ;
#277 = CARTESIAN_POINT ( 'NONE',  ( 0.4163880243733495412, 36.88904479211130649, 28.82709379690176377 ) ) ;
#278 = CARTESIAN_POINT ( 'NONE',  ( 10.29942442158639970, 17.51176745460058370, 10.00000000000000178 ) ) ;
#279 = CARTESIAN_POINT ( 'NONE',  ( -12.14666500230452328, 16.55814349625210724, 27.99999999999999645 ) ) ;
#280 = CARTESIAN_POINT ( 'NONE',  ( 0.06788043151328132518, 35.81504767189781546, 10.12762206931654241 ) ) ;
#281 = CARTESIAN_POINT ( 'NONE',  ( 1.202041947530541499, 36.74693354259512290, 28.00000000000000355 ) ) ;
#282 = CARTESIAN_POINT ( 'NONE',  ( -12.02430140244037382, 16.85831308167233189, 11.11371996658798267 ) ) ;
#283 = ORIENTED_EDGE ( 'NONE', *, *, #2920, .T. ) ;
#284 = CARTESIAN_POINT ( 'NONE',  ( 11.00955035051276809, 15.39614463271088063, 11.99999999999999822 ) ) ;
#285 = CARTESIAN_POINT ( 'NONE',  ( -11.18169666829240327, 16.47380192250538755, 29.59126119101928509 ) ) ;
#286 = CARTESIAN_POINT ( 'NONE',  ( 9.071796769724482346, 15.00000000000000355, 12.00000000000000000 ) ) ;
#287 = DIRECTION ( 'NONE',  ( -0.4999999999999999445, -0.8660254037844387076, 0.000000000000000000 ) ) ;
#288 = ORIENTED_EDGE ( 'NONE', *, *, #238, .T. ) ;
#289 = CARTESIAN_POINT ( 'NONE',  ( 10.69500679879415017, 17.10706628961289155, 10.05126576194792598 ) ) ;
#290 = CARTESIAN_POINT ( 'NONE',  ( -10.65510887786908079, 16.92724891805445964, 10.06991022497166632 ) ) ;
#291 = CARTESIAN_POINT ( 'NONE',  ( -11.83133966762339284, 16.03270189113512600, 12.00000000000000000 ) ) ;
#292 = CARTESIAN_POINT ( 'NONE',  ( 12.17131947266995518, 16.61561758128864952, 11.99999999998544631 ) ) ;
#293 = CARTESIAN_POINT ( 'NONE',  ( -10.28248820363707772, 17.29803248953478700, 30.00000000000000000 ) ) ;
#294 = CARTESIAN_POINT ( 'NONE',  ( -10.90921670141042199, 17.14172693163047967, 10.10187648873501765 ) ) ;
#295 = CARTESIAN_POINT ( 'NONE',  ( 12.17131757080195165, 16.61561293743944034, 27.99999999990995647 ) ) ;
#296 = CARTESIAN_POINT ( 'NONE',  ( -0.04399615582408390041, 35.10027442125036856, 10.00000000000000000 ) ) ;
#297 = ADVANCED_FACE ( 'NONE', ( #2893 ), #2869, .T. ) ;
#298 = CARTESIAN_POINT ( 'NONE',  ( 11.82946497545943920, 16.02995609643706132, 29.99999999999998934 ) ) ;
#299 = CARTESIAN_POINT ( 'NONE',  ( 11.29316881820309959, 16.26386382278197829, 29.38276973765786693 ) ) ;
#300 = B_SPLINE_SURFACE_WITH_KNOTS ( 'NONE', 3, 1, ( 
 ( #1120, #53 ),
 ( #1500, #319 ),
 ( #1453, #2927 ),
 ( #3989, #2571 ),
 ( #3668, #4300 ),
 ( #767, #2478 ),
 ( #2220, #2499 ),
 ( #3210, #1860 ),
 ( #719, #3235 ),
 ( #3645, #4704 ),
 ( #388, #1836 ),
 ( #4347, #4394 ),
 ( #4678, #1430 ),
 ( #2123, #1075 ),
 ( #4322, #3285 ),
 ( #3308, #673 ),
 ( #2524, #3572 ),
 ( #1053, #695 ),
 ( #2148, #2173 ),
 ( #3622, #366 ) ),
 .UNSPECIFIED., .F., .F., .F.,
 ( 4, 2, 2, 2, 2, 2, 2, 2, 2, 4 ),
 ( 2, 2 ),
 ( 0.000000000000000000, 0.1250000000000007216, 0.2500000000000014433, 0.3750000000000021649, 0.4375000000000018874, 0.5000000000000016653, 0.6250000000000012212, 0.7500000000000008882, 0.8750000000000004441, 1.000000000000000000 ),
 ( 0.000000000000000000, 1.000000000000000000 ),
 .UNSPECIFIED. ) ;
#301 = CARTESIAN_POINT ( 'NONE',  ( 0.1716429980227930918, 36.90087507855130156, 28.88502912839336290 ) ) ;
#302 = B_SPLINE_CURVE_WITH_KNOTS ( 'NONE', 3,
 ( #1180, #3589, #42, #4315, #3349, #1510, #687, #2231, #2637, #424, #1754, #4103 ),
 .UNSPECIFIED., .F., .F.,
 ( 4, 2, 2, 2, 2, 4 ),
 ( -5.999999999862728510E-08, 0.0003514718060976268640, 0.0007030036121952522874, 0.001406067224390502701, 0.002109130836585752788, 0.002812194448781003310 ),
 .UNSPECIFIED. ) ;
#303 = CARTESIAN_POINT ( 'NONE',  ( 0.03606975231212008332, 35.81732484561493379, 10.12769281289297396 ) ) ;
#304 = CARTESIAN_POINT ( 'NONE',  ( -9.284726975362737278, 17.00408616558031127, 10.00000000000000000 ) ) ;
#305 = CARTESIAN_POINT ( 'NONE',  ( 11.91413722518830909, 16.13747363255846778, 27.99999999990995647 ) ) ;
#306 = CARTESIAN_POINT ( 'NONE',  ( -11.72783937929311371, 16.86443200792280805, 10.67746565504782197 ) ) ;
#307 = ORIENTED_EDGE ( 'NONE', *, *, #3269, .T. ) ;
#308 = CARTESIAN_POINT ( 'NONE',  ( 11.85444737948261995, 16.05996465110715832, 10.00000000000005151 ) ) ;
#309 = CARTESIAN_POINT ( 'NONE',  ( -11.70654625764791312, 16.79964131612377898, 29.32200197036562628 ) ) ;
#310 = CARTESIAN_POINT ( 'NONE',  ( -12.14181139961296019, 16.55849276337040976, 9.999999999999998224 ) ) ;
#311 = CARTESIAN_POINT ( 'NONE',  ( 9.657658416566020421, 15.02831068901604006, 11.99999999999999822 ) ) ;
#312 = CARTESIAN_POINT ( 'NONE',  ( -0.003237330387918545879, 35.11335378759120829, 30.00000000000001776 ) ) ;
#313 = CARTESIAN_POINT ( 'NONE',  ( -0.3511157678188044362, 36.40630488879196491, 29.48527135518012443 ) ) ;
#314 = CARTESIAN_POINT ( 'NONE',  ( -10.59024162166221039, 16.99258341378811821, 10.04739136403308386 ) ) ;
#315 = CARTESIAN_POINT ( 'NONE',  ( -11.70924760432443534, 19.43180115200794944, 27.99999999999999645 ) ) ;
#316 = CARTESIAN_POINT ( 'NONE',  ( -10.30055261179615300, 17.29648503019288341, 30.00000000000000000 ) ) ;
#317 = CARTESIAN_POINT ( 'NONE',  ( -2.598076211353320009, 35.21281292110202088, 27.99999999999999645 ) ) ;
#318 = CARTESIAN_POINT ( 'NONE',  ( -11.83418276902186150, 16.90658894936784051, 10.76930808801897577 ) ) ;
#319 = CARTESIAN_POINT ( 'NONE',  ( 2.457411816295109741, 35.45645080015876971, 12.00000000000000000 ) ) ;
#320 = EDGE_CURVE ( 'NONE', #3696, #622, #1666, .T. ) ;
#321 = B_SPLINE_CURVE_WITH_KNOTS ( 'NONE', 3,
 ( #4638, #677, #1411, #2481, #945, #2105, #2391, #1035, #2459, #299, #655, #3553, #4684, #3193, #4304, #1386, #3853, #1843, #2933, #35, #442, #4352, #1820, #2179, #700, #3266, #1530, #12, #3340, #2602, #1891, #3629, #85, #1079, #4328, #4047, #1459, #1435, #3997, #418, #3703, #1058, #371, #798, #3968, #2530, #4073 ),
 .UNSPECIFIED., .F., .F.,
 ( 4, 2, 2, 2, 1, 1, 1, 2, 2, 2, 2, 1, 1, 1, 2, 2, 2, 2, 1, 1, 2, 2, 2, 1, 1, 1, 2, 2, 4 ),
 ( 0.000000000000000000, 0.2500000000000301426, 0.3750000000000441869, 0.4375000000000497380, 0.4687500000000526246, 0.4843750000000540679, 0.4921875000000542899, 0.4960937500000529021, 0.5000000000000514033, 0.6250000000000450751, 0.6875000000000414113, 0.7187500000000377476, 0.7343750000000350830, 0.7421875000000344169, 0.7460937500000348610, 0.7500000000000353051, 0.8125000000000320854, 0.8437500000000288658, 0.8593750000000266454, 0.8671875000000244249, 0.8710937500000233147, 0.8750000000000222045, 0.9062500000000155431, 0.9218750000000129896, 0.9296875000000128786, 0.9335937500000127676, 0.9355468750000115463, 0.9375000000000103251, 1.000000000000000000 ),
 .UNSPECIFIED. ) ;
#322 = CARTESIAN_POINT ( 'NONE',  ( -1.874868101930776243, 36.19858670278625112, 12.00000000000000355 ) ) ;
#323 = CARTESIAN_POINT ( 'NONE',  ( -10.45517770379576739, 17.24052207552929872, 29.99472511525011598 ) ) ;
#324 = CARTESIAN_POINT ( 'NONE',  ( 11.00677871598631086, 15.39477894779784251, 27.99999999999999645 ) ) ;
#325 = CARTESIAN_POINT ( 'NONE',  ( 0.1006045117278311918, 35.07461510827540252, 10.00000000000000000 ) ) ;
#326 = CARTESIAN_POINT ( 'NONE',  ( 0.4950930841682538164, 36.86746617371584023, 28.82735648325390443 ) ) ;
#327 = CARTESIAN_POINT ( 'NONE',  ( 10.66114667023290785, 16.94520217218521907, 10.06678238327832098 ) ) ;
#328 = CARTESIAN_POINT ( 'NONE',  ( 0.06781835536404261233, 35.39925286217214762, 10.01926502504547045 ) ) ;
#329 = CARTESIAN_POINT ( 'NONE',  ( -11.74648496106894768, 15.93492873842243007, 9.999999999999994671 ) ) ;
#330 = CARTESIAN_POINT ( 'NONE',  ( -0.7597277608189105802, 34.39692583944314919, 10.00000000000000178 ) ) ;
#331 = CARTESIAN_POINT ( 'NONE',  ( -11.07419781204787235, 16.89616465094425735, 10.20308699029104638 ) ) ;
#332 = CARTESIAN_POINT ( 'NONE',  ( 11.82581217094983650, 16.02436503252242517, 9.999999999999994671 ) ) ;
#333 = CARTESIAN_POINT ( 'NONE',  ( -11.24420800922810848, 17.01074128088642468, 29.73628646845169499 ) ) ;
#334 = CARTESIAN_POINT ( 'NONE',  ( 11.68049140026598742, 15.86643815954198722, 27.99999999999999645 ) ) ;
#335 = CARTESIAN_POINT ( 'NONE',  ( -10.28455110024960817, 17.30055256842695499, 30.00000000000000000 ) ) ;
#336 = ORIENTED_EDGE ( 'NONE', *, *, #2516, .T. ) ;
#337 = CARTESIAN_POINT ( 'NONE',  ( -0.3699059581322393098, 36.47538787578994146, 29.41730002786106368 ) ) ;
#338 = CARTESIAN_POINT ( 'NONE',  ( 0.9853762964750150122, 36.86835600311501793, 9.999999999999996447 ) ) ;
#339 = CARTESIAN_POINT ( 'NONE',  ( -12.14666500230452328, 16.55814349625210724, 27.99999999990995647 ) ) ;
#340 = CARTESIAN_POINT ( 'NONE',  ( 0.04822833253726778457, 35.28177435507203796, 10.00764703067524586 ) ) ;
#341 = CARTESIAN_POINT ( 'NONE',  ( -0.008004248189234198022, 35.14460765408704646, 10.00026748947670363 ) ) ;
#342 = CARTESIAN_POINT ( 'NONE',  ( 10.81952518187296342, 16.84008379360128060, 29.87263758059638974 ) ) ;
#343 = CARTESIAN_POINT ( 'NONE',  ( -0.09314825764801321073, 35.07865365766090804, 10.00000000000001066 ) ) ;
#344 = VECTOR ( 'NONE', #3, 999.9999999999998863 ) ;
#345 = CARTESIAN_POINT ( 'NONE',  ( -10.33125080760229153, 17.28413601000428201, 29.99959024208247982 ) ) ;
#346 = CARTESIAN_POINT ( 'NONE',  ( 10.90584629298811237, 15.34760124846056328, 28.00000000000000000 ) ) ;
#347 = CARTESIAN_POINT ( 'NONE',  ( -0.02611790658365158516, 35.10842757583331064, 30.00000000000000711 ) ) ;
#348 = CARTESIAN_POINT ( 'NONE',  ( 10.77333659694501478, 16.79725964207553801, 10.12645416670013354 ) ) ;
#349 = CARTESIAN_POINT ( 'NONE',  ( 12.17749014387215745, 16.65510579300692484, 27.99999999999999645 ) ) ;
#350 = CARTESIAN_POINT ( 'NONE',  ( -9.071796769724512544, 17.00000000000000000, 30.00000000000000000 ) ) ;
#351 = CARTESIAN_POINT ( 'NONE',  ( 11.61945157637748416, 16.43569854076662651, 10.77926701365353246 ) ) ;
#352 = CARTESIAN_POINT ( 'NONE',  ( -9.912007327813412871, 15.06202679089363095, 11.99999999999991118 ) ) ;
#353 = CARTESIAN_POINT ( 'NONE',  ( 11.90370394573325896, 16.14505967437992595, 28.26252165117953297 ) ) ;
#354 = CARTESIAN_POINT ( 'NONE',  ( -11.31561573066096393, 16.64879604424160675, 10.40975818203262371 ) ) ;
#355 = ORIENTED_EDGE ( 'NONE', *, *, #3870, .T. ) ;
#356 = CARTESIAN_POINT ( 'NONE',  ( 10.28329912390996093, 17.29866005770128723, 10.00000000000000178 ) ) ;
#357 = CARTESIAN_POINT ( 'NONE',  ( -11.14397313803439182, 17.08208995708427835, 29.79790713491512477 ) ) ;
#358 = CARTESIAN_POINT ( 'NONE',  ( 10.33173643641648809, 17.28682189442137584, 10.00040231597542117 ) ) ;
#359 = FACE_OUTER_BOUND ( 'NONE', #4718, .T. ) ;
#360 = CARTESIAN_POINT ( 'NONE',  ( -0.2936466564249304301, 36.19506364123041209, 29.65784550423312993 ) ) ;
#361 = CARTESIAN_POINT ( 'NONE',  ( 0.3445905525290787197, 36.58079712653346149, 29.32253451586075244 ) ) ;
#362 = CARTESIAN_POINT ( 'NONE',  ( 0.04103795771334829007, 35.10138882477816935, 10.00000000000000533 ) ) ;
#363 = CARTESIAN_POINT ( 'NONE',  ( 11.66689943382239036, 16.00207465616704638, 11.35443891906635194 ) ) ;
#364 = CARTESIAN_POINT ( 'NONE',  ( -0.7578010682580234025, 36.98233781697090450, 28.00000000000001421 ) ) ;
#365 = CARTESIAN_POINT ( 'NONE',  ( 10.10834685157464108, 18.16906540768993850, 10.00000000000000000 ) ) ;
#366 = CARTESIAN_POINT ( 'NONE',  ( -2.598076211353320009, 35.21281292110202799, 12.00000000000000000 ) ) ;
#367 = CARTESIAN_POINT ( 'NONE',  ( -1.335979693223579456, 36.66504278173430720, 10.00000000000000000 ) ) ;
#368 = CARTESIAN_POINT ( 'NONE',  ( -10.31939591351147101, 17.26544730955760443, 29.99959768163678930 ) ) ;
#369 = CARTESIAN_POINT ( 'NONE',  ( -11.87973007847015516, 16.06120807507991444, 27.99999999999999645 ) ) ;
#370 = CARTESIAN_POINT ( 'NONE',  ( 10.19554993881558502, 17.22927058137274869, 30.00000000000000000 ) ) ;
#371 = CARTESIAN_POINT ( 'NONE',  ( 10.42335295455992750, 17.15637045209114575, 29.99006364178805129 ) ) ;
#372 = CARTESIAN_POINT ( 'NONE',  ( 11.06726859949447928, 16.49568824579836956, 10.34267824086463072 ) ) ;
#373 = CARTESIAN_POINT ( 'NONE',  ( 12.15648737268680080, 16.59696194728322638, 27.99999999999999645 ) ) ;
#374 = CARTESIAN_POINT ( 'NONE',  ( 0.05486001530054899350, 35.40193811562176762, 10.01933304870962793 ) ) ;
#375 = CARTESIAN_POINT ( 'NONE',  ( 11.33545735183190750, 16.22047220325955053, 10.67712604752885142 ) ) ;
#376 = CARTESIAN_POINT ( 'NONE',  ( -10.26668787516265979, 17.28139533114649851, 10.00000000000000000 ) ) ;
#377 = CARTESIAN_POINT ( 'NONE',  ( 0.008149977407570802718, 37.11279631556048741, 10.00000000000000000 ) ) ;
#378 = CARTESIAN_POINT ( 'NONE',  ( -11.55108501009041611, 16.91798596157784118, 10.49309588393018977 ) ) ;
#379 = CARTESIAN_POINT ( 'NONE',  ( 11.86405325913794684, 16.07320340739745390, 9.999999999999992895 ) ) ;
#380 = CARTESIAN_POINT ( 'NONE',  ( -11.48791885348807362, 16.75131807856498511, 29.50592645641000544 ) ) ;
#381 = CARTESIAN_POINT ( 'NONE',  ( 0.2695931719508353752, 37.09466087774887200, 27.99999999999999645 ) ) ;
#382 = CARTESIAN_POINT ( 'NONE',  ( -0.1832818482075888600, 35.78914289897824830, 29.87366027717308015 ) ) ;
#383 = CARTESIAN_POINT ( 'NONE',  ( -0.1843865005871078155, 35.79319010157632164, 29.87305738394901056 ) ) ;
#384 = CARTESIAN_POINT ( 'NONE',  ( 0.4494351078329715810, 37.06226015406203800, 9.999999999999987566 ) ) ;
#385 = CARTESIAN_POINT ( 'NONE',  ( 12.03500015957252245, 16.47783222662006253, 11.48013086824478712 ) ) ;
#386 = CARTESIAN_POINT ( 'NONE',  ( -11.69416967405283181, 15.88039787944818215, 27.99999999990995647 ) ) ;
#387 = CARTESIAN_POINT ( 'NONE',  ( 0.4236067836092322070, 36.61378390736051358, 10.72985891956126459 ) ) ;
#388 = CARTESIAN_POINT ( 'NONE',  ( 0.1497631687413875923, 37.11221924280656737, 28.00000000000000000 ) ) ;
#389 = CARTESIAN_POINT ( 'NONE',  ( 11.00647913219898300, 16.78462410696060303, 29.79700510290483351 ) ) ;
#390 = CARTESIAN_POINT ( 'NONE',  ( -12.19736664961678585, 16.71487983614994022, 30.00000000000000000 ) ) ;
#391 = CARTESIAN_POINT ( 'NONE',  ( -10.45773095518271312, 17.24824323664387649, 29.99475393085602093 ) ) ;
#392 = CARTESIAN_POINT ( 'NONE',  ( 12.15083609523792774, 18.42790870761803035, 27.99999999999999645 ) ) ;
#393 = CARTESIAN_POINT ( 'NONE',  ( 10.90584629298811237, 15.34760124846055618, 30.00000000000000000 ) ) ;
#394 = CARTESIAN_POINT ( 'NONE',  ( 0.4566054904575607143, 37.06250725565350024, 11.99999999998544631 ) ) ;
#395 = CARTESIAN_POINT ( 'NONE',  ( 10.34713830146779401, 17.23502834679771567, 10.00195033106436782 ) ) ;
#396 = CARTESIAN_POINT ( 'NONE',  ( 0.01405393982512982698, 35.16042159128707567, 29.99959796321494920 ) ) ;
#397 = CARTESIAN_POINT ( 'NONE',  ( 12.24178923193682600, 16.87841553211906742, 27.99999999999999645 ) ) ;
#398 = ADVANCED_FACE ( 'NONE', ( #2186 ), #4643, .T. ) ;
#399 = CARTESIAN_POINT ( 'NONE',  ( 0.0006404013708203449944, 35.11281266264562362, 10.00000000000000000 ) ) ;
#400 = CARTESIAN_POINT ( 'NONE',  ( -10.49697697754263181, 15.18727009801145655, 12.00000000000000000 ) ) ;
#401 = CARTESIAN_POINT ( 'NONE',  ( 12.13011759904695275, 16.72217304558427031, 28.52049831224895016 ) ) ;
#402 = CARTESIAN_POINT ( 'NONE',  ( -11.37027317755545397, 16.74464224020868031, 10.40973461167311243 ) ) ;
#403 = CARTESIAN_POINT ( 'NONE',  ( 11.86441657514648718, 16.07386829824758934, 12.00000000000000178 ) ) ;
#404 = CARTESIAN_POINT ( 'NONE',  ( -10.96791221754699741, 17.12684413693310859, 29.87306971428783697 ) ) ;
#405 = EDGE_LOOP ( 'NONE', ( #3615, #3724, #1065, #2429 ) ) ;
#406 = CARTESIAN_POINT ( 'NONE',  ( -0.3087324603194734340, 36.25051774058149334, 29.61790290289829386 ) ) ;
#407 = CARTESIAN_POINT ( 'NONE',  ( 0.1640889002954472875, 35.98502698055810356, 29.79734343739759339 ) ) ;
#408 = CARTESIAN_POINT ( 'NONE',  ( 0.4157071092678484847, 37.06957355822422073, 9.999999999999969802 ) ) ;
#409 = CARTESIAN_POINT ( 'NONE',  ( 12.09371060217084271, 16.73357796133600317, 11.35446372276869909 ) ) ;
#410 = CARTESIAN_POINT ( 'NONE',  ( 10.78380408457362272, 17.16749518338015434, 29.93334607539949133 ) ) ;
#411 = CARTESIAN_POINT ( 'NONE',  ( 10.30151124247723260, 17.40477207096779821, 30.00000000000000355 ) ) ;
#412 = DIRECTION ( 'NONE',  ( -0.4999999999999901745, -0.8660254037844444808, 0.000000000000000000 ) ) ;
#413 = CARTESIAN_POINT ( 'NONE',  ( 11.14129160557920173, 17.07313186892108448, 29.79789446499199457 ) ) ;
#414 = CARTESIAN_POINT ( 'NONE',  ( -12.13905152198108084, 16.55166601218227385, 30.00000000000000000 ) ) ;
#415 = CARTESIAN_POINT ( 'NONE',  ( -10.44903823527706344, 17.22544297546888714, 29.99468900336220401 ) ) ;
#416 = CARTESIAN_POINT ( 'NONE',  ( 12.15559084245063382, 16.59457348868956927, 10.00000000000000000 ) ) ;
#417 = CARTESIAN_POINT ( 'NONE',  ( 11.60056270749419838, 15.79095788317640547, 27.99999999999999645 ) ) ;
#418 = CARTESIAN_POINT ( 'NONE',  ( 10.43753846851748612, 17.14181710763456934, 29.98794808179780347 ) ) ;
#419 = CARTESIAN_POINT ( 'NONE',  ( -12.22386278016674588, 16.80758487395407030, 11.99999999998545341 ) ) ;
#420 = VECTOR ( 'NONE', #2146, 999.9999999999998863 ) ;
#421 = CARTESIAN_POINT ( 'NONE',  ( 0.003109756216566573247, 35.16222562800778917, 29.99958515362911982 ) ) ;
#422 = CARTESIAN_POINT ( 'NONE',  ( 12.17748721989872429, 16.65510677795707650, 30.00000000000000000 ) ) ;
#423 = CARTESIAN_POINT ( 'NONE',  ( 0.0006404013708203449944, 35.11281266264562362, 10.00000000000000000 ) ) ;
#424 = CARTESIAN_POINT ( 'NONE',  ( -11.33280199006312650, 15.57099382682500810, 28.00000000000000711 ) ) ;
#425 = CARTESIAN_POINT ( 'NONE',  ( -10.05971652811446582, 17.16013166266461099, 9.999999999999996447 ) ) ;
#426 = CARTESIAN_POINT ( 'NONE',  ( -10.29850341597030017, 17.29172153041697868, 10.00000000000000000 ) ) ;
#427 = CARTESIAN_POINT ( 'NONE',  ( 0.6487060628397997020, 37.00730872300545826, 28.00000000000000000 ) ) ;
#428 = CARTESIAN_POINT ( 'NONE',  ( -11.76559814550158833, 16.05648853599546655, 11.47985607335725611 ) ) ;
#429 = CARTESIAN_POINT ( 'NONE',  ( 0.08520521703552030868, 35.99598494074684396, 29.79700510225585219 ) ) ;
#430 = CARTESIAN_POINT ( 'NONE',  ( 0.5592731888392459272, 37.03456911587738176, 10.00000000000000355 ) ) ;
#431 = CARTESIAN_POINT ( 'NONE',  ( 11.70650575891779610, 15.96491731387048318, 11.54350363664582524 ) ) ;
#432 = CARTESIAN_POINT ( 'NONE',  ( -12.16075684712698113, 16.63976352628966993, 28.26260808559276327 ) ) ;
#433 = CARTESIAN_POINT ( 'NONE',  ( -10.23123454964039958, 17.84362301608275914, 9.999999999999998224 ) ) ;
#434 = CARTESIAN_POINT ( 'NONE',  ( -0.2302876004255965392, 36.41539336551487338, 10.49364706910155220 ) ) ;
#435 = CARTESIAN_POINT ( 'NONE',  ( -1.010177527788197915, 36.85873928097924335, 29.99999999999980105 ) ) ;
#436 = ORIENTED_EDGE ( 'NONE', *, *, #1237, .F. ) ;
#437 = CARTESIAN_POINT ( 'NONE',  ( 11.21014690331823083, 16.50553236495008491, 29.59085335086457036 ) ) ;
#438 = CARTESIAN_POINT ( 'NONE',  ( -10.28596025829575566, 17.30413792198626766, 30.00000000000000000 ) ) ;
#439 = CARTESIAN_POINT ( 'NONE',  ( -10.49750990011172291, 15.18745371453634085, 30.00000000000000000 ) ) ;
#440 = CARTESIAN_POINT ( 'NONE',  ( 10.28513823488388823, 17.30269169681039187, 10.00000000000000000 ) ) ;
#441 = CARTESIAN_POINT ( 'NONE',  ( -11.21339467046728267, 17.06442350195531077, 29.75683547169847287 ) ) ;
#442 = CARTESIAN_POINT ( 'NONE',  ( 10.84579842800518534, 16.72290736135020950, 29.83128794858504662 ) ) ;
#443 = CARTESIAN_POINT ( 'NONE',  ( 10.43933859850364421, 17.13996426517228500, 10.01218554183137144 ) ) ;
#444 = CARTESIAN_POINT ( 'NONE',  ( -0.07649314456242639615, 35.39644138541820695, 29.98079450342243035 ) ) ;
#445 = ADVANCED_FACE ( 'NONE', ( #4691 ), #1738, .T. ) ;
#446 = CARTESIAN_POINT ( 'NONE',  ( 11.64803263621724305, 16.13083967936979235, 11.11450239453854749 ) ) ;
#447 = CARTESIAN_POINT ( 'NONE',  ( 10.28558010831335778, 17.30388629303248038, 30.00000000000000000 ) ) ;
#448 = CARTESIAN_POINT ( 'NONE',  ( -0.04678616963531574691, 35.28720768728167911, 10.00521688822811406 ) ) ;
#449 = CARTESIAN_POINT ( 'NONE',  ( -10.29313465226341329, 17.56420203147394332, 10.00000000000000000 ) ) ;
#450 = CARTESIAN_POINT ( 'NONE',  ( -10.24595481286198861, 17.26312032937947549, 10.00000000000000000 ) ) ;
#451 = CARTESIAN_POINT ( 'NONE',  ( 12.09370868192863568, 16.73357188516813210, 28.64553617049886824 ) ) ;
#452 = CARTESIAN_POINT ( 'NONE',  ( -10.60413661874474300, 16.97857853350642898, 10.05086191113828242 ) ) ;
#453 = CARTESIAN_POINT ( 'NONE',  ( 0.000000000000000000, 0.000000000000000000, 0.000000000000000000 ) ) ;
#454 = CARTESIAN_POINT ( 'NONE',  ( 0.3272776978192108444, 37.08604497908888931, 29.99999999999999289 ) ) ;
#455 = CARTESIAN_POINT ( 'NONE',  ( -12.10596107959954360, 16.46972173798918604, 11.86791002024377661 ) ) ;
#456 = CARTESIAN_POINT ( 'NONE',  ( 0.04525112552779554653, 35.99886070777915137, 29.79691304105024230 ) ) ;
#457 = CARTESIAN_POINT ( 'NONE',  ( 9.231990070006945714, 17.00203966331496019, 9.999999999999992895 ) ) ;
#458 = CARTESIAN_POINT ( 'NONE',  ( -10.28373234343006182, 17.62303796061991434, 9.999999999999994671 ) ) ;
#459 = CARTESIAN_POINT ( 'NONE',  ( -0.4704165699018156288, 36.84496386749307106, 11.11372695660268128 ) ) ;
#460 = CARTESIAN_POINT ( 'NONE',  ( -0.8821006176338600513, 36.91695725749380586, 30.00000000000001066 ) ) ;
#461 = EDGE_LOOP ( 'NONE', ( #1087, #4292, #2845, #4561 ) ) ;
#462 = CARTESIAN_POINT ( 'NONE',  ( 10.42121441295287454, 17.18169593023157660, 29.99472511525771168 ) ) ;
#463 = CARTESIAN_POINT ( 'NONE',  ( -12.13850022977999821, 16.55030416062200871, 30.00000000000000000 ) ) ;
#464 = CARTESIAN_POINT ( 'NONE',  ( -11.50873735968282574, 15.71238652496811206, 28.00000000000004263 ) ) ;
#465 = EDGE_CURVE ( 'NONE', #2828, #3199, #530, .T. ) ;
#466 = CARTESIAN_POINT ( 'NONE',  ( 11.89088502218323917, 19.08152203014319426, 27.99999999999999289 ) ) ;
#467 = CARTESIAN_POINT ( 'NONE',  ( -11.65968525782377441, 16.95099742458437575, 29.41051657920256801 ) ) ;
#468 = CARTESIAN_POINT ( 'NONE',  ( 0.4413884685077554826, 36.99635268619493900, 11.47948424602514628 ) ) ;
#469 = CARTESIAN_POINT ( 'NONE',  ( 0.4648308538339304130, 37.05909312232437003, 27.99999999990996358 ) ) ;
#470 = CARTESIAN_POINT ( 'NONE',  ( -0.008047763628670627153, 35.16154536854776325, 29.99959075970845390 ) ) ;
#471 = CARTESIAN_POINT ( 'NONE',  ( 11.60105843781699342, 16.17101817861756174, 10.99914896847772994 ) ) ;
#472 = CARTESIAN_POINT ( 'NONE',  ( 10.86623810546931423, 17.02684003872766638, 10.10527164124976274 ) ) ;
#473 = CARTESIAN_POINT ( 'NONE',  ( 10.28864228029816985, 17.30551181989666887, 30.00000000000000000 ) ) ;
#474 = CARTESIAN_POINT ( 'NONE',  ( 11.32098434854685642, 15.56366414630543460, 28.00000000000000000 ) ) ;
#475 = CARTESIAN_POINT ( 'NONE',  ( 0.4539020891014796111, 37.04981650311973596, 28.26275276951200510 ) ) ;
#476 = CARTESIAN_POINT ( 'NONE',  ( 12.05624330138119049, 16.36822973383434388, 11.86791028540393000 ) ) ;
#477 = CARTESIAN_POINT ( 'NONE',  ( -10.50086380782040330, 17.10113448450076490, 10.01927942229002078 ) ) ;
#478 = CARTESIAN_POINT ( 'NONE',  ( 0.2961471890126805562, 37.09088834143157243, 27.99999999999999645 ) ) ;
#479 = CARTESIAN_POINT ( 'NONE',  ( -12.05542276458647066, 16.39464412994510667, 11.73750178761016372 ) ) ;
#480 = FACE_OUTER_BOUND ( 'NONE', #265, .T. ) ;
#481 = CARTESIAN_POINT ( 'NONE',  ( 0.5227296205098223014, 36.96535947133945399, 11.39343336822206609 ) ) ;
#482 = CARTESIAN_POINT ( 'NONE',  ( -2.518695453239923054, 35.35030442729777178, 28.00000000000055067 ) ) ;
#483 = ORIENTED_EDGE ( 'NONE', *, *, #3625, .F. ) ;
#484 = CARTESIAN_POINT ( 'NONE',  ( 10.32421308324871134, 17.27073635539827379, 29.99958608195488097 ) ) ;
#485 = CARTESIAN_POINT ( 'NONE',  ( -12.26927997126394843, 17.02072273226333010, 29.99999999999999289 ) ) ;
#486 = CARTESIAN_POINT ( 'NONE',  ( 11.30820668425738340, 16.63713992071190972, 10.40973461150071699 ) ) ;
#487 = CARTESIAN_POINT ( 'NONE',  ( -10.27747070088961046, 17.29227331849867610, 30.00000000000000000 ) ) ;
#488 = LINE ( 'NONE', #1481, #2012 ) ;
#489 = CARTESIAN_POINT ( 'NONE',  ( -10.66827694748559630, 17.20301045336839607, 29.96058248310446359 ) ) ;
#490 = CARTESIAN_POINT ( 'NONE',  ( 0.3689943257048826641, 37.08074202432123201, 11.86790984347032740 ) ) ;
#491 = CARTESIAN_POINT ( 'NONE',  ( 11.16835681550336723, 16.39194478939784005, 10.45145619130749992 ) ) ;
#492 = CARTESIAN_POINT ( 'NONE',  ( -0.07887814796274171536, 35.55979783777016223, 29.94887622581272879 ) ) ;
#493 = CARTESIAN_POINT ( 'NONE',  ( 0.005116085240225633907, 35.12870418028818165, 30.00000000000000000 ) ) ;
#494 = CARTESIAN_POINT ( 'NONE',  ( -9.354111652132010235, 14.99999999999999645, 12.00000000000000355 ) ) ;
#495 = CARTESIAN_POINT ( 'NONE',  ( -0.5066373715220396923, 36.97818076304974255, 28.52064720667260644 ) ) ;
#496 = CARTESIAN_POINT ( 'NONE',  ( 11.64440478120052980, 15.90346613769402495, 28.45659451656791461 ) ) ;
#497 = CARTESIAN_POINT ( 'NONE',  ( -10.41757049169056160, 17.17794538952438899, 10.00525045918775113 ) ) ;
#498 = CARTESIAN_POINT ( 'NONE',  ( 0.002426668188905353480, 35.11256284316228715, 30.00000000000000355 ) ) ;
#499 = CARTESIAN_POINT ( 'NONE',  ( -11.64636453174025910, 15.92855018320896576, 11.47935267006292648 ) ) ;
#500 = CARTESIAN_POINT ( 'NONE',  ( 9.071796769724482346, 14.99999999999999467, 10.00000000000000000 ) ) ;
#501 = CARTESIAN_POINT ( 'NONE',  ( -12.05892657252554301, 16.49081556394160941, 28.45597587618201629 ) ) ;
#502 = CARTESIAN_POINT ( 'NONE',  ( -12.24826000333405318, 16.90980705882370927, 10.00000000000000000 ) ) ;
#503 = EDGE_CURVE ( 'NONE', #644, #2828, #590, .T. ) ;
#504 = CARTESIAN_POINT ( 'NONE',  ( -0.8675136873303688212, 36.92342995689326557, 30.00000000000000000 ) ) ;
#505 = ORIENTED_EDGE ( 'NONE', *, *, #959, .F. ) ;
#506 = CARTESIAN_POINT ( 'NONE',  ( 10.77037462735671980, 17.12319126046105211, 29.93303498323511747 ) ) ;
#507 = CARTESIAN_POINT ( 'NONE',  ( -12.29071424834394932, 17.18768530529423799, 27.99999999999998934 ) ) ;
#508 = CARTESIAN_POINT ( 'NONE',  ( 11.21014698893625372, 16.50553216571135451, 10.40914675900653918 ) ) ;
#509 = CARTESIAN_POINT ( 'NONE',  ( -11.74650056573742951, 15.93494572882379323, 30.00000000000001066 ) ) ;
#510 = CARTESIAN_POINT ( 'NONE',  ( 10.28998721967449903, 17.31786879629847675, 10.00000000000001066 ) ) ;
#511 = CARTESIAN_POINT ( 'NONE',  ( -0.8660254037844430375, 34.21281292110202088, 12.00000000000000000 ) ) ;
#512 = CARTESIAN_POINT ( 'NONE',  ( -0.4345407235537783741, 37.05388526848938113, 11.73724935076231013 ) ) ;
#513 = CARTESIAN_POINT ( 'NONE',  ( 12.03720462444663575, 18.73890963643936303, 30.00000000000000000 ) ) ;
#514 = CARTESIAN_POINT ( 'NONE',  ( 0.0006379209085109772146, 35.11281269567290053, 30.00000000000000000 ) ) ;
#515 = CARTESIAN_POINT ( 'NONE',  ( 11.22791239238561722, 15.49809144416354911, 28.00000000000000000 ) ) ;
#516 = CARTESIAN_POINT ( 'NONE',  ( 0.1904718563586722813, 37.09278663872311910, 28.26252165102066627 ) ) ;
#517 = CARTESIAN_POINT ( 'NONE',  ( 11.90686663961954928, 16.79228524753132845, 29.05810873087708046 ) ) ;
#518 = CARTESIAN_POINT ( 'NONE',  ( -10.28455231187830421, 17.30055473308395619, 10.00000000000000000 ) ) ;
#519 = DIRECTION ( 'NONE',  ( 1.000000000000000000, 0.000000000000000000, 0.000000000000000000 ) ) ;
#520 = CARTESIAN_POINT ( 'NONE',  ( 0.007954424755302886077, 35.11155732618972536, 29.99999999999998224 ) ) ;
#521 = CARTESIAN_POINT ( 'NONE',  ( -11.97264678075212707, 16.43668902909346130, 11.35532824795641638 ) ) ;
#522 = CARTESIAN_POINT ( 'NONE',  ( 0.2784593505779957012, 37.09342348900472786, 12.00000000000000533 ) ) ;
#523 = CARTESIAN_POINT ( 'NONE',  ( -12.22386283937710161, 16.80758509946451085, 28.13209036055037160 ) ) ;
#524 = CARTESIAN_POINT ( 'NONE',  ( -10.28725791318325200, 17.30794236388928553, 10.00000000000001243 ) ) ;
#525 = CARTESIAN_POINT ( 'NONE',  ( -0.3523467622027028345, 34.89089222681610636, 30.00000000000000000 ) ) ;
#526 = ORIENTED_EDGE ( 'NONE', *, *, #3625, .T. ) ;
#527 = CARTESIAN_POINT ( 'NONE',  ( 10.67666602334239379, 16.96260178945961528, 29.93306345631686227 ) ) ;
#528 = CARTESIAN_POINT ( 'NONE',  ( -12.22754739564350324, 18.10817531259009172, 29.99999999999999289 ) ) ;
#529 = CARTESIAN_POINT ( 'NONE',  ( -10.24073605283356869, 17.25994850537906444, 30.00000000000000000 ) ) ;
#530 = B_SPLINE_CURVE_WITH_KNOTS ( 'NONE', 3,
 ( #2097, #1311, #2052, #2406, #934, #3499, #1757, #4271 ),
 .UNSPECIFIED., .F., .F.,
 ( 4, 2, 2, 4 ),
 ( 0.000000000000000000, 0.0007039607519515819496, 0.001407921503903163899, 0.002815843007806326063 ),
 .UNSPECIFIED. ) ;
#531 = CARTESIAN_POINT ( 'NONE',  ( 12.16581952706259173, 16.62219103509225704, 10.00000000000000355 ) ) ;
#532 = CARTESIAN_POINT ( 'NONE',  ( -11.66407796713184375, 16.94988084303106035, 29.40594601206293390 ) ) ;
#533 = CARTESIAN_POINT ( 'NONE',  ( 0.4163875194362584575, 36.88904498586795455, 11.17290632317997634 ) ) ;
#534 = CARTESIAN_POINT ( 'NONE',  ( 12.16244003726911416, 18.37907261549316829, 30.00000000000000000 ) ) ;
#535 = CARTESIAN_POINT ( 'NONE',  ( 0.001612755733299694842, 35.11297190254887113, 10.00000000000000000 ) ) ;
#536 = CARTESIAN_POINT ( 'NONE',  ( 0.4317540215066410503, 36.64269734763564657, 29.22227531447841287 ) ) ;
#537 = CARTESIAN_POINT ( 'NONE',  ( 11.81103042228155786, 19.25550813996867205, 28.00000000000000000 ) ) ;
#538 = CARTESIAN_POINT ( 'NONE',  ( 0.1812137403199711727, 37.00037952873739044, 28.64477226946431543 ) ) ;
#539 = CARTESIAN_POINT ( 'NONE',  ( 11.93529095151790997, 16.52459100030127814, 28.82610788866859508 ) ) ;
#540 = CARTESIAN_POINT ( 'NONE',  ( -11.64636958779066056, 15.92855524478116891, 28.52064720667262065 ) ) ;
#541 = PRODUCT_CONTEXT ( 'NONE', #2612, 'mechanical' ) ;
#542 = CARTESIAN_POINT ( 'NONE',  ( -0.3296692320400630982, 36.58388296828218955, 10.67750849760729182 ) ) ;
#543 = CARTESIAN_POINT ( 'NONE',  ( 0.7506645529786811766, 36.97155249767740059, 27.99999999999998934 ) ) ;
#544 = CARTESIAN_POINT ( 'NONE',  ( -11.97865502457669074, 16.70349445367151731, 11.11450239447210997 ) ) ;
#545 = CARTESIAN_POINT ( 'NONE',  ( 0.001119073019926737286, 35.11274573518008424, 10.00000000000000000 ) ) ;
#546 = CARTESIAN_POINT ( 'NONE',  ( -11.72210619336004989, 16.39238680357033928, 29.05694519409638232 ) ) ;
#547 = CARTESIAN_POINT ( 'NONE',  ( -12.18112257413803157, 16.66490059193916906, 10.00000000000000178 ) ) ;
#548 = CARTESIAN_POINT ( 'NONE',  ( 0.004958572593114304698, 35.11352082460023638, 30.00000000000000000 ) ) ;
#549 = ORIENTED_EDGE ( 'NONE', *, *, #3697, .F. ) ;
#550 = CARTESIAN_POINT ( 'NONE',  ( 10.54432522077452816, 17.16288099682110868, 10.01944343598017007 ) ) ;
#551 = CARTESIAN_POINT ( 'NONE',  ( 10.45660478169128815, 17.24555441566043967, 29.99474951979491522 ) ) ;
#552 = CARTESIAN_POINT ( 'NONE',  ( -10.27110678117882614, 17.68979622019122999, 29.99999999999999289 ) ) ;
#553 = CARTESIAN_POINT ( 'NONE',  ( -11.82920866733461374, 16.03009860137786546, 27.99999999999999645 ) ) ;
#554 = CARTESIAN_POINT ( 'NONE',  ( 12.28225900659638192, 17.11358690774582669, 12.00000000000000000 ) ) ;
#555 = CARTESIAN_POINT ( 'NONE',  ( -0.2308313811328719933, 35.96401722347624741, 10.20438736737988350 ) ) ;
#556 = CARTESIAN_POINT ( 'NONE',  ( -0.5108821038697075601, 36.99376205474400336, 11.54340922649320866 ) ) ;
#557 = CARTESIAN_POINT ( 'NONE',  ( 11.25308697992003815, 16.30499160912332357, 10.55964954298929293 ) ) ;
#558 = CARTESIAN_POINT ( 'NONE',  ( -0.3352249609386957485, 37.08443182674815120, 12.00000000000000178 ) ) ;
#559 = CARTESIAN_POINT ( 'NONE',  ( 11.86346937695460824, 16.07265592335523863, 29.99999999999999289 ) ) ;
#560 = CARTESIAN_POINT ( 'NONE',  ( -9.071796769724489451, 15.00000000000000000, 27.99999999999999645 ) ) ;
#561 = CARTESIAN_POINT ( 'NONE',  ( 0.3664806971427684301, 37.06804905557955010, 28.26260808555766602 ) ) ;
#562 = CARTESIAN_POINT ( 'NONE',  ( 11.66925597144614990, 16.11269011286130493, 28.82660290885695531 ) ) ;
#563 = CARTESIAN_POINT ( 'NONE',  ( -10.73727156296904361, 16.84444827193419059, 29.89536043398115694 ) ) ;
#564 = CARTESIAN_POINT ( 'NONE',  ( -12.31657094835506250, 17.38370337519717523, 12.00000000000000355 ) ) ;
#565 = CARTESIAN_POINT ( 'NONE',  ( 0.06206649307571610735, 36.33103076017179944, 10.40973461142236012 ) ) ;
#566 = CARTESIAN_POINT ( 'NONE',  ( 0.6168877172670469422, 34.59101318874722608, 29.99999999999997868 ) ) ;
#567 = CARTESIAN_POINT ( 'NONE',  ( -11.91220173300578900, 16.80848547674606408, 10.94185282901173473 ) ) ;
#568 =( GEOMETRIC_REPRESENTATION_CONTEXT ( 3 ) GLOBAL_UNCERTAINTY_ASSIGNED_CONTEXT ( ( #2125 ) ) GLOBAL_UNIT_ASSIGNED_CONTEXT ( ( #1541, #2664, #1974 ) ) REPRESENTATION_CONTEXT ( 'NONE', 'WORKASPACE' ) );
#569 = CARTESIAN_POINT ( 'NONE',  ( 10.21298465925991650, 17.24034154299319610, 10.00000000000000533 ) ) ;
#570 = CARTESIAN_POINT ( 'NONE',  ( -11.94397349809867315, 16.54301126804585209, 28.82615175809937114 ) ) ;
#571 = CARTESIAN_POINT ( 'NONE',  ( -12.24826000333405318, 16.90980705882370927, 11.99999999999999822 ) ) ;
#572 = AXIS2_PLACEMENT_3D ( 'NONE', #377, #3558, #2209 ) ;
#573 = CARTESIAN_POINT ( 'NONE',  ( -0.3538076791372922747, 37.08121886925412269, 27.99999999999999645 ) ) ;
#574 = ORIENTED_EDGE ( 'NONE', *, *, #1299, .T. ) ;
#575 = CARTESIAN_POINT ( 'NONE',  ( 10.44403888639129008, 17.21548009396670764, 10.00532211993082932 ) ) ;
#576 = CARTESIAN_POINT ( 'NONE',  ( 10.28391317934107363, 17.29944765700217246, 29.99999999999999645 ) ) ;
#577 = CARTESIAN_POINT ( 'NONE',  ( -10.29694936175547682, 17.35525050832502458, 30.00000000000001066 ) ) ;
#578 = CARTESIAN_POINT ( 'NONE',  ( 0.3299335686831486592, 34.90752045029343975, 10.00000000000000355 ) ) ;
#579 = CARTESIAN_POINT ( 'NONE',  ( -11.79885336558187170, 15.99380275131331075, 27.99999999999999645 ) ) ;
#580 = CARTESIAN_POINT ( 'NONE',  ( 10.29794494859494591, 17.36435409811616992, 10.00000000000000000 ) ) ;
#581 = CARTESIAN_POINT ( 'NONE',  ( -0.3728728679734241158, 36.48628005021978282, 10.59402918124688853 ) ) ;
#582 = CARTESIAN_POINT ( 'NONE',  ( 12.30282256374526284, 17.40580105625265261, 27.99999999999999645 ) ) ;
#583 = CARTESIAN_POINT ( 'NONE',  ( -0.005083049932013416171, 35.11184969366139086, 10.00000000000000000 ) ) ;
#584 = CARTESIAN_POINT ( 'NONE',  ( 10.28151275110037943, 17.29643461355678724, 30.00000000000000711 ) ) ;
#585 = CARTESIAN_POINT ( 'NONE',  ( -0.9707347134723558479, 36.88646166191134057, 12.00000000000000711 ) ) ;
#586 = CARTESIAN_POINT ( 'NONE',  ( -0.2622633682697845803, 36.59729256420258281, 29.32193433610064659 ) ) ;
#587 = CARTESIAN_POINT ( 'NONE',  ( 11.44375301422889457, 16.21094468507724429, 29.22194244660723328 ) ) ;
#588 = CARTESIAN_POINT ( 'NONE',  ( -12.22386283937710161, 16.80758509946451085, 28.00000000000000355 ) ) ;
#589 = DIRECTION ( 'NONE',  ( -0.5000000000000093259, 0.8660254037844334896, 0.000000000000000000 ) ) ;
#590 = B_SPLINE_CURVE_WITH_KNOTS ( 'NONE', 3,
 ( #4563, #4227, #2118, #1713, #3120, #3935, #4630, #4203 ),
 .UNSPECIFIED., .F., .F.,
 ( 4, 2, 2, 4 ),
 ( 0.000000000000000000, 0.1128004010907001642, 0.5031671940088073836, 1.000000000000000000 ),
 .UNSPECIFIED. ) ;
#591 = CARTESIAN_POINT ( 'NONE',  ( 0.3960671627195175848, 36.80164299454097687, 10.99862109713084735 ) ) ;
#592 = CARTESIAN_POINT ( 'NONE',  ( 2.598076211353311571, 35.21281292110202088, 30.00000000000000000 ) ) ;
#593 = CARTESIAN_POINT ( 'NONE',  ( -11.91856025333100177, 16.55461418281119990, 11.11497088874893002 ) ) ;
#594 = CARTESIAN_POINT ( 'NONE',  ( 10.23786460873624193, 17.25777964646935558, 10.00000000000000355 ) ) ;
#595 = CARTESIAN_POINT ( 'NONE',  ( -11.78128553599899142, 16.25784579479163838, 28.82610788872806395 ) ) ;
#596 = CARTESIAN_POINT ( 'NONE',  ( -12.25843080935157303, 16.95970255502473734, 10.00000000000000355 ) ) ;
#597 = CARTESIAN_POINT ( 'NONE',  ( -0.3738906146836091793, 37.07761812751815711, 30.00000000000000000 ) ) ;
#598 = ORIENTED_EDGE ( 'NONE', *, *, #2532, .F. ) ;
#599 = CARTESIAN_POINT ( 'NONE',  ( 10.62852255636315491, 17.00386441721654052, 10.05109898395437007 ) ) ;
#600 = CARTESIAN_POINT ( 'NONE',  ( -11.19784232686409986, 16.38042917157407174, 10.46721249685955080 ) ) ;
#601 = CARTESIAN_POINT ( 'NONE',  ( -11.76229594352822261, 15.95211732378580649, 10.00000000000000000 ) ) ;
#602 = CARTESIAN_POINT ( 'NONE',  ( 1.459395233765545807, 36.56792630313528747, 10.00000000000000000 ) ) ;
#603 = PRODUCT_DEFINITION_SHAPE ( 'NONE', 'NONE',  #3984 ) ;
#604 = CARTESIAN_POINT ( 'NONE',  ( -10.28167702066053124, 17.29705204481269121, 29.99999999999998579 ) ) ;
#605 = EDGE_CURVE ( 'NONE', #2828, #3162, #4402, .T. ) ;
#606 = CARTESIAN_POINT ( 'NONE',  ( 12.28602882411544606, 17.14597350988058366, 12.00000000000000000 ) ) ;
#607 = CARTESIAN_POINT ( 'NONE',  ( -0.2017212192809254567, 35.85692862095898903, 10.15428016096496755 ) ) ;
#608 = PRODUCT_DEFINITION ( 'UNKNOWN', '', #1945, #4325 ) ;
#609 = CARTESIAN_POINT ( 'NONE',  ( -0.3537940961970332254, 37.08122128525233308, 11.99999999999999822 ) ) ;
#610 = CARTESIAN_POINT ( 'NONE',  ( 11.68578688567997581, 15.87161230600779760, 30.00000000000000355 ) ) ;
#611 = DIRECTION ( 'NONE',  ( -1.914294460794720492E-16, 1.000000000000000000, 0.000000000000000000 ) ) ;
#612 = CARTESIAN_POINT ( 'NONE',  ( -0.3947182274764032828, 36.56662829726616337, 29.32286357355428308 ) ) ;
#613 = LINE ( 'NONE', #3441, #270 ) ;
#614 = CARTESIAN_POINT ( 'NONE',  ( 10.96564931954543809, 17.11949598497143299, 10.12694242510672105 ) ) ;
#615 = CARTESIAN_POINT ( 'NONE',  ( -0.1680003812042254741, 35.73293157084179228, 10.10463938827193608 ) ) ;
#616 = CARTESIAN_POINT ( 'NONE',  ( 9.937822173508918056, 18.50000000000000000, 10.00000000000000000 ) ) ;
#617 = CARTESIAN_POINT ( 'NONE',  ( -11.94483566269669872, 16.79858918779116550, 10.99862109711567371 ) ) ;
#618 = CARTESIAN_POINT ( 'NONE',  ( 10.17882682012146844, 17.21931186329272023, 10.00000000000000533 ) ) ;
#619 = CARTESIAN_POINT ( 'NONE',  ( -11.83128207652665864, 16.59445463949484179, 29.05710702404966739 ) ) ;
#620 = CARTESIAN_POINT ( 'NONE',  ( -12.13696167635528234, 16.54650300250020578, 9.999999999999998224 ) ) ;
#621 = CARTESIAN_POINT ( 'NONE',  ( -0.3272778477244827067, 37.08574713961661473, 30.00000000000000000 ) ) ;
#622 = VERTEX_POINT ( 'NONE', #2155 ) ;
#623 = CARTESIAN_POINT ( 'NONE',  ( 10.29944921027908045, 17.29382577862574877, 10.00000000000000000 ) ) ;
#624 = CARTESIAN_POINT ( 'NONE',  ( -10.88015343681465907, 16.70050517604068929, 10.18675756313899328 ) ) ;
#625 = CARTESIAN_POINT ( 'NONE',  ( -11.82935922862079536, 16.03029087391626106, 10.00000000000000000 ) ) ;
#626 = CARTESIAN_POINT ( 'NONE',  ( 1.792204251169248197, 36.27776078816911109, 9.999999999999987566 ) ) ;
#627 = CARTESIAN_POINT ( 'NONE',  ( -11.83295331532649719, 16.03467241541073918, 27.99999999999999645 ) ) ;
#628 = CARTESIAN_POINT ( 'NONE',  ( 11.93346556936412384, 18.98758073775045929, 10.00000000000000000 ) ) ;
#629 = CARTESIAN_POINT ( 'NONE',  ( -0.2105547096255341033, 35.88941775900411812, 10.16862085957856721 ) ) ;
#630 = CARTESIAN_POINT ( 'NONE',  ( -0.8821132879903574864, 36.91695181513271962, 12.00000000000001243 ) ) ;
#631 = CARTESIAN_POINT ( 'NONE',  ( 11.86087387279807537, 16.06932650794793105, 29.99999999999998934 ) ) ;
#632 = CARTESIAN_POINT ( 'NONE',  ( 0.2332568296083341319, 34.98842153824801926, 9.999999999999998224 ) ) ;
#633 = CARTESIAN_POINT ( 'NONE',  ( 0.1742991082597653285, 36.92868529480423234, 28.82615175817555198 ) ) ;
#634 = CARTESIAN_POINT ( 'NONE',  ( 10.26707138633698158, 17.72077777359152151, 9.999999999999998224 ) ) ;
#635 = CARTESIAN_POINT ( 'NONE',  ( 11.56215455161401451, 16.96204409670111346, 10.49277375094295550 ) ) ;
#636 = CARTESIAN_POINT ( 'NONE',  ( -0.1745209081702587262, 36.09972279650849458, 10.26413109745409713 ) ) ;
#637 = CARTESIAN_POINT ( 'NONE',  ( 0.2070532073413950125, 35.00696904425962686, 30.00000000000000000 ) ) ;
#638 = CARTESIAN_POINT ( 'NONE',  ( -11.94397263081339133, 16.54300926915392722, 11.17384825611047816 ) ) ;
#639 = CARTESIAN_POINT ( 'NONE',  ( 11.42388512336054873, 15.66344255559627285, 9.999999999999994671 ) ) ;
#640 = CARTESIAN_POINT ( 'NONE',  ( -11.65596390015250172, 16.67454930204623409, 29.32147944973438314 ) ) ;
#641 = CARTESIAN_POINT ( 'NONE',  ( -10.28492615353661321, 17.30147815568000880, 10.00000000000000178 ) ) ;
#642 = CARTESIAN_POINT ( 'NONE',  ( -0.3151651278443913795, 37.08773771522555052, 30.00000000000000000 ) ) ;
#643 = AXIS2_PLACEMENT_3D ( 'NONE', #3709, #3348, #90 ) ;
#644 = VERTEX_POINT ( 'NONE', #419 ) ;
#645 = CARTESIAN_POINT ( 'NONE',  ( 10.48906059530306756, 17.08894586528906956, 10.01919622411995547 ) ) ;
#646 = CARTESIAN_POINT ( 'NONE',  ( 10.29595861224091280, 17.28813252336673045, 29.99999999999999645 ) ) ;
#647 = CARTESIAN_POINT ( 'NONE',  ( -11.83461820706095580, 16.03670743217769612, 12.00000000000000000 ) ) ;
#648 = EDGE_CURVE ( 'NONE', #3004, #3252, #1837, .T. ) ;
#649 = CARTESIAN_POINT ( 'NONE',  ( 2.557439934995886510, 35.28145553886190555, 11.99999999999999822 ) ) ;
#650 = CARTESIAN_POINT ( 'NONE',  ( -11.76230156102625379, 15.95213293029807922, 27.99999999999999645 ) ) ;
#651 = CARTESIAN_POINT ( 'NONE',  ( 0.3443366594435838812, 36.33251485305374473, 10.45145624813601870 ) ) ;
#652 = CARTESIAN_POINT ( 'NONE',  ( 11.85791524687199150, 16.05801424916988651, 27.99999999990995647 ) ) ;
#653 = CARTESIAN_POINT ( 'NONE',  ( -0.01835227385544644513, 35.10886239925712005, 9.999999999999994671 ) ) ;
#654 = CARTESIAN_POINT ( 'NONE',  ( 10.28280247792173618, 17.29802354741670811, 30.00000000000002842 ) ) ;
#655 = CARTESIAN_POINT ( 'NONE',  ( 11.28211093025809042, 16.27521066395133431, 29.39905894147229759 ) ) ;
#656 = CARTESIAN_POINT ( 'NONE',  ( 0.3357287058407366631, 36.90593351738186811, 28.82660290895049116 ) ) ;
#657 = CARTESIAN_POINT ( 'NONE',  ( 0.2411560651447898496, 35.96632538067459706, 10.20209306004691641 ) ) ;
#658 = CARTESIAN_POINT ( 'NONE',  ( -11.45633363655055703, 15.67163659520514507, 11.99999999999997691 ) ) ;
#659 = CARTESIAN_POINT ( 'NONE',  ( 12.05624117346913060, 16.36822574999358437, 28.13208970739157522 ) ) ;
#660 = CARTESIAN_POINT ( 'NONE',  ( -11.46199695477409009, 16.69775411819141198, 10.49420692915598430 ) ) ;
#661 = VERTEX_POINT ( 'NONE', #3754 ) ;
#662 = CARTESIAN_POINT ( 'NONE',  ( 10.28156703816118522, 17.29649960267302333, 9.999999999999991118 ) ) ;
#663 = CARTESIAN_POINT ( 'NONE',  ( -11.56583861960058179, 16.97485296444693859, 29.50723778925390661 ) ) ;
#664 = CARTESIAN_POINT ( 'NONE',  ( 2.598076211353308906, 35.21281292110202799, 12.00000000000000000 ) ) ;
#665 = CARTESIAN_POINT ( 'NONE',  ( 9.188143653732216976, 15.00000056328306641, 12.00000000000000000 ) ) ;
#666 = CARTESIAN_POINT ( 'NONE',  ( -0.006978695993983027868, 35.11387618428481261, 30.00000000000000000 ) ) ;
#667 = CARTESIAN_POINT ( 'NONE',  ( -0.03916784598721869542, 35.25919440818774575, 29.99429486703972003 ) ) ;
#668 = CARTESIAN_POINT ( 'NONE',  ( 10.28391317934107363, 17.29944765700217246, 29.99999999999999645 ) ) ;
#669 = CARTESIAN_POINT ( 'NONE',  ( -10.28517639486093671, 17.30131719671159374, 10.00000000000000000 ) ) ;
#670 = CARTESIAN_POINT ( 'NONE',  ( 2.180419029935099839, 35.84111665457704987, 10.00000000000000355 ) ) ;
#671 = FACE_OUTER_BOUND ( 'NONE', #3815, .T. ) ;
#672 = CARTESIAN_POINT ( 'NONE',  ( 0.05349230609840190803, 35.30036691736326304, 10.00945009529685592 ) ) ;
#673 = CARTESIAN_POINT ( 'NONE',  ( -1.753871805339370482, 36.32860613536258398, 12.00000000000000000 ) ) ;
#674 = CARTESIAN_POINT ( 'NONE',  ( -2.234531044239692843, 35.76761091530230630, 12.00000000000018296 ) ) ;
#675 = CARTESIAN_POINT ( 'NONE',  ( -10.49161521807561570, 17.09194076143547036, 29.98079450342246233 ) ) ;
#676 = CARTESIAN_POINT ( 'NONE',  ( 10.27570667695857765, 17.29005202848194855, 30.00000000000000355 ) ) ;
#677 = CARTESIAN_POINT ( 'NONE',  ( 11.68049140026609045, 15.86643815954208492, 28.31891252362164124 ) ) ;
#678 = CARTESIAN_POINT ( 'NONE',  ( -0.07383928863636003703, 36.98563531414026784, 28.70587635845087604 ) ) ;
#679 = CARTESIAN_POINT ( 'NONE',  ( 10.89792967626854470, 17.10787711473145478, 10.10483486031877298 ) ) ;
#680 = CARTESIAN_POINT ( 'NONE',  ( -0.1184070134437572863, 35.55056889083165572, 10.05086191113828598 ) ) ;
#681 = CARTESIAN_POINT ( 'NONE',  ( -9.392706986649205447, 15.00597628914050219, 12.00000000000018474 ) ) ;
#682 = CARTESIAN_POINT ( 'NONE',  ( -0.6406541028255855474, 34.57198586916079819, 9.999999999999998224 ) ) ;
#683 = CARTESIAN_POINT ( 'NONE',  ( -10.90923382879720194, 16.67119785778552554, 10.20210531046513402 ) ) ;
#684 = CARTESIAN_POINT ( 'NONE',  ( 11.85959180674797153, 16.06768431309767209, 12.00000000000001243 ) ) ;
#685 = CARTESIAN_POINT ( 'NONE',  ( -11.13161359958072616, 16.76496531258720069, 29.73541148943622403 ) ) ;
#686 = CARTESIAN_POINT ( 'NONE',  ( -11.66987298107780369, 19.49999999999999645, 12.00000000000000000 ) ) ;
#687 = CARTESIAN_POINT ( 'NONE',  ( -10.24073662118349404, 15.11951937104504218, 27.99999999999999645 ) ) ;
#688 = ADVANCED_FACE ( 'NONE', ( #4187 ), #2723, .T. ) ;
#689 = CARTESIAN_POINT ( 'NONE',  ( 0.2758624754837717963, 37.09378549162475025, 27.99999999999999645 ) ) ;
#690 = CARTESIAN_POINT ( 'NONE',  ( -0.1978085611446576408, 35.84254650058456804, 29.85187290299131035 ) ) ;
#691 = CARTESIAN_POINT ( 'NONE',  ( -11.83714900591226638, 16.03979942446953189, 12.00000000000000000 ) ) ;
#692 = CARTESIAN_POINT ( 'NONE',  ( 0.9174774321329801641, 36.90110971536353190, 10.00000000000000533 ) ) ;
#693 = CARTESIAN_POINT ( 'NONE',  ( -2.539487577003005647, 35.31429141254284332, 27.99999999999999289 ) ) ;
#694 = CARTESIAN_POINT ( 'NONE',  ( 9.937822173508928714, 18.49999999999998224, 10.00000000000000000 ) ) ;
#695 = CARTESIAN_POINT ( 'NONE',  ( -2.299044341995375440, 35.69175118109558298, 12.00000000000000000 ) ) ;
#696 = CARTESIAN_POINT ( 'NONE',  ( 11.54681452161245225, 16.90517010607213422, 29.50686064463874558 ) ) ;
#697 = CARTESIAN_POINT ( 'NONE',  ( -2.286104407000292493, 35.69730042993140984, 10.00000000000012967 ) ) ;
#698 = CARTESIAN_POINT ( 'NONE',  ( -10.72166795246428705, 17.02401101349950707, 29.93282795827967391 ) ) ;
#699 = CARTESIAN_POINT ( 'NONE',  ( 11.24189435917994118, 15.52450418692632539, 30.00000000000000355 ) ) ;
#700 = CARTESIAN_POINT ( 'NONE',  ( 10.82156174050028596, 16.74777395464564123, 29.84607749591045689 ) ) ;
#701 = CARTESIAN_POINT ( 'NONE',  ( -10.53204252928743223, 17.05121191314136198, 10.03057913082478869 ) ) ;
#702 = CARTESIAN_POINT ( 'NONE',  ( 10.74196321955060007, 17.05916358576535430, 10.06717202627572583 ) ) ;
#703 = CARTESIAN_POINT ( 'NONE',  ( 12.16434908115751590, 16.61814240410045684, 30.00000000000000000 ) ) ;
#704 = CARTESIAN_POINT ( 'NONE',  ( 0.04525106729839214331, 35.99886076664346035, 10.20308699038770861 ) ) ;
#705 = CARTESIAN_POINT ( 'NONE',  ( 11.71164915054370326, 16.37599625199357689, 10.94303001362959371 ) ) ;
#706 = CARTESIAN_POINT ( 'NONE',  ( -11.45633380105658716, 15.67163638366462131, 9.999999999999964473 ) ) ;
#707 = DIRECTION ( 'NONE',  ( -0.000000000000000000, -0.000000000000000000, -1.000000000000000000 ) ) ;
#708 = CARTESIAN_POINT ( 'NONE',  ( -11.03436999760421422, 16.82635468474788709, 10.20310494420996505 ) ) ;
#709 = CARTESIAN_POINT ( 'NONE',  ( 11.86015683053337888, 16.06840783460589961, 11.99999999999999289 ) ) ;
#710 = CARTESIAN_POINT ( 'NONE',  ( -11.25745614665366823, 16.40398669899092354, 29.50686064466850667 ) ) ;
#711 = CARTESIAN_POINT ( 'NONE',  ( 10.45865571763896540, 17.25332062836024960, 10.00521688822811406 ) ) ;
#712 = VERTEX_POINT ( 'NONE', #3012 ) ;
#713 = CARTESIAN_POINT ( 'NONE',  ( -0.04845535088745514529, 35.29334061043826409, 29.99128965516641898 ) ) ;
#714 = CARTESIAN_POINT ( 'NONE',  ( -0.1119176801352212841, 35.74600686015220674, 29.89495091593152409 ) ) ;
#715 = CARTESIAN_POINT ( 'NONE',  ( 0.1110441279550239274, 35.06853945702433606, 10.00000000000000000 ) ) ;
#716 = CARTESIAN_POINT ( 'NONE',  ( 11.76503093983607506, 16.03036668504108420, 11.54379248895090093 ) ) ;
#717 = DIRECTION ( 'NONE',  ( 0.4999999999999999445, 0.8660254037844387076, -0.000000000000000000 ) ) ;
#718 = CARTESIAN_POINT ( 'NONE',  ( 0.03824200572956736738, 35.24699692919555361, 10.00479477144024720 ) ) ;
#719 = CARTESIAN_POINT ( 'NONE',  ( 0.5619638481053508272, 37.03837247288189616, 28.00000000000000000 ) ) ;
#720 = CARTESIAN_POINT ( 'NONE',  ( 11.10015694563814570, 16.71794799695416600, 29.73553655009388308 ) ) ;
#721 = CARTESIAN_POINT ( 'NONE',  ( -10.69745955771346857, 17.11209280798662391, 29.94875188753736239 ) ) ;
#722 = CARTESIAN_POINT ( 'NONE',  ( 12.21861447758796082, 16.78876673153879295, 12.00000000000000000 ) ) ;
#723 =( BOUNDED_SURFACE ( )  B_SPLINE_SURFACE ( 3, 2, ( 
 ( #4587, #963, #1288 ),
 ( #3187, #247, #649 ),
 ( #1737, #3843, #1338 ),
 ( #1313, #4653, #2790 ),
 ( #1028, #670, #4252 ),
 ( #2741, #1381, #3501 ),
 ( #269, #985, #1360 ),
 ( #2409, #626, #2384 ),
 ( #578, #4296, #2433 ),
 ( #1670, #2076, #2475 ),
 ( #3937, #602, #3523 ),
 ( #4273, #1715, #3166 ),
 ( #4632, #2811, #2454 ),
 ( #3913, #786, #3985 ),
 ( #715, #1810, #3256 ),
 ( #2169, #338, #2947 ),
 ( #1072, #692, #1426 ),
 ( #1116, #2853, #3618 ),
 ( #2145, #3641, #2239 ),
 ( #362, #1138, #4319 ),
 ( #4413, #2590, #1 ),
 ( #4060, #25, #3689 ),
 ( #1450, #2567, #4674 ),
 ( #3959, #430, #3281 ),
 ( #1879, #2900, #4366 ),
 ( #2496, #1094, #1783 ),
 ( #3232, #384, #4343 ),
 ( #1833, #2879, #2520 ),
 ( #4700, #408, #2546 ),
 ( #3593, #1471, #1856 ),
 ( #1402, #2923, #4012 ),
 ( #739, #4037, #2194 ),
 ( #49, #763, #4390 ),
 ( #1050, #3664, #2216 ),
 ( #3304, #1495, #147 ),
 ( #1234, #836, #2355 ),
 ( #1571, #4490, #522 ),
 ( #2644, #169, #3026 ),
 ( #814, #2712, #2290 ),
 ( #3811, #3067, #4176 ),
 ( #545, #72, #1977 ),
 ( #907, #3742, #1615 ),
 ( #2997, #3327, #3763 ),
 ( #1517, #3400, #4535 ),
 ( #1187, #4156, #3356 ),
 ( #2971, #1956, #4436 ) ),
 .UNSPECIFIED., .F., .F., .F. ) 
 B_SPLINE_SURFACE_WITH_KNOTS ( ( 4, 1, 1, 1, 1, 1, 1, 1, 1, 1, 1, 1, 1, 1, 1, 1, 1, 1, 1, 1, 1, 1, 1, 1, 1, 1, 1, 1, 1, 1, 1, 1, 1, 1, 1, 1, 1, 1, 1, 1, 1, 1, 1, 4 ),
 ( 3, 3 ),
 ( -2.168404344971008868E-19, 0.0001600121110864181526, 0.0003200242221728365221, 0.0004800363332592549187, 0.0006400484443456732611, 0.0007200544998888823781, 0.0008000605554320916035, 0.0008800666109753008289, 0.0009600726665185100542, 0.001000075694290114559, 0.001040078722061719280, 0.001080081749833323784, 0.001120084777604928288, 0.001160087805376533009, 0.001180089319262335370, 0.001200090833148137514, 0.001210091590091038477, 0.001220092347033939657, 0.001230093103976840838, 0.001240093860919742018, 0.001245094239391192608, 0.001250094617862643198, 0.001255094996334093788, 0.001260095374805544378, 0.001262595564041269674, 0.001263845658659132429, 0.001264470705968063699, 0.001265095753276994969, 0.001266345847894857508, 0.001267595942512720264, 0.001268846037130583020, 0.001269471084439514289, 0.001270096131748445559, 0.001270408655402911193, 0.001270721179057376828, 0.001270799309970993291, 0.001270877440884609754, 0.001271033702711842463, 0.001271346226366308098, 0.001271971273675239367, 0.001272596320984170854, 0.001273846415602033610, 0.001275096510219896149, 0.001280096888691346739 ),
 ( 0.000000000000000000, 1.000000000000000000 ),
 .UNSPECIFIED. ) 
 GEOMETRIC_REPRESENTATION_ITEM ( )  RATIONAL_B_SPLINE_SURFACE ( (
 ( 1.000000000000000000, 0.7071067811865477948, 1.000000000000000000),
 ( 1.000000000000000000, 0.7071067811865477948, 1.000000000000000000),
 ( 1.000000000000000000, 0.7071067811865477948, 1.000000000000000000),
 ( 1.000000000000000000, 0.7071067811865479058, 1.000000000000000000),
 ( 1.000000000000000000, 0.7071067811865479058, 1.000000000000000000),
 ( 1.000000000000000000, 0.7071067811865474617, 1.000000000000000000),
 ( 1.000000000000000000, 0.7071067811865486830, 1.000000000000000000),
 ( 1.000000000000000000, 0.7071067811865467956, 1.000000000000000000),
 ( 1.000000000000000000, 0.7071067811865480168, 1.000000000000000000),
 ( 1.000000000000000000, 0.7071067811865479058, 1.000000000000000000),
 ( 1.000000000000000000, 0.7071067811865479058, 1.000000000000000000),
 ( 1.000000000000000000, 0.7071067811865481278, 1.000000000000000000),
 ( 1.000000000000000000, 0.7071067811865477948, 1.000000000000000000),
 ( 1.000000000000000000, 0.7071067811865477948, 1.000000000000000000),
 ( 1.000000000000000000, 0.7071067811865480168, 1.000000000000000000),
 ( 1.000000000000000000, 0.7071067811865480168, 1.000000000000000000),
 ( 1.000000000000000000, 0.7071067811865481278, 1.000000000000000000),
 ( 1.000000000000000000, 0.7071067811865472397, 1.000000000000000000),
 ( 1.000000000000000000, 0.7071067811865480168, 1.000000000000000000),
 ( 1.000000000000000000, 0.7071067811865477948, 1.000000000000000000),
 ( 1.000000000000000000, 0.7071067811865477948, 1.000000000000000000),
 ( 1.000000000000000000, 0.7071067811865484609, 1.000000000000000000),
 ( 1.000000000000000000, 0.7071067811865477948, 1.000000000000000000),
 ( 1.000000000000000000, 0.7071067811865479058, 1.000000000000000000),
 ( 1.000000000000000000, 0.7071067811865476838, 1.000000000000000000),
 ( 1.000000000000000000, 0.7071067811865484609, 1.000000000000000000),
 ( 1.000000000000000000, 0.7071067811865471286, 1.000000000000000000),
 ( 1.000000000000000000, 0.7071067811865487940, 1.000000000000000000),
 ( 1.000000000000000000, 0.7071067811865459074, 1.000000000000000000),
 ( 1.000000000000000000, 0.7071067811865482389, 1.000000000000000000),
 ( 1.000000000000000000, 0.7071067811865479058, 1.000000000000000000),
 ( 1.000000000000000000, 0.7071067811865474617, 1.000000000000000000),
 ( 1.000000000000000000, 0.7071067811865480168, 1.000000000000000000),
 ( 1.000000000000000000, 0.7071067811865473507, 1.000000000000000000),
 ( 1.000000000000000000, 0.7071067811865491270, 1.000000000000000000),
 ( 1.000000000000000000, 0.7071067811865446862, 1.000000000000000000),
 ( 1.000000000000000000, 0.7071067811865482389, 1.000000000000000000),
 ( 1.000000000000000000, 0.7071067811865476838, 1.000000000000000000),
 ( 1.000000000000000000, 0.7071067811865479058, 1.000000000000000000),
 ( 1.000000000000000000, 0.7071067811865479058, 1.000000000000000000),
 ( 1.000000000000000000, 0.7071067811865479058, 1.000000000000000000),
 ( 1.000000000000000000, 0.7071067811865477948, 1.000000000000000000),
 ( 1.000000000000000000, 0.7071067811865479058, 1.000000000000000000),
 ( 1.000000000000000000, 0.7071067811865479058, 1.000000000000000000),
 ( 1.000000000000000000, 0.7071067811865477948, 1.000000000000000000),
 ( 1.000000000000000000, 0.7071067811865479058, 1.000000000000000000) ) ) 
 REPRESENTATION_ITEM ( '' )  SURFACE ( )  );
#724 = CARTESIAN_POINT ( 'NONE',  ( 10.21260009609746611, 17.24008701510069841, 29.99999999999999289 ) ) ;
#725 = CARTESIAN_POINT ( 'NONE',  ( -0.1909203604642024377, 35.02013418925783839, 30.00000000000000711 ) ) ;
#726 = CARTESIAN_POINT ( 'NONE',  ( 10.49352421287335524, 17.08437400541974682, 10.02249620784991357 ) ) ;
#727 = CARTESIAN_POINT ( 'NONE',  ( 12.15931605480651356, 16.60450178473414340, 27.99999999999999645 ) ) ;
#728 = CARTESIAN_POINT ( 'NONE',  ( 0.02864203750966077058, 35.40555327954194809, 10.01941551026537880 ) ) ;
#729 = CARTESIAN_POINT ( 'NONE',  ( 11.70096242976799594, 16.78489082820030376, 10.67806558924154992 ) ) ;
#730 = CARTESIAN_POINT ( 'NONE',  ( -9.654778782001907089, 17.04692995558770008, 10.00000000000000000 ) ) ;
#731 = CARTESIAN_POINT ( 'NONE',  ( 12.14553637246085671, 16.71735968360227886, 28.45648309181718716 ) ) ;
#732 = CARTESIAN_POINT ( 'NONE',  ( -10.90739088163545567, 17.14223008779658386, 10.10462757550557278 ) ) ;
#733 = ORIENTED_EDGE ( 'NONE', *, *, #3114, .F. ) ;
#734 = CARTESIAN_POINT ( 'NONE',  ( 11.83075650034510851, 16.03153845844875036, 11.99999999999999645 ) ) ;
#735 = CARTESIAN_POINT ( 'NONE',  ( -10.91239217065620615, 16.97898097921684268, 29.87230721478793782 ) ) ;
#736 = ORIENTED_EDGE ( 'NONE', *, *, #3408, .T. ) ;
#737 = CARTESIAN_POINT ( 'NONE',  ( -0.008195010097937429835, 35.14529340450658168, 29.99973141320559122 ) ) ;
#738 = CARTESIAN_POINT ( 'NONE',  ( -0.2191723778912097187, 36.09085851214410923, 29.73624753157448453 ) ) ;
#739 = CARTESIAN_POINT ( 'NONE',  ( 0.004364081439390759577, 35.11225490497482582, 9.999999999999996447 ) ) ;
#740 = CARTESIAN_POINT ( 'NONE',  ( 11.63313360611357439, 15.91503154004686849, 11.47934851860284589 ) ) ;
#741 = CARTESIAN_POINT ( 'NONE',  ( -1.567771002218813825, 36.48986181787472560, 28.00000000000000711 ) ) ;
#742 = CARTESIAN_POINT ( 'NONE',  ( -12.25526021752307670, 17.96253639434857519, 9.999999999999998224 ) ) ;
#743 = CARTESIAN_POINT ( 'NONE',  ( -10.28455110024960817, 17.30055256842695499, 30.00000000000000000 ) ) ;
#744 = CARTESIAN_POINT ( 'NONE',  ( 10.98299927078555349, 16.58212513716593861, 29.73656552415286569 ) ) ;
#745 = CARTESIAN_POINT ( 'NONE',  ( -12.14163208367217806, 16.55804639522256494, 28.00000000000001066 ) ) ;
#746 = EDGE_CURVE ( 'NONE', #2072, #661, #142, .T. ) ;
#747 = CARTESIAN_POINT ( 'NONE',  ( -10.55207306676827095, 17.17843305926636788, 29.98058451501300681 ) ) ;
#748 = EDGE_CURVE ( 'NONE', #3334, #4140, #3376, .T. ) ;
#749 = CARTESIAN_POINT ( 'NONE',  ( 12.15574869802681768, 16.59500661560876722, 12.00000000000000000 ) ) ;
#750 = CARTESIAN_POINT ( 'NONE',  ( 10.39429156478784932, 15.16468365746524860, 30.00000000000000711 ) ) ;
#751 = CARTESIAN_POINT ( 'NONE',  ( -0.7597278438272292433, 34.39692569566853564, 30.00000000000000355 ) ) ;
#752 = CARTESIAN_POINT ( 'NONE',  ( -10.45681719701821955, 17.12700771793635113, 10.01483364662945696 ) ) ;
#753 = CARTESIAN_POINT ( 'NONE',  ( -0.01129935710717459851, 35.40661952308190052, 29.98055655132796460 ) ) ;
#754 = CARTESIAN_POINT ( 'NONE',  ( 12.15625869511011636, 16.59635652406139172, 27.99999999999999645 ) ) ;
#755 = CARTESIAN_POINT ( 'NONE',  ( 0.002215914487358645012, 35.12925237252485999, 10.00000000000000355 ) ) ;
#756 = CARTESIAN_POINT ( 'NONE',  ( -11.54573901316088325, 15.74261431764964492, 12.00000000000000000 ) ) ;
#757 = CARTESIAN_POINT ( 'NONE',  ( -0.2333874367716943510, 34.98831069743599897, 10.00000000000000178 ) ) ;
#758 = CARTESIAN_POINT ( 'NONE',  ( -11.46604052379561622, 17.00022217317851059, 10.40837562505698877 ) ) ;
#759 = CARTESIAN_POINT ( 'NONE',  ( -10.73727156296904361, 16.84444827193419059, 29.89536043398115694 ) ) ;
#760 = ORIENTED_EDGE ( 'NONE', *, *, #2711, .T. ) ;
#761 = CARTESIAN_POINT ( 'NONE',  ( -0.09665442444742447514, 35.47058156951013785, 29.96547721126506048 ) ) ;
#762 = CARTESIAN_POINT ( 'NONE',  ( -0.1545625684767232000, 35.98650993782801777, 29.79729527931532473 ) ) ;
#763 = CARTESIAN_POINT ( 'NONE',  ( 0.3252578360483334152, 37.08637290661296504, 10.00000000000000178 ) ) ;
#764 = CARTESIAN_POINT ( 'NONE',  ( 12.09481636135398475, 16.82144414343298777, 11.29290752964836209 ) ) ;
#765 = CARTESIAN_POINT ( 'NONE',  ( 11.25236735169418445, 17.04381203272108891, 29.73655289636879218 ) ) ;
#766 = CARTESIAN_POINT ( 'NONE',  ( -11.66987298107780191, 19.49999999999999645, 10.00000000000000000 ) ) ;
#767 = CARTESIAN_POINT ( 'NONE',  ( 1.327738190310581823, 36.67793455744229192, 28.00000000000000000 ) ) ;
#768 = CARTESIAN_POINT ( 'NONE',  ( 11.43062184067291831, 16.88331062762921064, 29.59079127055155212 ) ) ;
#769 = CARTESIAN_POINT ( 'NONE',  ( -10.28229424663761726, 17.29498103499522799, 29.99999999999999645 ) ) ;
#770 = CARTESIAN_POINT ( 'NONE',  ( -10.42292776502206841, 17.18406913504840716, 29.99472051154001662 ) ) ;
#771 = CARTESIAN_POINT ( 'NONE',  ( 12.15530312901857002, 16.59381299914801744, 10.00000000000000000 ) ) ;
#772 = CARTESIAN_POINT ( 'NONE',  ( 11.60056270749419838, 15.79095788317640192, 29.99999999999998934 ) ) ;
#773 = CARTESIAN_POINT ( 'NONE',  ( 0.1918223051770019671, 37.10561542371532795, 11.99999999998544276 ) ) ;
#774 = CARTESIAN_POINT ( 'NONE',  ( 10.41263685289691487, 17.16737525362907846, 10.00845936584198981 ) ) ;
#775 = CARTESIAN_POINT ( 'NONE',  ( 0.02656883825882616276, 35.62940694488226967, 29.93283819923112077 ) ) ;
#776 = ADVANCED_FACE ( 'NONE', ( #1651 ), #1278, .T. ) ;
#777 = CARTESIAN_POINT ( 'NONE',  ( 12.27139844812097280, 17.03335427909937394, 27.99999999999999645 ) ) ;
#778 = CARTESIAN_POINT ( 'NONE',  ( -0.001376277937965356178, 35.16224615858759961, 10.00041461069753979 ) ) ;
#779 = CARTESIAN_POINT ( 'NONE',  ( -10.26737556132381535, 17.27957390203927446, 30.00000000000000000 ) ) ;
#780 = CARTESIAN_POINT ( 'NONE',  ( 12.04481317780056493, 16.37418528277478913, 11.73750610959568519 ) ) ;
#781 = CARTESIAN_POINT ( 'NONE',  ( -10.30014063737945840, 17.29507763314182256, 10.00000000000000355 ) ) ;
#782 = CARTESIAN_POINT ( 'NONE',  ( 0.000000000000000000, 0.000000000000000000, -25.00000000000000000 ) ) ;
#783 = CARTESIAN_POINT ( 'NONE',  ( 0.03383523411726742369, 35.10399209600583248, 30.00000000000000000 ) ) ;
#784 = CARTESIAN_POINT ( 'NONE',  ( -11.81723428600018089, 16.01257395007662510, 11.99999999998544276 ) ) ;
#785 = CARTESIAN_POINT ( 'NONE',  ( 0.03606929046400789846, 35.81732480607446689, 29.87230721515211940 ) ) ;
#786 = CARTESIAN_POINT ( 'NONE',  ( 1.182307499967262254, 36.75953355174608816, 10.00000000000000000 ) ) ;
#787 = CARTESIAN_POINT ( 'NONE',  ( 11.69473138640806731, 15.97597649075601822, 11.47948424600680006 ) ) ;
#788 = CARTESIAN_POINT ( 'NONE',  ( 11.10015707948403296, 16.71794800012968807, 10.26446350131397089 ) ) ;
#789 = CARTESIAN_POINT ( 'NONE',  ( -11.75770577142324136, 15.94455274664980848, 27.99999999990995647 ) ) ;
#790 = CARTESIAN_POINT ( 'NONE',  ( 10.13673909820318464, 18.12380913073481636, 29.99999999999999645 ) ) ;
#791 = CARTESIAN_POINT ( 'NONE',  ( -0.05235346215682333548, 36.43455484549319578, 10.49423173326810144 ) ) ;
#792 = CARTESIAN_POINT ( 'NONE',  ( -0.01007231953347202322, 35.11082051492238776, 30.00000000000000000 ) ) ;
#793 = EDGE_CURVE ( 'NONE', #841, #661, #2911, .T. ) ;
#794 = CARTESIAN_POINT ( 'NONE',  ( -12.13676200554748696, 16.54601264141222217, 27.99999999999998579 ) ) ;
#795 = CARTESIAN_POINT ( 'NONE',  ( -11.20190094546454596, 15.49894923934034274, 30.00000000000000000 ) ) ;
#796 = CARTESIAN_POINT ( 'NONE',  ( 10.28506372949359360, 17.30249304747451689, 10.00000000000000000 ) ) ;
#797 = CARTESIAN_POINT ( 'NONE',  ( 11.31024523209934785, 15.56777144785064060, 29.99999999999998934 ) ) ;
#798 = CARTESIAN_POINT ( 'NONE',  ( 10.42319105137180024, 17.15653653017126601, 29.99008847911465026 ) ) ;
#799 = CARTESIAN_POINT ( 'NONE',  ( -10.43939776439058953, 17.14455278196215815, 10.01202672099498514 ) ) ;
#800 = CARTESIAN_POINT ( 'NONE',  ( 0.04192663819593100971, 35.28894551535978508, 29.99475393085961628 ) ) ;
#801 = B_SPLINE_CURVE_WITH_KNOTS ( 'NONE', 3,
 ( #2369, #1205, #1721, #1676, #1344, #3173, #3484, #4616, #1366, #4235, #4659, #2796 ),
 .UNSPECIFIED., .F., .F.,
 ( 4, 2, 2, 2, 2, 4 ),
 ( 0.000000000000000000, 0.0006366373655498499488, 0.0009549560483247799105, 0.001114115389712250041, 0.001193695060405984944, 0.001273274731099720064 ),
 .UNSPECIFIED. ) ;
#802 = CLOSED_SHELL ( 'NONE', ( #1269, #2435, #3213, #1156, #3255, #4662, #4275, #297, #776, #2489, #445, #8, #839, #1770, #3318, #1280, #3990, #688, #4487, #1799, #3777, #1791, #4530, #858, #2685, #2877, #2769, #2333, #2149, #1947, #4689, #398 ) ) ;
#803 = CARTESIAN_POINT ( 'NONE',  ( 11.93940545267197173, 16.78208750008226247, 10.99865801509592700 ) ) ;
#804 = CARTESIAN_POINT ( 'NONE',  ( 12.16149443366301774, 16.61036773136360978, 30.00000000000000000 ) ) ;
#805 = CARTESIAN_POINT ( 'NONE',  ( -0.01489139616720045953, 35.29296816216720600, 10.00531404577105477 ) ) ;
#806 = CARTESIAN_POINT ( 'NONE',  ( -10.26713366706501240, 17.72035952020486960, 10.00000000000000000 ) ) ;
#807 = CARTESIAN_POINT ( 'NONE',  ( 12.09638717104766847, 16.44937689498069489, 11.86791037379065550 ) ) ;
#808 = CARTESIAN_POINT ( 'NONE',  ( 11.75282818273056407, 16.04092927624980192, 28.52017930600046469 ) ) ;
#809 = CARTESIAN_POINT ( 'NONE',  ( -10.29808913512613167, 17.29109440700638700, 10.00000000000000000 ) ) ;
#810 = DIRECTION ( 'NONE',  ( 1.000000000000000000, 0.000000000000000000, 0.000000000000000000 ) ) ;
#811 = CARTESIAN_POINT ( 'NONE',  ( 0.2776794624780943854, 37.09353212067851757, 27.99999999999998934 ) ) ;
#812 = CARTESIAN_POINT ( 'NONE',  ( -11.92697097102770876, 16.15593942892089885, 11.99999999998544631 ) ) ;
#813 = CARTESIAN_POINT ( 'NONE',  ( 0.2294824380527812069, 36.08880560141379590, 29.73628646816854015 ) ) ;
#814 = CARTESIAN_POINT ( 'NONE',  ( 0.001982600950408105675, 35.11262499891460465, 10.00000000000000178 ) ) ;
#815 = CARTESIAN_POINT ( 'NONE',  ( 11.13111872934161894, 17.03510834614052882, 10.20237911463628322 ) ) ;
#816 = CARTESIAN_POINT ( 'NONE',  ( 10.29349346790742104, 17.32481144322943223, 30.00000000000000355 ) ) ;
#817 = CARTESIAN_POINT ( 'NONE',  ( 0.08824925329063841584, 36.84506190956570038, 10.99977904075569590 ) ) ;
#818 = CARTESIAN_POINT ( 'NONE',  ( -2.233312889022023295, 35.76924618006078305, 27.99999999999999645 ) ) ;
#819 = ORIENTED_EDGE ( 'NONE', *, *, #4494, .T. ) ;
#820 = CARTESIAN_POINT ( 'NONE',  ( 10.77210379883012692, 16.88077150493173662, 29.89498636125526687 ) ) ;
#821 = CARTESIAN_POINT ( 'NONE',  ( -12.21402755402718476, 16.77107637296849774, 27.99999999999998934 ) ) ;
#822 = CARTESIAN_POINT ( 'NONE',  ( -9.444739957642958927, 17.01789724230455292, 30.00000000000000000 ) ) ;
#823 = CARTESIAN_POINT ( 'NONE',  ( 11.66987298107779480, 19.50000000000000000, 27.99999999999999645 ) ) ;
#824 = CARTESIAN_POINT ( 'NONE',  ( -12.14995868011446056, 16.82642157482358414, 28.60653671690879563 ) ) ;
#825 = CARTESIAN_POINT ( 'NONE',  ( -0.1600736825241275141, 37.00214485862770886, 11.35526370667822604 ) ) ;
#826 = CARTESIAN_POINT ( 'NONE',  ( 10.10879430097418563, 18.16807310394306896, 30.00000000000000000 ) ) ;
#827 = CARTESIAN_POINT ( 'NONE',  ( -0.1184073024251305201, 35.55056939601666954, 29.94913795864847117 ) ) ;
#828 = CARTESIAN_POINT ( 'NONE',  ( 11.85407573319478303, 16.56283352558382305, 10.99969326587766361 ) ) ;
#829 = CARTESIAN_POINT ( 'NONE',  ( 10.80758339907393228, 16.92636369178181610, 10.10524579631235653 ) ) ;
#830 = CARTESIAN_POINT ( 'NONE',  ( 0.3312880326722390523, 36.28617766732502048, 29.59162460507040393 ) ) ;
#831 = CARTESIAN_POINT ( 'NONE',  ( 0.003112094833310133282, 35.16222559991243202, 10.00041484615695886 ) ) ;
#832 = LINE ( 'NONE', #2827, #4685 ) ;
#833 = CARTESIAN_POINT ( 'NONE',  ( 11.80401176840407551, 15.99647698847680566, 11.86790984347033096 ) ) ;
#834 = CARTESIAN_POINT ( 'NONE',  ( -10.65670506141062113, 17.04072573428156545, 10.05126576197113586 ) ) ;
#835 = CARTESIAN_POINT ( 'NONE',  ( -11.69416440405240643, 15.88039255814201844, 11.86791072733754326 ) ) ;
#836 = CARTESIAN_POINT ( 'NONE',  ( 0.2866254283158389815, 37.09227719888562547, 9.999999999999952038 ) ) ;
#837 = CARTESIAN_POINT ( 'NONE',  ( -11.64636958779066056, 15.92855524478116891, 28.52064720667262065 ) ) ;
#838 = CARTESIAN_POINT ( 'NONE',  ( -11.78725731882859940, 19.29145993043803031, 10.00000000000000000 ) ) ;
#839 = ADVANCED_FACE ( 'NONE', ( #2989 ), #1310, .T. ) ;
#840 = CARTESIAN_POINT ( 'NONE',  ( -0.5561478560268980909, 37.03684358071253513, 28.00000000000000711 ) ) ;
#841 = VERTEX_POINT ( 'NONE', #111 ) ;
#842 = CARTESIAN_POINT ( 'NONE',  ( 10.41580431698740838, 17.17562416909734679, 29.99475393086165198 ) ) ;
#843 = CARTESIAN_POINT ( 'NONE',  ( -12.13535972954834463, 16.54255088229372816, 30.00000000000000000 ) ) ;
#844 = CARTESIAN_POINT ( 'NONE',  ( 11.04489352517056666, 16.64703770962367813, 10.26407772481429248 ) ) ;
#845 = CARTESIAN_POINT ( 'NONE',  ( -11.62811364250634405, 15.81549823186005277, 27.99999999999999645 ) ) ;
#846 = CARTESIAN_POINT ( 'NONE',  ( 12.16435260613919311, 16.61815121682902330, 10.00000000000000000 ) ) ;
#847 = CARTESIAN_POINT ( 'NONE',  ( -10.52204606662782993, 17.24017738300509350, 29.98511224804898845 ) ) ;
#848 = CARTESIAN_POINT ( 'NONE',  ( 0.4276934905640098483, 36.93772524744800023, 11.29313342054019031 ) ) ;
#849 = CARTESIAN_POINT ( 'NONE',  ( 11.96937666548449464, 18.90588907018305775, 30.00000000000000000 ) ) ;
#850 = CARTESIAN_POINT ( 'NONE',  ( 0.004414397634119026845, 35.12890191338145485, 30.00000000000000000 ) ) ;
#851 = CARTESIAN_POINT ( 'NONE',  ( 11.91399371275326935, 16.70717830849392982, 10.99921160597317815 ) ) ;
#852 = CARTESIAN_POINT ( 'NONE',  ( 12.15583132671147837, 16.59522507233936395, 30.00000000000000000 ) ) ;
#853 = CARTESIAN_POINT ( 'NONE',  ( 11.67083389931115711, 15.85054525564236982, 12.00000000000000000 ) ) ;
#854 = CARTESIAN_POINT ( 'NONE',  ( -0.07906424812444944050, 37.11330471593048230, 27.99999999990997068 ) ) ;
#855 = CARTESIAN_POINT ( 'NONE',  ( 11.74441441312915835, 15.92972087847955009, 11.99999999998544808 ) ) ;
#856 = CARTESIAN_POINT ( 'NONE',  ( 12.04523465090085921, 16.65930003467065035, 28.70636453062371629 ) ) ;
#857 = CARTESIAN_POINT ( 'NONE',  ( -10.45773204936870115, 17.24824513198457154, 10.00524608848836827 ) ) ;
#858 = ADVANCED_FACE ( 'NONE', ( #1890 ), #2248, .T. ) ;
#859 = SURFACE_STYLE_USAGE ( .BOTH. , #2259 ) ;
#860 = CARTESIAN_POINT ( 'NONE',  ( 0.003619554365746208147, 35.11237985831300534, 30.00000000000000355 ) ) ;
#861 = CARTESIAN_POINT ( 'NONE',  ( -11.68503438891345425, 15.88959090584985567, 11.73724977128525282 ) ) ;
#862 = CARTESIAN_POINT ( 'NONE',  ( 9.708752918046958058, 17.05719597554042366, 10.00000000000000355 ) ) ;
#863 = CARTESIAN_POINT ( 'NONE',  ( -12.12416674953674622, 16.65240871393389099, 28.45620754119883955 ) ) ;
#864 = CARTESIAN_POINT ( 'NONE',  ( -12.29568219480795577, 17.62378784024672385, 10.00000000000000000 ) ) ;
#865 = CARTESIAN_POINT ( 'NONE',  ( -0.03771154366912368022, 35.10263001688132789, 29.99999999999997868 ) ) ;
#866 = VERTEX_POINT ( 'NONE', #2342 ) ;
#867 = CARTESIAN_POINT ( 'NONE',  ( 10.77602965251511691, 16.79449378521116998, 29.87306971428782276 ) ) ;
#868 = CARTESIAN_POINT ( 'NONE',  ( -10.30114461024524708, 17.41216591729751784, 30.00000000000000000 ) ) ;
#869 = CARTESIAN_POINT ( 'NONE',  ( 11.28835845527788173, 16.43848327341145676, 10.49358223076115237 ) ) ;
#870 = CARTESIAN_POINT ( 'NONE',  ( -10.25136120081371338, 17.26815593133894211, 30.00000000000000000 ) ) ;
#871 = CARTESIAN_POINT ( 'NONE',  ( 12.03626148349326819, 18.74134291671996522, 12.00000000000000000 ) ) ;
#872 = CARTESIAN_POINT ( 'NONE',  ( -10.48140279610845838, 17.25051327272797863, 29.98972842467692956 ) ) ;
#873 = CARTESIAN_POINT ( 'NONE',  ( 0.1790725698186761972, 36.97844503504522606, 11.29399321305202086 ) ) ;
#874 = CARTESIAN_POINT ( 'NONE',  ( 0.5433714391124666587, 37.03878966209563117, 27.99999999999998934 ) ) ;
#875 = CARTESIAN_POINT ( 'NONE',  ( -0.3239586901443350930, 37.08629622794789782, 11.99999999999999822 ) ) ;
#876 = CARTESIAN_POINT ( 'NONE',  ( 12.15439868332301820, 16.59143207023732103, 30.00000000000000000 ) ) ;
#877 = CARTESIAN_POINT ( 'NONE',  ( -9.071796769724489451, 15.00000000000000000, 12.00000000000000355 ) ) ;
#878 = AXIS2_PLACEMENT_3D ( 'NONE', #2887, #3602, #1126 ) ;
#879 = CARTESIAN_POINT ( 'NONE',  ( 0.3689957258192929634, 37.08074173784901717, 28.13209017393357669 ) ) ;
#880 = B_SPLINE_CURVE_WITH_KNOTS ( 'NONE', 3,
 ( #1538, #1926, #4080, #2256, #1565, #425, #4130, #2992, #1489, #450, #2307, #4455 ),
 .UNSPECIFIED., .F., .F.,
 ( 4, 2, 2, 2, 2, 4 ),
 ( 0.000000000000000000, 0.0006350376996192902065, 0.0009525565494289342256, 0.001111315974333756344, 0.001190695686786165126, 0.001270075399238573908 ),
 .UNSPECIFIED. ) ;
#881 = CARTESIAN_POINT ( 'NONE',  ( 11.81037948504689439, 16.21210069275918642, 28.70600679652481091 ) ) ;
#882 = CARTESIAN_POINT ( 'NONE',  ( -10.33125197998011480, 17.28413808751203007, 10.00040975853613467 ) ) ;
#883 = VECTOR ( 'NONE', #1096, 999.9999999999998863 ) ;
#884 = CARTESIAN_POINT ( 'NONE',  ( 0.01859387107872735936, 35.10885741996182929, 29.99999999999999645 ) ) ;
#885 = CARTESIAN_POINT ( 'NONE',  ( -12.02096876873558351, 16.41211678994835310, 11.54408686715508381 ) ) ;
#886 = CARTESIAN_POINT ( 'NONE',  ( 9.163618983393254425, 15.00412401943455620, 10.00000000000000711 ) ) ;
#887 = CARTESIAN_POINT ( 'NONE',  ( -12.22386283937710161, 16.80758509946451085, 27.99999999990996358 ) ) ;
#888 = CARTESIAN_POINT ( 'NONE',  ( -12.22815861399827320, 16.82346669180380871, 12.00000000000000355 ) ) ;
#889 = CARTESIAN_POINT ( 'NONE',  ( -0.1166499603081986025, 35.06583651829294723, 30.00000000000000000 ) ) ;
#890 = ORIENTED_EDGE ( 'NONE', *, *, #2967, .F. ) ;
#891 = CARTESIAN_POINT ( 'NONE',  ( 10.32873660923049108, 17.27848927712552296, 29.99958655236899929 ) ) ;
#892 = CARTESIAN_POINT ( 'NONE',  ( -12.30044331153583670, 17.52393762462375548, 30.00000000000000711 ) ) ;
#893 = CARTESIAN_POINT ( 'NONE',  ( -9.071796769724489451, 15.00000000000000178, 27.99999999999999645 ) ) ;
#894 = CARTESIAN_POINT ( 'NONE',  ( 12.27137937174492244, 17.03322901853277571, 11.99999999999995381 ) ) ;
#895 = CARTESIAN_POINT ( 'NONE',  ( -11.71665705272068436, 16.93651722888893119, 29.34930659595134728 ) ) ;
#896 = CARTESIAN_POINT ( 'NONE',  ( -0.3256443389370572983, 36.95823466329050433, 11.29363545146356174 ) ) ;
#897 = CARTESIAN_POINT ( 'NONE',  ( 12.03720463225025483, 18.73890963960923628, 27.99999999999999645 ) ) ;
#898 = CARTESIAN_POINT ( 'NONE',  ( -0.003202593684488173713, 35.11218194088667133, 10.00000000000000000 ) ) ;
#899 = CARTESIAN_POINT ( 'NONE',  ( 0.4950930841682538164, 36.86746617371584023, 28.82735648325390443 ) ) ;
#900 = CARTESIAN_POINT ( 'NONE',  ( 12.13613704384646397, 18.47977716463168463, 28.00000000000000000 ) ) ;
#901 = CARTESIAN_POINT ( 'NONE',  ( -0.07471221507087251468, 37.00765856667704412, 28.64465379131371847 ) ) ;
#902 = CARTESIAN_POINT ( 'NONE',  ( 11.66877741011682268, 16.31298830467089189, 29.05710702386516431 ) ) ;
#903 = CARTESIAN_POINT ( 'NONE',  ( -10.28455231187830421, 17.30055473308395619, 10.00000000000000355 ) ) ;
#904 = CARTESIAN_POINT ( 'NONE',  ( -0.05958331297753677314, 36.61920271058838239, 10.67868823041125204 ) ) ;
#905 = CARTESIAN_POINT ( 'NONE',  ( 0.9059748373936671317, 36.90663399258970401, 27.99999999999998934 ) ) ;
#906 = CARTESIAN_POINT ( 'NONE',  ( -11.68129774699487733, 16.12737588427296487, 11.17345362069482739 ) ) ;
#907 = CARTESIAN_POINT ( 'NONE',  ( 0.0003063410928602370914, 35.11285937080067754, 10.00000000000000000 ) ) ;
#908 = CARTESIAN_POINT ( 'NONE',  ( -11.80328499679155385, 16.34120675210411733, 28.88487941021319472 ) ) ;
#909 = CARTESIAN_POINT ( 'NONE',  ( -12.23924473063346774, 16.86917823795926807, 9.999999999999998224 ) ) ;
#910 = CARTESIAN_POINT ( 'NONE',  ( -0.3254465048195860910, 37.08605265913205074, 27.99999999999999645 ) ) ;
#911 = ORIENTED_EDGE ( 'NONE', *, *, #3039, .T. ) ;
#912 = CARTESIAN_POINT ( 'NONE',  ( 10.50719302978834158, 17.10792890453106097, 29.98066700132258333 ) ) ;
#913 = CARTESIAN_POINT ( 'NONE',  ( -12.30162784427078115, 17.43262294051546135, 27.99999999999999645 ) ) ;
#914 = CARTESIAN_POINT ( 'NONE',  ( -11.83116128375652387, 16.03248357972849192, 27.99999999999999645 ) ) ;
#915 = CARTESIAN_POINT ( 'NONE',  ( 10.29716875322220204, 17.35768587741740632, 10.00000000000000000 ) ) ;
#916 = CARTESIAN_POINT ( 'NONE',  ( -0.5244500735342090270, 37.04365363142145640, 12.00000000000000000 ) ) ;
#917 = CARTESIAN_POINT ( 'NONE',  ( 0.1865703547720601874, 37.05433570339624083, 11.54402413394720739 ) ) ;
#918 = CARTESIAN_POINT ( 'NONE',  ( -0.1720833363207895927, 37.11353076504023818, 27.99999999990996358 ) ) ;
#919 = CARTESIAN_POINT ( 'NONE',  ( -0.3495617677933103851, 37.08196922964438613, 10.00000000000001776 ) ) ;
#920 = CARTESIAN_POINT ( 'NONE',  ( 10.28760984202498463, 17.30418791627864650, 29.99999999999999645 ) ) ;
#921 = CARTESIAN_POINT ( 'NONE',  ( 12.21407604699074056, 18.21100093127488861, 12.00000000000000000 ) ) ;
#922 = CARTESIAN_POINT ( 'NONE',  ( -0.3294957068662446864, 36.97993863701270811, 28.64509720638471890 ) ) ;
#923 = CARTESIAN_POINT ( 'NONE',  ( 12.04651322395663549, 16.83418727026816342, 28.82734960205581487 ) ) ;
#924 = CARTESIAN_POINT ( 'NONE',  ( -11.40427068520527065, 16.17246370207087480, 29.22226541930646704 ) ) ;
#925 = CARTESIAN_POINT ( 'NONE',  ( 0.1168123208018188308, 36.32704145913007210, 10.40960908544439611 ) ) ;
#926 = CARTESIAN_POINT ( 'NONE',  ( 2.094914231787538217, 35.94513599289215477, 28.00000000000001776 ) ) ;
#927 = CARTESIAN_POINT ( 'NONE',  ( -11.66327297926502560, 16.03107864562714724, 11.29316151749220332 ) ) ;
#928 = CARTESIAN_POINT ( 'NONE',  ( 10.70937120445689672, 15.30197523475705879, 10.00000000000001243 ) ) ;
#929 = CARTESIAN_POINT ( 'NONE',  ( -12.03068827048469736, 16.77248667144208838, 28.82709379688880702 ) ) ;
#930 = CARTESIAN_POINT ( 'NONE',  ( -10.28980075656028603, 17.31684875063944062, 10.00000000000000533 ) ) ;
#931 = CARTESIAN_POINT ( 'NONE',  ( 9.808364955640586302, 17.07728306093060411, 9.999999999999998224 ) ) ;
#932 = ORIENTED_EDGE ( 'NONE', *, *, #2864, .F. ) ;
#933 = CARTESIAN_POINT ( 'NONE',  ( 10.56477065977758834, 17.21182439904831085, 10.01927942230551238 ) ) ;
#934 = CARTESIAN_POINT ( 'NONE',  ( -10.69893980654521926, 15.25596484272432107, 11.99999999999999467 ) ) ;
#935 = CARTESIAN_POINT ( 'NONE',  ( -12.05250246187431706, 18.69808717763875450, 27.99999999999999645 ) ) ;
#936 = CARTESIAN_POINT ( 'NONE',  ( 11.68049156595761850, 15.86643832357392192, 11.99999999998544631 ) ) ;
#937 = CARTESIAN_POINT ( 'NONE',  ( -11.83463407003666745, 16.03672533453582716, 30.00000000000000000 ) ) ;
#938 = CARTESIAN_POINT ( 'NONE',  ( 12.28225893985603889, 17.11358691551443911, 10.00000000000000000 ) ) ;
#939 = CARTESIAN_POINT ( 'NONE',  ( 0.8660254037844357100, 34.21281292110202088, 30.00000000000000000 ) ) ;
#940 = EDGE_CURVE ( 'NONE', #3497, #1215, #3597, .T. ) ;
#941 = CARTESIAN_POINT ( 'NONE',  ( 0.3306223881570276024, 36.87847878809222379, 11.11450239447707489 ) ) ;
#942 = CARTESIAN_POINT ( 'NONE',  ( 12.22039008312318664, 18.17156938842223823, 27.99999999999999645 ) ) ;
#943 = CARTESIAN_POINT ( 'NONE',  ( 0.0006379209085109772146, 35.11281269567290053, 30.00000000000000000 ) ) ;
#944 = CARTESIAN_POINT ( 'NONE',  ( 10.28306065318006723, 17.29835447198241383, 30.00000000000001776 ) ) ;
#945 = CARTESIAN_POINT ( 'NONE',  ( 11.46688589095250244, 16.08557356899915192, 29.06959245836443273 ) ) ;
#946 = CARTESIAN_POINT ( 'NONE',  ( -0.07624405402836610668, 37.04573013554909267, 28.51980632287952133 ) ) ;
#947 = CARTESIAN_POINT ( 'NONE',  ( 11.72384189456070125, 16.62409258430266235, 29.22082331447019499 ) ) ;
#948 = CARTESIAN_POINT ( 'NONE',  ( -10.28455110024960817, 17.30055256842695499, 30.00000000000000000 ) ) ;
#949 = CARTESIAN_POINT ( 'NONE',  ( 12.20608346723066440, 16.79207438273214592, 11.73724977128525815 ) ) ;
#950 = CARTESIAN_POINT ( 'NONE',  ( 0.3130593793912445078, 36.78418609899409830, 10.94238734867779428 ) ) ;
#951 = CARTESIAN_POINT ( 'NONE',  ( 0.8660254037844343777, 34.21281292110202088, 30.00000000000000000 ) ) ;
#952 = CARTESIAN_POINT ( 'NONE',  ( -11.48157313445998895, 16.09457494312168180, 10.94155132355449211 ) ) ;
#953 = AXIS2_PLACEMENT_3D ( 'NONE', #1183, #3022, #4107 ) ;
#954 = CARTESIAN_POINT ( 'NONE',  ( 10.81469997561588414, 15.30857034061834199, 11.99999999999999289 ) ) ;
#955 = CARTESIAN_POINT ( 'NONE',  ( -11.88821385028882283, 16.73543160889745707, 29.05761272046642318 ) ) ;
#956 = CARTESIAN_POINT ( 'NONE',  ( -12.29726538972166416, 17.27558936403091394, 12.00000000000001066 ) ) ;
#957 = CARTESIAN_POINT ( 'NONE',  ( -0.3309033729011469638, 37.08515329773506863, 27.99999999999998579 ) ) ;
#958 = VERTEX_POINT ( 'NONE', #2079 ) ;
#959 = EDGE_CURVE ( 'NONE', #3224, #3094, #990, .T. ) ;
#960 = CARTESIAN_POINT ( 'NONE',  ( 10.53089273998701714, 17.13986875087732642, 10.01943815086117162 ) ) ;
#961 = CARTESIAN_POINT ( 'NONE',  ( -11.11369359305537152, 16.46524417364903314, 10.37702310460179511 ) ) ;
#962 = CARTESIAN_POINT ( 'NONE',  ( -10.29109173803622390, 17.32218238449639003, 30.00000000000000355 ) ) ;
#963 = CARTESIAN_POINT ( 'NONE',  ( 2.598076211353309795, 35.21281292110202088, 10.00000000000000000 ) ) ;
#964 = CARTESIAN_POINT ( 'NONE',  ( -11.83116509646593073, 16.03248045820791035, 30.00000000000000000 ) ) ;
#965 = CARTESIAN_POINT ( 'NONE',  ( 10.29426600745708420, 17.33773192194944102, 10.00000000000000000 ) ) ;
#966 = CARTESIAN_POINT ( 'NONE',  ( -0.1048677343757844910, 35.50078462062921147, 10.04067418888377006 ) ) ;
#967 = CARTESIAN_POINT ( 'NONE',  ( -0.3188505201307934578, 37.08713275586620028, 12.00000000000000000 ) ) ;
#968 = CARTESIAN_POINT ( 'NONE',  ( 11.76705812505421456, 15.95718505642419416, 27.99999999999998579 ) ) ;
#969 = CARTESIAN_POINT ( 'NONE',  ( 10.05936474636235545, 17.15997359028882485, 30.00000000000000711 ) ) ;
#970 = CARTESIAN_POINT ( 'NONE',  ( -0.3924897132261884192, 36.86552058643041363, 28.88596968849673985 ) ) ;
#971 = CARTESIAN_POINT ( 'NONE',  ( 11.95978830954321026, 16.85707939905412189, 29.00167080344893122 ) ) ;
#972 = CARTESIAN_POINT ( 'NONE',  ( -11.90589546361466056, 19.09119706851763354, 27.99999999999999289 ) ) ;
#973 = CARTESIAN_POINT ( 'NONE',  ( 12.11613025315058145, 16.81581818689589980, 11.35424160176595265 ) ) ;
#974 = CARTESIAN_POINT ( 'NONE',  ( -0.08494427605953790150, 36.11133892797209910, 10.26450376389908925 ) ) ;
#975 = CARTESIAN_POINT ( 'NONE',  ( 1.202041947530541499, 36.74693354259510158, 30.00000000000000000 ) ) ;
#976 = CARTESIAN_POINT ( 'NONE',  ( -11.90848352350890416, 16.46943817025104551, 11.17397043110718258 ) ) ;
#977 = CARTESIAN_POINT ( 'NONE',  ( 10.96553841581541455, 15.40752694667512479, 9.999999999999985789 ) ) ;
#978 = CARTESIAN_POINT ( 'NONE',  ( -11.92037254896803233, 16.72408693581251526, 29.00085109369473457 ) ) ;
#979 = CARTESIAN_POINT ( 'NONE',  ( -10.28404079159367868, 17.29929124291811249, 9.999999999999998224 ) ) ;
#980 = CARTESIAN_POINT ( 'NONE',  ( -0.3352227371874405559, 37.08443216428995015, 27.99999999999998579 ) ) ;
#981 = EDGE_LOOP ( 'NONE', ( #1443, #2716, #106, #1620 ) ) ;
#982 = CARTESIAN_POINT ( 'NONE',  ( 10.29887320484263213, 17.29245245559205202, 10.00000000000000000 ) ) ;
#983 = CARTESIAN_POINT ( 'NONE',  ( -10.95917364510298952, 16.62091558000174629, 10.24276518198959529 ) ) ;
#984 = CARTESIAN_POINT ( 'NONE',  ( -11.83082886803440559, 16.03206924863432903, 10.00000000000000000 ) ) ;
#985 = CARTESIAN_POINT ( 'NONE',  ( 1.902490387705491504, 36.16457607422722020, 10.00000000000001954 ) ) ;
#986 = CARTESIAN_POINT ( 'NONE',  ( 11.95978830954321026, 16.85707939905412189, 29.00167080344893122 ) ) ;
#987 = CARTESIAN_POINT ( 'NONE',  ( 11.96856956223739488, 18.90776165591596580, 10.00000000000000000 ) ) ;
#988 = CARTESIAN_POINT ( 'NONE',  ( -0.2031754219589822219, 35.86227652165909063, 10.15660239230973971 ) ) ;
#989 = CARTESIAN_POINT ( 'NONE',  ( -0.8375748356537722206, 36.93636126056790658, 9.999999999999991118 ) ) ;
#990 = B_SPLINE_CURVE_WITH_KNOTS ( 'NONE', 3,
 ( #3847, #295, #1384, #225, #652, #2835, #1341, #2457 ),
 .UNSPECIFIED., .F., .F.,
 ( 4, 2, 2, 4 ),
 ( 0.000000000000000000, 0.4968292217902510743, 0.8871986279233778916, 1.000000000000000000 ),
 .UNSPECIFIED. ) ;
#991 = CARTESIAN_POINT ( 'NONE',  ( 10.24518994732668808, 17.26250615736982041, 29.99999999999999645 ) ) ;
#992 = CARTESIAN_POINT ( 'NONE',  ( -0.1465127314810210080, 36.84092077092957140, 29.00030675269375280 ) ) ;
#993 = CARTESIAN_POINT ( 'NONE',  ( -10.28455231187830421, 17.30055473308395619, 10.00000000000000000 ) ) ;
#994 = CARTESIAN_POINT ( 'NONE',  ( -11.66987298107780369, 19.49999999999999645, 12.00000000000000355 ) ) ;
#995 = CARTESIAN_POINT ( 'NONE',  ( 0.1618087130349562253, 35.79987360509664285, 10.12712849917820890 ) ) ;
#996 = EDGE_CURVE ( 'NONE', #173, #3071, #1673, .T. ) ;
#997 = CARTESIAN_POINT ( 'NONE',  ( 0.1743071318746550469, 35.02981483992973466, 30.00000000000000000 ) ) ;
#998 = CARTESIAN_POINT ( 'NONE',  ( -11.54911077283478882, 16.02653182690744416, 11.11372695660267595 ) ) ;
#999 = CARTESIAN_POINT ( 'NONE',  ( 11.63484112325267184, 15.82232048168731176, 12.00000000000000533 ) ) ;
#1000 = CARTESIAN_POINT ( 'NONE',  ( -12.15810084958446069, 16.82430160821755649, 28.52065158755370433 ) ) ;
#1001 = CARTESIAN_POINT ( 'NONE',  ( -12.13618838450990900, 16.54459290471234567, 10.00000000000000000 ) ) ;
#1002 = DIRECTION ( 'NONE',  ( 0.000000000000000000, 0.000000000000000000, 1.000000000000000000 ) ) ;
#1003 = ORIENTED_EDGE ( 'NONE', *, *, #2532, .T. ) ;
#1004 = CARTESIAN_POINT ( 'NONE',  ( 10.71738092339997195, 17.16422166319350495, 10.05099171006168923 ) ) ;
#1005 = CARTESIAN_POINT ( 'NONE',  ( -10.90598124712099093, 16.67449195441642829, 10.20438740445477954 ) ) ;
#1006 = CARTESIAN_POINT ( 'NONE',  ( -11.89912870057097116, 19.06598668822292453, 30.00000000000001066 ) ) ;
#1007 = CARTESIAN_POINT ( 'NONE',  ( 11.70935178499736828, 15.89500946013594529, 11.99999999998544631 ) ) ;
#1008 = CARTESIAN_POINT ( 'NONE',  ( -10.28085642568982117, 17.29607932826941408, 30.00000000000000000 ) ) ;
#1009 = CARTESIAN_POINT ( 'NONE',  ( 11.74901106395961037, 19.36292881963510126, 12.00000000000000000 ) ) ;
#1010 = CARTESIAN_POINT ( 'NONE',  ( -0.02706017650297841068, 35.21467312651500237, 10.00276183142731767 ) ) ;
#1011 = CARTESIAN_POINT ( 'NONE',  ( -0.2288236116209144966, 34.99181827622374641, 10.00000000000000000 ) ) ;
#1012 = CARTESIAN_POINT ( 'NONE',  ( 11.74752841848094320, 15.93573716463544088, 30.00000000000001066 ) ) ;
#1013 = FACE_OUTER_BOUND ( 'NONE', #3362, .T. ) ;
#1014 = CARTESIAN_POINT ( 'NONE',  ( -0.1344517873439548816, 36.69750507827792774, 29.22082331430724267 ) ) ;
#1015 = CARTESIAN_POINT ( 'NONE',  ( -11.23850900402367614, 15.50437568179839154, 12.00000000000000355 ) ) ;
#1016 = CARTESIAN_POINT ( 'NONE',  ( -0.03966401769234094432, 36.11418386909863187, 10.26458850365547093 ) ) ;
#1017 = CARTESIAN_POINT ( 'NONE',  ( -9.647361162861571415, 15.02793174763769457, 11.99999999999990763 ) ) ;
#1018 = LINE ( 'NONE', #1826, #1253 ) ;
#1019 = CARTESIAN_POINT ( 'NONE',  ( -11.01213465419875170, 16.79285654467341260, 10.20303085600321147 ) ) ;
#1020 = CARTESIAN_POINT ( 'NONE',  ( 10.12614106565445127, 17.19100966447506096, 10.00000000000000000 ) ) ;
#1021 = CARTESIAN_POINT ( 'NONE',  ( -11.31561671510153921, 16.64879752735838636, 29.59024181788332086 ) ) ;
#1022 = CARTESIAN_POINT ( 'NONE',  ( -12.13884724440447904, 16.55116081244844750, 12.00000000000000355 ) ) ;
#1023 = CARTESIAN_POINT ( 'NONE',  ( -9.284391889638921924, 16.99999999999999289, 30.00000000000000711 ) ) ;
#1024 = VERTEX_POINT ( 'NONE', #939 ) ;
#1025 = CARTESIAN_POINT ( 'NONE',  ( 10.28391191050745945, 17.29944552537243752, 10.00000000000000000 ) ) ;
#1026 = CARTESIAN_POINT ( 'NONE',  ( 10.29853848168816732, 17.29178219731281274, 29.99999999999999645 ) ) ;
#1027 = CARTESIAN_POINT ( 'NONE',  ( -9.937822173508939372, 18.49999999999997513, 30.00000000000000000 ) ) ;
#1028 = CARTESIAN_POINT ( 'NONE',  ( 0.6006968501134342109, 34.61301698226590418, 10.00000000000000178 ) ) ;
#1029 = CARTESIAN_POINT ( 'NONE',  ( 1.571694283273121995, 36.48641387920856971, 27.99999999999999645 ) ) ;
#1030 = CARTESIAN_POINT ( 'NONE',  ( 0.0006404013708223685493, 35.11281266264563072, 10.00000000000000000 ) ) ;
#1031 = DIRECTION ( 'NONE',  ( -1.000000000000000000, -1.912215981034913991E-16, 0.000000000000000000 ) ) ;
#1032 =( BOUNDED_SURFACE ( )  B_SPLINE_SURFACE ( 3, 2, ( 
 ( #4397, #4422, #1528 ),
 ( #1148, #4445, #2576 ),
 ( #2600, #1220, #1941 ),
 ( #4071, #4020, #749 ),
 ( #1124, #771, #2224 ),
 ( #3701, #3673, #1580 ),
 ( #796, #416, #3312 ),
 ( #440, #1889, #3338 ),
 ( #83, #1171, #2628 ),
 ( #2272, #3366, #110 ),
 ( #1555, #3009, #4474 ),
 ( #4120, #846, #2299 ),
 ( #3772, #531, #2698 ),
 ( #3147, #3503, #3410 ),
 ( #157, #4184, #3055 ),
 ( #178, #3872, #1602 ),
 ( #3478, #4164, #1624 ),
 ( #510, #3076, #4612 ),
 ( #3454, #2743, #2363 ),
 ( #965, #4520, #4207 ),
 ( #4544, #1242, #894 ),
 ( #2341, #2386, #3796 ),
 ( #915, #938, #554 ),
 ( #580, #2032, #606 ),
 ( #2056, #2676, #3433 ),
 ( #4144, #201, #3846 ),
 ( #1648, #1985, #249 ),
 ( #1264, #2720, #3820 ),
 ( #2006, #1965, #3099 ),
 ( #2767, #4566, #1290 ),
 ( #224, #1672, #3124 ),
 ( #4589, #1315, #4231 ),
 ( #2411, #1695, #871 ),
 ( #2320, #987, #3961 ),
 ( #365, #628, #4299 ),
 ( #3234, #1717, #2855 ),
 ( #3189, #3168, #1009 ),
 ( #694, #1362, #1052 ) ),
 .UNSPECIFIED., .F., .F., .F. ) 
 B_SPLINE_SURFACE_WITH_KNOTS ( ( 4, 2, 2, 2, 2, 2, 2, 2, 2, 2, 2, 2, 2, 2, 2, 2, 2, 2, 4 ),
 ( 3, 3 ),
 ( 0.01217538114280711584, 0.01218556490053373208, 0.01218620138539164635, 0.01218651962782060262, 0.01218683787024955889, 0.01218747435510747316, 0.01218811083996538744, 0.01219065677939704107, 0.01219574865826034832, 0.01221611617371358080, 0.01223648368916681328, 0.01224666744689343126, 0.01225685120462004750, 0.01233832126643297916, 0.01250126139005884422, 0.01282714163731057261, 0.01299008176093643593, 0.01315302188456230099, 0.01347890213181402938 ),
 ( 0.000000000000000000, 1.000000000000000000 ),
 .UNSPECIFIED. ) 
 GEOMETRIC_REPRESENTATION_ITEM ( )  RATIONAL_B_SPLINE_SURFACE ( (
 ( 1.000000000000000000, 0.7071067811865477948, 1.000000000000000000),
 ( 1.000000000000000000, 0.7071067811865477948, 1.000000000000000000),
 ( 1.000000000000000000, 0.7071067811865477948, 1.000000000000000000),
 ( 1.000000000000000000, 0.7071067811865477948, 1.000000000000000000),
 ( 1.000000000000000000, 0.7071067811865477948, 1.000000000000000000),
 ( 1.000000000000000000, 0.7071067811865477948, 1.000000000000000000),
 ( 1.000000000000000000, 0.7071067811865477948, 1.000000000000000000),
 ( 1.000000000000000000, 0.7071067811865477948, 1.000000000000000000),
 ( 1.000000000000000000, 0.7071067811865477948, 1.000000000000000000),
 ( 1.000000000000000000, 0.7071067811865477948, 1.000000000000000000),
 ( 1.000000000000000000, 0.7071067811865477948, 1.000000000000000000),
 ( 1.000000000000000000, 0.7071067811865477948, 1.000000000000000000),
 ( 1.000000000000000000, 0.7071067811865477948, 1.000000000000000000),
 ( 1.000000000000000000, 0.7071067811865477948, 1.000000000000000000),
 ( 1.000000000000000000, 0.7071067811865483499, 1.000000000000000000),
 ( 1.000000000000000000, 0.7071067811865483499, 1.000000000000000000),
 ( 1.000000000000000000, 0.7071067811865482389, 1.000000000000000000),
 ( 1.000000000000000000, 0.7071067811865482389, 1.000000000000000000),
 ( 1.000000000000000000, 0.7071067811865477948, 1.000000000000000000),
 ( 1.000000000000000000, 0.7071067811865477948, 1.000000000000000000),
 ( 1.000000000000000000, 0.7071067811865477948, 1.000000000000000000),
 ( 1.000000000000000000, 0.7071067811865477948, 1.000000000000000000),
 ( 1.000000000000000000, 0.7071067811865477948, 1.000000000000000000),
 ( 1.000000000000000000, 0.7071067811865477948, 1.000000000000000000),
 ( 1.000000000000000000, 0.7071067811865477948, 1.000000000000000000),
 ( 1.000000000000000000, 0.7071067811865477948, 1.000000000000000000),
 ( 1.000000000000000000, 0.7071067811865477948, 1.000000000000000000),
 ( 1.000000000000000000, 0.7071067811865477948, 1.000000000000000000),
 ( 1.000000000000000000, 0.7071067811865477948, 1.000000000000000000),
 ( 1.000000000000000000, 0.7071067811865477948, 1.000000000000000000),
 ( 1.000000000000000000, 0.7071067811865477948, 1.000000000000000000),
 ( 1.000000000000000000, 0.7071067811865477948, 1.000000000000000000),
 ( 1.000000000000000000, 0.7071067811865477948, 1.000000000000000000),
 ( 1.000000000000000000, 0.7071067811865477948, 1.000000000000000000),
 ( 1.000000000000000000, 0.7071067811865477948, 1.000000000000000000),
 ( 1.000000000000000000, 0.7071067811865477948, 1.000000000000000000),
 ( 1.000000000000000000, 0.7071067811865477948, 1.000000000000000000),
 ( 1.000000000000000000, 0.7071067811865477948, 1.000000000000000000) ) ) 
 REPRESENTATION_ITEM ( '' )  SURFACE ( )  );
#1033 = CARTESIAN_POINT ( 'NONE',  ( -2.124254149057092977, 35.90944320834069714, 9.999999999999717559 ) ) ;
#1034 = CARTESIAN_POINT ( 'NONE',  ( 11.81444523589609119, 16.01178614646777731, 30.00000000000000355 ) ) ;
#1035 = CARTESIAN_POINT ( 'NONE',  ( 11.33400557352899440, 16.22195670475876028, 29.31908267713468064 ) ) ;
#1036 = CARTESIAN_POINT ( 'NONE',  ( 0.1520517441914212287, 36.69604976149611275, 29.22087517469897833 ) ) ;
#1037 = CARTESIAN_POINT ( 'NONE',  ( -0.07887763785777621162, 35.55979755906412976, 10.05112369830674623 ) ) ;
#1038 = B_SPLINE_CURVE_WITH_KNOTS ( 'NONE', 3,
 ( #2117, #2876, #4388, #737, #3662, #1400, #1114, #2494, #3278, #3999, #1092, #2899, #3301, #1781, #667, #4035, #3205, #713, #2214, #4341, #3934, #2544, #2168, #3591, #761, #2851, #4010, #2192, #1070, #4317, #2143, #2518, #382, #3957, #3640, #690, #2472, #3616, #1831, #360, #406, #3566, #1854, #313, #3230, #23, #3982, #1048, #337, #1808, #1469, #4698, #2921, #1424 ),
 .UNSPECIFIED., .F., .F.,
 ( 4, 2, 2, 2, 1, 2, 2, 2, 1, 2, 2, 2, 1, 1, 2, 2, 2, 2, 1, 1, 2, 2, 2, 2, 2, 1, 1, 2, 2, 2, 4 ),
 ( 0.000000000000000000, 0.007812499999943319645, 0.01562499999988663929, 0.02343749999982995894, 0.02734374999980447585, 0.02929687499979168747, 0.03124999999977889908, 0.04687499999971548453, 0.05468749999968696568, 0.05859374999967283809, 0.06249999999965871744, 0.09374999999959347796, 0.1093749999995574373, 0.1171874999995396738, 0.1210937499995310557, 0.1249999999995224376, 0.1874999999993976763, 0.2187499999993388067, 0.2343749999993066935, 0.2421874999992906508, 0.2460937499992850719, 0.2499999999992794653, 0.3749999999993423039, 0.4374999999993737232, 0.4687499999993872124, 0.4843749999993959277, 0.4921874999994003130, 0.4960937499993997579, 0.4999999999993991473, 0.7499999999996995736, 1.000000000000000000 ),
 .UNSPECIFIED. ) ;
#1039 = CARTESIAN_POINT ( 'NONE',  ( -10.28710596175882941, 15.13342970414071154, 12.00000000000018652 ) ) ;
#1040 = CARTESIAN_POINT ( 'NONE',  ( 12.08466492085001498, 16.45475975491092413, 28.26251299353845425 ) ) ;
#1041 = CARTESIAN_POINT ( 'NONE',  ( -10.99016305176299824, 16.58966292917533991, 10.26344686250545024 ) ) ;
#1042 = ORIENTED_EDGE ( 'NONE', *, *, #2864, .T. ) ;
#1043 = CARTESIAN_POINT ( 'NONE',  ( 10.28290477657148827, 17.29815455842731353, 10.00000000000000533 ) ) ;
#1044 = CARTESIAN_POINT ( 'NONE',  ( -11.55108471523576519, 16.91798575057518406, 29.50690429787664826 ) ) ;
#1045 = CARTESIAN_POINT ( 'NONE',  ( -12.13872107712014170, 16.55084758757249475, 10.00000000000000000 ) ) ;
#1046 = CARTESIAN_POINT ( 'NONE',  ( 0.05199181405121111599, 35.09774814284796207, 30.00000000000001066 ) ) ;
#1047 = CARTESIAN_POINT ( 'NONE',  ( 0.2732924195831901715, 37.09414438558663107, 28.00000000000000000 ) ) ;
#1048 = CARTESIAN_POINT ( 'NONE',  ( -0.3685640505981683246, 36.47045350613662151, 29.42237850111683883 ) ) ;
#1049 = CARTESIAN_POINT ( 'NONE',  ( -11.82013118728127843, 16.01909357242350751, 11.99999999999999645 ) ) ;
#1050 = CARTESIAN_POINT ( 'NONE',  ( 0.003048442160906547800, 35.11247052211205499, 9.999999999999996447 ) ) ;
#1051 = CARTESIAN_POINT ( 'NONE',  ( -11.82047153511125437, 16.00792977798898420, 27.99999999990995647 ) ) ;
#1052 = CARTESIAN_POINT ( 'NONE',  ( 11.66987298107779480, 19.50000000000000000, 12.00000000000000000 ) ) ;
#1053 = CARTESIAN_POINT ( 'NONE',  ( -2.299044341995375440, 35.69175118109558298, 28.00000000000000000 ) ) ;
#1054 = CARTESIAN_POINT ( 'NONE',  ( 11.49365696519607027, 16.05814637602161454, 29.00167907809085577 ) ) ;
#1055 = CARTESIAN_POINT ( 'NONE',  ( -1.441687976921526948, 36.58354137771094372, 9.999999999999722888 ) ) ;
#1056 = CARTESIAN_POINT ( 'NONE',  ( -10.70870627563528643, 17.00445812909091714, 29.93286606604613453 ) ) ;
#1057 = CARTESIAN_POINT ( 'NONE',  ( 9.863218394802370170, 17.09349487340250917, 30.00000000000000711 ) ) ;
#1058 = CARTESIAN_POINT ( 'NONE',  ( 10.42567432841395458, 17.15398873560259219, 29.98972842469568434 ) ) ;
#1059 = CARTESIAN_POINT ( 'NONE',  ( 10.28621813912170957, 17.30568562013091238, 30.00000000000000000 ) ) ;
#1060 = CARTESIAN_POINT ( 'NONE',  ( 0.04388253382457834445, 35.56463182317671112, 10.05124814836985259 ) ) ;
#1061 = CARTESIAN_POINT ( 'NONE',  ( 11.39327399745981140, 16.16114750291374946, 10.77772489869290773 ) ) ;
#1062 = CARTESIAN_POINT ( 'NONE',  ( -9.071796769724512544, 17.00000000000000000, 10.00000000000000000 ) ) ;
#1063 = CARTESIAN_POINT ( 'NONE',  ( 12.05624117346913060, 16.36822574999358437, 27.99999999990995647 ) ) ;
#1064 = CARTESIAN_POINT ( 'NONE',  ( -10.96791303436280707, 17.12684544588798019, 10.12693045191043595 ) ) ;
#1065 = ORIENTED_EDGE ( 'NONE', *, *, #3669, .F. ) ;
#1066 = CARTESIAN_POINT ( 'NONE',  ( 10.27831254579501596, 17.29280203588534093, 10.00000000000000711 ) ) ;
#1067 = CARTESIAN_POINT ( 'NONE',  ( -11.74474304694998672, 16.92937597332827693, 29.32287417351964010 ) ) ;
#1068 = CARTESIAN_POINT ( 'NONE',  ( -12.13556975103360536, 16.54306482648205900, 10.00000000000000000 ) ) ;
#1069 = ORIENTED_EDGE ( 'NONE', *, *, #3807, .F. ) ;
#1070 = CARTESIAN_POINT ( 'NONE',  ( -0.1290983647326064687, 35.58994685757981813, 29.93922356333473189 ) ) ;
#1071 = CARTESIAN_POINT ( 'NONE',  ( -11.83053269690742226, 16.03171597823564198, 12.00000000000000000 ) ) ;
#1072 = CARTESIAN_POINT ( 'NONE',  ( 0.07212863878882355695, 35.08823837216664998, 10.00000000000000355 ) ) ;
#1073 = CARTESIAN_POINT ( 'NONE',  ( -0.8660254037844425934, 34.21281292110202088, 10.00000000000000000 ) ) ;
#1074 = CARTESIAN_POINT ( 'NONE',  ( 0.1994903308227869987, 35.81847054803861141, 10.13882107034778990 ) ) ;
#1075 = CARTESIAN_POINT ( 'NONE',  ( -1.077917940715216405, 36.83705291779646274, 12.00000000000000000 ) ) ;
#1076 = CARTESIAN_POINT ( 'NONE',  ( -2.518938128472092419, 35.34988410146591775, 12.00000000000000000 ) ) ;
#1077 = CARTESIAN_POINT ( 'NONE',  ( -10.90739002584107809, 17.14222870407585475, 29.89537257937760728 ) ) ;
#1078 = CARTESIAN_POINT ( 'NONE',  ( 10.24112627246821816, 15.12588745145075286, 30.00000000000000000 ) ) ;
#1079 = CARTESIAN_POINT ( 'NONE',  ( 10.56025005154533325, 17.01590238373359298, 29.96058248338696473 ) ) ;
#1080 = CARTESIAN_POINT ( 'NONE',  ( 10.87996395279681927, 16.68784619583319184, 10.18854498646106244 ) ) ;
#1081 = CARTESIAN_POINT ( 'NONE',  ( 10.28513864727210425, 17.30269279932723947, 30.00000000000000000 ) ) ;
#1082 = CARTESIAN_POINT ( 'NONE',  ( 0.009661580164737924165, 35.29339340368989753, 10.00532059904236526 ) ) ;
#1083 = CARTESIAN_POINT ( 'NONE',  ( 11.42871302582028115, 16.31841962261949064, 10.67799811714408520 ) ) ;
#1084 = CARTESIAN_POINT ( 'NONE',  ( -11.67237738897028798, 15.85630532897165956, 12.00000000000001243 ) ) ;
#1085 = CARTESIAN_POINT ( 'NONE',  ( 12.18251858103784002, 16.70578065729995743, 28.26275058550403685 ) ) ;
#1086 = CARTESIAN_POINT ( 'NONE',  ( -10.91239243513268420, 16.97898135946915232, 10.12769281294103152 ) ) ;
#1087 = ORIENTED_EDGE ( 'NONE', *, *, #605, .T. ) ;
#1088 = CARTESIAN_POINT ( 'NONE',  ( 11.86232968916110586, 16.07074515103219525, 10.00000000000001421 ) ) ;
#1089 = CARTESIAN_POINT ( 'NONE',  ( -11.12163631953785803, 17.00599812605206296, 29.79734343785256812 ) ) ;
#1090 = ORIENTED_EDGE ( 'NONE', *, *, #3114, .T. ) ;
#1091 = EDGE_CURVE ( 'NONE', #4140, #622, #2513, .T. ) ;
#1092 = CARTESIAN_POINT ( 'NONE',  ( -0.02362691848864239413, 35.20202870304179044, 29.99788223361230166 ) ) ;
#1093 = CARTESIAN_POINT ( 'NONE',  ( -0.3462787826616112175, 36.38850530387920656, 29.50722598183453727 ) ) ;
#1094 = CARTESIAN_POINT ( 'NONE',  ( 0.4739717691023513924, 37.05661431798046834, 10.00000000000000888 ) ) ;
#1095 = CARTESIAN_POINT ( 'NONE',  ( 11.64440491398579702, 15.90346623813833737, 11.54340557961817026 ) ) ;
#1096 = DIRECTION ( 'NONE',  ( 0.4999999999999999445, 0.8660254037844387076, -0.000000000000000000 ) ) ;
#1097 = CARTESIAN_POINT ( 'NONE',  ( 10.29943037908717862, 17.51168124818379113, 30.00000000000000000 ) ) ;
#1098 = CARTESIAN_POINT ( 'NONE',  ( -2.598076211353320897, 35.21281292110202799, 30.00000000000000000 ) ) ;
#1099 = CARTESIAN_POINT ( 'NONE',  ( 11.27737849336071996, 16.59172283111331581, 29.59039096533852842 ) ) ;
#1100 = CARTESIAN_POINT ( 'NONE',  ( -12.18203435065486850, 16.66761273313861835, 29.99999999999999289 ) ) ;
#1101 = STYLED_ITEM ( 'NONE', ( #1188 ), #4423 ) ;
#1102 = CARTESIAN_POINT ( 'NONE',  ( -10.29618202831573370, 17.28883470563963343, 30.00000000000000000 ) ) ;
#1103 = CARTESIAN_POINT ( 'NONE',  ( -12.13291803105888000, 18.48933672916399118, 27.99999999999999645 ) ) ;
#1104 = CARTESIAN_POINT ( 'NONE',  ( 9.957588385907795825, 15.06958956055062337, 30.00000000000001066 ) ) ;
#1105 = CARTESIAN_POINT ( 'NONE',  ( -0.4303958855830242181, 34.81248453034004342, 30.00000000000000000 ) ) ;
#1106 = CARTESIAN_POINT ( 'NONE',  ( -10.30338197988018756, 17.28158475877668110, 10.00017246127871928 ) ) ;
#1107 = CARTESIAN_POINT ( 'NONE',  ( -0.01774972845910343169, 35.56628915482122721, 29.94870222271424254 ) ) ;
#1108 = CARTESIAN_POINT ( 'NONE',  ( 12.28049686344337310, 17.09918752825297261, 30.00000000000000000 ) ) ;
#1109 = CARTESIAN_POINT ( 'NONE',  ( 0.001466167612378145146, 35.12930443154426996, 10.00000000000000000 ) ) ;
#1110 = CARTESIAN_POINT ( 'NONE',  ( -10.28710595392830385, 15.13342974358562110, 10.00000000000027889 ) ) ;
#1111 = CARTESIAN_POINT ( 'NONE',  ( -9.071796769724489451, 17.00000000000000000, 12.00000000000000000 ) ) ;
#1112 = CARTESIAN_POINT ( 'NONE',  ( -10.82444267911823488, 16.84624984849313378, 10.12740110411740169 ) ) ;
#1113 = CARTESIAN_POINT ( 'NONE',  ( -11.43869773367407205, 16.33063343890928465, 29.32193433638132163 ) ) ;
#1114 = CARTESIAN_POINT ( 'NONE',  ( -0.01431787762238152448, 35.16728332352228392, 29.99923202360551144 ) ) ;
#1115 = CARTESIAN_POINT ( 'NONE',  ( -0.03966299934672303656, 36.11418396541927933, 29.73541148888710239 ) ) ;
#1116 = CARTESIAN_POINT ( 'NONE',  ( 0.05974776461086184903, 35.09376747080454351, 9.999999999999998224 ) ) ;
#1117 = CARTESIAN_POINT ( 'NONE',  ( 12.06596049225365874, 16.65179424633518579, 11.35490277586965036 ) ) ;
#1118 = CARTESIAN_POINT ( 'NONE',  ( 0.6082480865905893763, 36.76632951068348376, 30.00000000000000000 ) ) ;
#1119 = CARTESIAN_POINT ( 'NONE',  ( -12.28619407511541262, 17.73465925808690358, 12.00000000000000178 ) ) ;
#1120 = CARTESIAN_POINT ( 'NONE',  ( 2.598076211353312903, 35.21281292110202088, 28.00000000000000000 ) ) ;
#1121 = CARTESIAN_POINT ( 'NONE',  ( 11.13111852695000614, 17.03510661444718366, 29.79762071118747357 ) ) ;
#1122 = CARTESIAN_POINT ( 'NONE',  ( -10.28566702227785257, 17.30335103434719812, 30.00000000000000355 ) ) ;
#1123 = CARTESIAN_POINT ( 'NONE',  ( -10.77264460089853060, 17.12884156183726958, 29.93306345626127651 ) ) ;
#1124 = CARTESIAN_POINT ( 'NONE',  ( 10.28491372481522248, 17.30209612326924429, 10.00000000000000000 ) ) ;
#1125 = CARTESIAN_POINT ( 'NONE',  ( 9.562291183050659171, 15.01846537884441446, 29.99999999999977618 ) ) ;
#1126 = DIRECTION ( 'NONE',  ( 0.8660254037844384856, -0.5000000000000004441, 0.000000000000000000 ) ) ;
#1127 = CARTESIAN_POINT ( 'NONE',  ( -10.35750451284708440, 17.22705667701769983, 10.00265483334548300 ) ) ;
#1128 = CARTESIAN_POINT ( 'NONE',  ( 0.08431421932110366724, 35.55904474117461689, 29.94890108759866365 ) ) ;
#1129 = CARTESIAN_POINT ( 'NONE',  ( 12.28049659653104797, 17.09918756514020899, 27.99999999999999645 ) ) ;
#1130 = CARTESIAN_POINT ( 'NONE',  ( 0.0006404013708203449944, 35.11281266264562362, 10.00000000000000000 ) ) ;
#1131 = CARTESIAN_POINT ( 'NONE',  ( 11.68049156595761850, 15.86643832357392192, 11.99999999998544631 ) ) ;
#1132 = CARTESIAN_POINT ( 'NONE',  ( 11.67144595852955113, 15.87571987120241879, 11.73724766624833649 ) ) ;
#1133 = CARTESIAN_POINT ( 'NONE',  ( -10.32511441381465644, 17.27221553698606726, 10.00041344705209134 ) ) ;
#1134 = CARTESIAN_POINT ( 'NONE',  ( 11.85102595646465851, 16.05560272010680123, 9.999999999999982236 ) ) ;
#1135 = CARTESIAN_POINT ( 'NONE',  ( 0.6487060628397998130, 37.00730872300545116, 29.99999999999999289 ) ) ;
#1136 = CARTESIAN_POINT ( 'NONE',  ( -12.15810084032756500, 16.82430146201397392, 11.47934851860284766 ) ) ;
#1137 = CARTESIAN_POINT ( 'NONE',  ( 0.2033036703359590580, 35.97686683408613817, 29.79765680761614277 ) ) ;
#1138 = CARTESIAN_POINT ( 'NONE',  ( 0.7461794187276241663, 36.97324300311306899, 10.00000000000000000 ) ) ;
#1139 = CARTESIAN_POINT ( 'NONE',  ( 11.89882384771032342, 16.45083655942703871, 11.17399237172437587 ) ) ;
#1140 = CARTESIAN_POINT ( 'NONE',  ( 11.25236764197680905, 17.04381460140340465, 10.26344686250544491 ) ) ;
#1141 = CARTESIAN_POINT ( 'NONE',  ( -12.05542419852017666, 16.39464699974899986, 28.26249821810658958 ) ) ;
#1142 = CARTESIAN_POINT ( 'NONE',  ( -11.89905779705925681, 19.06596042350062348, 9.999999999999998224 ) ) ;
#1143 = CARTESIAN_POINT ( 'NONE',  ( 0.4317543624202371255, 36.64269742317136291, 10.77772489869291128 ) ) ;
#1144 = CARTESIAN_POINT ( 'NONE',  ( -0.06565369040628910025, 35.09115195205085769, 29.99999999999998579 ) ) ;
#1145 = CARTESIAN_POINT ( 'NONE',  ( 10.95759041649622567, 17.08927883065263487, 29.87284111094147576 ) ) ;
#1146 = CARTESIAN_POINT ( 'NONE',  ( -12.16496470812397845, 16.61890368140731766, 28.00000000000000000 ) ) ;
#1147 = CARTESIAN_POINT ( 'NONE',  ( -10.41186893900087540, 17.17228309961210186, 29.99478308438531471 ) ) ;
#1148 = CARTESIAN_POINT ( 'NONE',  ( 10.28236375423547599, 17.29534837072595721, 10.00000000000000000 ) ) ;
#1149 = CARTESIAN_POINT ( 'NONE',  ( 11.56230776899874080, 15.75723655007121415, 30.00000000000001066 ) ) ;
#1150 = CARTESIAN_POINT ( 'NONE',  ( -0.1226636979556773172, 35.06239715530261236, 30.00000000000000000 ) ) ;
#1151 = CARTESIAN_POINT ( 'NONE',  ( 10.28391191050745945, 17.29944552537243752, 10.00000000000000000 ) ) ;
#1152 = CARTESIAN_POINT ( 'NONE',  ( -0.003623304641129585120, 35.16211011457963309, 29.99958655237285754 ) ) ;
#1153 = CARTESIAN_POINT ( 'NONE',  ( 10.29830023075691514, 17.36768824826983248, 30.00000000000000000 ) ) ;
#1154 = DIRECTION ( 'NONE',  ( 1.821459649775647449E-14, -1.000000000000000000, 0.000000000000000000 ) ) ;
#1155 = CARTESIAN_POINT ( 'NONE',  ( 9.541397503403223013, 15.01753632832463481, 12.00000000000001066 ) ) ;
#1156 = ADVANCED_FACE ( 'NONE', ( #4370 ), #2197, .F. ) ;
#1157 = CARTESIAN_POINT ( 'NONE',  ( 11.91413877442213121, 16.13747575939705925, 11.86791002024377484 ) ) ;
#1158 = CARTESIAN_POINT ( 'NONE',  ( -10.32956692373497454, 17.28000953039216014, 10.00041391797133805 ) ) ;
#1159 = CARTESIAN_POINT ( 'NONE',  ( 0.002686273083862484971, 35.11252506160341369, 30.00000000000000000 ) ) ;
#1160 = CARTESIAN_POINT ( 'NONE',  ( -12.20107213286890691, 16.72078370911434675, 11.86786309120790506 ) ) ;
#1161 = CARTESIAN_POINT ( 'NONE',  ( -0.05978462331135797614, 35.81566294840419573, 29.87234941765571961 ) ) ;
#1162 = CARTESIAN_POINT ( 'NONE',  ( -0.6041730978868081747, 36.75927142320825425, 30.00000000000000000 ) ) ;
#1163 = CARTESIAN_POINT ( 'NONE',  ( -11.91644815248412392, 16.16339976548499990, 28.26251299348134083 ) ) ;
#1164 = CARTESIAN_POINT ( 'NONE',  ( -11.66987298107780369, 19.49999999999999645, 12.00000000000000000 ) ) ;
#1165 = CARTESIAN_POINT ( 'NONE',  ( 0.4615189921470683188, 36.74832251893705148, 10.94154303014345686 ) ) ;
#1166 = CARTESIAN_POINT ( 'NONE',  ( -0.01834730075533243590, 35.10886367214402526, 30.00000000000000000 ) ) ;
#1167 = ORIENTED_EDGE ( 'NONE', *, *, #4623, .F. ) ;
#1168 = CARTESIAN_POINT ( 'NONE',  ( 10.52343275976078196, 17.12882659258060158, 29.98058451490749121 ) ) ;
#1169 = CARTESIAN_POINT ( 'NONE',  ( -10.28858470204139053, 17.31235742222646934, 29.99999999999997868 ) ) ;
#1170 = CARTESIAN_POINT ( 'NONE',  ( -10.28883189575699042, 15.13388807257878810, 27.99999999999981171 ) ) ;
#1171 = CARTESIAN_POINT ( 'NONE',  ( 12.15777238042962693, 16.60036444384761012, 10.00000000000000000 ) ) ;
#1172 = CARTESIAN_POINT ( 'NONE',  ( -10.62542059601430111, 17.21390470814362672, 29.96935339570227796 ) ) ;
#1173 = CARTESIAN_POINT ( 'NONE',  ( 0.3591354018446299423, 37.03003878809155225, 11.54379248901760491 ) ) ;
#1174 = CARTESIAN_POINT ( 'NONE',  ( 11.66987298107779658, 19.50000000000000000, 30.00000000000000000 ) ) ;
#1175 = VECTOR ( 'NONE', #1731, 1000.000000000000000 ) ;
#1176 = CARTESIAN_POINT ( 'NONE',  ( -0.04370979787011572415, 35.62818907220634657, 29.93286606610672251 ) ) ;
#1177 = CARTESIAN_POINT ( 'NONE',  ( 12.04651489042830015, 16.83419366748512402, 11.17265021374607770 ) ) ;
#1178 = CARTESIAN_POINT ( 'NONE',  ( 12.15214994121933501, 16.58547861003777157, 27.99999999999999645 ) ) ;
#1179 = CARTESIAN_POINT ( 'NONE',  ( 0.01405635506034080134, 35.16042156644350314, 10.00040203889215817 ) ) ;
#1180 = CARTESIAN_POINT ( 'NONE',  ( -9.071796769724489451, 15.00000000000000000, 27.99999999999999645 ) ) ;
#1181 = CARTESIAN_POINT ( 'NONE',  ( 11.80401176840407551, 15.99647698847680566, 11.99999999998545164 ) ) ;
#1182 = CARTESIAN_POINT ( 'NONE',  ( -10.44545041045798506, 17.21807693256509708, 10.00532059904885429 ) ) ;
#1183 = CARTESIAN_POINT ( 'NONE',  ( 0.000000000000000000, 0.000000000000000000, 0.000000000000000000 ) ) ;
#1184 = CARTESIAN_POINT ( 'NONE',  ( 0.5362463399261242492, 37.04078764301400639, 27.99999999999998934 ) ) ;
#1185 = CARTESIAN_POINT ( 'NONE',  ( 0.5433712142077693485, 37.03878972357365740, 11.99999999998544631 ) ) ;
#1186 = CARTESIAN_POINT ( 'NONE',  ( 0.03290600072475795973, 35.75494006816033732, 29.89469092906787395 ) ) ;
#1187 = CARTESIAN_POINT ( 'NONE',  ( -0.005179597530174268397, 35.11362642279348734, 10.00000000000000178 ) ) ;
#1188 = PRESENTATION_STYLE_ASSIGNMENT (( #3047 ) ) ;
#1189 = CARTESIAN_POINT ( 'NONE',  ( 2.598076211353311127, 35.21281292110202088, 27.99999999999999645 ) ) ;
#1190 = CARTESIAN_POINT ( 'NONE',  ( 0.1625028178013407099, 36.80537020594461239, 10.94289300316286706 ) ) ;
#1191 = CARTESIAN_POINT ( 'NONE',  ( -2.285072550923390899, 35.69873546400067710, 28.00000000000018119 ) ) ;
#1192 = EDGE_LOOP ( 'NONE', ( #3519, #4160, #3404, #2191, #288, #2424, #2213, #2162 ) ) ;
#1193 = CARTESIAN_POINT ( 'NONE',  ( 10.33045975431358698, 17.28260334402310505, 29.99959075970582489 ) ) ;
#1194 = CARTESIAN_POINT ( 'NONE',  ( -12.13850022977999643, 16.55030416062201226, 28.00000000000000355 ) ) ;
#1195 = CARTESIAN_POINT ( 'NONE',  ( 11.45507114950665972, 16.68446846606914136, 10.49423173354831640 ) ) ;
#1196 = CARTESIAN_POINT ( 'NONE',  ( -9.497768472839096532, 17.02376969433714748, 30.00000000000000000 ) ) ;
#1197 = DIRECTION ( 'NONE',  ( 0.4999999999999999445, -0.8660254037844387076, -0.000000000000000000 ) ) ;
#1198 = CARTESIAN_POINT ( 'NONE',  ( -10.79498267907962195, 17.17078754028796794, 29.92991889421227825 ) ) ;
#1199 = CARTESIAN_POINT ( 'NONE',  ( 0.09655799087838339012, 37.00667820810827635, 11.35532824805100915 ) ) ;
#1200 = CARTESIAN_POINT ( 'NONE',  ( 11.93419241201159586, 18.98596960467736849, 30.00000000000000000 ) ) ;
#1201 = CARTESIAN_POINT ( 'NONE',  ( 0.06781634976159073291, 35.39925284411639694, 29.98073503955960106 ) ) ;
#1202 = CARTESIAN_POINT ( 'NONE',  ( 12.02500231089404892, 16.75517623783503041, 11.17293834717125023 ) ) ;
#1203 = CARTESIAN_POINT ( 'NONE',  ( 10.85325499137605298, 17.00073902274756321, 10.10532201973289368 ) ) ;
#1204 = CARTESIAN_POINT ( 'NONE',  ( 11.86131336714915463, 16.06989119873431093, 29.99999999999999289 ) ) ;
#1205 = CARTESIAN_POINT ( 'NONE',  ( -10.04396933503128331, 18.31614772316405393, 30.00000000000000355 ) ) ;
#1206 = CARTESIAN_POINT ( 'NONE',  ( -0.3484365082296267402, 37.08414562774193257, 28.13208942746634378 ) ) ;
#1207 = CARTESIAN_POINT ( 'NONE',  ( 11.90370547739030549, 16.14506177390044073, 11.73747835736071110 ) ) ;
#1208 = CARTESIAN_POINT ( 'NONE',  ( -10.72166823024510229, 17.02401163294865327, 10.06717202629634578 ) ) ;
#1209 = CARTESIAN_POINT ( 'NONE',  ( 0.2793339882706372124, 37.09330035993728103, 30.00000000000000355 ) ) ;
#1210 = CARTESIAN_POINT ( 'NONE',  ( -11.91644529032519806, 16.16339560210621329, 11.73748700154571267 ) ) ;
#1211 = CARTESIAN_POINT ( 'NONE',  ( 9.878486568488147768, 15.08412481195063215, 10.00000000000001066 ) ) ;
#1212 = CARTESIAN_POINT ( 'NONE',  ( -11.76560196555541182, 16.05649312800723294, 28.52014390634235852 ) ) ;
#1213 = CARTESIAN_POINT ( 'NONE',  ( -10.29338281357585316, 17.33303761295238132, 10.00000000000000178 ) ) ;
#1214 = CARTESIAN_POINT ( 'NONE',  ( -0.05334295162887501413, 35.09647341604461701, 30.00000000000000000 ) ) ;
#1215 = VERTEX_POINT ( 'NONE', #743 ) ;
#1216 = CARTESIAN_POINT ( 'NONE',  ( 10.70521778206110497, 16.99930698062388501, 29.93288654787127356 ) ) ;
#1217 = CARTESIAN_POINT ( 'NONE',  ( -12.28586623115562659, 17.73786589682431725, 30.00000000000000355 ) ) ;
#1218 = CARTESIAN_POINT ( 'NONE',  ( 10.98299875940489123, 16.58212411427845723, 10.26343468493779199 ) ) ;
#1219 = CARTESIAN_POINT ( 'NONE',  ( -9.230558285949088670, 15.00000000000000000, 27.99999999999999645 ) ) ;
#1220 = CARTESIAN_POINT ( 'NONE',  ( 12.15417334861094290, 16.59083721558826952, 10.00000000000000000 ) ) ;
#1221 = CARTESIAN_POINT ( 'NONE',  ( -11.74273178404947515, 16.92989136818770746, 29.31908273615922766 ) ) ;
#1222 = CARTESIAN_POINT ( 'NONE',  ( -0.07691049589778717332, 37.06182779864779064, 11.54409814966612302 ) ) ;
#1223 = CARTESIAN_POINT ( 'NONE',  ( 11.96937665768087200, 18.90588906701318450, 27.99999999999999645 ) ) ;
#1224 = CARTESIAN_POINT ( 'NONE',  ( 0.0006379209085109772146, 35.11281269567290053, 30.00000000000000000 ) ) ;
#1225 = ADVANCED_BREP_SHAPE_REPRESENTATION ( '', ( #4423, #3683 ), #4082 ) ;
#1226 = CARTESIAN_POINT ( 'NONE',  ( 0.5433714391124666587, 37.03878966209563117, 27.99999999999998934 ) ) ;
#1227 = CARTESIAN_POINT ( 'NONE',  ( 9.631050849320150320, 15.01915886196869110, 28.00000000000000000 ) ) ;
#1228 = CARTESIAN_POINT ( 'NONE',  ( -0.5244428301486405708, 37.04365553472236883, 28.13208924084953821 ) ) ;
#1229 = CARTESIAN_POINT ( 'NONE',  ( 12.07266890281311866, 16.74017046465924707, 28.70683836951497625 ) ) ;
#1230 = CARTESIAN_POINT ( 'NONE',  ( -10.64877024541901740, 16.93361085148581680, 10.06665377764341152 ) ) ;
#1231 =( NAMED_UNIT ( * ) SI_UNIT ( $, .STERADIAN. ) SOLID_ANGLE_UNIT ( ) );
#1232 = CARTESIAN_POINT ( 'NONE',  ( 0.4215028974751050539, 37.06838436863471742, 27.99999999999998934 ) ) ;
#1233 = CARTESIAN_POINT ( 'NONE',  ( -11.81723428599877401, 16.01257395007478479, 11.86791055056409583 ) ) ;
#1234 = CARTESIAN_POINT ( 'NONE',  ( 0.002414348653846126735, 35.11256453109248810, 9.999999999999959144 ) ) ;
#1235 = CARTESIAN_POINT ( 'NONE',  ( -12.26850175737328286, 17.01599529139633304, 11.99999999999999822 ) ) ;
#1236 = CARTESIAN_POINT ( 'NONE',  ( -1.873608148666221940, 36.19985219708711810, 29.99999999999999289 ) ) ;
#1237 = EDGE_CURVE ( 'NONE', #2487, #1803, #2016, .T. ) ;
#1238 = ORIENTED_EDGE ( 'NONE', *, *, #1299, .F. ) ;
#1239 = CARTESIAN_POINT ( 'NONE',  ( 10.90527131823875884, 17.13543238372053068, 29.89536043398116050 ) ) ;
#1240 = CARTESIAN_POINT ( 'NONE',  ( -10.29217877664892455, 17.32711792235197379, 29.99999999999999289 ) ) ;
#1241 = CARTESIAN_POINT ( 'NONE',  ( -10.27163853472184130, 17.28608539593434656, 30.00000000000000000 ) ) ;
#1242 = CARTESIAN_POINT ( 'NONE',  ( 12.27137884083998465, 17.03322909192506174, 9.999999999999930722 ) ) ;
#1243 = CARTESIAN_POINT ( 'NONE',  ( -11.03737161873265471, 17.10918758037930942, 29.84337985462358489 ) ) ;
#1244 = CARTESIAN_POINT ( 'NONE',  ( 0.3664793218531220420, 37.06804934083498893, 11.73739193715483076 ) ) ;
#1245 = CARTESIAN_POINT ( 'NONE',  ( 0.4648307782905437002, 37.05909313843947217, 11.99999999998544631 ) ) ;
#1246 = CARTESIAN_POINT ( 'NONE',  ( -0.002574739681238950601, 35.11228640609714091, 10.00000000000000000 ) ) ;
#1247 = CARTESIAN_POINT ( 'NONE',  ( 12.15346115477915667, 16.58895004413908225, 27.99999999999999645 ) ) ;
#1248 = CARTESIAN_POINT ( 'NONE',  ( 12.31642694473888078, 17.37138432150717193, 28.00000000000000000 ) ) ;
#1249 = AXIS2_PLACEMENT_3D ( 'NONE', #1428, #3283, #2880 ) ;
#1250 = CARTESIAN_POINT ( 'NONE',  ( 0.5433714391124674359, 37.03878966209563117, 27.99999999990995292 ) ) ;
#1251 = CARTESIAN_POINT ( 'NONE',  ( 11.91399199395655550, 16.70717349721814315, 29.00078834767878533 ) ) ;
#1252 = DIRECTION ( 'NONE',  ( -1.000000000000000000, -1.821459649775649342E-14, -0.000000000000000000 ) ) ;
#1253 = VECTOR ( 'NONE', #707, 1000.000000000000000 ) ;
#1254 = CARTESIAN_POINT ( 'NONE',  ( 0.1232012839423554940, 35.06151665636846104, 30.00000000000000000 ) ) ;
#1255 = CARTESIAN_POINT ( 'NONE',  ( -11.73645906341798373, 16.08108102978382092, 11.35490277594220743 ) ) ;
#1256 = LINE ( 'NONE', #1162, #4681 ) ;
#1257 = CARTESIAN_POINT ( 'NONE',  ( -11.62645263859204192, 16.06486530002514002, 28.82706152215505213 ) ) ;
#1258 = CARTESIAN_POINT ( 'NONE',  ( -10.28593111960042883, 17.30405841345407936, 10.00000000000001243 ) ) ;
#1259 = CARTESIAN_POINT ( 'NONE',  ( -0.003830661262731345756, 35.11207393154335676, 30.00000000000000000 ) ) ;
#1260 = ORIENTED_EDGE ( 'NONE', *, *, #1617, .T. ) ;
#1261 = CARTESIAN_POINT ( 'NONE',  ( 10.85325517706344201, 17.00073918914810633, 29.89467796516612452 ) ) ;
#1262 = CARTESIAN_POINT ( 'NONE',  ( -12.27365937060818979, 17.83955191941035423, 27.99999999999999289 ) ) ;
#1263 = CARTESIAN_POINT ( 'NONE',  ( -11.83065398603595675, 16.03186395261315056, 27.99999999999999645 ) ) ;
#1264 = CARTESIAN_POINT ( 'NONE',  ( 10.30000768450525861, 17.50563585052296389, 10.00000000000000000 ) ) ;
#1265 = B_SPLINE_CURVE_WITH_KNOTS ( 'NONE', 3,
 ( #1340, #3571, #1404, #2101, #318, #3526, #3988, #4655, #3549, #294, #1383, #2436, #2834, #3894 ),
 .UNSPECIFIED., .F., .F.,
 ( 4, 2, 2, 2, 2, 2, 4 ),
 ( 0.000000000000000000, 0.2500000000000008882, 0.5000000000000017764, 0.6250000000000013323, 0.7500000000000008882, 0.8750000000000004441, 1.000000000000000000 ),
 .UNSPECIFIED. ) ;
#1266 = CARTESIAN_POINT ( 'NONE',  ( 9.231781266899956151, 17.00202744252299070, 30.00000000000001421 ) ) ;
#1267 = CARTESIAN_POINT ( 'NONE',  ( 0.1918223051770021892, 37.10561542371532795, 11.86791002024377129 ) ) ;
#1268 = CARTESIAN_POINT ( 'NONE',  ( 11.26591363156754078, 16.29182990583652568, 10.57763830329642829 ) ) ;
#1269 = ADVANCED_FACE ( 'NONE', ( #4041 ), #300, .F. ) ;
#1270 = CARTESIAN_POINT ( 'NONE',  ( -0.002155990896894351746, 35.11235496033762615, 10.00000000000000000 ) ) ;
#1271 = CARTESIAN_POINT ( 'NONE',  ( 0.1918825650323379983, 35.79147499895777429, 29.87306971428782987 ) ) ;
#1272 = CARTESIAN_POINT ( 'NONE',  ( 10.01458766846257298, 15.05281251958379940, 27.99999999999999645 ) ) ;
#1273 = CARTESIAN_POINT ( 'NONE',  ( 0.3689957258192929079, 37.08074173784901717, 27.99999999990996358 ) ) ;
#1274 = CARTESIAN_POINT ( 'NONE',  ( -11.56877843684372031, 16.00672634644540082, 28.82734960205581132 ) ) ;
#1275 = CARTESIAN_POINT ( 'NONE',  ( -0.3790611770423631954, 36.80519113892763983, 10.99865801500951612 ) ) ;
#1276 = CARTESIAN_POINT ( 'NONE',  ( 0.4988740128330430568, 34.73484943123185076, 29.99999999999998224 ) ) ;
#1277 = CARTESIAN_POINT ( 'NONE',  ( -11.92037232439903960, 16.72408605316384822, 10.99914896836998857 ) ) ;
#1278 =( BOUNDED_SURFACE ( )  B_SPLINE_SURFACE ( 3, 2, ( 
 ( #137, #1174, #113 ),
 ( #1583, #2631, #1558 ),
 ( #1627, #3799, #4477 ),
 ( #826, #1200, #4123 ),
 ( #160, #849, #1223 ),
 ( #3775, #513, #897 ),
 ( #1605, #3058, #2701 ),
 ( #4167, #534, #1988 ),
 ( #3079, #4569, #942 ),
 ( #3102, #2389, #1293 ),
 ( #2746, #4210, #2034 ),
 ( #3849, #226, #582 ),
 ( #3480, #2936, #2559 ),
 ( #1153, #3242, #4403 ),
 ( #2606, #3294, #3319 ),
 ( #2533, #2229, #3971 ),
 ( #2865, #1108, #1129 ),
 ( #40, #1486, #777 ),
 ( #4000, #4712, #4050 ),
 ( #3678, #4330, #397 ),
 ( #3606, #2581, #4025 ),
 ( #1437, #1870, #14 ),
 ( #4077, #2253, #1822 ),
 ( #1059, #422, #349 ),
 ( #2505, #3268, #63 ),
 ( #447, #1508, #2889 ),
 ( #2961, #703, #3708 ),
 ( #4428, #804, #2156 ),
 ( #4354, #1896, #727 ),
 ( #89, #2206, #1796 ),
 ( #1081, #2182, #373 ),
 ( #3347, #3631, #1461 ),
 ( #2912, #4380, #754 ),
 ( #3654, #1845, #4127 ),
 ( #2280, #852, #1629 ),
 ( #3373, #876, #2704 ),
 ( #162, #3082, #1247 ),
 ( #2304, #2725, #1178 ) ),
 .UNSPECIFIED., .F., .F., .F. ) 
 B_SPLINE_SURFACE_WITH_KNOTS ( ( 4, 2, 2, 2, 2, 2, 2, 2, 2, 2, 2, 2, 2, 2, 2, 2, 2, 2, 4 ),
 ( 3, 3 ),
 ( 0.000000000000000000, 0.0003199165710306884508, 0.0004798748565460327032, 0.0006398331420613769015, 0.0009597497130920654065, 0.001119707998607409605, 0.001199687141365081595, 0.001209684534209790486, 0.001219681927054499593, 0.001239676712743917591, 0.001259671498433335805, 0.001264670194855690251, 0.001267169543066867365, 0.001267794380119661697, 0.001268419217172456030, 0.001268731635698853305, 0.001269044054225250363, 0.001269668891278044696, 0.001279666284122753803 ),
 ( 0.000000000000000000, 1.000000000000000000 ),
 .UNSPECIFIED. ) 
 GEOMETRIC_REPRESENTATION_ITEM ( )  RATIONAL_B_SPLINE_SURFACE ( (
 ( 1.000000000000000000, 0.7071067811865475727, 1.000000000000000000),
 ( 1.000000000000000000, 0.7071067811865475727, 1.000000000000000000),
 ( 1.000000000000000000, 0.7071067811865475727, 1.000000000000000000),
 ( 1.000000000000000000, 0.7071067811865475727, 1.000000000000000000),
 ( 1.000000000000000000, 0.7071067811865475727, 1.000000000000000000),
 ( 1.000000000000000000, 0.7071067811865475727, 1.000000000000000000),
 ( 1.000000000000000000, 0.7071067811865475727, 1.000000000000000000),
 ( 1.000000000000000000, 0.7071067811865475727, 1.000000000000000000),
 ( 1.000000000000000000, 0.7071067811865475727, 1.000000000000000000),
 ( 1.000000000000000000, 0.7071067811865475727, 1.000000000000000000),
 ( 1.000000000000000000, 0.7071067811865475727, 1.000000000000000000),
 ( 1.000000000000000000, 0.7071067811865475727, 1.000000000000000000),
 ( 1.000000000000000000, 0.7071067811865475727, 1.000000000000000000),
 ( 1.000000000000000000, 0.7071067811865475727, 1.000000000000000000),
 ( 1.000000000000000000, 0.7071067811865475727, 1.000000000000000000),
 ( 1.000000000000000000, 0.7071067811865475727, 1.000000000000000000),
 ( 1.000000000000000000, 0.7071067811865475727, 1.000000000000000000),
 ( 1.000000000000000000, 0.7071067811865475727, 1.000000000000000000),
 ( 1.000000000000000000, 0.7071067811865475727, 1.000000000000000000),
 ( 1.000000000000000000, 0.7071067811865475727, 1.000000000000000000),
 ( 1.000000000000000000, 0.7071067811865475727, 1.000000000000000000),
 ( 1.000000000000000000, 0.7071067811865475727, 1.000000000000000000),
 ( 1.000000000000000000, 0.7071067811865475727, 1.000000000000000000),
 ( 1.000000000000000000, 0.7071067811865475727, 1.000000000000000000),
 ( 1.000000000000000000, 0.7071067811865475727, 1.000000000000000000),
 ( 1.000000000000000000, 0.7071067811865475727, 1.000000000000000000),
 ( 1.000000000000000000, 0.7071067811865475727, 1.000000000000000000),
 ( 1.000000000000000000, 0.7071067811865475727, 1.000000000000000000),
 ( 1.000000000000000000, 0.7071067811865475727, 1.000000000000000000),
 ( 1.000000000000000000, 0.7071067811865475727, 1.000000000000000000),
 ( 1.000000000000000000, 0.7071067811865475727, 1.000000000000000000),
 ( 1.000000000000000000, 0.7071067811865475727, 1.000000000000000000),
 ( 1.000000000000000000, 0.7071067811865475727, 1.000000000000000000),
 ( 1.000000000000000000, 0.7071067811865475727, 1.000000000000000000),
 ( 1.000000000000000000, 0.7071067811865475727, 1.000000000000000000),
 ( 1.000000000000000000, 0.7071067811865475727, 1.000000000000000000),
 ( 1.000000000000000000, 0.7071067811865475727, 1.000000000000000000),
 ( 1.000000000000000000, 0.7071067811865475727, 1.000000000000000000) ) ) 
 REPRESENTATION_ITEM ( '' )  SURFACE ( )  );
#1279 = CARTESIAN_POINT ( 'NONE',  ( 10.55895781626959717, 15.21390985214328140, 11.99999999999998934 ) ) ;
#1280 = ADVANCED_FACE ( 'NONE', ( #1814 ), #1795, .T. ) ;
#1281 = CARTESIAN_POINT ( 'NONE',  ( -11.45441632257973374, 16.22290234270660747, 29.22190053867116788 ) ) ;
#1282 = CARTESIAN_POINT ( 'NONE',  ( -10.28700453495803302, 17.30716103827797170, 9.999999999999994671 ) ) ;
#1283 = CARTESIAN_POINT ( 'NONE',  ( 0.008307244081354452775, 35.11406965179625672, 30.00000000000000000 ) ) ;
#1284 = VERTEX_POINT ( 'NONE', #2806 ) ;
#1285 = CARTESIAN_POINT ( 'NONE',  ( 10.49838742296399552, 17.09804761087831437, 10.01926502505689776 ) ) ;
#1286 = CARTESIAN_POINT ( 'NONE',  ( 10.28391317934107363, 17.29944765700217246, 29.99999999999999645 ) ) ;
#1287 = CARTESIAN_POINT ( 'NONE',  ( -10.14078441522579332, 18.09514019271076890, 29.99999999999999289 ) ) ;
#1288 = CARTESIAN_POINT ( 'NONE',  ( 2.598076211353312015, 35.21281292110202088, 12.00000000000000000 ) ) ;
#1289 = CARTESIAN_POINT ( 'NONE',  ( -11.82409331762187144, 16.02387897207786693, 28.00000000000000711 ) ) ;
#1290 = CARTESIAN_POINT ( 'NONE',  ( 12.22028242273969134, 18.17212268605328163, 12.00000000000000000 ) ) ;
#1291 = CARTESIAN_POINT ( 'NONE',  ( -0.4172670290821678951, 36.64946546267313465, 10.78737157690907544 ) ) ;
#1292 = CARTESIAN_POINT ( 'NONE',  ( 0.4875224419171300116, 36.84060039698923106, 11.11371996658798444 ) ) ;
#1293 = CARTESIAN_POINT ( 'NONE',  ( 12.27877199898264848, 17.81307407458304937, 27.99999999999999645 ) ) ;
#1294 = CARTESIAN_POINT ( 'NONE',  ( -0.004038818088707083788, 35.11203710445248305, 10.00000000000000000 ) ) ;
#1295 = CARTESIAN_POINT ( 'NONE',  ( 12.31642694473888078, 17.37138432150717193, 12.00000000000000000 ) ) ;
#1296 = CARTESIAN_POINT ( 'NONE',  ( 0.1015372339649101147, 37.09938656909538679, 28.26249821800723083 ) ) ;
#1297 = CARTESIAN_POINT ( 'NONE',  ( -10.41186893900087540, 17.17228309961210186, 29.99478308438531471 ) ) ;
#1298 = CARTESIAN_POINT ( 'NONE',  ( 12.09481636135398475, 16.82144414343298777, 11.29290752964836209 ) ) ;
#1299 = EDGE_CURVE ( 'NONE', #4248, #3141, #1863, .T. ) ;
#1300 = CARTESIAN_POINT ( 'NONE',  ( -0.3462827106790793419, 36.38850397638029222, 10.49277375094296616 ) ) ;
#1301 = CARTESIAN_POINT ( 'NONE',  ( 1.671558244303901208, 36.39168514631770535, 30.00000000000000355 ) ) ;
#1302 = CARTESIAN_POINT ( 'NONE',  ( -11.80328298360941375, 16.34120353580992102, 11.11512061512729588 ) ) ;
#1303 = CARTESIAN_POINT ( 'NONE',  ( 9.786943112102887810, 17.07408867240596706, 10.00000000000000533 ) ) ;
#1304 = EDGE_CURVE ( 'NONE', #2671, #3590, #2094, .T. ) ;
#1305 = CARTESIAN_POINT ( 'NONE',  ( -11.60397074215314461, 15.97127099821861052, 28.70709231019426966 ) ) ;
#1306 = CARTESIAN_POINT ( 'NONE',  ( -12.30174493218903997, 17.38312930597074768, 9.999999999999991118 ) ) ;
#1307 = CARTESIAN_POINT ( 'NONE',  ( 10.28391191050745945, 17.29944552537243752, 10.00000000000000000 ) ) ;
#1308 = ORIENTED_EDGE ( 'NONE', *, *, #4033, .F. ) ;
#1309 = CARTESIAN_POINT ( 'NONE',  ( 10.68582863324073173, 17.08863285479284855, 10.05129776205162173 ) ) ;
#1310 =( BOUNDED_SURFACE ( )  B_SPLINE_SURFACE ( 3, 2, ( 
 ( #473, #2681, #4189 ),
 ( #920, #2346, #3015 ),
 ( #2659, #559, #1922 ),
 ( #3802, #4149, #117 ),
 ( #3459, #1204, #1535 ),
 ( #4482, #3104, #4615 ),
 ( #1343, #4658, #1698 ),
 ( #944, #3852, #275 ),
 ( #2036, #631, #4592 ),
 ( #654, #3506, #3483 ),
 ( #228, #2104, #4234 ),
 ( #2748, #2059, #4212 ),
 ( #1743, #298, #3897 ),
 ( #584, #1034, #4279 ),
 ( #3530, #3172, #4257 ),
 ( #1675, #3920, #1720 ),
 ( #2771, #3127, #968 ),
 ( #2414, #1012, #3552 ),
 ( #2795, #4637, #3192 ),
 ( #676, #3875, #1365 ),
 ( #4303, #610, #2480 ),
 ( #252, #2128, #2886 ),
 ( #2502, #3967, #4046 ),
 ( #1410, #772, #417 ),
 ( #3239, #1149, #4021 ),
 ( #2957, #3650, #1766 ),
 ( #34, #2225, #3313 ),
 ( #1434, #3601, #3674 ),
 ( #724, #797, #2908 ),
 ( #370, #699, #3216 ),
 ( #58, #2153, #1866 ),
 ( #4683, #1505, #4327 ),
 ( #4424, #2178, #324 ),
 ( #3265, #393, #346 ),
 ( #3576, #1792, #2601 ),
 ( #1482, #2932, #2860 ),
 ( #11, #4072, #4708 ),
 ( #1057, #750, #1819 ),
 ( #4351, #1078, #2529 ),
 ( #3996, #3628, #1458 ),
 ( #4375, #1104, #2555 ),
 ( #2202, #1842, #3290 ),
 ( #4398, #1125, #2577 ),
 ( #1266, #4165, #1966 ),
 ( #1625, #3797, #2721 ),
 ( #4185, #2273, #179 ) ),
 .UNSPECIFIED., .F., .F., .T. ) 
 B_SPLINE_SURFACE_WITH_KNOTS ( ( 4, 1, 1, 1, 1, 1, 1, 1, 1, 1, 1, 1, 1, 1, 1, 1, 1, 1, 1, 1, 1, 1, 1, 1, 1, 1, 1, 1, 1, 1, 1, 1, 1, 1, 1, 1, 1, 1, 1, 1, 1, 1, 1, 4 ),
 ( 3, 3 ),
 ( 0.008234374617828820256, 0.008239411268124385845, 0.008240670430698277676, 0.008241929593272169507, 0.008242559174559115423, 0.008243188755846061339, 0.008243503546489533429, 0.008243660941811271209, 0.008243818337133007254, 0.008244133127776481079, 0.008244447918419953170, 0.008245077499706899085, 0.008245707080993845001, 0.008246966243567736832, 0.008248225406141628663, 0.008249484568715518759, 0.008250743731289408855, 0.008252002893863300687, 0.008254521219011084349, 0.008257039544158868011, 0.008259557869306651673, 0.008264594519602217262, 0.008269631169897782852, 0.008274667820193350176, 0.008284741120784483090, 0.008294814421375616004, 0.008314961022557881831, 0.008335107623740147659, 0.008355254224922411752, 0.008375400826104675844, 0.008395547427286941672, 0.008435840629651473327, 0.008476133832016003247, 0.008516427034380533168, 0.008556720236745064823, 0.008637306641474126398, 0.008717893046203187973, 0.008798479450932249549, 0.008879065855661311124, 0.008959652260390372699, 0.009040238665119434275, 0.009201411474577555691, 0.009362584284035677107, 0.009523757093493800258 ),
 ( 0.000000000000000000, 1.000000000000000000 ),
 .UNSPECIFIED. ) 
 GEOMETRIC_REPRESENTATION_ITEM ( )  RATIONAL_B_SPLINE_SURFACE ( (
 ( 1.000000000000000000, 0.7071067811865475727, 1.000000000000000000),
 ( 1.000000000000000000, 0.7071067811865475727, 1.000000000000000000),
 ( 1.000000000000000000, 0.7071067811865475727, 1.000000000000000000),
 ( 1.000000000000000000, 0.7071067811865475727, 1.000000000000000000),
 ( 1.000000000000000000, 0.7071067811865475727, 1.000000000000000000),
 ( 1.000000000000000000, 0.7071067811865476838, 1.000000000000000000),
 ( 1.000000000000000000, 0.7071067811865474617, 1.000000000000000000),
 ( 1.000000000000000000, 0.7071067811865474617, 1.000000000000000000),
 ( 1.000000000000000000, 0.7071067811865479058, 1.000000000000000000),
 ( 1.000000000000000000, 0.7071067811865454633, 1.000000000000000000),
 ( 1.000000000000000000, 0.7071067811865483499, 1.000000000000000000),
 ( 1.000000000000000000, 0.7071067811865471286, 1.000000000000000000),
 ( 1.000000000000000000, 0.7071067811865476838, 1.000000000000000000),
 ( 1.000000000000000000, 0.7071067811865474617, 1.000000000000000000),
 ( 1.000000000000000000, 0.7071067811865475727, 1.000000000000000000),
 ( 1.000000000000000000, 0.7071067811865476838, 1.000000000000000000),
 ( 1.000000000000000000, 0.7071067811865477948, 1.000000000000000000),
 ( 1.000000000000000000, 0.7071067811865467956, 1.000000000000000000),
 ( 1.000000000000000000, 0.7071067811865482389, 1.000000000000000000),
 ( 1.000000000000000000, 0.7071067811865473507, 1.000000000000000000),
 ( 1.000000000000000000, 0.7071067811865476838, 1.000000000000000000),
 ( 1.000000000000000000, 0.7071067811865475727, 1.000000000000000000),
 ( 1.000000000000000000, 0.7071067811865474617, 1.000000000000000000),
 ( 1.000000000000000000, 0.7071067811865476838, 1.000000000000000000),
 ( 1.000000000000000000, 0.7071067811865475727, 1.000000000000000000),
 ( 1.000000000000000000, 0.7071067811865473507, 1.000000000000000000),
 ( 1.000000000000000000, 0.7071067811865476838, 1.000000000000000000),
 ( 1.000000000000000000, 0.7071067811865454633, 1.000000000000000000),
 ( 1.000000000000000000, 0.7071067811865480168, 1.000000000000000000),
 ( 1.000000000000000000, 0.7071067811865473507, 1.000000000000000000),
 ( 1.000000000000000000, 0.7071067811865475727, 1.000000000000000000),
 ( 1.000000000000000000, 0.7071067811865474617, 1.000000000000000000),
 ( 1.000000000000000000, 0.7071067811865474617, 1.000000000000000000),
 ( 1.000000000000000000, 0.7071067811865476838, 1.000000000000000000),
 ( 1.000000000000000000, 0.7071067811865474617, 1.000000000000000000),
 ( 1.000000000000000000, 0.7071067811865475727, 1.000000000000000000),
 ( 1.000000000000000000, 0.7071067811865486830, 1.000000000000000000),
 ( 1.000000000000000000, 0.7071067811865473507, 1.000000000000000000),
 ( 1.000000000000000000, 0.7071067811865475727, 1.000000000000000000),
 ( 1.000000000000000000, 0.7071067811865477948, 1.000000000000000000),
 ( 1.000000000000000000, 0.7071067811865464625, 1.000000000000000000),
 ( 1.000000000000000000, 0.7071067811865480168, 1.000000000000000000),
 ( 1.000000000000000000, 0.7071067811865485719, 1.000000000000000000),
 ( 1.000000000000000000, 0.7071067811865473507, 1.000000000000000000),
 ( 1.000000000000000000, 0.7071067811865475727, 1.000000000000000000),
 ( 1.000000000000000000, 0.7071067811865475727, 1.000000000000000000) ) ) 
 REPRESENTATION_ITEM ( '' )  SURFACE ( )  );
#1311 = CARTESIAN_POINT ( 'NONE',  ( -11.52535794539506853, 15.70994327577731831, 12.00000000000000000 ) ) ;
#1312 = CARTESIAN_POINT ( 'NONE',  ( -12.28180524728112921, 17.10563170519374054, 30.00000000000000000 ) ) ;
#1313 = CARTESIAN_POINT ( 'NONE',  ( 0.6956808565493591834, 34.48379377251158218, 10.00000000000000355 ) ) ;
#1314 = CARTESIAN_POINT ( 'NONE',  ( 12.20608151628516325, 16.79206721834484384, 28.26275016499518955 ) ) ;
#1315 = CARTESIAN_POINT ( 'NONE',  ( 12.06830570701970018, 18.65639112041495196, 10.00000000000000000 ) ) ;
#1316 = CARTESIAN_POINT ( 'NONE',  ( -0.1073275581361192721, 35.50983262565329568, 10.04260120489366592 ) ) ;
#1317 = CARTESIAN_POINT ( 'NONE',  ( -0.3208175041062369393, 37.08681063718064763, 12.00000000000000000 ) ) ;
#1318 = CARTESIAN_POINT ( 'NONE',  ( 0.4308122167782555967, 34.81205815125949954, 10.00000000000000000 ) ) ;
#1319 = B_SPLINE_SURFACE_WITH_KNOTS ( 'NONE', 3, 3, ( 
 ( #3687, #1904, #2969, #2614, #4434, #1570, #812, #784, #1592, #4460 ),
 ( #3354, #1160, #4510, #455, #70, #1515, #3025, #1233, #2643, #835 ),
 ( #4085, #3423, #4489, #2237, #479, #3066, #1210, #2689, #2261, #861 ),
 ( #168, #4109, #2287, #98, #885, #2311, #1543, #2666, #1614, #4134 ),
 ( #1136, #3740, #2331, #1931, #3716, #2995, #3379, #428, #3762, #499 ),
 ( #146, #1954, #2588, #3787, #521, #3399, #4058, #1255, #1705, #2021 ),
 ( #3491, #3467, #4600, #2089, #4196, #2399, #1727, #3538, #927, #3860 ),
 ( #3904, #1327, #2710, #638, #976, #3157, #4264, #906, #2375, #4556 ),
 ( #282, #4534, #544, #593, #1996, #1302, #190, #4175, #214, #998 ),
 ( #4622, #617, #1277, #1660, #3833, #2354, #3112, #3810, #2780, #2044 ),
 ( #4220, #567, #2802, #1638, #4243, #2423, #4578, #3089, #2756, #952 ),
 ( #3135, #236, #2445, #3444, #2732, #1684, #3882, #2067, #3513, #260 ),
 ( #1351, #306, #4665, #1749, #3610, #2844, #2823, #3636, #1773, #3198 ),
 ( #1391, #378, #2486, #3927, #660, #2161, #1827, #3223, #2870, #18 ),
 ( #758, #1802, #4286, #2510, #402, #354, #1465, #4310, #2894, #2110 ),
 ( #4692, #4335, #3950, #2916, #4359, #3583, #3247, #4029, #4717, #1041 ),
 ( #1418, #3274, #3976, #3559, #331, #708, #1019, #2136, #1442, #683 ),
 ( #1064, #2210, #4384, #2563, #1086, #3658, #4644, #1112, #2538, #4005 ),
 ( #732, #2187, #3178, #1372, #2464, #1513, #2258, #4485, #1875, #1567 ),
 ( #1850, #95, #3378, #4457, #4508, #1208, #2663, #3043, #1928, #1230 ),
 ( #2611, #3020, #3298, #4106, #121, #4081, #834, #4054, #2686, #452 ),
 ( #3713, #1490, #1901, #4408, #3352, #3397, #1951, #2284, #477, #4153 ),
 ( #1540, #857, #2640, #4132, #1182, #2309, #44, #3759, #497, #3323 ),
 ( #2941, #67, #882, #1158, #144, #1589, #1133, #2993, #3738, #2328 ),
 ( #3783, #2585, #781, #2234, #3682, #426, #809, #2966, #4432, #2708 ),
 ( #4552, #1701, #4172, #903, #3419, #993, #2798, #2729, #2063, #518 ) ),
 .UNSPECIFIED., .F., .F., .F.,
 ( 4, 2, 2, 2, 2, 2, 2, 2, 2, 2, 2, 1, 1, 4 ),
 ( 4, 2, 2, 2, 4 ),
 ( 0.000000000000000000, 0.1250000000000000000, 0.1875000000000000000, 0.2500000000000000000, 0.3125000000000000000, 0.3750000000000000000, 0.5000000000000000000, 0.6250000000000000000, 0.7500000000000000000, 0.8125000000000000000, 0.8750000000000000000, 0.9687500000000000000, 0.9843750000000000000, 1.000000000000000000 ),
 ( 0.000000000000000000, 0.2500000000000000000, 0.5000000000000000000, 0.7500000000000000000, 1.000000000000000000 ),
 .UNSPECIFIED. ) ;
#1320 = CARTESIAN_POINT ( 'NONE',  ( -0.1275471274681291844, 36.61486630656339969, 29.32142746220532104 ) ) ;
#1321 = CARTESIAN_POINT ( 'NONE',  ( 11.87409797483861773, 16.46385843006674676, 28.88487941010530946 ) ) ;
#1322 = DIRECTION ( 'NONE',  ( -0.8660254037844384856, -0.5000000000000004441, 0.000000000000000000 ) ) ;
#1323 = CARTESIAN_POINT ( 'NONE',  ( -11.66987298107780369, 19.49999999999999645, 27.99999999999999645 ) ) ;
#1324 = CARTESIAN_POINT ( 'NONE',  ( 0.06190300268424112767, 35.75286639182445469, 10.10524579623093011 ) ) ;
#1325 = B_SPLINE_CURVE_WITH_KNOTS ( 'NONE', 3,
 ( #65, #1488, #2115, #4670, #2938, #1397, #4430, #2470, #3203, #1046, #4405, #1872 ),
 .UNSPECIFIED., .F., .F.,
 ( 4, 2, 2, 2, 2, 4 ),
 ( 0.000000000000000000, 0.0006366373655497999670, 0.0009549560483246998964, 0.001114115389712143356, 0.001193695060405865031, 0.001273274731099586707 ),
 .UNSPECIFIED. ) ;
#1326 = CARTESIAN_POINT ( 'NONE',  ( 0.2389840869472025509, 34.98307070805682883, 30.00000000000001066 ) ) ;
#1327 = CARTESIAN_POINT ( 'NONE',  ( -12.03068818586842248, 16.77248613726239768, 11.17290632316987775 ) ) ;
#1328 = AXIS2_PLACEMENT_3D ( 'NONE', #453, #2641, #519 ) ;
#1329 = EDGE_CURVE ( 'NONE', #3004, #2671, #4462, .T. ) ;
#1330 = CARTESIAN_POINT ( 'NONE',  ( 11.66888542516110050, 15.85477711342845453, 11.99999999999999289 ) ) ;
#1331 = CARTESIAN_POINT ( 'NONE',  ( -11.82233017956440335, 16.22931494642421413, 28.70596721367068227 ) ) ;
#1332 = CARTESIAN_POINT ( 'NONE',  ( -12.13787428538076796, 16.54875715985007645, 10.00000000000000178 ) ) ;
#1333 = CARTESIAN_POINT ( 'NONE',  ( 0.001609900900542041375, 35.11297199862405449, 30.00000000000000000 ) ) ;
#1334 = VERTEX_POINT ( 'NONE', #3932 ) ;
#1335 = CARTESIAN_POINT ( 'NONE',  ( 10.42121334791409559, 17.18169408290346212, 10.00527489936430570 ) ) ;
#1336 = CARTESIAN_POINT ( 'NONE',  ( -11.47813686172564296, 16.09799129612207125, 10.92947854695351673 ) ) ;
#1337 = CARTESIAN_POINT ( 'NONE',  ( -11.76229131252029880, 15.95212140425302927, 12.00000000000000000 ) ) ;
#1338 = CARTESIAN_POINT ( 'NONE',  ( 2.476167382281036389, 35.41874077438165358, 11.99999999999999822 ) ) ;
#1339 = CARTESIAN_POINT ( 'NONE',  ( -10.28732468373215703, 17.30394029808309142, 30.00000000000000000 ) ) ;
#1340 = CARTESIAN_POINT ( 'NONE',  ( -12.22386278016674588, 16.80758487395407030, 11.99999999998545341 ) ) ;
#1341 = CARTESIAN_POINT ( 'NONE',  ( 11.70935167785448527, 15.89500934801012200, 27.99999999990995647 ) ) ;
#1342 = CARTESIAN_POINT ( 'NONE',  ( -2.598076211353320453, 35.21281292110202799, 12.00000000000000000 ) ) ;
#1343 = CARTESIAN_POINT ( 'NONE',  ( 10.28328651229048596, 17.29864406555280354, 29.99999999999997868 ) ) ;
#1344 = CARTESIAN_POINT ( 'NONE',  ( -10.26694934619827926, 17.72119657574260998, 30.00000000000000355 ) ) ;
#1345 = EDGE_CURVE ( 'NONE', #4248, #712, #302, .T. ) ;
#1346 = CARTESIAN_POINT ( 'NONE',  ( 0.08825172773062169018, 36.84506174644982934, 29.00022098479952604 ) ) ;
#1347 = CARTESIAN_POINT ( 'NONE',  ( -11.54911539154642419, 16.02653636207481824, 28.88627284737367518 ) ) ;
#1348 = CARTESIAN_POINT ( 'NONE',  ( 12.04651489042830015, 16.83419366748512402, 11.17265021374607770 ) ) ;
#1349 = CARTESIAN_POINT ( 'NONE',  ( 0.1188067644933976236, 35.61662922436596546, 10.06678238324716546 ) ) ;
#1350 = CARTESIAN_POINT ( 'NONE',  ( 0.7842773601324712907, 34.35034980318871334, 30.00000000000001421 ) ) ;
#1351 = CARTESIAN_POINT ( 'NONE',  ( -11.74474333949583560, 16.92937632871911546, 10.67712604752884786 ) ) ;
#1352 = CARTESIAN_POINT ( 'NONE',  ( 10.19602244245491107, 17.22956210838495750, 10.00000000000000178 ) ) ;
#1353 = CARTESIAN_POINT ( 'NONE',  ( -11.88786069500040199, 16.28787450035619955, 28.64465379149870827 ) ) ;
#1354 = CARTESIAN_POINT ( 'NONE',  ( -12.13787428538076796, 16.54875715985008355, 11.99999999999999822 ) ) ;
#1355 = CARTESIAN_POINT ( 'NONE',  ( -0.3188270847467219449, 37.08713754242697291, 27.99999999999999645 ) ) ;
#1356 = ORIENTED_EDGE ( 'NONE', *, *, #1532, .F. ) ;
#1357 = CARTESIAN_POINT ( 'NONE',  ( 10.28391191050745945, 17.29944552537243752, 10.00000000000000000 ) ) ;
#1358 = CARTESIAN_POINT ( 'NONE',  ( -10.85151452079643342, 16.72935183096761591, 10.16862087340804699 ) ) ;
#1359 = CARTESIAN_POINT ( 'NONE',  ( -10.28947655605895584, 17.30657090661027198, 10.00000000000000000 ) ) ;
#1360 = CARTESIAN_POINT ( 'NONE',  ( 1.902490387705495944, 36.16457607422720599, 12.00000000000001066 ) ) ;
#1361 = CARTESIAN_POINT ( 'NONE',  ( 11.82072658780968233, 16.89378648449376996, 29.22226541930646704 ) ) ;
#1362 = CARTESIAN_POINT ( 'NONE',  ( 11.66987298107779480, 19.50000000000000000, 10.00000000000000000 ) ) ;
#1363 = CARTESIAN_POINT ( 'NONE',  ( -0.04595027264187269422, 35.28413277181281416, 10.00775517084203869 ) ) ;
#1364 = CARTESIAN_POINT ( 'NONE',  ( -0.8241535253269384187, 36.94206437466837656, 10.00000000000000888 ) ) ;
#1365 = CARTESIAN_POINT ( 'NONE',  ( 11.70719124219559859, 15.89321012975570113, 28.00000000000000000 ) ) ;
#1366 = CARTESIAN_POINT ( 'NONE',  ( -10.30143449179482396, 17.40574826080452198, 29.99999999999998934 ) ) ;
#1367 = CARTESIAN_POINT ( 'NONE',  ( -0.4541974949811531381, 36.78534726097267082, 29.00167080344892412 ) ) ;
#1368 = CARTESIAN_POINT ( 'NONE',  ( -12.21094445226539982, 18.22299119339781370, 12.00000000000000355 ) ) ;
#1369 = CARTESIAN_POINT ( 'NONE',  ( -0.02029498937338651207, 35.62963770232206429, 10.06717202632848540 ) ) ;
#1370 = CARTESIAN_POINT ( 'NONE',  ( -10.20807541628471959, 17.23641087427942153, 10.00000000000000000 ) ) ;
#1371 = CARTESIAN_POINT ( 'NONE',  ( 12.19487544500687193, 16.70185822446902790, 28.13214034431516453 ) ) ;
#1372 = CARTESIAN_POINT ( 'NONE',  ( -10.86948640180768599, 17.03358283748547919, 10.10524579629061037 ) ) ;
#1373 = CARTESIAN_POINT ( 'NONE',  ( 10.54309206287508438, 15.24520763641956655, 10.00000000000000178 ) ) ;
#1374 = CARTESIAN_POINT ( 'NONE',  ( -11.21829066985553780, 16.51554225171933510, 29.59079127059536063 ) ) ;
#1375 = CARTESIAN_POINT ( 'NONE',  ( -12.14181139961295841, 16.55849276337040976, 12.00000000000000178 ) ) ;
#1376 = CARTESIAN_POINT ( 'NONE',  ( 10.68179557554901038, 15.24983807818729709, 11.99999999999998934 ) ) ;
#1377 = EDGE_LOOP ( 'NONE', ( #3839, #3981, #1069, #2268 ) ) ;
#1378 = CARTESIAN_POINT ( 'NONE',  ( 10.28391191050745945, 17.29944552537243752, 10.00000000000000000 ) ) ;
#1379 = CARTESIAN_POINT ( 'NONE',  ( 10.28391317934107363, 17.29944765700217246, 29.99999999999999645 ) ) ;
#1380 = CARTESIAN_POINT ( 'NONE',  ( -10.28154104905120825, 17.29689018925875743, 10.00000000000000000 ) ) ;
#1381 = CARTESIAN_POINT ( 'NONE',  ( 2.036076263090746963, 36.01699727839520904, 9.999999999999989342 ) ) ;
#1382 = CARTESIAN_POINT ( 'NONE',  ( 0.7731558681889353357, 36.97597773887024886, 27.99999999999998579 ) ) ;
#1383 = CARTESIAN_POINT ( 'NONE',  ( -10.78614192598126209, 17.17301830697780218, 10.06351327697835529 ) ) ;
#1384 = CARTESIAN_POINT ( 'NONE',  ( 12.10294648183849731, 16.44866961885286116, 27.99999999990995647 ) ) ;
#1385 = CARTESIAN_POINT ( 'NONE',  ( -2.066705838623161817, 35.97967021000714993, 12.00000000000000355 ) ) ;
#1386 = CARTESIAN_POINT ( 'NONE',  ( 11.10592217862390818, 16.45602723902394260, 29.62243149261279740 ) ) ;
#1387 = CARTESIAN_POINT ( 'NONE',  ( 0.1625046640009855381, 36.80536997519234887, 29.05710702411377966 ) ) ;
#1388 = CARTESIAN_POINT ( 'NONE',  ( -0.05443941945359082046, 35.75342468410003249, 10.10527164130694544 ) ) ;
#1389 = CARTESIAN_POINT ( 'NONE',  ( -9.812438736794831584, 17.07822831572471500, 10.00000000000000000 ) ) ;
#1390 = CARTESIAN_POINT ( 'NONE',  ( 12.20608151628516325, 16.79206721834484384, 28.26275016499518955 ) ) ;
#1391 = CARTESIAN_POINT ( 'NONE',  ( -11.56583904205194635, 16.97485353711395106, 10.49276244184326323 ) ) ;
#1392 = ORIENTED_EDGE ( 'NONE', *, *, #2987, .T. ) ;
#1393 = B_SPLINE_SURFACE_WITH_KNOTS ( 'NONE', 3, 3, ( 
 ( #1506, #394, #3291, #773, #2226, #3675, #1867, #3314, #59, #2958 ),
 ( #4425, #4546, #490, #1267, #3456, #2722, #203, #4166, #2984, #3078 ),
 ( #2343, #3753, #1244, #4186, #1918, #180, #3011, #3798, #512, #1604 ),
 ( #3823, #2301, #1173, #917, #3730, #1222, #2365, #1943, #3368, #556 ),
 ( #4122, #468, #4476, #2678, #4146, #3774, #3391, #112, #1557, #1967 ),
 ( #2008, #136, #4447, #2630, #1199, #4097, #825, #1582, #2274, #2655 ),
 ( #3037, #848, #4501, #873, #3412, #2322, #159, #896, #3057, #4523 ),
 ( #2700, #533, #1987, #3435, #1626, #4568, #4209, #2388, #3101, #3848 ),
 ( #1292, #1650, #941, #2745, #2373, #1522, #3722, #4089, #2595, #459 ),
 ( #1910, #591, #4576, #2397, #817, #3858, #2976, #2042, #1275, #3360 ),
 ( #1165, #3831, #950, #1190, #3489, #4439, #1499, #4467, #3087, #4173 ),
 ( #1143, #2754, #4066, #2266, #3332, #2620, #77, #1994, #104, #2951 ),
 ( #1883, #1549, #3002, #2646, #2019, #904, #2244, #3694, #542, #3465 ),
 ( #2352, #3110, #3808, #4417, #188, #791, #3442, #434, #1636, #1300 ),
 ( #2730, #4554, #4194, #925, #565, #212, #1658, #4218, #2421, #4598 ),
 ( #2065, #1703, #3972, #3536, #2133, #1016, #974, #636, #2461, #2778 ),
 ( #657, #3511, #3947, #2087, #704, #4688, #4331, #3902, #2157, #1682 ),
 ( #2443, #995, #3924, #280, #303, #2506, #4620, #2819, #234, #3133 ),
 ( #1769, #1725, #3220, #1324, #1414, #4241, #1388, #2866, #3176, #615 ),
 ( #3880, #1349, #258, #3155, #4641, #1369, #2107, #4283, #2800, #4262 ),
 ( #3555, #1746, #3195, #1060, #4661, #2841, #4307, #1037, #2483, #680 ),
 ( #3580, #328, #374, #728, #4051, #3270, #2990, #64, #4001, #3632 ),
 ( #2183, #4078, #2913, #4355, #1082, #2582, #805, #3655, #3295, #448 ),
 ( #1179, #2230, #3243, #2937, #831, #778, #1897, #1823, #3320, #2534 ),
 ( #2207, #15, #2607, #755, #1109, #1462, #4713, #3679, #4381, #2560 ),
 ( #399, #2254, #4404, #4026, #1846, #1130, #1438, #41, #423, #1487 ) ),
 .UNSPECIFIED., .F., .F., .F.,
 ( 4, 2, 2, 2, 2, 2, 2, 2, 2, 2, 2, 1, 1, 4 ),
 ( 4, 2, 2, 2, 4 ),
 ( 0.000000000000000000, 0.1250000000000000000, 0.1875000000000000000, 0.2500000000000000000, 0.3125000000000000000, 0.3750000000000000000, 0.5000000000000000000, 0.6250000000000000000, 0.7500000000000000000, 0.8125000000000000000, 0.8750000000000000000, 0.9687500000000000000, 0.9843750000000000000, 1.000000000000000000 ),
 ( 0.000000000000000000, 0.2500000000000000000, 0.5000000000000000000, 0.7500000000000000000, 1.000000000000000000 ),
 .UNSPECIFIED. ) ;
#1394 = CARTESIAN_POINT ( 'NONE',  ( 11.85518597131216900, 16.06204295881996558, 12.00000000000004974 ) ) ;
#1395 = CARTESIAN_POINT ( 'NONE',  ( -11.62919151237050919, 16.45097615959102200, 29.22070708663751049 ) ) ;
#1396 = CARTESIAN_POINT ( 'NONE',  ( -12.29407340108325641, 17.74280829397899950, 12.00000000000000178 ) ) ;
#1397 = CARTESIAN_POINT ( 'NONE',  ( 0.2337002223406309809, 34.98808508169013010, 30.00000000000000000 ) ) ;
#1398 = VECTOR ( 'NONE', #4399, 1000.000000000000000 ) ;
#1399 = ORIENTED_EDGE ( 'NONE', *, *, #3482, .F. ) ;
#1400 = CARTESIAN_POINT ( 'NONE',  ( -0.01234461704612993364, 35.15988124548047011, 29.99941939360876120 ) ) ;
#1401 = CARTESIAN_POINT ( 'NONE',  ( -11.82690089616701457, 16.02728749089086691, 12.00000000000000000 ) ) ;
#1402 = CARTESIAN_POINT ( 'NONE',  ( 0.005373568270341830093, 35.11207345363808230, 10.00000000000000178 ) ) ;
#1403 = CARTESIAN_POINT ( 'NONE',  ( 10.90527131823875884, 17.13543238372053068, 29.89536043398116050 ) ) ;
#1404 = CARTESIAN_POINT ( 'NONE',  ( -12.17238826811215446, 16.82064403214012316, 11.47328933096367365 ) ) ;
#1405 = CARTESIAN_POINT ( 'NONE',  ( -0.007999709150272647437, 35.14458376981496457, 10.00026527707738566 ) ) ;
#1406 = CARTESIAN_POINT ( 'NONE',  ( 11.54876816056693123, 16.11258052612085123, 29.00137904750371121 ) ) ;
#1407 = CARTESIAN_POINT ( 'NONE',  ( -0.6331926285490843131, 34.56884027804120052, 9.999999999999994671 ) ) ;
#1408 = UNCERTAINTY_MEASURE_WITH_UNIT (LENGTH_MEASURE( 1.000000000000000082E-05 ), #4512, 'distance_accuracy_value', 'NONE');
#1409 = CARTESIAN_POINT ( 'NONE',  ( -10.89123059394683501, 17.08710516602249996, 29.89498636121902209 ) ) ;
#1410 = CARTESIAN_POINT ( 'NONE',  ( 10.26472074618120089, 17.27955921850606558, 30.00000000000000000 ) ) ;
#1411 = CARTESIAN_POINT ( 'NONE',  ( 11.62722649921717277, 15.92102275602057659, 28.60653651512996021 ) ) ;
#1412 = CARTESIAN_POINT ( 'NONE',  ( 0.3633892292988150641, 36.66151494316029869, 29.22194244673520558 ) ) ;
#1413 = CARTESIAN_POINT ( 'NONE',  ( 10.70521723799261160, 16.99930595145101009, 10.06711349158381630 ) ) ;
#1414 = CARTESIAN_POINT ( 'NONE',  ( 0.03290664129953951855, 35.75494010152335989, 10.10530909721631332 ) ) ;
#1415 = CARTESIAN_POINT ( 'NONE',  ( 11.51175515556720796, 16.42477204479289554, 10.67852058759507550 ) ) ;
#1416 = CARTESIAN_POINT ( 'NONE',  ( -9.178408143590754520, 16.99999999522574257, 10.00000000000000000 ) ) ;
#1417 = CARTESIAN_POINT ( 'NONE',  ( -0.3558237669353125354, 34.88756221679135905, 9.999999999999998224 ) ) ;
#1418 = CARTESIAN_POINT ( 'NONE',  ( -11.14397384003158464, 17.08209104890612906, 10.20209306004691641 ) ) ;
#1419 = ORIENTED_EDGE ( 'NONE', *, *, #96, .T. ) ;
#1420 = CARTESIAN_POINT ( 'NONE',  ( 10.27941679392407437, 17.29401868529255637, 10.00000000000000888 ) ) ;
#1421 = CARTESIAN_POINT ( 'NONE',  ( -10.93707983217313995, 16.69902173645006016, 29.79762071119909805 ) ) ;
#1422 = CARTESIAN_POINT ( 'NONE',  ( -10.28442573218815248, 17.30024207431930705, 10.00000000000000355 ) ) ;
#1423 = ORIENTED_EDGE ( 'NONE', *, *, #4033, .T. ) ;
#1424 = CARTESIAN_POINT ( 'NONE',  ( -0.5244428301486389055, 37.04365553472236883, 27.99999999990996358 ) ) ;
#1425 = CARTESIAN_POINT ( 'NONE',  ( -11.78935342177143042, 15.98283942837298355, 10.00000000000000000 ) ) ;
#1426 = CARTESIAN_POINT ( 'NONE',  ( 0.9174774321329817184, 36.90110971536352480, 12.00000000000000000 ) ) ;
#1427 = CARTESIAN_POINT ( 'NONE',  ( 12.14553838456858692, 16.71736599264713163, 11.54351681636790694 ) ) ;
#1428 = CARTESIAN_POINT ( 'NONE',  ( 0.008149977407570802718, 37.11279631556048741, 30.00000000000000000 ) ) ;
#1429 = CARTESIAN_POINT ( 'NONE',  ( 0.01146837653424988279, 35.15245554114319049, 10.00014896475846804 ) ) ;
#1430 = CARTESIAN_POINT ( 'NONE',  ( -0.5546712040612953309, 37.05338110283984321, 12.00000000000000000 ) ) ;
#1431 = CARTESIAN_POINT ( 'NONE',  ( 11.45507018106331110, 16.68446655765307440, 29.50576827134970515 ) ) ;
#1432 = CARTESIAN_POINT ( 'NONE',  ( -2.518938139373686269, 35.34988410689000915, 10.00000000000000000 ) ) ;
#1433 = CARTESIAN_POINT ( 'NONE',  ( -10.50959036952605352, 17.11110952018185216, 29.98065138734085622 ) ) ;
#1434 = CARTESIAN_POINT ( 'NONE',  ( 10.22923902375046445, 17.25142360357287785, 30.00000000000001066 ) ) ;
#1435 = CARTESIAN_POINT ( 'NONE',  ( 10.47105089351196128, 17.10743679963336561, 29.98211139770876699 ) ) ;
#1436 = CARTESIAN_POINT ( 'NONE',  ( -10.42756031952747975, 17.15647659696896454, 10.01026587159928027 ) ) ;
#1437 = CARTESIAN_POINT ( 'NONE',  ( 10.28754302042322699, 17.30971908768093925, 30.00000000000000000 ) ) ;
#1438 = CARTESIAN_POINT ( 'NONE',  ( 0.0006404013708203449944, 35.11281266264562362, 10.00000000000000000 ) ) ;
#1439 = CARTESIAN_POINT ( 'NONE',  ( 11.82072785500145429, 16.89379179531985287, 10.77773433381797474 ) ) ;
#1440 = CARTESIAN_POINT ( 'NONE',  ( -11.20145638059075033, 15.49867649072351838, 12.00000000000000000 ) ) ;
#1441 = CARTESIAN_POINT ( 'NONE',  ( 11.73477559959779093, 15.93840746912641926, 28.26275276956197402 ) ) ;
#1442 = CARTESIAN_POINT ( 'NONE',  ( -10.93707843368220267, 16.69902069532298583, 10.20237911461165226 ) ) ;
#1443 = ORIENTED_EDGE ( 'NONE', *, *, #2820, .T. ) ;
#1444 = CARTESIAN_POINT ( 'NONE',  ( 11.86164875375381733, 16.07032047780736761, 12.00000000000000355 ) ) ;
#1445 = CARTESIAN_POINT ( 'NONE',  ( -11.46199751127727318, 16.69775529793125912, 29.50579310600614491 ) ) ;
#1446 = ORIENTED_EDGE ( 'NONE', *, *, #1449, .T. ) ;
#1447 = DIRECTION ( 'NONE',  ( 0.8660254037844384856, 0.5000000000000003331, 0.000000000000000000 ) ) ;
#1448 = CARTESIAN_POINT ( 'NONE',  ( 0.1168129415423285189, 36.32704130694740030, 29.59039096506260336 ) ) ;
#1449 = EDGE_CURVE ( 'NONE', #3514, #173, #39, .T. ) ;
#1450 = CARTESIAN_POINT ( 'NONE',  ( 0.02213566790156808878, 35.10781567530441549, 9.999999999999996447 ) ) ;
#1451 = CARTESIAN_POINT ( 'NONE',  ( 10.45865671724028623, 17.25332190869609761, 29.99478308438530050 ) ) ;
#1452 = CARTESIAN_POINT ( 'NONE',  ( -12.08531708968842899, 18.61120158923263190, 11.99999999999999289 ) ) ;
#1453 = CARTESIAN_POINT ( 'NONE',  ( 2.301857110382998783, 35.68756173021759537, 28.00000000000000000 ) ) ;
#1454 = CARTESIAN_POINT ( 'NONE',  ( 11.24849256977280021, 16.39388078056842346, 29.50690429792480529 ) ) ;
#1455 = CARTESIAN_POINT ( 'NONE',  ( -12.13905152198108439, 16.55166601218228095, 28.00000000000001421 ) ) ;
#1456 = CARTESIAN_POINT ( 'NONE',  ( -10.33248962275593819, 17.28836673381927014, 29.99959796321494920 ) ) ;
#1457 = CARTESIAN_POINT ( 'NONE',  ( 11.14129171102172933, 17.07313390009525023, 10.20210531046514468 ) ) ;
#1458 = CARTESIAN_POINT ( 'NONE',  ( 10.09558602688786522, 15.09460971297719034, 27.99999999999998934 ) ) ;
#1459 = CARTESIAN_POINT ( 'NONE',  ( 10.50481007712172143, 17.07279646996226319, 29.97518977063255718 ) ) ;
#1460 = CARTESIAN_POINT ( 'NONE',  ( -10.34023241122300263, 17.24445713975744354, 10.00145209088748821 ) ) ;
#1461 = CARTESIAN_POINT ( 'NONE',  ( 12.15568119302110262, 16.59482758895363119, 27.99999999999999645 ) ) ;
#1462 = CARTESIAN_POINT ( 'NONE',  ( -3.382448956296200108E-05, 35.12931127453362734, 10.00000000000000000 ) ) ;
#1463 = CARTESIAN_POINT ( 'NONE',  ( -10.83707655205091847, 15.31609735934971006, 10.00000000000000000 ) ) ;
#1464 = DIRECTION ( 'NONE',  ( 0.000000000000000000, -1.000000000000000000, 0.000000000000000000 ) ) ;
#1465 = CARTESIAN_POINT ( 'NONE',  ( -11.28507157241128134, 16.60285877987624303, 10.40965622629723342 ) ) ;
#1466 = CARTESIAN_POINT ( 'NONE',  ( 11.84091937550404694, 16.04407542276840815, 12.00000000000002309 ) ) ;
#1467 = CARTESIAN_POINT ( 'NONE',  ( -11.21587495459102968, 16.36226758603470088, 29.50722598183455148 ) ) ;
#1468 = ORIENTED_EDGE ( 'NONE', *, *, #3343, .F. ) ;
#1469 = CARTESIAN_POINT ( 'NONE',  ( -0.4462580466204473795, 36.75599731283627847, 29.08264363152690279 ) ) ;
#1470 = CARTESIAN_POINT ( 'NONE',  ( 0.4092855336137945499, 36.56296431346600428, 29.32287417351963299 ) ) ;
#1471 = CARTESIAN_POINT ( 'NONE',  ( 0.3984328982472674086, 37.07311776039729523, 10.00000000000001243 ) ) ;
#1472 = CARTESIAN_POINT ( 'NONE',  ( 11.85760342216564567, 16.28144664773536832, 11.29410386669183808 ) ) ;
#1473 = FILL_AREA_STYLE ('',( #27 ) ) ;
#1474 = CARTESIAN_POINT ( 'NONE',  ( -12.22820278715584053, 18.10512585358581106, 11.99999999999999645 ) ) ;
#1475 =( GEOMETRIC_REPRESENTATION_CONTEXT ( 3 ) GLOBAL_UNCERTAINTY_ASSIGNED_CONTEXT ( ( #1408 ) ) GLOBAL_UNIT_ASSIGNED_CONTEXT ( ( #4512, #3306, #1520 ) ) REPRESENTATION_CONTEXT ( 'NONE', 'WORKASPACE' ) );
#1476 = CARTESIAN_POINT ( 'NONE',  ( -0.003672968526370553894, 35.12867360796651184, 9.999999999999998224 ) ) ;
#1477 = CARTESIAN_POINT ( 'NONE',  ( 10.96564950776226333, 17.11949480338640939, 29.87305738394899990 ) ) ;
#1478 = CARTESIAN_POINT ( 'NONE',  ( -12.13773615715875742, 16.54841766117587198, 28.00000000000000355 ) ) ;
#1479 = VECTOR ( 'NONE', #4567, 1000.000000000000000 ) ;
#1480 = CARTESIAN_POINT ( 'NONE',  ( -10.33195015426759156, 17.28624461412328372, 29.99959365620803098 ) ) ;
#1481 = CARTESIAN_POINT ( 'NONE',  ( 11.66987298107779480, 19.50000000000000000, 27.99999999999999645 ) ) ;
#1482 = CARTESIAN_POINT ( 'NONE',  ( 10.00289794191114012, 17.13842488744147730, 30.00000000000000711 ) ) ;
#1483 = CARTESIAN_POINT ( 'NONE',  ( -9.071796769724512544, 17.00000000000000000, 10.00000000000000000 ) ) ;
#1484 = CARTESIAN_POINT ( 'NONE',  ( 10.54933425530541236, 17.02710028382376350, 10.03632888062189110 ) ) ;
#1485 = CARTESIAN_POINT ( 'NONE',  ( -0.02461825147255197049, 35.40580192550095262, 29.98057389343965440 ) ) ;
#1486 = CARTESIAN_POINT ( 'NONE',  ( 12.27139791429632432, 17.03335435287384314, 30.00000000000000000 ) ) ;
#1487 = CARTESIAN_POINT ( 'NONE',  ( 0.0006404013708203449944, 35.11281266264562362, 10.00000000000000000 ) ) ;
#1488 = CARTESIAN_POINT ( 'NONE',  ( 0.7598782422620939947, 34.39666519793794208, 30.00000000000000711 ) ) ;
#1489 = CARTESIAN_POINT ( 'NONE',  ( -10.20219688981260830, 17.23268705668420253, 10.00000000000000000 ) ) ;
#1490 = CARTESIAN_POINT ( 'NONE',  ( -10.56620577832901731, 17.21551244805334591, 10.01926502505025418 ) ) ;
#1491 = CARTESIAN_POINT ( 'NONE',  ( 11.83670181266513310, 16.03766721665413186, 9.999999999999992895 ) ) ;
#1492 = EDGE_LOOP ( 'NONE', ( #4115, #1356, #1551, #2871 ) ) ;
#1493 = CARTESIAN_POINT ( 'NONE',  ( 2.477267935592918136, 35.41529704235661313, 12.00000000000000000 ) ) ;
#1494 = CARTESIAN_POINT ( 'NONE',  ( 0.3025921454905060592, 36.40094638989528875, 29.50690429784686586 ) ) ;
#1495 = CARTESIAN_POINT ( 'NONE',  ( 0.2941418459211413983, 37.09118195505440241, 10.00000000000001776 ) ) ;
#1496 = CARTESIAN_POINT ( 'NONE',  ( 11.61430066639074177, 16.05128179798219534, 11.17290632318977117 ) ) ;
#1497 = CARTESIAN_POINT ( 'NONE',  ( -12.17300654607438837, 16.63559526407302158, 27.99999999990996358 ) ) ;
#1498 = CARTESIAN_POINT ( 'NONE',  ( -11.78725731882860117, 19.29145993043803031, 11.99999999999999822 ) ) ;
#1499 = CARTESIAN_POINT ( 'NONE',  ( -0.1436533554602212326, 36.80693478706247390, 10.94294263001917145 ) ) ;
#1500 = CARTESIAN_POINT ( 'NONE',  ( 2.457411816295109741, 35.45645080015876971, 28.00000000000000000 ) ) ;
#1501 = CARTESIAN_POINT ( 'NONE',  ( 10.90281836943347926, 16.66439764537986790, 29.79790713491510701 ) ) ;
#1502 = CARTESIAN_POINT ( 'NONE',  ( -12.15080463608422967, 16.58130114299508406, 27.99999999999999289 ) ) ;
#1503 = CARTESIAN_POINT ( 'NONE',  ( -10.56205113049502131, 17.20294592200116668, 29.98066700139768770 ) ) ;
#1504 = CARTESIAN_POINT ( 'NONE',  ( 10.29703230558290805, 17.35158914189537072, 9.999999999999998224 ) ) ;
#1505 = CARTESIAN_POINT ( 'NONE',  ( 11.09840215149188936, 15.44194126263869826, 30.00000000000000355 ) ) ;
#1506 = CARTESIAN_POINT ( 'NONE',  ( 0.5433712142077693485, 37.03878972357365740, 11.99999999998544631 ) ) ;
#1507 = CARTESIAN_POINT ( 'NONE',  ( 10.41681180552574659, 17.16308164050230545, 10.00902037878000428 ) ) ;
#1508 = CARTESIAN_POINT ( 'NONE',  ( 12.16582422700290955, 16.62220400596549297, 30.00000000000000000 ) ) ;
#1509 = DIRECTION ( 'NONE',  ( 0.5000000000000004441, -0.8660254037844383745, 0.000000000000000000 ) ) ;
#1510 = CARTESIAN_POINT ( 'NONE',  ( -10.01085109515003069, 15.07372504536990299, 27.99999999999999645 ) ) ;
#1511 = CARTESIAN_POINT ( 'NONE',  ( 0.8660254037844354880, 34.21281292110202088, 10.00000000000000000 ) ) ;
#1512 = CARTESIAN_POINT ( 'NONE',  ( 12.03499807870663219, 16.47782785302663200, 28.51986914677961948 ) ) ;
#1513 = CARTESIAN_POINT ( 'NONE',  ( -10.82791127197768510, 16.95684241278780036, 10.10532201973873789 ) ) ;
#1514 = CARTESIAN_POINT ( 'NONE',  ( 0.2861547747230246963, 37.09234430139287753, 30.00000000000000000 ) ) ;
#1515 = CARTESIAN_POINT ( 'NONE',  ( -11.97717453919358199, 16.23127862043323333, 11.86791028540393889 ) ) ;
#1516 = CARTESIAN_POINT ( 'NONE',  ( -0.2893583750355768203, 36.40365611623440145, 29.50686064486098203 ) ) ;
#1517 = CARTESIAN_POINT ( 'NONE',  ( -0.003147768401729669503, 35.11334232951678302, 10.00000000000000000 ) ) ;
#1518 = CARTESIAN_POINT ( 'NONE',  ( 11.99828731364345735, 16.67641792052668492, 11.17345362074351911 ) ) ;
#1519 = CARTESIAN_POINT ( 'NONE',  ( 10.95754713346626730, 16.72178708673230574, 10.20265666765869206 ) ) ;
#1520 =( NAMED_UNIT ( * ) SI_UNIT ( $, .STERADIAN. ) SOLID_ANGLE_UNIT ( ) );
#1521 = FACE_OUTER_BOUND ( 'NONE', #1960, .T. ) ;
#1522 = CARTESIAN_POINT ( 'NONE',  ( -0.07081677070837157084, 36.90774760423438750, 11.11512061503187887 ) ) ;
#1523 = CARTESIAN_POINT ( 'NONE',  ( -1.722880105590886446, 36.35379002247503166, 27.99999999999999645 ) ) ;
#1524 = EDGE_LOOP ( 'NONE', ( #4387, #3661, #733, #3909 ) ) ;
#1525 = CARTESIAN_POINT ( 'NONE',  ( 11.17127659822485519, 16.83366364228059808, 29.73541148940194390 ) ) ;
#1526 = CARTESIAN_POINT ( 'NONE',  ( -10.28473671521370036, 17.30101080549577475, 30.00000000000001066 ) ) ;
#1527 = CARTESIAN_POINT ( 'NONE',  ( -9.178734861976103332, 16.99999999523040373, 30.00000000000000000 ) ) ;
#1528 = CARTESIAN_POINT ( 'NONE',  ( 12.15205638274057343, 16.58523500081436808, 12.00000000000000000 ) ) ;
#1529 = CARTESIAN_POINT ( 'NONE',  ( -10.67433014076660314, 17.20147143732756234, 29.95931393261955478 ) ) ;
#1530 = CARTESIAN_POINT ( 'NONE',  ( 10.71742722720344254, 16.85464486168941534, 29.90252351847036394 ) ) ;
#1531 = CARTESIAN_POINT ( 'NONE',  ( 10.81176561486864962, 16.75782372525546648, 10.14813660914010462 ) ) ;
#1532 = EDGE_CURVE ( 'NONE', #866, #3252, #2181, .T. ) ;
#1533 = CARTESIAN_POINT ( 'NONE',  ( -0.0007864877128708298512, 35.12926609497326780, 30.00000000000000000 ) ) ;
#1534 = CARTESIAN_POINT ( 'NONE',  ( 11.53677896052202101, 16.01389944244010977, 11.11371996658798089 ) ) ;
#1535 = CARTESIAN_POINT ( 'NONE',  ( 11.86131336714915463, 16.06989119873431449, 27.99999999999998934 ) ) ;
#1536 = LINE ( 'NONE', #4453, #2840 ) ;
#1537 = CARTESIAN_POINT ( 'NONE',  ( 9.071796769724482346, 15.00000000000000355, 12.00000000000000000 ) ) ;
#1538 = CARTESIAN_POINT ( 'NONE',  ( -9.071796769724512544, 17.00000000000000000, 10.00000000000000000 ) ) ;
#1539 = CARTESIAN_POINT ( 'NONE',  ( 11.87608716214235116, 16.26944323123761293, 28.64467176731923814 ) ) ;
#1540 = CARTESIAN_POINT ( 'NONE',  ( -10.45971242751841679, 17.25602929017824749, 10.00521380026010299 ) ) ;
#1541 =( LENGTH_UNIT ( ) NAMED_UNIT ( * ) SI_UNIT ( .MILLI., .METRE. ) );
#1542 = CARTESIAN_POINT ( 'NONE',  ( 0.5711469504200282765, 37.03112649826295666, 27.99999999999999645 ) ) ;
#1543 = CARTESIAN_POINT ( 'NONE',  ( -11.88482607164647575, 16.18561729860623544, 11.54404669855301258 ) ) ;
#1544 = CARTESIAN_POINT ( 'NONE',  ( -0.1120565734004790731, 36.43077104984909198, 29.50587678741931086 ) ) ;
#1545 = CARTESIAN_POINT ( 'NONE',  ( 9.391652294500675069, 17.01196513484953954, 9.999999999999996447 ) ) ;
#1546 = CARTESIAN_POINT ( 'NONE',  ( 11.19145336108855027, 16.87430089756622920, 10.26450376412036647 ) ) ;
#1547 = CARTESIAN_POINT ( 'NONE',  ( -11.93367577434959514, 16.25888979707259452, 28.45590186051408566 ) ) ;
#1548 = CARTESIAN_POINT ( 'NONE',  ( -12.00517138485073332, 18.82414640408116213, 12.00000000000000355 ) ) ;
#1549 = CARTESIAN_POINT ( 'NONE',  ( 0.3445905759225635911, 36.58079729056917273, 10.67746565503921019 ) ) ;
#1550 = CARTESIAN_POINT ( 'NONE',  ( -1.100921516822792157, 36.80806281088079857, 28.00000000000004263 ) ) ;
#1551 = ORIENTED_EDGE ( 'NONE', *, *, #2418, .F. ) ;
#1552 = CARTESIAN_POINT ( 'NONE',  ( 10.71738144859913255, 17.16422181381304668, 29.94900818344397564 ) ) ;
#1553 = CARTESIAN_POINT ( 'NONE',  ( -12.13535972954834463, 16.54255088229372816, 27.99999999999999645 ) ) ;
#1554 = CARTESIAN_POINT ( 'NONE',  ( -10.49750997753076831, 15.18745351019687817, 27.99999999999999645 ) ) ;
#1555 = CARTESIAN_POINT ( 'NONE',  ( 10.28536111759679450, 17.30328788348282387, 10.00000000000000000 ) ) ;
#1556 = CARTESIAN_POINT ( 'NONE',  ( -11.92728315222249869, 16.88300521885696881, 29.06959262005032940 ) ) ;
#1557 = CARTESIAN_POINT ( 'NONE',  ( -0.4225362065929108013, 37.00030852819818250, 11.47950159227056766 ) ) ;
#1558 = CARTESIAN_POINT ( 'NONE',  ( 11.74925373919010596, 19.36250849380614625, 27.99999999999999645 ) ) ;
#1559 = AXIS2_PLACEMENT_3D ( 'NONE', #782, #3714, #4532 ) ;
#1560 = CARTESIAN_POINT ( 'NONE',  ( 0.001463734458186104681, 35.12930446294290476, 30.00000000000000000 ) ) ;
#1561 = CARTESIAN_POINT ( 'NONE',  ( 11.57515427642369588, 16.19319603571132049, 10.94238734876762287 ) ) ;
#1562 = CARTESIAN_POINT ( 'NONE',  ( 10.81952469864632782, 16.84008277518906382, 10.12736251537732279 ) ) ;
#1563 = CARTESIAN_POINT ( 'NONE',  ( 12.15480648373024053, 16.53765438495380735, 12.00000000000000000 ) ) ;
#1564 = CARTESIAN_POINT ( 'NONE',  ( -0.07690616452081476540, 37.06182794147742499, 28.45590186029840396 ) ) ;
#1565 = CARTESIAN_POINT ( 'NONE',  ( -9.911247619401725828, 17.10447293071910124, 10.00000000000000178 ) ) ;
#1566 = CARTESIAN_POINT ( 'NONE',  ( 12.04961082407702300, 16.47103208517887651, 28.45595330949680246 ) ) ;
#1567 = CARTESIAN_POINT ( 'NONE',  ( -10.73727064845540369, 16.84444807716146641, 10.10463938827193608 ) ) ;
#1568 = SHAPE_DEFINITION_REPRESENTATION ( #603, #239 ) ;
#1569 = CARTESIAN_POINT ( 'NONE',  ( 0.4012420071048626857, 37.07255041686091346, 30.00000000000001421 ) ) ;
#1570 = CARTESIAN_POINT ( 'NONE',  ( -11.97717453919217512, 16.23127862043140013, 11.99999999998544986 ) ) ;
#1571 = CARTESIAN_POINT ( 'NONE',  ( 0.002261978508630774643, 35.11258594254464782, 10.00000000000000711 ) ) ;
#1572 = FACE_OUTER_BOUND ( 'NONE', #2761, .T. ) ;
#1573 = CARTESIAN_POINT ( 'NONE',  ( -10.30027436266964358, 17.39153158883068429, 10.00000000000001066 ) ) ;
#1574 = CARTESIAN_POINT ( 'NONE',  ( -0.4510381011456351397, 37.06170377528324877, 27.99999999999999289 ) ) ;
#1575 = ORIENTED_EDGE ( 'NONE', *, *, #2987, .F. ) ;
#1576 = CARTESIAN_POINT ( 'NONE',  ( 10.71077170198467066, 17.14481802157644807, 29.94887622590182374 ) ) ;
#1577 = CARTESIAN_POINT ( 'NONE',  ( -12.29547535653648538, 17.62686700477386381, 29.99999999999998934 ) ) ;
#1578 = CARTESIAN_POINT ( 'NONE',  ( 11.54681545761350492, 16.90517372211449398, 10.49313915557807775 ) ) ;
#1579 = CARTESIAN_POINT ( 'NONE',  ( -11.54562939256780041, 15.74252113797193076, 27.99999999999999645 ) ) ;
#1580 = CARTESIAN_POINT ( 'NONE',  ( 12.15617232504441780, 16.59612773331177848, 12.00000000000000000 ) ) ;
#1581 = CARTESIAN_POINT ( 'NONE',  ( -10.47795470260629358, 17.25138995647996509, 29.99008847911258258 ) ) ;
#1582 = CARTESIAN_POINT ( 'NONE',  ( -0.3295014289552110620, 36.97993764430490415, 11.35490277608375820 ) ) ;
#1583 = CARTESIAN_POINT ( 'NONE',  ( 9.991291223764521945, 18.40738889786428700, 30.00000000000000000 ) ) ;
#1584 = CARTESIAN_POINT ( 'NONE',  ( 0.1408701926591419129, 35.61044941108090001, 29.93335755890612049 ) ) ;
#1585 = CARTESIAN_POINT ( 'NONE',  ( 0.1408701926591419129, 35.61044941108090001, 29.93335755890612049 ) ) ;
#1586 = CARTESIAN_POINT ( 'NONE',  ( 10.17857936193087021, 15.10432285903776162, 28.00000000000000000 ) ) ;
#1587 = CARTESIAN_POINT ( 'NONE',  ( -0.3362237256937105068, 37.01747008898117741, 28.52014390616486494 ) ) ;
#1588 = CARTESIAN_POINT ( 'NONE',  ( 11.69473086451176691, 15.97597599538066326, 28.52051584012200180 ) ) ;
#1589 = CARTESIAN_POINT ( 'NONE',  ( -10.32635463550794874, 17.27409148959982588, 10.00041461069807802 ) ) ;
#1590 = EDGE_CURVE ( 'NONE', #958, #3071, #832, .T. ) ;
#1591 = CARTESIAN_POINT ( 'NONE',  ( 0.2778784649927284467, 37.09350392049410061, 28.00000000000000000 ) ) ;
#1592 = CARTESIAN_POINT ( 'NONE',  ( -11.75770116913712293, 15.94454766274283664, 11.99999999998544631 ) ) ;
#1593 = CARTESIAN_POINT ( 'NONE',  ( 10.07572882260269687, 15.12302245812107948, 10.00000000000000711 ) ) ;
#1594 = CARTESIAN_POINT ( 'NONE',  ( -12.20107235308700488, 16.72078451093790008, 28.13213694291635747 ) ) ;
#1595 = CARTESIAN_POINT ( 'NONE',  ( -12.19722071601968238, 16.71449860425536116, 9.999999999999962697 ) ) ;
#1596 = CARTESIAN_POINT ( 'NONE',  ( -0.2287730831780336038, 34.99185466518378007, 30.00000000000000000 ) ) ;
#1597 = EDGE_LOOP ( 'NONE', ( #4336, #2895, #3639, #151, #3883, #4583, #4469, #3933, #736 ) ) ;
#1598 = CARTESIAN_POINT ( 'NONE',  ( 10.44769800621213030, 17.22282022754047759, 29.99468594829341583 ) ) ;
#1599 = CARTESIAN_POINT ( 'NONE',  ( -10.29136436072236194, 17.57183714099288707, 29.99999999999999645 ) ) ;
#1600 = CARTESIAN_POINT ( 'NONE',  ( 11.27737893445146611, 16.59172329363680731, 10.40960908541050856 ) ) ;
#1601 = CARTESIAN_POINT ( 'NONE',  ( -9.736063768658967277, 15.03767767402834110, 27.99999999999999645 ) ) ;
#1602 = CARTESIAN_POINT ( 'NONE',  ( 12.19055892890548343, 16.69390267506838299, 12.00000000000001066 ) ) ;
#1603 = CARTESIAN_POINT ( 'NONE',  ( -10.68349198250656329, 17.19914186643762122, 29.95737058962041388 ) ) ;
#1604 = CARTESIAN_POINT ( 'NONE',  ( -0.5210490783158675532, 37.03114763252028041, 11.73724977128524927 ) ) ;
#1605 = CARTESIAN_POINT ( 'NONE',  ( 10.18925246485484060, 17.97004129075761725, 30.00000000000000000 ) ) ;
#1606 = CARTESIAN_POINT ( 'NONE',  ( -0.3239595144374924351, 37.08630126140762684, 9.999999999999998224 ) ) ;
#1607 = CARTESIAN_POINT ( 'NONE',  ( 0.5293475789147120691, 36.98902374417222916, 28.45659451656791106 ) ) ;
#1608 = CARTESIAN_POINT ( 'NONE',  ( 11.94088741773532192, 16.17059813046644123, 12.00000000000000000 ) ) ;
#1609 = CARTESIAN_POINT ( 'NONE',  ( -0.4966284836641585709, 36.94137577751499180, 28.64575825029269751 ) ) ;
#1610 = CARTESIAN_POINT ( 'NONE',  ( 11.78918534835189469, 16.50857131039938608, 29.05694519396698539 ) ) ;
#1611 = CARTESIAN_POINT ( 'NONE',  ( -10.99016513116594496, 16.58966446490871860, 29.73655289636880994 ) ) ;
#1612 = DIRECTION ( 'NONE',  ( 0.000000000000000000, 0.000000000000000000, 1.000000000000000000 ) ) ;
#1613 = CARTESIAN_POINT ( 'NONE',  ( 0.6088272303709990618, 37.01996026151869046, 30.00000000000000355 ) ) ;
#1614 = CARTESIAN_POINT ( 'NONE',  ( -11.71946121113587758, 15.97937868068787992, 11.54351681641869831 ) ) ;
#1615 = CARTESIAN_POINT ( 'NONE',  ( 0.2772966919069272396, 37.09358556277900476, 12.00000000000000178 ) ) ;
#1616 = CARTESIAN_POINT ( 'NONE',  ( -11.97865530294367886, 16.70349544605669578, 28.88549765497509014 ) ) ;
#1617 = EDGE_CURVE ( 'NONE', #1215, #3141, #3424, .T. ) ;
#1618 = CARTESIAN_POINT ( 'NONE',  ( -12.17260735335434063, 16.64019386089534080, 10.00000000000000178 ) ) ;
#1619 = CARTESIAN_POINT ( 'NONE',  ( -0.3881335294218501986, 37.07486635826485610, 30.00000000000001776 ) ) ;
#1620 = ORIENTED_EDGE ( 'NONE', *, *, #3408, .F. ) ;
#1621 = CARTESIAN_POINT ( 'NONE',  ( 10.56049530632697042, 17.19927945709044792, 29.98065138729818813 ) ) ;
#1622 = CARTESIAN_POINT ( 'NONE',  ( -12.09983319477655250, 18.56606763868611765, 27.99999999999998579 ) ) ;
#1623 = CARTESIAN_POINT ( 'NONE',  ( -10.00456922529640025, 15.07728436418296702, 28.00000000000009237 ) ) ;
#1624 = CARTESIAN_POINT ( 'NONE',  ( 12.19754728620732465, 16.71618703587896348, 12.00000000000000711 ) ) ;
#1625 = CARTESIAN_POINT ( 'NONE',  ( 9.125128890497540723, 16.99999999678403384, 30.00000000000000000 ) ) ;
#1626 = CARTESIAN_POINT ( 'NONE',  ( 0.09283795031371269713, 36.93473662708224481, 11.17397043104503140 ) ) ;
#1627 = CARTESIAN_POINT ( 'NONE',  ( 10.04104670710356295, 18.31298751750693299, 30.00000000000000000 ) ) ;
#1628 = CARTESIAN_POINT ( 'NONE',  ( 0.0006379209085109772146, 35.11281269567290053, 30.00000000000000000 ) ) ;
#1629 = CARTESIAN_POINT ( 'NONE',  ( 12.15583132832305502, 16.59522507173064909, 27.99999999999999645 ) ) ;
#1630 = CARTESIAN_POINT ( 'NONE',  ( 11.51120246455404939, 15.69884496818012565, 27.99999999999999289 ) ) ;
#1631 = VECTOR ( 'NONE', #717, 999.9999999999998863 ) ;
#1632 = CARTESIAN_POINT ( 'NONE',  ( -9.937822173508926937, 18.49999999999999645, 10.00000000000000000 ) ) ;
#1633 = CARTESIAN_POINT ( 'NONE',  ( 11.80211826237120931, 16.82513976832175828, 29.22190053868752813 ) ) ;
#1634 = CARTESIAN_POINT ( 'NONE',  ( -11.21587495459102968, 16.36226758603470088, 29.50722598183455148 ) ) ;
#1635 = VECTOR ( 'NONE', #3070, 1000.000000000000000 ) ;
#1636 = CARTESIAN_POINT ( 'NONE',  ( -0.2893619746151426808, 36.40365511879463156, 10.49313915537558373 ) ) ;
#1637 = CARTESIAN_POINT ( 'NONE',  ( 1.058794484395223279, 36.82991991504184881, 30.00000000000000000 ) ) ;
#1638 = CARTESIAN_POINT ( 'NONE',  ( -11.83128135015706484, 16.59445292582289966, 10.94289300310033397 ) ) ;
#1639 = CARTESIAN_POINT ( 'NONE',  ( 11.68943571039669393, 15.87846864908859423, 10.00000000000000355 ) ) ;
#1640 = CARTESIAN_POINT ( 'NONE',  ( -11.56034811860439149, 16.12553839572648684, 29.00134182694845109 ) ) ;
#1641 = CARTESIAN_POINT ( 'NONE',  ( -10.28564386363550476, 17.30328991313498221, 9.999999999999980460 ) ) ;
#1642 = CARTESIAN_POINT ( 'NONE',  ( 10.13241091508913350, 17.19150996902227391, 9.999999999999994671 ) ) ;
#1643 = ORIENTED_EDGE ( 'NONE', *, *, #1590, .T. ) ;
#1644 = CARTESIAN_POINT ( 'NONE',  ( 10.29736136033543303, 17.28986123604988023, 10.00000000000000355 ) ) ;
#1645 = CARTESIAN_POINT ( 'NONE',  ( 10.66508914364557192, 17.05311255760222622, 29.94871106426775853 ) ) ;
#1646 = CARTESIAN_POINT ( 'NONE',  ( -10.29880407271677889, 17.37191380281355180, 29.99999999999998934 ) ) ;
#1647 = CARTESIAN_POINT ( 'NONE',  ( -10.28235345852272253, 17.29786871090462697, 30.00000000000000000 ) ) ;
#1648 = CARTESIAN_POINT ( 'NONE',  ( 10.30187910427480347, 17.42464168027393612, 10.00000000000000000 ) ) ;
#1649 = CARTESIAN_POINT ( 'NONE',  ( -0.2151243977846528654, 35.90622880272614736, 10.17639366271197510 ) ) ;
#1650 = CARTESIAN_POINT ( 'NONE',  ( 0.4100713754567126279, 36.86184524339594049, 11.11399637716625932 ) ) ;
#1651 = FACE_OUTER_BOUND ( 'NONE', #2648, .T. ) ;
#1652 = CARTESIAN_POINT ( 'NONE',  ( -0.008414253610779427045, 35.11118722738947184, 10.00000000000001066 ) ) ;
#1653 = CARTESIAN_POINT ( 'NONE',  ( 11.56575094893791089, 15.75495413492913954, 12.00000000000000000 ) ) ;
#1654 = CARTESIAN_POINT ( 'NONE',  ( -0.1694111139466710769, 37.10749699795635337, 28.13208961408315645 ) ) ;
#1655 = CARTESIAN_POINT ( 'NONE',  ( 11.61945042100733438, 16.43569682398515397, 29.22073301661622935 ) ) ;
#1656 = CARTESIAN_POINT ( 'NONE',  ( -10.49161521807561570, 17.09194076143547036, 29.98079450342246233 ) ) ;
#1657 = CARTESIAN_POINT ( 'NONE',  ( -12.30353652726131486, 17.66729418421361686, 27.99999999999999645 ) ) ;
#1658 = CARTESIAN_POINT ( 'NONE',  ( -0.1033223879836157044, 36.32813573588284584, 10.40965622580881345 ) ) ;
#1659 = CARTESIAN_POINT ( 'NONE',  ( 0.5504618375674973363, 34.67401664404725636, 30.00000000000002132 ) ) ;
#1660 = CARTESIAN_POINT ( 'NONE',  ( -11.86231192425008452, 16.58029697827049276, 10.99964472901404378 ) ) ;
#1661 = CARTESIAN_POINT ( 'NONE',  ( 11.05659149998414570, 15.45024993966776705, 10.00000000000001066 ) ) ;
#1662 = CARTESIAN_POINT ( 'NONE',  ( -11.97264809133240782, 16.43669166483667254, 28.64467176719886155 ) ) ;
#1663 = CARTESIAN_POINT ( 'NONE',  ( -10.28750606018764380, 17.30872566991337536, 9.999999999999969802 ) ) ;
#1664 = CARTESIAN_POINT ( 'NONE',  ( -0.002157392069507419515, 35.11235479507612922, 30.00000000000000000 ) ) ;
#1665 = ORIENTED_EDGE ( 'NONE', *, *, #96, .F. ) ;
#1666 = B_SPLINE_CURVE_WITH_KNOTS ( 'NONE', 3,
 ( #4383, #330, #682, #2485, #1417, #757, #3246, #2562, #3222, #3273, #17, #3975 ),
 .UNSPECIFIED., .F., .F.,
 ( 4, 2, 2, 2, 2, 4 ),
 ( 0.000000000000000000, 0.0006350376996192776298, 0.0009525565494289164447, 0.001111315974333729239, 0.001190695686786135635, 0.001270075399238542032 ),
 .UNSPECIFIED. ) ;
#1667 = CARTESIAN_POINT ( 'NONE',  ( 10.55027661965599250, 17.17482439082452927, 10.01942608055965422 ) ) ;
#1668 = CARTESIAN_POINT ( 'NONE',  ( -11.30314323668084064, 16.27433958099813438, 10.61711720432370676 ) ) ;
#1669 = CARTESIAN_POINT ( 'NONE',  ( -12.25471341253361679, 17.96569971597985926, 28.00000000000000000 ) ) ;
#1670 = CARTESIAN_POINT ( 'NONE',  ( 0.2795090844871477853, 34.95086093537126004, 10.00000000000000000 ) ) ;
#1671 = DIRECTION ( 'NONE',  ( -0.000000000000000000, -0.000000000000000000, -1.000000000000000000 ) ) ;
#1672 = CARTESIAN_POINT ( 'NONE',  ( 12.16197402561390284, 18.38079650123452069, 10.00000000000000000 ) ) ;
#1673 = LINE ( 'NONE', #4590, #1479 ) ;
#1674 = CARTESIAN_POINT ( 'NONE',  ( -0.3263987310393834385, 37.08589664016497522, 12.00000000000000000 ) ) ;
#1675 = CARTESIAN_POINT ( 'NONE',  ( 10.28000663132845993, 17.29468186268764285, 30.00000000000001066 ) ) ;
#1676 = CARTESIAN_POINT ( 'NONE',  ( -10.23890614772232155, 17.82436402955441324, 29.99999999999999289 ) ) ;
#1677 = EDGE_CURVE ( 'NONE', #1024, #841, #1325, .T. ) ;
#1678 = CARTESIAN_POINT ( 'NONE',  ( -0.06707915653353074825, 36.81185480629145701, 29.05694519412428178 ) ) ;
#1679 = CARTESIAN_POINT ( 'NONE',  ( 12.01952572452354495, 16.84131095919667942, 28.88627284737368228 ) ) ;
#1680 = CARTESIAN_POINT ( 'NONE',  ( 9.071796769724445042, 17.00000000000000000, 12.00000000000000000 ) ) ;
#1681 = CARTESIAN_POINT ( 'NONE',  ( -9.071796769724489451, 15.00000000000000000, 12.00000000000000000 ) ) ;
#1682 = CARTESIAN_POINT ( 'NONE',  ( -0.2320578822239461048, 35.96848116322135525, 10.20210531046513758 ) ) ;
#1683 = CARTESIAN_POINT ( 'NONE',  ( 0.8393593530894315480, 34.25899988217619807, 30.00000000000000000 ) ) ;
#1684 = CARTESIAN_POINT ( 'NONE',  ( -11.62918986619132511, 16.45097356147796219, 10.77929293199363592 ) ) ;
#1685 = CARTESIAN_POINT ( 'NONE',  ( 10.24383634280986755, 15.12652026268796668, 11.99999999999999822 ) ) ;
#1686 = CARTESIAN_POINT ( 'NONE',  ( -11.61251497606870764, 16.18499998476021773, 29.00078834772076419 ) ) ;
#1687 = CARTESIAN_POINT ( 'NONE',  ( -12.13696167635529122, 16.54650300250020578, 12.00000000000000355 ) ) ;
#1688 = CARTESIAN_POINT ( 'NONE',  ( -0.3272787053530182844, 37.08575237244080114, 27.99999999999999645 ) ) ;
#1689 = ORIENTED_EDGE ( 'NONE', *, *, #2781, .F. ) ;
#1690 = CARTESIAN_POINT ( 'NONE',  ( 10.29644938094698148, 17.28868418945702956, 10.00000000000000355 ) ) ;
#1691 = CARTESIAN_POINT ( 'NONE',  ( 10.28391317934107363, 17.29944765700217246, 29.99999999999999645 ) ) ;
#1692 = CARTESIAN_POINT ( 'NONE',  ( -10.01605860536780845, 18.36043563997094807, 29.99999999999999645 ) ) ;
#1693 = CARTESIAN_POINT ( 'NONE',  ( -10.30037300987504167, 17.29577848435383558, 30.00000000000000000 ) ) ;
#1694 = CARTESIAN_POINT ( 'NONE',  ( -10.27861797697821444, 17.29352663292330661, 30.00000000000000000 ) ) ;
#1695 = CARTESIAN_POINT ( 'NONE',  ( 12.03626147572330751, 18.74134291355948534, 10.00000000000000000 ) ) ;
#1696 = CARTESIAN_POINT ( 'NONE',  ( -0.2053672619499455343, 35.87033748918533149, 10.16012473604710742 ) ) ;
#1697 = CARTESIAN_POINT ( 'NONE',  ( -0.3252160001218050156, 37.08609032116532234, 10.00000000000000000 ) ) ;
#1698 = CARTESIAN_POINT ( 'NONE',  ( 11.86074551919239539, 16.06916263911659115, 27.99999999999998224 ) ) ;
#1699 = CARTESIAN_POINT ( 'NONE',  ( 0.5433712142077693485, 37.03878972357365740, 11.99999999998544631 ) ) ;
#1700 = CARTESIAN_POINT ( 'NONE',  ( -0.1436494102826370578, 36.80693513119196325, 29.05705738449415776 ) ) ;
#1701 = CARTESIAN_POINT ( 'NONE',  ( -10.28455231187830421, 17.30055473308395619, 10.00000000000000000 ) ) ;
#1702 = CARTESIAN_POINT ( 'NONE',  ( -12.23279774741652481, 16.82389519257776911, 27.99999999999999645 ) ) ;
#1703 = CARTESIAN_POINT ( 'NONE',  ( 0.2294832932678711745, 36.08880571429554607, 10.26371369953544566 ) ) ;
#1704 = CARTESIAN_POINT ( 'NONE',  ( 0.6956878836674412758, 34.48389599516348625, 30.00000000000000355 ) ) ;
#1705 = CARTESIAN_POINT ( 'NONE',  ( -11.67950734325919981, 16.01615687246982489, 11.35446372281221628 ) ) ;
#1706 = CIRCLE ( 'NONE', #643, 2.000000000000000000 ) ;
#1707 = CARTESIAN_POINT ( 'NONE',  ( 10.27242509971583573, 17.28675323017033350, 10.00000000000000711 ) ) ;
#1708 = CARTESIAN_POINT ( 'NONE',  ( -11.65989371083078296, 16.14530802654076780, 28.88543874445148774 ) ) ;
#1709 = CARTESIAN_POINT ( 'NONE',  ( -12.14462109944723700, 16.56554979390923421, 10.00000000000000711 ) ) ;
#1710 = CARTESIAN_POINT ( 'NONE',  ( -0.3413919854150335720, 37.08338572240383968, 30.00000000000000000 ) ) ;
#1711 = ORIENTED_EDGE ( 'NONE', *, *, #1617, .F. ) ;
#1712 = CARTESIAN_POINT ( 'NONE',  ( 10.32873542521848442, 17.27848731271379634, 10.00041344705025459 ) ) ;
#1713 = CARTESIAN_POINT ( 'NONE',  ( -12.14666500230452328, 16.55814349625210724, 11.99999999998545341 ) ) ;
#1714 = CARTESIAN_POINT ( 'NONE',  ( -11.81479083834634380, 16.01269247462829171, 9.999999999999996447 ) ) ;
#1715 = CARTESIAN_POINT ( 'NONE',  ( 1.377406829539076671, 36.62923301638382156, 10.00000000000000000 ) ) ;
#1716 = CARTESIAN_POINT ( 'NONE',  ( 11.92683000586135655, 16.86577915664459582, 29.05844844589459086 ) ) ;
#1717 = CARTESIAN_POINT ( 'NONE',  ( 11.82515248183589307, 19.21909546015928427, 10.00000000000000000 ) ) ;
#1718 = CARTESIAN_POINT ( 'NONE',  ( -0.3716880509891781204, 36.48192341969796360, 10.58947644726134207 ) ) ;
#1719 = CARTESIAN_POINT ( 'NONE',  ( -0.06258859059229419930, 35.09251134374984105, 10.00000000000000000 ) ) ;
#1720 = CARTESIAN_POINT ( 'NONE',  ( 11.78079678096753291, 15.97264887653644649, 28.00000000000000355 ) ) ;
#1721 = CARTESIAN_POINT ( 'NONE',  ( -10.13636407115812865, 18.12456644636742098, 30.00000000000000000 ) ) ;
#1722 = CARTESIAN_POINT ( 'NONE',  ( -0.2765597563301584461, 36.67893422728764108, 29.22133236663971800 ) ) ;
#1723 = CARTESIAN_POINT ( 'NONE',  ( 10.04411981647445629, 18.31588708165887880, 9.999999999999996447 ) ) ;
#1724 = CARTESIAN_POINT ( 'NONE',  ( -11.87973007847015516, 16.06120807507991444, 12.00000000000000355 ) ) ;
#1725 = CARTESIAN_POINT ( 'NONE',  ( 0.1475194526496633463, 35.73903549704779437, 10.10480668606413879 ) ) ;
#1726 = CARTESIAN_POINT ( 'NONE',  ( 11.80401082025629123, 15.99647591918016865, 27.99999999990995647 ) ) ;
#1727 = CARTESIAN_POINT ( 'NONE',  ( -11.82232755659218171, 16.22931114778640094, 11.29403281406722748 ) ) ;
#1728 = EDGE_CURVE ( 'NONE', #3162, #2001, #1955, .T. ) ;
#1729 = CARTESIAN_POINT ( 'NONE',  ( 10.15561928628105370, 17.20626737680843732, 9.999999999999998224 ) ) ;
#1730 = CARTESIAN_POINT ( 'NONE',  ( -11.53239064095565780, 16.86115978892462408, 29.50641787329297472 ) ) ;
#1731 = DIRECTION ( 'NONE',  ( 1.000000000000000000, 1.912215981034913991E-16, 0.000000000000000000 ) ) ;
#1732 = CARTESIAN_POINT ( 'NONE',  ( -10.10851001862299015, 17.18099748366042689, 30.00000000000000000 ) ) ;
#1733 = ORIENTED_EDGE ( 'NONE', *, *, #996, .F. ) ;
#1734 = CARTESIAN_POINT ( 'NONE',  ( 10.32147897666848557, 17.26721074923395349, 10.00040975853563907 ) ) ;
#1735 = CARTESIAN_POINT ( 'NONE',  ( 10.29736260599890940, 17.28986333248660401, 30.00000000000000000 ) ) ;
#1736 = CARTESIAN_POINT ( 'NONE',  ( -10.28248898981237147, 17.29803346753036308, 10.00000000000000000 ) ) ;
#1737 = CARTESIAN_POINT ( 'NONE',  ( 0.7843896461669107589, 34.35067436258250240, 9.999999999999998224 ) ) ;
#1738 = B_SPLINE_SURFACE_WITH_KNOTS ( 'NONE', 3, 3, ( 
 ( #4028, #2915, #2463, #4334, #1063, #3657, #305, #1726, #3926, #3609 ),
 ( #3177, #1371, #4285, #2135, #659, #2109, #1748, #3197, #2160, #4664 ),
 ( #1390, #1085, #2843, #1040, #3582, #2509, #353, #4716, #1441, #2537 ),
 ( #4004, #731, #4507, #1566, #3758, #143, #2940, #2965, #1874, #496 ),
 ( #2257, #401, #4456, #1512, #1900, #2610, #3297, #808, #1588, #3712 ),
 ( #4131, #451, #3351, #93, #4407, #1539, #1848, #3019, #2639, #1927 ),
 ( #4105, #1229, #856, #2308, #2684, #4152, #881, #4238, #2728, #2857 ),
 ( #923, #1763, #3418, #539, #2394, #3462, #3573, #562, #231, #4529 ),
 ( #1679, #3211, #165, #4595, #1321, #4171, #2371, #2775, #1992, #4323 ),
 ( #971, #4573, #1251, #3829, #2751, #2417, #4679, #2062, #1406, #1054 ),
 ( #3782, #517, #1972, #2707, #1610, #3063, #902, #2350, #4215, #3805 ),
 ( #185, #1633, #2014, #947, #208, #1655, #3855, #3107, #587, #2039 ),
 ( #3486, #3598, #1815, #2525, #2597, #3623, #4371, #4442, #1838, #3236 ),
 ( #2883, #696, #6, #3698, #1431, #4419, #3309, #3991, #1454, #3261 ),
 ( #2904, #3963, #768, #3286, #2572, #2198, #1099, #437, #4348, #4042 ),
 ( #1886, #2928, #2953, #2551, #1525, #54, #720, #2174, #2150, #744 ),
 ( #413, #1121, #2221, #1861, #4017, #3646, #389, #3670, #30, #1501 ),
 ( #1477, #1145, #4068, #3335, #4705, #80, #2979, #342, #1788, #867 ),
 ( #1239, #2003, #4495, #2717, #1261, #3405, #3746, #820, #3451, #3793 ),
 ( #1961, #4161, #506, #2338, #4092, #198, #1216, #527, #2360, #2269 ),
 ( #1982, #1552, #1576, #3430, #2649, #1645, #2673, #3072, #152, #1913 ),
 ( #174, #3096, #1621, #4541, #4181, #3031, #1168, #912, #3817, #107 ),
 ( #3725, #551, #3363, #1598, #2624, #130, #2695, #462, #842, #3768 ),
 ( #3005, #4470, #1193, #891, #4116, #2295, #484, #1937, #3385, #4141 ),
 ( #2317, #3051, #4516, #2809, #1026, #3474, #1735, #4585, #646, #2074 ),
 ( #267, #668, #3867, #2739, #1379, #576, #2788, #4294, #1691, #1286 ) ),
 .UNSPECIFIED., .F., .F., .F.,
 ( 4, 2, 2, 2, 2, 2, 2, 2, 2, 2, 2, 1, 1, 4 ),
 ( 4, 2, 2, 2, 4 ),
 ( 0.000000000000000000, 0.1250000000000000000, 0.1875000000000000000, 0.2500000000000000000, 0.3125000000000000000, 0.3750000000000000000, 0.5000000000000000000, 0.6250000000000000000, 0.7500000000000000000, 0.8125000000000000000, 0.8750000000000000000, 0.9687500000000000000, 0.9843750000000000000, 1.000000000000000000 ),
 ( 0.000000000000000000, 0.2500000000000000000, 0.5000000000000000000, 0.7500000000000000000, 1.000000000000000000 ),
 .UNSPECIFIED. ) ;
#1739 = CARTESIAN_POINT ( 'NONE',  ( -11.81201683043035899, 16.00939161900797103, 30.00000000000000000 ) ) ;
#1740 = CARTESIAN_POINT ( 'NONE',  ( 0.04586500077871948078, 35.27349554747637939, 10.00691840420838297 ) ) ;
#1741 = CARTESIAN_POINT ( 'NONE',  ( -0.2646053881326432822, 36.08826523460920299, 10.27250648244345221 ) ) ;
#1742 = CARTESIAN_POINT ( 'NONE',  ( -0.3525050288831728662, 34.89075311628745624, 10.00000000000000000 ) ) ;
#1743 = CARTESIAN_POINT ( 'NONE',  ( 10.28204759777660371, 17.29708200721690758, 29.99999999999999645 ) ) ;
#1744 = CARTESIAN_POINT ( 'NONE',  ( 9.910823906030270081, 17.10436921950393696, 30.00000000000000000 ) ) ;
#1745 = CARTESIAN_POINT ( 'NONE',  ( -0.3169841548603705705, 36.90902007395555273, 28.82654635199920179 ) ) ;
#1746 = CARTESIAN_POINT ( 'NONE',  ( 0.1043354033800761166, 35.55489095972093594, 10.05097057561153839 ) ) ;
#1747 = CARTESIAN_POINT ( 'NONE',  ( -9.392706987646144867, 15.00597627757750807, 10.00000000000027711 ) ) ;
#1748 = CARTESIAN_POINT ( 'NONE',  ( 11.91413722518830909, 16.13747363255846778, 28.13208998731678534 ) ) ;
#1749 = CARTESIAN_POINT ( 'NONE',  ( -11.65596338894419226, 16.67454803100638472, 10.67852058745801713 ) ) ;
#1750 = ORIENTED_EDGE ( 'NONE', *, *, #3137, .T. ) ;
#1751 = CARTESIAN_POINT ( 'NONE',  ( 11.85820853432588429, 16.06487765728229178, 10.00000000000002487 ) ) ;
#1752 = CARTESIAN_POINT ( 'NONE',  ( -11.23004446970562675, 16.96772882236758306, 29.73592238316583192 ) ) ;
#1753 = CARTESIAN_POINT ( 'NONE',  ( -12.07318754387998716, 18.65609780370624904, 12.00000000000001066 ) ) ;
#1754 = CARTESIAN_POINT ( 'NONE',  ( -11.52438785372327423, 15.70896257593887313, 28.00000000000000000 ) ) ;
#1755 = EDGE_LOOP ( 'NONE', ( #505, #2471, #1399 ) ) ;
#1756 = CARTESIAN_POINT ( 'NONE',  ( 2.068892752454364103, 35.98404467635198500, 11.99999999999999822 ) ) ;
#1757 = CARTESIAN_POINT ( 'NONE',  ( -9.547155987502577545, 14.99999999999999467, 11.99999999999999822 ) ) ;
#1758 = CARTESIAN_POINT ( 'NONE',  ( -11.82977359400475947, 16.03078854762512861, 12.00000000000000000 ) ) ;
#1759 = CARTESIAN_POINT ( 'NONE',  ( -10.28455110024960995, 17.30055256842695144, 30.00000000000000000 ) ) ;
#1760 = CARTESIAN_POINT ( 'NONE',  ( 9.937822173508918056, 18.50000000000000000, 10.00000000000000000 ) ) ;
#1761 = CARTESIAN_POINT ( 'NONE',  ( 0.02481411917684387888, 35.19977691311544987, 10.00195033108471776 ) ) ;
#1762 = CARTESIAN_POINT ( 'NONE',  ( -9.071796769724489451, 15.00000000000000000, 30.00000000000000000 ) ) ;
#1763 = CARTESIAN_POINT ( 'NONE',  ( 12.02500051405011483, 16.75517046963017620, 28.82706152214166195 ) ) ;
#1764 = CARTESIAN_POINT ( 'NONE',  ( -0.5562037334429371649, 37.03682913747299210, 11.99999999999999645 ) ) ;
#1765 = CARTESIAN_POINT ( 'NONE',  ( -10.61839425032660778, 16.99277095711151020, 29.94900818343023374 ) ) ;
#1766 = CARTESIAN_POINT ( 'NONE',  ( 11.51861736170357986, 15.72053695316182775, 27.99999999999998934 ) ) ;
#1767 = CARTESIAN_POINT ( 'NONE',  ( 0.8660254037844354880, 34.21281292110202088, 10.00000000000000000 ) ) ;
#1768 = CARTESIAN_POINT ( 'NONE',  ( -0.3014770181679801708, 36.82063943935553851, 29.00078834777629666 ) ) ;
#1769 = CARTESIAN_POINT ( 'NONE',  ( 0.1749465213851365553, 35.73136900915584135, 10.10462757550557633 ) ) ;
#1770 = ADVANCED_FACE ( 'NONE', ( #4484 ), #2838, .T. ) ;
#1771 = CARTESIAN_POINT ( 'NONE',  ( -11.41852143286806154, 15.64340663229874018, 12.00000000000000533 ) ) ;
#1772 = DIRECTION ( 'NONE',  ( -0.000000000000000000, -0.000000000000000000, -1.000000000000000000 ) ) ;
#1773 = CARTESIAN_POINT ( 'NONE',  ( -11.39338175078634485, 16.27896304643920189, 10.67750849735575613 ) ) ;
#1774 = ORIENTED_EDGE ( 'NONE', *, *, #748, .F. ) ;
#1775 = CARTESIAN_POINT ( 'NONE',  ( 11.86054948920006780, 16.06891137668560887, 11.99999999999999645 ) ) ;
#1776 = CARTESIAN_POINT ( 'NONE',  ( -11.25531367085675960, 17.05378751372203894, 29.73656552415286214 ) ) ;
#1777 = DIRECTION ( 'NONE',  ( 1.000000000000000000, 1.912215981034913991E-16, 0.000000000000000000 ) ) ;
#1778 = CARTESIAN_POINT ( 'NONE',  ( -10.17923915211132169, 17.21897800434795656, 30.00000000000000711 ) ) ;
#1779 = AXIS2_PLACEMENT_3D ( 'NONE', #1818, #589, #3994 ) ;
#1780 = CARTESIAN_POINT ( 'NONE',  ( 0.0002961816121889832790, 35.11286041321141482, 30.00000000000000711 ) ) ;
#1781 = CARTESIAN_POINT ( 'NONE',  ( -0.03274780543980722325, 35.23558568509893263, 29.99604603740337794 ) ) ;
#1782 = CARTESIAN_POINT ( 'NONE',  ( -10.28255588607731674, 17.29811579765622298, 10.00000000000000000 ) ) ;
#1783 = CARTESIAN_POINT ( 'NONE',  ( 0.4739717691023523360, 37.05661431798047545, 12.00000000000001243 ) ) ;
#1784 = AXIS2_PLACEMENT_3D ( 'NONE', #1762, #3260, #1031 ) ;
#1785 = CARTESIAN_POINT ( 'NONE',  ( -12.20217585908079805, 16.72941522727151309, 27.99999999990995647 ) ) ;
#1786 = CARTESIAN_POINT ( 'NONE',  ( 0.08209165191116264693, 35.40187800769366788, 10.02249620883882741 ) ) ;
#1787 = DIRECTION ( 'NONE',  ( 0.8660254037844443697, -0.4999999999999898970, 0.000000000000000000 ) ) ;
#1788 = CARTESIAN_POINT ( 'NONE',  ( 10.79834058650054018, 16.81634040145551978, 29.87287163750033869 ) ) ;
#1789 = CARTESIAN_POINT ( 'NONE',  ( -0.5677832191889791158, 34.65296638964151299, 9.999999999999994671 ) ) ;
#1790 = CARTESIAN_POINT ( 'NONE',  ( -10.29669959375935129, 17.28934843126976517, 30.00000000000000000 ) ) ;
#1791 = ADVANCED_FACE ( 'NONE', ( #4148 ), #2289, .T. ) ;
#1792 = CARTESIAN_POINT ( 'NONE',  ( 10.81168018394524566, 15.30732968850215059, 30.00000000000000000 ) ) ;
#1793 = CARTESIAN_POINT ( 'NONE',  ( -12.22386283937710161, 16.80758509946451085, 28.00000000000000355 ) ) ;
#1794 = CARTESIAN_POINT ( 'NONE',  ( 10.59016985573730096, 16.98519899968396984, 10.04790620229367626 ) ) ;
#1795 =( BOUNDED_SURFACE ( )  B_SPLINE_SURFACE ( 3, 2, ( 
 ( #2550, #1098, #4016 ),
 ( #2977, #3766, #482 ),
 ( #3383, #3791, #2267 ),
 ( #4514, #3695, #1191 ),
 ( #105, #4418, #818 ),
 ( #2245, #3723, #4159 ),
 ( #1884, #3403, #2315 ),
 ( #150, #1236, #2952 ),
 ( #525, #128, #1523 ),
 ( #1596, #2670, #3049 ),
 ( #2693, #3428, #4138 ),
 ( #889, #4090, #1550 ),
 ( #2293, #435, #4468 ),
 ( #1144, #460, #2336 ),
 ( #1980, #504, #4440 ),
 ( #1911, #4067, #3361 ),
 ( #1214, #3744, #3029 ),
 ( #3003, #172, #3333 ),
 ( #865, #2647, #78 ),
 ( #4114, #2621, #1959 ),
 ( #1166, #2596, #840 ),
 ( #792, #1935, #1574 ),
 ( #4492, #2000, #2785 ),
 ( #4247, #1619, #3864 ),
 ( #2379, #597, #3814 ),
 ( #218, #3838, #573 ),
 ( #1259, #3471, #4179 ),
 ( #3161, #1710, #2049 ),
 ( #2715, #2449, #980 ),
 ( #2403, #4604, #957 ),
 ( #4539, #621, #1688 ),
 ( #4627, #2428, #2025 ),
 ( #3908, #3140, #3093 ),
 ( #1664, #3518, #3496 ),
 ( #3117, #242, #910 ),
 ( #1333, #195, #2071 ),
 ( #548, #264, #1355 ),
 ( #1283, #642, #3887 ) ),
 .UNSPECIFIED., .F., .F., .F. ) 
 B_SPLINE_SURFACE_WITH_KNOTS ( ( 4, 2, 2, 2, 2, 2, 2, 2, 2, 2, 2, 2, 2, 2, 2, 2, 2, 2, 4 ),
 ( 3, 3 ),
 ( -7.480994990149980595E-18, 0.0003199165710306802108, 0.0004798748565460240296, 0.0006398331420613679026, 0.0009597497130920555402, 0.001119707998607399413, 0.001199687141365071187, 0.001209684534209780078, 0.001219681927054489185, 0.001239676712743907182, 0.001259671498433325180, 0.001264670194855679625, 0.001267169543066856956, 0.001267794380119651289, 0.001268419217172445622, 0.001268731635698842897, 0.001269044054225239955, 0.001269668891278034287, 0.001279666284122743178 ),
 ( 0.000000000000000000, 1.000000000000000000 ),
 .UNSPECIFIED. ) 
 GEOMETRIC_REPRESENTATION_ITEM ( )  RATIONAL_B_SPLINE_SURFACE ( (
 ( 1.000000000000000000, 0.7071067811865475727, 1.000000000000000000),
 ( 1.000000000000000000, 0.7071067811865475727, 1.000000000000000000),
 ( 1.000000000000000000, 0.7071067811865475727, 1.000000000000000000),
 ( 1.000000000000000000, 0.7071067811865475727, 1.000000000000000000),
 ( 1.000000000000000000, 0.7071067811865475727, 1.000000000000000000),
 ( 1.000000000000000000, 0.7071067811865475727, 1.000000000000000000),
 ( 1.000000000000000000, 0.7071067811865487940, 1.000000000000000000),
 ( 1.000000000000000000, 0.7071067811865487940, 1.000000000000000000),
 ( 1.000000000000000000, 0.7071067811865475727, 1.000000000000000000),
 ( 1.000000000000000000, 0.7071067811865475727, 1.000000000000000000),
 ( 1.000000000000000000, 0.7071067811865475727, 1.000000000000000000),
 ( 1.000000000000000000, 0.7071067811865475727, 1.000000000000000000),
 ( 1.000000000000000000, 0.7071067811865482389, 1.000000000000000000),
 ( 1.000000000000000000, 0.7071067811865482389, 1.000000000000000000),
 ( 1.000000000000000000, 0.7071067811865475727, 1.000000000000000000),
 ( 1.000000000000000000, 0.7071067811865475727, 1.000000000000000000),
 ( 1.000000000000000000, 0.7071067811865475727, 1.000000000000000000),
 ( 1.000000000000000000, 0.7071067811865475727, 1.000000000000000000),
 ( 1.000000000000000000, 0.7071067811865482389, 1.000000000000000000),
 ( 1.000000000000000000, 0.7071067811865482389, 1.000000000000000000),
 ( 1.000000000000000000, 0.7071067811865475727, 1.000000000000000000),
 ( 1.000000000000000000, 0.7071067811865475727, 1.000000000000000000),
 ( 1.000000000000000000, 0.7071067811865469066, 1.000000000000000000),
 ( 1.000000000000000000, 0.7071067811865469066, 1.000000000000000000),
 ( 1.000000000000000000, 0.7071067811865475727, 1.000000000000000000),
 ( 1.000000000000000000, 0.7071067811865475727, 1.000000000000000000),
 ( 1.000000000000000000, 0.7071067811865475727, 1.000000000000000000),
 ( 1.000000000000000000, 0.7071067811865475727, 1.000000000000000000),
 ( 1.000000000000000000, 0.7071067811865482389, 1.000000000000000000),
 ( 1.000000000000000000, 0.7071067811865482389, 1.000000000000000000),
 ( 1.000000000000000000, 0.7071067811865475727, 1.000000000000000000),
 ( 1.000000000000000000, 0.7071067811865475727, 1.000000000000000000),
 ( 1.000000000000000000, 0.7071067811865475727, 1.000000000000000000),
 ( 1.000000000000000000, 0.7071067811865475727, 1.000000000000000000),
 ( 1.000000000000000000, 0.7071067811865475727, 1.000000000000000000),
 ( 1.000000000000000000, 0.7071067811865475727, 1.000000000000000000),
 ( 1.000000000000000000, 0.7071067811865475727, 1.000000000000000000),
 ( 1.000000000000000000, 0.7071067811865475727, 1.000000000000000000) ) ) 
 REPRESENTATION_ITEM ( '' )  SURFACE ( )  );
#1796 = CARTESIAN_POINT ( 'NONE',  ( 12.15778089254650318, 16.60040053881186850, 27.99999999999999645 ) ) ;
#1797 = CARTESIAN_POINT ( 'NONE',  ( -9.071796769724489451, 15.00000000000000178, 30.00000000000000000 ) ) ;
#1798 = CARTESIAN_POINT ( 'NONE',  ( 11.49173278209198834, 16.26457392782813471, 10.77860041338938224 ) ) ;
#1799 = ADVANCED_FACE ( 'NONE', ( #108 ), #3751, .T. ) ;
#1800 = CARTESIAN_POINT ( 'NONE',  ( -9.496541892895342230, 17.02362541971776722, 10.00000000000000533 ) ) ;
#1801 = CARTESIAN_POINT ( 'NONE',  ( 11.66987298107779480, 19.50000000000000000, 30.00000000000000000 ) ) ;
#1802 = CARTESIAN_POINT ( 'NONE',  ( -11.45245595348255918, 16.94776738657697734, 10.40869621556809399 ) ) ;
#1803 = VERTEX_POINT ( 'NONE', #3568 ) ;
#1804 = CARTESIAN_POINT ( 'NONE',  ( 11.86005354929977607, 16.06827596777983302, 12.00000000000000711 ) ) ;
#1805 = CARTESIAN_POINT ( 'NONE',  ( -10.78126300717500996, 16.80012801613939999, 29.87305738394900345 ) ) ;
#1806 = CARTESIAN_POINT ( 'NONE',  ( 10.72254363218878659, 17.18366549676400368, 10.05086191113828598 ) ) ;
#1807 = EDGE_LOOP ( 'NONE', ( #4697, #3767, #2142 ) ) ;
#1808 = CARTESIAN_POINT ( 'NONE',  ( -0.4084215095252189953, 36.61701798805096075, 29.27070876849323611 ) ) ;
#1809 = CARTESIAN_POINT ( 'NONE',  ( 0.1618073733988825980, 35.79987352650018551, 29.87287163762773545 ) ) ;
#1810 = CARTESIAN_POINT ( 'NONE',  ( 1.080748389350908667, 36.81846542971889846, 9.999999999999998224 ) ) ;
#1811 = CARTESIAN_POINT ( 'NONE',  ( 11.72394290658442273, 16.06582515917007825, 11.35485653379252291 ) ) ;
#1812 = CARTESIAN_POINT ( 'NONE',  ( -11.69416967405283181, 15.88039787944818215, 27.99999999990995647 ) ) ;
#1813 = CARTESIAN_POINT ( 'NONE',  ( 0.1836304061220199457, 35.76220781024038331, 10.11683061524981397 ) ) ;
#1814 = FACE_OUTER_BOUND ( 'NONE', #4363, .T. ) ;
#1815 = CARTESIAN_POINT ( 'NONE',  ( 11.70096110195313877, 16.78488691760828999, 29.32193433641283420 ) ) ;
#1816 = CARTESIAN_POINT ( 'NONE',  ( -12.13807832240100737, 16.54926216298516195, 30.00000000000000000 ) ) ;
#1817 = CARTESIAN_POINT ( 'NONE',  ( -10.56942365278005802, 17.22813878452390668, 29.98080385106698031 ) ) ;
#1818 = CARTESIAN_POINT ( 'NONE',  ( 9.937822173508928714, 18.49999999999998224, 27.99999999999999645 ) ) ;
#1819 = CARTESIAN_POINT ( 'NONE',  ( 10.39429156478785110, 15.16468365746480274, 28.00000000000000000 ) ) ;
#1820 = CARTESIAN_POINT ( 'NONE',  ( 10.82605038222510352, 16.74316845483496508, 29.84337985305014129 ) ) ;
#1821 = CARTESIAN_POINT ( 'NONE',  ( -10.56342905639231944, 17.01959093857060878, 10.03941662694296255 ) ) ;
#1822 = CARTESIAN_POINT ( 'NONE',  ( 12.19055407131068947, 16.69388803657948372, 27.99999999999999645 ) ) ;
#1823 = CARTESIAN_POINT ( 'NONE',  ( -0.008045497912977737226, 35.16154530785510701, 10.00040923915777213 ) ) ;
#1824 = CARTESIAN_POINT ( 'NONE',  ( 11.54980807305361878, 16.48075871910588930, 10.67866225359600918 ) ) ;
#1825 = CARTESIAN_POINT ( 'NONE',  ( -10.24341989983596690, 17.26198059587249034, 10.00000000000000000 ) ) ;
#1826 = CARTESIAN_POINT ( 'NONE',  ( 2.598076211353312903, 35.21281292110202088, 30.00000000000000000 ) ) ;
#1827 = CARTESIAN_POINT ( 'NONE',  ( -11.36958776561058215, 16.54397505101927024, 10.49412319971456675 ) ) ;
#1828 = CARTESIAN_POINT ( 'NONE',  ( 11.86542613231232401, 16.07516235351645051, 12.00000000000000178 ) ) ;
#1829 = CARTESIAN_POINT ( 'NONE',  ( -11.70034988664857778, 16.57581880563427745, 29.22073301674718238 ) ) ;
#1830 = CARTESIAN_POINT ( 'NONE',  ( 0.2712560010749461847, 37.09442870119863045, 30.00000000000000000 ) ) ;
#1831 = CARTESIAN_POINT ( 'NONE',  ( -0.2500632198911616477, 36.03480072106415122, 29.76235763298200254 ) ) ;
#1832 = CARTESIAN_POINT ( 'NONE',  ( -0.04826569488068870040, 36.33161923034892737, 29.59024181783332352 ) ) ;
#1833 = CARTESIAN_POINT ( 'NONE',  ( 0.008391077974388268246, 35.11146196670558339, 10.00000000000002132 ) ) ;
#1834 = CARTESIAN_POINT ( 'NONE',  ( -2.064701286454963203, 35.98919529976938492, 27.99999999999999645 ) ) ;
#1835 = CARTESIAN_POINT ( 'NONE',  ( -10.29621697295187310, 17.53103866590950588, 9.999999999999998224 ) ) ;
#1836 = CARTESIAN_POINT ( 'NONE',  ( 0.1497631687413875923, 37.11221924280656737, 12.00000000000000000 ) ) ;
#1837 = B_SPLINE_CURVE_WITH_KNOTS ( 'NONE', 3,
 ( #1151, #3998, #4353, #395, #1868, #3969, #2579, #2603, #774, #1507, #3652, #443, #3603, #726, #4048, #1844, #1892, #1484, #3316, #1794, #4710, #2959, #2934, #4426, #348, #4074, #3341, #1531, #2985, #1080, #3630, #372, #1944, #491, #4147, #3457, #4524, #557, #3038, #1268, #4547, #2302, #4098, #2009, #2344, #3436 ),
 .UNSPECIFIED., .F., .F.,
 ( 4, 2, 2, 1, 1, 2, 2, 2, 1, 1, 2, 2, 2, 2, 1, 1, 2, 2, 2, 2, 2, 1, 1, 2, 2, 2, 4 ),
 ( 0.000000000000000000, 0.03125000000002044892, 0.04687500000003128747, 0.05468750000003529121, 0.05859375000003688022, 0.06054687500003849698, 0.06250000000004010681, 0.09375000000004825307, 0.1093750000000535127, 0.1171875000000552058, 0.1210937500000559136, 0.1250000000000566214, 0.1875000000000466294, 0.2187500000000410505, 0.2343750000000377753, 0.2421875000000356659, 0.2460937500000346112, 0.2500000000000335287, 0.3750000000000267009, 0.4375000000000222600, 0.4687500000000197065, 0.4843750000000184297, 0.4921875000000177636, 0.4960937500000174305, 0.5000000000000170974, 0.7500000000000085487, 1.000000000000000000 ),
 .UNSPECIFIED. ) ;
#1838 = CARTESIAN_POINT ( 'NONE',  ( 11.38324867296207366, 16.26758372494602867, 29.32253451578279879 ) ) ;
#1839 = CARTESIAN_POINT ( 'NONE',  ( -12.13842534956012642, 16.55011821355100921, 27.99999999999997868 ) ) ;
#1840 = CARTESIAN_POINT ( 'NONE',  ( -10.29924629643357292, 17.29302186030475141, 30.00000000000000000 ) ) ;
#1841 = CARTESIAN_POINT ( 'NONE',  ( 12.30588043181256452, 17.25641512768514119, 27.99999999999999645 ) ) ;
#1842 = CARTESIAN_POINT ( 'NONE',  ( 9.780096261991397810, 15.04256433897248257, 30.00000000000001421 ) ) ;
#1843 = CARTESIAN_POINT ( 'NONE',  ( 10.95282876222019652, 16.61311003318899537, 29.75683545010369357 ) ) ;
#1844 = CARTESIAN_POINT ( 'NONE',  ( 10.53312587285791935, 17.04373319483376648, 10.03195174517736810 ) ) ;
#1845 = CARTESIAN_POINT ( 'NONE',  ( 12.15540283872947569, 16.59407670153982650, 30.00000000000000000 ) ) ;
#1846 = CARTESIAN_POINT ( 'NONE',  ( 0.0006404013708203449944, 35.11281266264562362, 10.00000000000000000 ) ) ;
#1847 = CARTESIAN_POINT ( 'NONE',  ( -10.96051276456144308, 15.36689311071433828, 12.00000000000000000 ) ) ;
#1848 = CARTESIAN_POINT ( 'NONE',  ( 11.82830610005781935, 16.19928099205160521, 28.64477226970231882 ) ) ;
#1849 = B_SPLINE_CURVE_WITH_KNOTS ( 'NONE', 3,
 ( #3944, #2081, #585, #3217, #3876, #3531, #2060, #276 ),
 .UNSPECIFIED., .F., .F.,
 ( 4, 2, 2, 4 ),
 ( 0.000000000000000000, 0.0007039607519519255332, 0.001407921503903851066, 0.002815843007807702133 ),
 .UNSPECIFIED. ) ;
#1850 = CARTESIAN_POINT ( 'NONE',  ( -10.78563420220090130, 17.17318045602821286, 10.06664256950392478 ) ) ;
#1851 = CARTESIAN_POINT ( 'NONE',  ( 11.79268334782824290, 15.98569396543478227, 9.999999999999998224 ) ) ;
#1852 = CARTESIAN_POINT ( 'NONE',  ( -10.92632528084383914, 17.00766824449801007, 29.87237797776217718 ) ) ;
#1853 = ORIENTED_EDGE ( 'NONE', *, *, #4236, .T. ) ;
#1854 = CARTESIAN_POINT ( 'NONE',  ( -0.3394859383563803568, 36.36355495673433325, 29.52444003397399186 ) ) ;
#1855 = CARTESIAN_POINT ( 'NONE',  ( -0.1228534049694315206, 35.80752428810239252, 29.87259879766677528 ) ) ;
#1856 = CARTESIAN_POINT ( 'NONE',  ( 0.3984328982472684078, 37.07311776039729523, 12.00000000000000533 ) ) ;
#1857 = CARTESIAN_POINT ( 'NONE',  ( 10.28391317934107185, 17.29944765700217246, 30.00000000000000000 ) ) ;
#1858 = CARTESIAN_POINT ( 'NONE',  ( 0.3642905537130196603, 36.40330077622643046, 10.51495791840484273 ) ) ;
#1859 = AXIS2_PLACEMENT_3D ( 'NONE', #2962, #4429, #1154 ) ;
#1860 = CARTESIAN_POINT ( 'NONE',  ( 0.6972896622058598615, 36.99516352871064129, 12.00000000000000000 ) ) ;
#1861 = CARTESIAN_POINT ( 'NONE',  ( 11.08738234368335007, 16.92318896602071732, 29.79696911036428020 ) ) ;
#1862 = CARTESIAN_POINT ( 'NONE',  ( -12.14536850778865329, 16.56743076575449791, 28.00000000000001066 ) ) ;
#1863 = CIRCLE ( 'NONE', #2246, 2.000000000000001776 ) ;
#1864 = CARTESIAN_POINT ( 'NONE',  ( -10.32635351341552976, 17.27408947233061909, 29.99958538882902559 ) ) ;
#1865 = CARTESIAN_POINT ( 'NONE',  ( 12.26067716299050581, 17.96920506685209062, 28.00000000000001066 ) ) ;
#1866 = CARTESIAN_POINT ( 'NONE',  ( 11.17807525403553548, 15.48657276925266579, 27.99999999999999289 ) ) ;
#1867 = CARTESIAN_POINT ( 'NONE',  ( -0.1694162000194313067, 37.10749659720015359, 11.99999999998544808 ) ) ;
#1868 = CARTESIAN_POINT ( 'NONE',  ( 10.36011987512924470, 17.22197193718723440, 10.00282321965569388 ) ) ;
#1869 = CARTESIAN_POINT ( 'NONE',  ( -0.1350333374587416035, 35.61170715553615196, 29.93334607539949488 ) ) ;
#1870 = CARTESIAN_POINT ( 'NONE',  ( 12.19753812676299987, 16.71616570064184515, 30.00000000000000355 ) ) ;
#1871 = CARTESIAN_POINT ( 'NONE',  ( 9.937822173508918056, 18.50000000000000000, 12.00000000000000000 ) ) ;
#1872 = CARTESIAN_POINT ( 'NONE',  ( 0.0006379209085110161374, 35.11281269567290053, 30.00000000000000000 ) ) ;
#1873 = CARTESIAN_POINT ( 'NONE',  ( 11.68049156595761850, 15.86643832357392192, 11.99999999998544808 ) ) ;
#1874 = CARTESIAN_POINT ( 'NONE',  ( 11.70650522200675070, 15.96491679605546032, 28.45649644507447817 ) ) ;
#1875 = CARTESIAN_POINT ( 'NONE',  ( -10.75746430493213346, 16.86458395488461903, 10.10483486033625056 ) ) ;
#1876 = CARTESIAN_POINT ( 'NONE',  ( 0.005481039250675154295, 35.11205345605947770, 30.00000000000001066 ) ) ;
#1877 = CARTESIAN_POINT ( 'NONE',  ( 1.576710685897445785, 36.48219374791565883, 12.00000000000000178 ) ) ;
#1878 = CARTESIAN_POINT ( 'NONE',  ( 0.1306526948322342396, 35.80634822780759663, 29.87263758081195064 ) ) ;
#1879 = CARTESIAN_POINT ( 'NONE',  ( 0.01339364717859364666, 35.11027966935110811, 9.999999999999996447 ) ) ;
#1880 = CARTESIAN_POINT ( 'NONE',  ( 12.01058397992853699, 16.39209900428758004, 11.54409814935845446 ) ) ;
#1881 = CARTESIAN_POINT ( 'NONE',  ( -12.06693132596105933, 16.38884334826243716, 28.13208989400837012 ) ) ;
#1882 = CARTESIAN_POINT ( 'NONE',  ( -11.70900109366140285, 19.43048664347933752, 10.00000000000000000 ) ) ;
#1883 = CARTESIAN_POINT ( 'NONE',  ( 0.4092859876628918148, 36.56296438912307423, 10.67712604752885497 ) ) ;
#1884 = CARTESIAN_POINT ( 'NONE',  ( -0.5327828442972609713, 34.69553729530899489, 29.99999999999999289 ) ) ;
#1885 = EDGE_LOOP ( 'NONE', ( #2565, #3050, #1936, #1308 ) ) ;
#1886 = CARTESIAN_POINT ( 'NONE',  ( 11.25236735169418445, 17.04381203272108891, 29.73655289636879218 ) ) ;
#1887 = CARTESIAN_POINT ( 'NONE',  ( -10.28402761256009335, 17.29926022650840167, 30.00000000000000711 ) ) ;
#1888 = CARTESIAN_POINT ( 'NONE',  ( -11.44464957381135584, 15.66283886282772464, 30.00000000000000000 ) ) ;
#1889 = CARTESIAN_POINT ( 'NONE',  ( 12.15639614042715166, 16.59673542111529088, 10.00000000000000000 ) ) ;
#1890 = FACE_OUTER_BOUND ( 'NONE', #405, .T. ) ;
#1891 = CARTESIAN_POINT ( 'NONE',  ( 10.58701683513614888, 16.98844227126405571, 29.95254362490315359 ) ) ;
#1892 = CARTESIAN_POINT ( 'NONE',  ( 10.54281330224108970, 17.03379190561354406, 10.03454704833515443 ) ) ;
#1893 = CARTESIAN_POINT ( 'NONE',  ( 0.01783467283843344700, 35.29281752963137819, 29.99468900335840260 ) ) ;
#1894 = B_SPLINE_CURVE_WITH_KNOTS ( 'NONE', 3,
 ( #823, #2201, #3389, #466, #2653, #3750, #392, #1865, #4045, #1841, #4499, #134 ),
 .UNSPECIFIED., .F., .F.,
 ( 4, 2, 2, 2, 2, 4 ),
 ( -5.999999999866787651E-08, 0.0003514718060976066978, 0.0007030036121952120635, 0.001406067224390424855, 0.002109130836585636996, 0.002812194448780849787 ),
 .UNSPECIFIED. ) ;
#1895 = CARTESIAN_POINT ( 'NONE',  ( 12.01952734273781331, 16.84131722670171882, 11.11372695660268128 ) ) ;
#1896 = CARTESIAN_POINT ( 'NONE',  ( 12.15930718128715782, 16.60450510623504528, 30.00000000000000000 ) ) ;
#1897 = CARTESIAN_POINT ( 'NONE',  ( -0.003621011404415961157, 35.16211007140170608, 10.00041344705170054 ) ) ;
#1898 = CARTESIAN_POINT ( 'NONE',  ( -10.30227674793998993, 17.48572622198993542, 9.999999999999998224 ) ) ;
#1899 = CARTESIAN_POINT ( 'NONE',  ( 11.96466842516526619, 16.21171842032006438, 11.99999999998544276 ) ) ;
#1900 = CARTESIAN_POINT ( 'NONE',  ( 11.99630977453522185, 16.39957067947668534, 28.51980632323994413 ) ) ;
#1901 = CARTESIAN_POINT ( 'NONE',  ( -10.56205210600136901, 17.20294756964053917, 10.01933304872289732 ) ) ;
#1902 = CARTESIAN_POINT ( 'NONE',  ( 0.000000000000000000, 0.000000000000000000, 0.000000000000000000 ) ) ;
#1903 = CARTESIAN_POINT ( 'NONE',  ( 0.2774728002258198822, 37.09356142471867201, 27.99999999999999645 ) ) ;
#1904 = CARTESIAN_POINT ( 'NONE',  ( -12.20101990358784327, 16.72058478696854777, 11.99999999998545341 ) ) ;
#1905 = CARTESIAN_POINT ( 'NONE',  ( -0.1745190410373854417, 36.09972335386437692, 29.73586879639355018 ) ) ;
#1906 = CARTESIAN_POINT ( 'NONE',  ( 9.311493902468585659, 15.00301155898872629, 12.00000000000000711 ) ) ;
#1907 = CARTESIAN_POINT ( 'NONE',  ( 10.93087270247334963, 16.69190594793021631, 10.20234335003208770 ) ) ;
#1908 = CARTESIAN_POINT ( 'NONE',  ( -11.77791131560257298, 16.04605757072257077, 28.45617836901485376 ) ) ;
#1909 = CARTESIAN_POINT ( 'NONE',  ( 10.28391317934107185, 17.29944765700217246, 30.00000000000000000 ) ) ;
#1910 = CARTESIAN_POINT ( 'NONE',  ( 0.4707646150405417895, 36.78113226031462801, 10.99832111090908171 ) ) ;
#1911 = CARTESIAN_POINT ( 'NONE',  ( -0.05643375289578383969, 35.09516978306654522, 30.00000000000000000 ) ) ;
#1912 = ORIENTED_EDGE ( 'NONE', *, *, #2418, .T. ) ;
#1913 = CARTESIAN_POINT ( 'NONE',  ( 10.60054220717572626, 16.97455901327253969, 29.94914899200940539 ) ) ;
#1914 = CARTESIAN_POINT ( 'NONE',  ( -12.22202963980162593, 16.80041200133705814, 30.00000000000000711 ) ) ;
#1915 = CARTESIAN_POINT ( 'NONE',  ( -10.25655790944861145, 17.27243229727684337, 30.00000000000000000 ) ) ;
#1916 = CARTESIAN_POINT ( 'NONE',  ( 10.30150933133262825, 17.40470125122062228, 10.00000000000000178 ) ) ;
#1917 = CARTESIAN_POINT ( 'NONE',  ( -11.08176006635195066, 17.09790087018004812, 29.82347302346531492 ) ) ;
#1918 = CARTESIAN_POINT ( 'NONE',  ( 0.1015340319318170370, 37.09938676283930903, 11.73750178767301300 ) ) ;
#1919 = CARTESIAN_POINT ( 'NONE',  ( -0.1720858430873617728, 37.11353077525529898, 11.99999999998544631 ) ) ;
#1920 = CARTESIAN_POINT ( 'NONE',  ( 0.08036202072969550469, 35.39572645495667302, 29.98080385106698031 ) ) ;
#1921 = CARTESIAN_POINT ( 'NONE',  ( 11.46986569880658813, 16.08255802955317293, 10.94154303014345331 ) ) ;
#1922 = CARTESIAN_POINT ( 'NONE',  ( 11.86346937695460824, 16.07265592335524218, 27.99999999999998934 ) ) ;
#1923 = CARTESIAN_POINT ( 'NONE',  ( -9.354111652132010235, 14.99999999999999645, 27.99999999999999645 ) ) ;
#1924 = CARTESIAN_POINT ( 'NONE',  ( -0.1682167683595212349, 37.09465340016186730, 28.26251299335546108 ) ) ;
#1925 = B_SPLINE_CURVE_WITH_KNOTS ( 'NONE', 3,
 ( #1030, #2881, #1429, #1761, #4677, #718, #2456, #1740, #340, #2122, #4321, #672, #2498, #4254, #1786, #2147, #4703, #2813, #2477, #4346, #2078, #3595, #4634, #4276, #1813, #3939, #1074, #3209, #272, #2523, #2172, #3915, #3621, #3259, #651, #2792, #1858, #3743, #4466, #4113, #3667, #3644, #387, #2903, #481, #2292, #2219 ),
 .UNSPECIFIED., .F., .F.,
 ( 4, 2, 2, 2, 1, 2, 2, 2, 1, 1, 2, 2, 2, 2, 1, 1, 2, 2, 2, 2, 2, 1, 1, 2, 2, 2, 4 ),
 ( 0.000000000000000000, 0.03125000000003596429, 0.04687500000005076495, 0.05468750000005567768, 0.05859375000005578177, 0.06054687500005798834, 0.06250000000006018797, 0.09375000000008981704, 0.1093750000001078027, 0.1171875000001195571, 0.1210937500001254274, 0.1250000000001312839, 0.1875000000001856293, 0.2187500000002128020, 0.2343750000002234601, 0.2421875000002262635, 0.2460937500002252087, 0.2500000000002241540, 0.3750000000002782219, 0.4375000000003057554, 0.4687500000003168577, 0.4843750000003204104, 0.4921875000003226308, 0.4960937500003214651, 0.5000000000003202993, 0.7500000000001600942, 1.000000000000000000 ),
 .UNSPECIFIED. ) ;
#1926 = CARTESIAN_POINT ( 'NONE',  ( -9.284392055655562359, 16.99999999999999289, 10.00000000000000000 ) ) ;
#1927 = CARTESIAN_POINT ( 'NONE',  ( 11.60651243196578264, 15.94234695046978167, 28.64576365720795437 ) ) ;
#1928 = CARTESIAN_POINT ( 'NONE',  ( -10.66502340102874768, 16.94979949990273127, 10.06680599283942001 ) ) ;
#1929 = PRODUCT_CONTEXT ( 'NONE', #3345, 'mechanical' ) ;
#1930 = CARTESIAN_POINT ( 'NONE',  ( 0.004447666287937454555, 35.11224035774824870, 30.00000000000000711 ) ) ;
#1931 = CARTESIAN_POINT ( 'NONE',  ( -12.04423178558495344, 16.49743349926372460, 11.48010341869470530 ) ) ;
#1932 = CARTESIAN_POINT ( 'NONE',  ( 11.66987298107779480, 19.50000000000000000, 30.00000000000000000 ) ) ;
#1933 = CARTESIAN_POINT ( 'NONE',  ( -11.97717692534384248, 16.23128245517832013, 28.13208970739156456 ) ) ;
#1934 = CARTESIAN_POINT ( 'NONE',  ( 10.26700762308260373, 17.72105091162832124, 30.00000000000001066 ) ) ;
#1935 = CARTESIAN_POINT ( 'NONE',  ( -0.4510375610253380962, 37.06170149163611427, 29.99999999999998934 ) ) ;
#1936 = ORIENTED_EDGE ( 'NONE', *, *, #1449, .F. ) ;
#1937 = CARTESIAN_POINT ( 'NONE',  ( 10.32148018965307479, 17.26721280329793373, 29.99959024208273561 ) ) ;
#1938 = CARTESIAN_POINT ( 'NONE',  ( -12.24028335797300926, 16.87368339462485523, 30.00000000000000355 ) ) ;
#1939 = CARTESIAN_POINT ( 'NONE',  ( 11.39467487762248687, 16.58114886053854775, 10.49420692900667440 ) ) ;
#1940 = CARTESIAN_POINT ( 'NONE',  ( -9.285366597183166704, 17.00411117285960572, 30.00000000000000000 ) ) ;
#1941 = CARTESIAN_POINT ( 'NONE',  ( 12.15417325621456968, 16.59083725050128777, 12.00000000000000000 ) ) ;
#1942 = CARTESIAN_POINT ( 'NONE',  ( -11.67066522098913417, 16.94820645736533393, 29.39905895221569310 ) ) ;
#1943 = CARTESIAN_POINT ( 'NONE',  ( -0.3391124647371857592, 37.03334705627732149, 11.54382160673872804 ) ) ;
#1944 = CARTESIAN_POINT ( 'NONE',  ( 11.10731546565878602, 16.45459034949719523, 10.38260615127546416 ) ) ;
#1945 = PRODUCT_DEFINITION_FORMATION_WITH_SPECIFIED_SOURCE ( 'ANY', '', #4013, .NOT_KNOWN. ) ;
#1946 = CARTESIAN_POINT ( 'NONE',  ( 0.1043336560074314967, 35.55489091649750577, 29.94902952035958066 ) ) ;
#1947 = ADVANCED_FACE ( 'NONE', ( #2098 ), #4288, .T. ) ;
#1948 = CARTESIAN_POINT ( 'NONE',  ( 0.2723144000718757396, 36.07690027021409662, 29.73656552415286924 ) ) ;
#1949 = CARTESIAN_POINT ( 'NONE',  ( -10.18846769405877239, 15.10631489445474784, 27.99999999999999645 ) ) ;
#1950 = CARTESIAN_POINT ( 'NONE',  ( 0.1849591921862046018, 37.03830013543803545, 28.51989658998873622 ) ) ;
#1951 = CARTESIAN_POINT ( 'NONE',  ( -10.52565973485092776, 17.13218669553330642, 10.01942608052479322 ) ) ;
#1952 = SHAPE_REPRESENTATION_RELATIONSHIP ( 'NONE' , 'NONE' ,  #3801, #1225 ) ;
#1953 = CARTESIAN_POINT ( 'NONE',  ( 0.01083006758475536617, 35.11090776611695929, 30.00000000000000355 ) ) ;
#1954 = CARTESIAN_POINT ( 'NONE',  ( -12.09960220432785682, 16.75153783939624219, 11.35443891909619651 ) ) ;
#1955 = B_SPLINE_CURVE_WITH_KNOTS ( 'NONE', 3,
 ( #2583, #4052, #3680, #2608, #1898, #449, #806, #2991, #3375, #4572, #1632 ),
 .UNSPECIFIED., .F., .F.,
 ( 4, 2, 1, 2, 2, 4 ),
 ( 0.000000000000000000, 8.040786971228378987E-05, 0.0001608157394245675797, 0.0003216314788491349969, 0.0006432629576982794263, 0.001286525915396576633 ),
 .UNSPECIFIED. ) ;
#1956 = CARTESIAN_POINT ( 'NONE',  ( 0.2701436187207409412, 37.09458574110310991, 10.00000000000000000 ) ) ;
#1957 = CARTESIAN_POINT ( 'NONE',  ( -12.04423277600353082, 16.49743575117223671, 28.51989659013568001 ) ) ;
#1958 = CARTESIAN_POINT ( 'NONE',  ( -12.28491996717476198, 17.13504672616443614, 10.00000000000001776 ) ) ;
#1959 = CARTESIAN_POINT ( 'NONE',  ( -0.6136755894331112904, 37.01889915712295220, 27.99999999999999289 ) ) ;
#1960 = EDGE_LOOP ( 'NONE', ( #2050, #3204, #1689, #4693 ) ) ;
#1961 = CARTESIAN_POINT ( 'NONE',  ( 10.78380408457362272, 17.16749518338015434, 29.93334607539949133 ) ) ;
#1962 = CARTESIAN_POINT ( 'NONE',  ( -12.30068782553603590, 17.35838826537710489, 28.00000000000000000 ) ) ;
#1963 = CARTESIAN_POINT ( 'NONE',  ( 11.24849253446720532, 16.39388041971408327, 10.49309588387991887 ) ) ;
#1964 = CARTESIAN_POINT ( 'NONE',  ( -11.45627313576120088, 15.67159065429661879, 27.99999999999997158 ) ) ;
#1965 = CARTESIAN_POINT ( 'NONE',  ( 12.27876452897505111, 17.81317418404329445, 10.00000000000000000 ) ) ;
#1966 = CARTESIAN_POINT ( 'NONE',  ( 9.311165977294351137, 15.00299225852421614, 27.99999999999949551 ) ) ;
#1967 = CARTESIAN_POINT ( 'NONE',  ( -0.5066442829964229455, 36.97817891516799449, 11.47935267006292648 ) ) ;
#1968 = CARTESIAN_POINT ( 'NONE',  ( 0.5041977746107009217, 37.04949783813968622, 11.99999999998544631 ) ) ;
#1969 = CARTESIAN_POINT ( 'NONE',  ( -0.3308678576854746645, 37.08516397350795302, 10.00000000000000000 ) ) ;
#1970 = CARTESIAN_POINT ( 'NONE',  ( 11.56575094893791089, 15.75495413492913954, 28.00000000000000000 ) ) ;
#1971 = CARTESIAN_POINT ( 'NONE',  ( -0.1633609063352446655, 37.04010660331097426, 28.51986914643705617 ) ) ;
#1972 = CARTESIAN_POINT ( 'NONE',  ( 11.88195344847395774, 16.71884438755092717, 29.05754849025972320 ) ) ;
#1973 = CARTESIAN_POINT ( 'NONE',  ( -11.69416967405283181, 15.88039787944818215, 27.99999999990995647 ) ) ;
#1974 =( NAMED_UNIT ( * ) SI_UNIT ( $, .STERADIAN. ) SOLID_ANGLE_UNIT ( ) );
#1975 = CARTESIAN_POINT ( 'NONE',  ( 0.6088272303709992839, 37.01996026151868335, 28.00000000000000000 ) ) ;
#1976 = FACE_OUTER_BOUND ( 'NONE', #1807, .T. ) ;
#1977 = CARTESIAN_POINT ( 'NONE',  ( 0.2779954473055595843, 37.09348793237585795, 12.00000000000000000 ) ) ;
#1978 = CARTESIAN_POINT ( 'NONE',  ( -12.09960234367981080, 16.75153848184308458, 28.64556117848903227 ) ) ;
#1979 = CARTESIAN_POINT ( 'NONE',  ( -12.18669031052959184, 16.68163259859790060, 9.999999999999989342 ) ) ;
#1980 = CARTESIAN_POINT ( 'NONE',  ( -0.06258994285862287676, 35.09251072348878608, 30.00000000000000000 ) ) ;
#1981 = VERTEX_POINT ( 'NONE', #1511 ) ;
#1982 = CARTESIAN_POINT ( 'NONE',  ( 10.72254421418248427, 17.18366549443654989, 29.94913795864849249 ) ) ;
#1983 = CARTESIAN_POINT ( 'NONE',  ( -10.25256405055768383, 17.76786133087692932, 30.00000000000000355 ) ) ;
#1984 = CARTESIAN_POINT ( 'NONE',  ( -10.96172095321147744, 15.36749511818954694, 30.00000000000000000 ) ) ;
#1985 = CARTESIAN_POINT ( 'NONE',  ( 12.30283605261894664, 17.40632242502197258, 10.00000000000000000 ) ) ;
#1986 = CARTESIAN_POINT ( 'NONE',  ( -11.26506344732081821, 17.05128534315246469, 29.72702704941603358 ) ) ;
#1987 = CARTESIAN_POINT ( 'NONE',  ( 0.3357276529589195979, 36.90593377932266606, 11.17339713480044061 ) ) ;
#1988 = CARTESIAN_POINT ( 'NONE',  ( 12.16244007197751564, 18.37907262726717761, 27.99999999999999645 ) ) ;
#1989 = CARTESIAN_POINT ( 'NONE',  ( -0.3247619744157558830, 37.08617018377803731, 10.00000000000000000 ) ) ;
#1990 = CARTESIAN_POINT ( 'NONE',  ( -10.46020424165138429, 15.17320585446456427, 27.99999999999999645 ) ) ;
#1991 = CARTESIAN_POINT ( 'NONE',  ( 0.3489726734958470966, 36.97672599719314945, 28.64514349745221367 ) ) ;
#1992 = CARTESIAN_POINT ( 'NONE',  ( 11.59390267555393628, 16.07035130962627179, 28.88600375103789020 ) ) ;
#1993 = CARTESIAN_POINT ( 'NONE',  ( -11.50559081456166233, 16.07038626107547685, 29.00167080344892412 ) ) ;
#1994 = CARTESIAN_POINT ( 'NONE',  ( -0.2765641633636045094, 36.67893338138556913, 10.77866756872896481 ) ) ;
#1995 = CARTESIAN_POINT ( 'NONE',  ( 0.8304603387061351150, 36.93994520998694497, 28.00000000000001421 ) ) ;
#1996 = CARTESIAN_POINT ( 'NONE',  ( -11.88360087683590649, 16.48215463589006546, 11.11509778295538453 ) ) ;
#1997 = CARTESIAN_POINT ( 'NONE',  ( 10.25381979851962022, 17.27017213450464439, 9.999999999999996447 ) ) ;
#1998 = CARTESIAN_POINT ( 'NONE',  ( -12.07291474866595316, 16.67026266174773497, 28.64514349750568556 ) ) ;
#1999 = CARTESIAN_POINT ( 'NONE',  ( -12.23924473063346774, 16.86917823795926807, 11.99999999999999645 ) ) ;
#2000 = CARTESIAN_POINT ( 'NONE',  ( -0.4282537282771822773, 37.06679800364418753, 30.00000000000000711 ) ) ;
#2001 = VERTEX_POINT ( 'NONE', #92 ) ;
#2002 = CARTESIAN_POINT ( 'NONE',  ( 10.66508856477443956, 17.05311152894123339, 10.05128895524378763 ) ) ;
#2003 = CARTESIAN_POINT ( 'NONE',  ( 10.89792988888177128, 17.10787644222652304, 29.89516499772567215 ) ) ;
#2004 = CARTESIAN_POINT ( 'NONE',  ( -10.20634341105785658, 17.92101915683162616, 29.99999999999997868 ) ) ;
#2005 = CARTESIAN_POINT ( 'NONE',  ( -11.81479670790342418, 16.01269993371759170, 29.99999999999998579 ) ) ;
#2006 = CARTESIAN_POINT ( 'NONE',  ( 10.29385970464644195, 17.55866438309062971, 10.00000000000000000 ) ) ;
#2007 = CARTESIAN_POINT ( 'NONE',  ( -0.09155170800688192112, 35.45181689392548918, 10.03057913203297069 ) ) ;
#2008 = CARTESIAN_POINT ( 'NONE',  ( 0.5146219030847178910, 36.93676766690978042, 11.35423647028774319 ) ) ;
#2009 = CARTESIAN_POINT ( 'NONE',  ( 11.62721985857973728, 15.92102963500162360, 11.39343318616802847 ) ) ;
#2010 = CARTESIAN_POINT ( 'NONE',  ( -0.3738856265223705067, 37.07761912163333307, 10.00000000000000711 ) ) ;
#2011 = CARTESIAN_POINT ( 'NONE',  ( 9.353125559840890446, 15.00000000000000888, 28.00000000000000000 ) ) ;
#2012 = VECTOR ( 'NONE', #1197, 999.9999999999998863 ) ;
#2013 = CARTESIAN_POINT ( 'NONE',  ( 0.5146219819484565416, 36.93676760073799414, 28.64576365720795437 ) ) ;
#2014 = CARTESIAN_POINT ( 'NONE',  ( 11.77881304995098688, 16.75644712139120429, 29.22133236682754642 ) ) ;
#2015 = CARTESIAN_POINT ( 'NONE',  ( -0.8660254037844428154, 34.21281292110202088, 30.00000000000000000 ) ) ;
#2016 = CIRCLE ( 'NONE', #3922, 2.000000000000000444 ) ;
#2017 = CONTEXT_DEPENDENT_SHAPE_REPRESENTATION ( #2130, #3315 ) ;
#2018 = CARTESIAN_POINT ( 'NONE',  ( -12.14666500230452328, 16.55814349625210724, 12.00000000000000355 ) ) ;
#2019 = CARTESIAN_POINT ( 'NONE',  ( 0.07669589214024703783, 36.61845430101172383, 10.67866225374665845 ) ) ;
#2020 = CARTESIAN_POINT ( 'NONE',  ( 2.207064784859376072, 35.80493594895339982, 30.00000000000001421 ) ) ;
#2021 = CARTESIAN_POINT ( 'NONE',  ( -11.61949504428512192, 15.95562077231338094, 11.35424160176595088 ) ) ;
#2022 = CARTESIAN_POINT ( 'NONE',  ( 11.31188968587294497, 15.56886951371101446, 11.99999999999998046 ) ) ;
#2023 = CARTESIAN_POINT ( 'NONE',  ( -11.82852969026624557, 16.51030382494210613, 29.00022098469749210 ) ) ;
#2024 = CARTESIAN_POINT ( 'NONE',  ( -10.28546002987980756, 17.30281122784884573, 9.999999999999998224 ) ) ;
#2025 = CARTESIAN_POINT ( 'NONE',  ( -0.3250272069858195501, 37.08612137953511478, 27.99999999999999645 ) ) ;
#2026 = EDGE_LOOP ( 'NONE', ( #1090, #2919, #3118 ) ) ;
#2027 = CARTESIAN_POINT ( 'NONE',  ( 10.41005213299859200, 17.17001513695111470, 10.00521380026009410 ) ) ;
#2028 = CARTESIAN_POINT ( 'NONE',  ( -11.52315058082065846, 16.05262428119626605, 11.03611799298069407 ) ) ;
#2029 = CARTESIAN_POINT ( 'NONE',  ( -12.28180524728113454, 17.10563170519374410, 27.99999999999999645 ) ) ;
#2030 = CARTESIAN_POINT ( 'NONE',  ( 11.73734505697438024, 15.92430462887037912, 11.99999999998544631 ) ) ;
#2031 = CARTESIAN_POINT ( 'NONE',  ( -11.83698481337566655, 16.03959659583858866, 30.00000000000000000 ) ) ;
#2032 = CARTESIAN_POINT ( 'NONE',  ( 12.28602889085578376, 17.14597350211197124, 10.00000000000000000 ) ) ;
#2033 = CARTESIAN_POINT ( 'NONE',  ( -0.2015137356566984450, 35.85616552684553682, 10.15394580312906037 ) ) ;
#2034 = CARTESIAN_POINT ( 'NONE',  ( 12.29657454217217705, 17.67953007713679980, 27.99999999999999645 ) ) ;
#2035 = CARTESIAN_POINT ( 'NONE',  ( -0.005916804851138332891, 35.11168986775234657, 10.00000000000001066 ) ) ;
#2036 = CARTESIAN_POINT ( 'NONE',  ( 10.28293161961585511, 17.29818896744610157, 29.99999999999998579 ) ) ;
#2037 = CARTESIAN_POINT ( 'NONE',  ( 10.20125273314598502, 17.23222836483317977, 29.99999999999999289 ) ) ;
#2038 = CARTESIAN_POINT ( 'NONE',  ( 0.3193147622207875846, 36.81770843990796038, 29.00085109375675074 ) ) ;
#2039 = CARTESIAN_POINT ( 'NONE',  ( 11.39327410250256278, 16.16114783592320592, 29.22227531447841997 ) ) ;
#2040 = CARTESIAN_POINT ( 'NONE',  ( -12.28435833274174271, 17.03799021405158243, 28.00000000000000355 ) ) ;
#2041 = CARTESIAN_POINT ( 'NONE',  ( 11.82072785500145429, 16.89379179531985287, 10.77773433381797474 ) ) ;
#2042 = CARTESIAN_POINT ( 'NONE',  ( -0.3014820442520542154, 36.82063852265483206, 10.99921160583303248 ) ) ;
#2043 = CARTESIAN_POINT ( 'NONE',  ( 0.8304603387061345598, 36.93994520998694497, 30.00000000000000355 ) ) ;
#2044 = CARTESIAN_POINT ( 'NONE',  ( -11.50558639050314369, 16.07038196257120788, 10.99832897745992355 ) ) ;
#2045 = PRODUCT ( 'triangle_collision', 'triangle_collision', '', ( #1929 ) ) ;
#2046 = CARTESIAN_POINT ( 'NONE',  ( 11.42742989053230396, 15.64983036824840745, 11.99999999999998046 ) ) ;
#2047 = CARTESIAN_POINT ( 'NONE',  ( -11.95301223865821250, 16.44669992473169273, 28.70589614996181638 ) ) ;
#2048 = DIRECTION ( 'NONE',  ( -0.4999999999999901190, -0.8660254037844443697, -0.000000000000000000 ) ) ;
#2049 = CARTESIAN_POINT ( 'NONE',  ( -0.3413920283488985907, 37.08338596989243996, 27.99999999999999645 ) ) ;
#2050 = ORIENTED_EDGE ( 'NONE', *, *, #3669, .T. ) ;
#2051 = CARTESIAN_POINT ( 'NONE',  ( 10.50719209069524496, 17.10792723584098596, 10.01933304873672093 ) ) ;
#2052 = CARTESIAN_POINT ( 'NONE',  ( -11.33488984521666509, 15.57249470739219177, 11.99999999999999822 ) ) ;
#2053 = CARTESIAN_POINT ( 'NONE',  ( -11.83714900591226638, 16.03979942446953544, 10.00000000000000000 ) ) ;
#2054 = FACE_OUTER_BOUND ( 'NONE', #981, .T. ) ;
#2055 = CARTESIAN_POINT ( 'NONE',  ( 12.16862123706280308, 16.80195532883899645, 28.45659066175613816 ) ) ;
#2056 = CARTESIAN_POINT ( 'NONE',  ( 10.29830055434954517, 17.36769107797496758, 10.00000000000000533 ) ) ;
#2057 = CARTESIAN_POINT ( 'NONE',  ( -0.05437813533845017866, 35.31512707765166681, 10.01095380889284492 ) ) ;
#2058 = CARTESIAN_POINT ( 'NONE',  ( -0.01007395072031631346, 35.11082015326540073, 9.999999999999994671 ) ) ;
#2059 = CARTESIAN_POINT ( 'NONE',  ( 11.83992995338815568, 16.04285039777982291, 30.00000000000000711 ) ) ;
#2060 = CARTESIAN_POINT ( 'NONE',  ( -2.360396602464159166, 35.62448607962117109, 12.00000000000000178 ) ) ;
#2061 = CARTESIAN_POINT ( 'NONE',  ( -0.3985478755260557504, 36.89277715159784066, 28.82706152221615170 ) ) ;
#2062 = CARTESIAN_POINT ( 'NONE',  ( 11.60105778478135719, 16.17101754386975543, 29.00085109355439528 ) ) ;
#2063 = CARTESIAN_POINT ( 'NONE',  ( -10.28455231187830421, 17.30055473308395619, 10.00000000000000000 ) ) ;
#2064 = CARTESIAN_POINT ( 'NONE',  ( 12.09830299010117827, 18.65073926800740267, 12.00000000000000178 ) ) ;
#2065 = CARTESIAN_POINT ( 'NONE',  ( 0.2723155416072228219, 36.07690033878962055, 10.26343468493780264 ) ) ;
#2066 = LINE ( 'NONE', #1801, #3007 ) ;
#2067 = CARTESIAN_POINT ( 'NONE',  ( -11.50225035778985117, 16.27742817814861453, 10.77866756844709428 ) ) ;
#2068 = CARTESIAN_POINT ( 'NONE',  ( 11.47722904816662215, 15.70143267288613487, 10.00000000000002487 ) ) ;
#2069 = CARTESIAN_POINT ( 'NONE',  ( -11.82692726631048963, 16.32630775342904172, 28.82600765432169609 ) ) ;
#2070 = DIRECTION ( 'NONE',  ( -0.4999999999999999445, 0.8660254037844387076, 0.000000000000000000 ) ) ;
#2071 = CARTESIAN_POINT ( 'NONE',  ( -0.3214453422073689781, 37.08670842571439152, 28.00000000000001421 ) ) ;
#2072 = VERTEX_POINT ( 'NONE', #3350 ) ;
#2073 = CARTESIAN_POINT ( 'NONE',  ( 10.29968925133273139, 17.29452676221879415, 10.00000000000000000 ) ) ;
#2074 = CARTESIAN_POINT ( 'NONE',  ( 10.29543652655591579, 17.28762371062095227, 29.99999999999999645 ) ) ;
#2075 = CARTESIAN_POINT ( 'NONE',  ( -11.81202571356621256, 16.00940217471262272, 10.00000000000000000 ) ) ;
#2076 = CARTESIAN_POINT ( 'NONE',  ( 1.559287289687651068, 36.48850494174064352, 9.999999999999998224 ) ) ;
#2077 = CARTESIAN_POINT ( 'NONE',  ( -11.82408600435803692, 16.02388499602059468, 30.00000000000001066 ) ) ;
#2078 = CARTESIAN_POINT ( 'NONE',  ( 0.1196569090664222901, 35.53516310789741794, 10.04790620676214985 ) ) ;
#2079 = CARTESIAN_POINT ( 'NONE',  ( -2.598076211353320009, 35.21281292110202088, 12.00000000000000000 ) ) ;
#2080 = CARTESIAN_POINT ( 'NONE',  ( -1.441687933392076015, 36.58354132444054585, 11.99999999999981704 ) ) ;
#2081 = CARTESIAN_POINT ( 'NONE',  ( -0.7564667114476903986, 36.98268759108380266, 12.00000000000000000 ) ) ;
#2082 = B_SPLINE_SURFACE_WITH_KNOTS ( 'NONE', 3, 1, ( 
 ( #1323, #994 ),
 ( #2086, #2907 ),
 ( #3154, #2554 ),
 ( #1103, #2177 ),
 ( #3132, #1368 ),
 ( #1657, #4597 ),
 ( #3109, #564 ),
 ( #4240, #4619 ),
 ( #1702, #3535 ),
 ( #279, #2018 ),
 ( #3627, #2818 ),
 ( #369, #1724 ),
 ( #3464, #3175 ),
 ( #4640, #1015 ),
 ( #4575, #3756 ),
 ( #1990, #4150 ),
 ( #1949, #2682 ),
 ( #2305, #3439 ),
 ( #1923, #494 ),
 ( #560, #877 ) ),
 .UNSPECIFIED., .F., .F., .F.,
 ( 4, 2, 2, 2, 2, 2, 2, 2, 2, 4 ),
 ( 2, 2 ),
 ( 0.000000000000000000, 0.1249999999999994449, 0.2499999999999988898, 0.3749999999999983347, 0.4374999999999987788, 0.4999999999999992228, 0.6249999999999997780, 0.7499999999999997780, 0.8749999999999998890, 1.000000000000000000 ),
 ( 0.000000000000000000, 1.000000000000000000 ),
 .UNSPECIFIED. ) ;
#2083 = CARTESIAN_POINT ( 'NONE',  ( -0.3256387117674036102, 36.95823564492495450, 28.70636453050116899 ) ) ;
#2084 = CARTESIAN_POINT ( 'NONE',  ( 10.13618942040054449, 18.12523625405624728, 9.999999999999998224 ) ) ;
#2085 = CIRCLE ( 'NONE', #2166, 2.000000000000000000 ) ;
#2086 = CARTESIAN_POINT ( 'NONE',  ( -11.81053737613600951, 19.25636212094325117, 27.99999999999999645 ) ) ;
#2087 = CARTESIAN_POINT ( 'NONE',  ( 0.08520543959635121234, 35.99598503774659974, 10.20299494830527998 ) ) ;
#2088 = CARTESIAN_POINT ( 'NONE',  ( 0.2805955364320285583, 34.94995758913884032, 29.99999999999998934 ) ) ;
#2089 = CARTESIAN_POINT ( 'NONE',  ( -11.98945342496138622, 16.52226533733287894, 11.29399321301429815 ) ) ;
#2090 = AXIS2_PLACEMENT_3D ( 'NONE', #3369, #2275, #3732 ) ;
#2091 = CARTESIAN_POINT ( 'NONE',  ( 11.30798504683359162, 15.58818994511156397, 10.00000000000000711 ) ) ;
#2092 = CARTESIAN_POINT ( 'NONE',  ( -11.14333487797948941, 16.43534985939096416, 29.59161234738875024 ) ) ;
#2093 = CARTESIAN_POINT ( 'NONE',  ( -10.28512824488429267, 17.30197734309848201, 9.999999999999998224 ) ) ;
#2094 = LINE ( 'NONE', #3542, #1635 ) ;
#2095 = ORIENTED_EDGE ( 'NONE', *, *, #3280, .F. ) ;
#2096 = CARTESIAN_POINT ( 'NONE',  ( 10.44769704849323588, 17.22281870684607696, 10.00531404577079186 ) ) ;
#2097 = CARTESIAN_POINT ( 'NONE',  ( -11.69416440405240287, 15.88039255814201844, 12.00000000000000000 ) ) ;
#2098 = FACE_OUTER_BOUND ( 'NONE', #461, .T. ) ;
#2099 = CARTESIAN_POINT ( 'NONE',  ( -10.28455110024960995, 17.30055256842695144, 30.00000000000000000 ) ) ;
#2100 = CARTESIAN_POINT ( 'NONE',  ( -11.81201805151723327, 16.00939058774071810, 27.99999999999999645 ) ) ;
#2101 = CARTESIAN_POINT ( 'NONE',  ( -11.97871735498607748, 16.86985526312685835, 10.99225647024146113 ) ) ;
#2102 = CARTESIAN_POINT ( 'NONE',  ( -0.3870609317163478114, 36.53844447530767070, 10.65045969496802591 ) ) ;
#2103 = CARTESIAN_POINT ( 'NONE',  ( -0.8675074178902489885, 36.92343284060542175, 10.00000000000000888 ) ) ;
#2104 = CARTESIAN_POINT ( 'NONE',  ( 11.84922398828930312, 16.05449341160044341, 29.99999999999999289 ) ) ;
#2105 = CARTESIAN_POINT ( 'NONE',  ( 11.39571243553383972, 16.15862544501069564, 29.21199396600401599 ) ) ;
#2106 = CARTESIAN_POINT ( 'NONE',  ( 0.3448912215561581451, 36.95506189467979397, 28.70641548580539393 ) ) ;
#2107 = CARTESIAN_POINT ( 'NONE',  ( -0.04370927608659361946, 35.62818893847840940, 10.06713389892347443 ) ) ;
#2108 = CARTESIAN_POINT ( 'NONE',  ( -9.443656872688530157, 17.01778859297778013, 10.00000000000000000 ) ) ;
#2109 = CARTESIAN_POINT ( 'NONE',  ( 11.96466663772397609, 16.21171571241560372, 28.13208989400838078 ) ) ;
#2110 = CARTESIAN_POINT ( 'NONE',  ( -11.14333209239258693, 16.43534751213121581, 10.40838738668537111 ) ) ;
#2111 = VERTEX_POINT ( 'NONE', #2584 ) ;
#2112 = CARTESIAN_POINT ( 'NONE',  ( 11.78268967589244554, 15.97479456876912884, 12.00000000000000355 ) ) ;
#2113 = CARTESIAN_POINT ( 'NONE',  ( -11.05166232069889531, 16.65540686067662435, 29.73586879663114502 ) ) ;
#2114 = CARTESIAN_POINT ( 'NONE',  ( -12.13872107712014703, 16.55084758757249475, 12.00000000000000178 ) ) ;
#2115 = CARTESIAN_POINT ( 'NONE',  ( 0.6401613577301177305, 34.57247202499813454, 30.00000000000000000 ) ) ;
#2116 = ORIENTED_EDGE ( 'NONE', *, *, #1677, .F. ) ;
#2117 = CARTESIAN_POINT ( 'NONE',  ( 0.0006379209085110161374, 35.11281269567290053, 30.00000000000000000 ) ) ;
#2118 = CARTESIAN_POINT ( 'NONE',  ( -12.20217583526537730, 16.72941515379203992, 11.99999999998545341 ) ) ;
#2119 = CARTESIAN_POINT ( 'NONE',  ( -11.83134361458080797, 16.03269866054644766, 10.00000000000000000 ) ) ;
#2120 = CARTESIAN_POINT ( 'NONE',  ( -10.28455110024960995, 17.30055256842695144, 30.00000000000000000 ) ) ;
#2121 = CARTESIAN_POINT ( 'NONE',  ( 10.33173763195930839, 17.28682379296195393, 29.99959768163678930 ) ) ;
#2122 = CARTESIAN_POINT ( 'NONE',  ( 0.05065414063199271538, 35.29032686879190095, 10.00845936584868134 ) ) ;
#2123 = CARTESIAN_POINT ( 'NONE',  ( -1.077917940715216405, 36.83705291779646274, 28.00000000000000000 ) ) ;
#2124 = CARTESIAN_POINT ( 'NONE',  ( -0.6646899788854464530, 34.52595892043447634, 9.999999999999989342 ) ) ;
#2125 = UNCERTAINTY_MEASURE_WITH_UNIT (LENGTH_MEASURE( 1.000000000000000082E-05 ), #1541, 'distance_accuracy_value', 'NONE');
#2126 = CARTESIAN_POINT ( 'NONE',  ( -10.44544944241177653, 17.21807522646900424, 29.99467940520362319 ) ) ;
#2127 = EDGE_CURVE ( 'NONE', #3590, #3162, #880, .T. ) ;
#2128 = CARTESIAN_POINT ( 'NONE',  ( 11.65996948378512243, 15.84621769100850308, 29.99999999999999289 ) ) ;
#2129 = CARTESIAN_POINT ( 'NONE',  ( 9.284091092769163112, 17.00000000000000711, 30.00000000000000355 ) ) ;
#2130 =( REPRESENTATION_RELATIONSHIP ('NONE','NONE', #239, #3801 ) REPRESENTATION_RELATIONSHIP_WITH_TRANSFORMATION ( #210 )SHAPE_REPRESENTATION_RELATIONSHIP( ) );
#2131 = CARTESIAN_POINT ( 'NONE',  ( 0.08089946363586540679, 36.70129728972770522, 29.22073301665657752 ) ) ;
#2132 = CARTESIAN_POINT ( 'NONE',  ( 10.90527102966004769, 17.13543327309884390, 10.10463938827193253 ) ) ;
#2133 = CARTESIAN_POINT ( 'NONE',  ( 0.05104613740106688641, 36.11371130355249193, 10.26456837244666076 ) ) ;
#2134 = CARTESIAN_POINT ( 'NONE',  ( -11.29098144014127847, 15.55207252538400553, 12.00000000000004796 ) ) ;
#2135 = CARTESIAN_POINT ( 'NONE',  ( 12.09638497507656929, 16.44937228993493861, 28.13208961408316355 ) ) ;
#2136 = CARTESIAN_POINT ( 'NONE',  ( -10.96359374539358633, 16.72929544362844467, 10.20270461512039262 ) ) ;
#2137 = EDGE_LOOP ( 'NONE', ( #1750, #2404, #2450, #1167 ) ) ;
#2138 = CARTESIAN_POINT ( 'NONE',  ( 11.85813741124391640, 16.06474254230944609, 9.999999999999992895 ) ) ;
#2139 = CARTESIAN_POINT ( 'NONE',  ( -11.37027359644096514, 16.74464315935524183, 29.59026542420194161 ) ) ;
#2140 = CARTESIAN_POINT ( 'NONE',  ( -12.25850626144728217, 17.98078109499920174, 11.99999999999999822 ) ) ;
#2141 = CARTESIAN_POINT ( 'NONE',  ( -9.937822173508926937, 18.49999999999999645, 27.99999999999999645 ) ) ;
#2142 = ORIENTED_EDGE ( 'NONE', *, *, #605, .F. ) ;
#2143 = CARTESIAN_POINT ( 'NONE',  ( -0.1625978301660651881, 35.71311976087545048, 29.90141261452663457 ) ) ;
#2144 = CARTESIAN_POINT ( 'NONE',  ( -11.70924761110859080, 19.43180115592486956, 30.00000000000000000 ) ) ;
#2145 = CARTESIAN_POINT ( 'NONE',  ( 0.05041233567220416295, 35.09771123094195389, 10.00000000000000000 ) ) ;
#2146 = DIRECTION ( 'NONE',  ( 0.4999999999999999445, -0.8660254037844387076, -0.000000000000000000 ) ) ;
#2147 = CARTESIAN_POINT ( 'NONE',  ( 0.08895642918555257683, 35.42623299139212634, 10.02641723962274689 ) ) ;
#2148 = CARTESIAN_POINT ( 'NONE',  ( -2.456918770149558728, 35.45730478113336659, 28.00000000000000000 ) ) ;
#2149 = ADVANCED_FACE ( 'NONE', ( #3377 ), #3524, .T. ) ;
#2150 = CARTESIAN_POINT ( 'NONE',  ( 11.01472557115659079, 16.61326603866633533, 29.73628646846228918 ) ) ;
#2151 = CARTESIAN_POINT ( 'NONE',  ( -0.6135864572096318970, 37.01892443235225727, 10.00000000000001599 ) ) ;
#2152 = CARTESIAN_POINT ( 'NONE',  ( -10.77663553170508060, 16.88647947640595248, 29.89495091577253660 ) ) ;
#2153 = CARTESIAN_POINT ( 'NONE',  ( 11.17807525403553548, 15.48657276925266402, 29.99999999999999289 ) ) ;
#2154 = CARTESIAN_POINT ( 'NONE',  ( -9.071796769724489451, 15.00000000000000000, 30.00000000000000000 ) ) ;
#2155 = CARTESIAN_POINT ( 'NONE',  ( 0.0006404013708223685493, 35.11281266264563072, 10.00000000000000000 ) ) ;
#2156 = CARTESIAN_POINT ( 'NONE',  ( 12.16149466946136215, 16.61036764480112637, 27.99999999999999645 ) ) ;
#2157 = CARTESIAN_POINT ( 'NONE',  ( -0.1940402956764512021, 35.97868387967275083, 10.20237911453320478 ) ) ;
#2158 = CARTESIAN_POINT ( 'NONE',  ( 11.88195510644687758, 16.71884906385319880, 10.94245145566908306 ) ) ;
#2159 = CARTESIAN_POINT ( 'NONE',  ( -10.24074310883947270, 17.25995379449658884, 10.00000000000000000 ) ) ;
#2160 = CARTESIAN_POINT ( 'NONE',  ( 11.74426767203636857, 15.92957559370751497, 28.13213694291663103 ) ) ;
#2161 = CARTESIAN_POINT ( 'NONE',  ( -11.40271768773807715, 16.59378960958598626, 10.49423173369689088 ) ) ;
#2162 = ORIENTED_EDGE ( 'NONE', *, *, #3421, .T. ) ;
#2163 = CARTESIAN_POINT ( 'NONE',  ( 11.85809832041173273, 16.06465787653017330, 9.999999999999973355 ) ) ;
#2164 = CARTESIAN_POINT ( 'NONE',  ( -11.09168435014473353, 16.93220387221873935, 29.79700510294123106 ) ) ;
#2165 = CARTESIAN_POINT ( 'NONE',  ( 10.29987536580123297, 17.29523185540912777, 10.00000000000000000 ) ) ;
#2166 = AXIS2_PLACEMENT_3D ( 'NONE', #1871, #1509, #2890 ) ;
#2167 = VERTEX_POINT ( 'NONE', #3095 ) ;
#2168 = CARTESIAN_POINT ( 'NONE',  ( -0.08466883403753591719, 35.42652368937425678, 29.97366035135976503 ) ) ;
#2169 = CARTESIAN_POINT ( 'NONE',  ( 0.08728969499899448536, 35.08093993015746292, 10.00000000000000178 ) ) ;
#2170 = CARTESIAN_POINT ( 'NONE',  ( 12.04961293216091889, 16.47103651364099974, 11.54404669842745079 ) ) ;
#2171 = CARTESIAN_POINT ( 'NONE',  ( -1.377576210782485155, 36.64020858864207497, 27.99999999999999645 ) ) ;
#2172 = CARTESIAN_POINT ( 'NONE',  ( 0.2322749584281525448, 35.93480861777260316, 10.18854502068398027 ) ) ;
#2173 = CARTESIAN_POINT ( 'NONE',  ( -2.456918770149558728, 35.45730478113336659, 12.00000000000000000 ) ) ;
#2174 = CARTESIAN_POINT ( 'NONE',  ( 11.04489368267310745, 16.64703825345477028, 29.73592238317434777 ) ) ;
#2175 = CARTESIAN_POINT ( 'NONE',  ( -1.101379779863068231, 36.80781380820083371, 10.00000000000000000 ) ) ;
#2176 = CARTESIAN_POINT ( 'NONE',  ( -10.54623945159625364, 17.16645002818232513, 29.98056186203023188 ) ) ;
#2177 = CARTESIAN_POINT ( 'NONE',  ( -12.13291803105888000, 18.48933672916399118, 12.00000000000000355 ) ) ;
#2178 = CARTESIAN_POINT ( 'NONE',  ( 11.00677871598631086, 15.39477894779784783, 30.00000000000000355 ) ) ;
#2179 = CARTESIAN_POINT ( 'NONE',  ( 10.82215759319040593, 16.74716260576969162, 29.84571702525464332 ) ) ;
#2180 = CARTESIAN_POINT ( 'NONE',  ( -10.42631308424648928, 17.15773294341878241, 10.01008392116363765 ) ) ;
#2181 = B_SPLINE_CURVE_WITH_KNOTS ( 'NONE', 3,
 ( #1537, #665, #2255, #1155, #311, #2492, #2849, #1376, #3955, #2282, #3321, #1131 ),
 .UNSPECIFIED., .F., .F.,
 ( 4, 2, 2, 2, 2, 4 ),
 ( -6.000000000034685463E-08, 0.0003489806520272986721, 0.0006980213040545977469, 0.001396102608109195788, 0.002094183912163793612, 0.002792265216218391653 ),
 .UNSPECIFIED. ) ;
#2182 = CARTESIAN_POINT ( 'NONE',  ( 12.15648241211385461, 16.59696382096721834, 30.00000000000000000 ) ) ;
#2183 = CARTESIAN_POINT ( 'NONE',  ( 0.04966029451968664160, 35.28676849397265158, 10.00521380026010299 ) ) ;
#2184 = CARTESIAN_POINT ( 'NONE',  ( 11.92683145635623454, 16.86578497913878394, 10.94155132355449211 ) ) ;
#2185 = CARTESIAN_POINT ( 'NONE',  ( -9.912007326665474238, 15.06202679920288823, 9.999999999999866773 ) ) ;
#2186 = FACE_OUTER_BOUND ( 'NONE', #3865, .T. ) ;
#2187 = CARTESIAN_POINT ( 'NONE',  ( -10.90031672051808265, 17.11464430558023153, 10.10480668611811161 ) ) ;
#2188 = CARTESIAN_POINT ( 'NONE',  ( 10.28752664699987740, 17.30407891213036464, 10.00000000000000533 ) ) ;
#2189 = CARTESIAN_POINT ( 'NONE',  ( -11.62650476713487713, 16.61360154925620947, 29.32133777862673440 ) ) ;
#2190 = EDGE_CURVE ( 'NONE', #841, #2072, #1038, .T. ) ;
#2191 = ORIENTED_EDGE ( 'NONE', *, *, #4139, .T. ) ;
#2192 = CARTESIAN_POINT ( 'NONE',  ( -0.1143879372950145912, 35.53578828154800817, 29.95217385799200116 ) ) ;
#2193 = CARTESIAN_POINT ( 'NONE',  ( 0.2723144000718757396, 36.07690027021409662, 29.73656552415286924 ) ) ;
#2194 = CARTESIAN_POINT ( 'NONE',  ( 0.3483810633191155581, 37.08249826069950927, 11.99999999999999822 ) ) ;
#2195 = CARTESIAN_POINT ( 'NONE',  ( 2.598076211353311127, 35.21281292110202088, 27.99999999999999645 ) ) ;
#2196 = CARTESIAN_POINT ( 'NONE',  ( -12.27409510613285804, 17.83631665558678847, 10.00000000000000000 ) ) ;
#2197 = PLANE ( 'NONE',  #1784 ) ;
#2198 = CARTESIAN_POINT ( 'NONE',  ( 11.30820609726077386, 16.63713909909660416, 29.59026542422834893 ) ) ;
#2199 = CARTESIAN_POINT ( 'NONE',  ( -12.13834761179282395, 16.54992512165385321, 27.99999999999998579 ) ) ;
#2200 = CARTESIAN_POINT ( 'NONE',  ( -10.32511330459022858, 17.27221352939643850, 29.99958655236532223 ) ) ;
#2201 = CARTESIAN_POINT ( 'NONE',  ( 11.72846161542809540, 19.39852150855919888, 27.99999999999999289 ) ) ;
#2202 = CARTESIAN_POINT ( 'NONE',  ( 9.523896768666574530, 17.02665944630875572, 29.99999999999999645 ) ) ;
#2203 = CARTESIAN_POINT ( 'NONE',  ( -0.8660254037844428154, 34.21281292110202088, 30.00000000000000000 ) ) ;
#2204 = CARTESIAN_POINT ( 'NONE',  ( -10.29613160851002363, 17.28888877251218048, 10.00000000000000000 ) ) ;
#2205 = CARTESIAN_POINT ( 'NONE',  ( -0.03105135913350626220, 35.29089211934123682, 29.99472051152286056 ) ) ;
#2206 = CARTESIAN_POINT ( 'NONE',  ( 12.15778532930618283, 16.60039887806141579, 30.00000000000000000 ) ) ;
#2207 = CARTESIAN_POINT ( 'NONE',  ( 0.005118543943722042057, 35.12870415004043423, 10.00000000000000000 ) ) ;
#2208 = CARTESIAN_POINT ( 'NONE',  ( -9.915670388455255946, 17.10575159243394694, 10.00000000000000000 ) ) ;
#2209 = DIRECTION ( 'NONE',  ( -1.000000000000000000, 0.000000000000000000, -0.000000000000000000 ) ) ;
#2210 = CARTESIAN_POINT ( 'NONE',  ( -10.96014869779891221, 17.09660011405084035, 10.12712849923377867 ) ) ;
#2211 = CARTESIAN_POINT ( 'NONE',  ( 11.74778560818542239, 15.93605416278244569, 12.00000000000000000 ) ) ;
#2212 = CARTESIAN_POINT ( 'NONE',  ( -10.75746499364679210, 16.86458410700694088, 29.89516499771297120 ) ) ;
#2213 = ORIENTED_EDGE ( 'NONE', *, *, #748, .T. ) ;
#2214 = CARTESIAN_POINT ( 'NONE',  ( -0.05007860564501772499, 35.29930891149086847, 29.99069875294359022 ) ) ;
#2215 = CARTESIAN_POINT ( 'NONE',  ( -0.07524707656589868510, 35.99676674804833709, 29.79696910977466473 ) ) ;
#2216 = CARTESIAN_POINT ( 'NONE',  ( 0.3093190688766119800, 37.08890573251707679, 11.99999999999999822 ) ) ;
#2217 = CARTESIAN_POINT ( 'NONE',  ( 11.70722194483796486, 16.08019181585847335, 11.29358454779178267 ) ) ;
#2218 = CARTESIAN_POINT ( 'NONE',  ( 10.96564950776226333, 17.11949480338640939, 29.87305738394899990 ) ) ;
#2219 = CARTESIAN_POINT ( 'NONE',  ( 0.5433712142077693485, 37.03878972357365740, 11.99999999998544631 ) ) ;
#2220 = CARTESIAN_POINT ( 'NONE',  ( 1.088658555969433728, 36.83101810174130009, 28.00000000000000000 ) ) ;
#2221 = CARTESIAN_POINT ( 'NONE',  ( 11.11815743116326693, 16.99700660228434046, 29.79729527967232272 ) ) ;
#2222 = CARTESIAN_POINT ( 'NONE',  ( -10.28522906461855513, 17.30222651886442620, 30.00000000000002842 ) ) ;
#2223 = CARTESIAN_POINT ( 'NONE',  ( -10.43733111163260041, 17.20386179478600042, 29.99467787766988991 ) ) ;
#2224 = CARTESIAN_POINT ( 'NONE',  ( 12.15529835776799672, 16.59381480201906456, 12.00000000000000000 ) ) ;
#2225 = CARTESIAN_POINT ( 'NONE',  ( 11.45134667214311541, 15.66723525947466378, 30.00000000000000000 ) ) ;
#2226 = CARTESIAN_POINT ( 'NONE',  ( 0.1022614494017996672, 37.11225405444170633, 11.99999999998544631 ) ) ;
#2227 = CARTESIAN_POINT ( 'NONE',  ( -10.39720013151104538, 17.18706620404213936, 10.00629286855853550 ) ) ;
#2228 = CARTESIAN_POINT ( 'NONE',  ( 0.04965805273898639405, 35.28676849834557316, 29.99478622388806315 ) ) ;
#2229 = CARTESIAN_POINT ( 'NONE',  ( 12.28226408929686286, 17.11362976080601683, 30.00000000000000000 ) ) ;
#2230 = CARTESIAN_POINT ( 'NONE',  ( 0.01194879671824617025, 35.16101543399041418, 10.00040634500611780 ) ) ;
#2231 = CARTESIAN_POINT ( 'NONE',  ( -10.69290616077152123, 15.25374603637549420, 27.99999999999998934 ) ) ;
#2232 = EDGE_CURVE ( 'NONE', #1981, #2167, #4538, .T. ) ;
#2233 = CARTESIAN_POINT ( 'NONE',  ( -9.071796769724489451, 15.00000000000000178, 12.00000000000000000 ) ) ;
#2234 = CARTESIAN_POINT ( 'NONE',  ( -10.29957727482283758, 17.29369931252727000, 10.00000000000000355 ) ) ;
#2235 =( LENGTH_UNIT ( ) NAMED_UNIT ( * ) SI_UNIT ( .MILLI., .METRE. ) );
#2236 = CARTESIAN_POINT ( 'NONE',  ( 0.6970367902614967859, 36.99103967557994821, 30.00000000000000711 ) ) ;
#2237 = CARTESIAN_POINT ( 'NONE',  ( -12.09417474972986817, 16.47496423102579044, 11.73747835742343248 ) ) ;
#2238 = CARTESIAN_POINT ( 'NONE',  ( 0.06787974604890122110, 35.81504760071667448, 29.87237797810409390 ) ) ;
#2239 = CARTESIAN_POINT ( 'NONE',  ( 0.8063415903670526630, 36.94958061850734765, 12.00000000000000000 ) ) ;
#2240 = CARTESIAN_POINT ( 'NONE',  ( 11.81564557263499715, 16.30863812372209765, 11.17397043117821198 ) ) ;
#2241 = CARTESIAN_POINT ( 'NONE',  ( -12.06693132596105933, 16.38884334826243716, 27.99999999990996713 ) ) ;
#2242 = CARTESIAN_POINT ( 'NONE',  ( -9.964013384080825375, 18.45345687976858429, 9.999999999999998224 ) ) ;
#2243 = AXIS2_PLACEMENT_3D ( 'NONE', #2772, #2816, #611 ) ;
#2244 = CARTESIAN_POINT ( 'NONE',  ( -0.1275503482693639556, 36.61486599779471618, 10.67857254099153330 ) ) ;
#2245 = CARTESIAN_POINT ( 'NONE',  ( -0.5668291315864126823, 34.65415179229839282, 30.00000000000000000 ) ) ;
#2246 = AXIS2_PLACEMENT_3D ( 'NONE', #4582, #4268, #1002 ) ;
#2247 = CARTESIAN_POINT ( 'NONE',  ( -9.914586181984262225, 15.06242663866589915, 27.99999999999999645 ) ) ;
#2248 = CYLINDRICAL_SURFACE ( 'NONE', #3685, 2.000000000000000444 ) ;
#2249 = CARTESIAN_POINT ( 'NONE',  ( -0.3560284297866579406, 34.88737042717492187, 29.99999999999998224 ) ) ;
#2250 = CARTESIAN_POINT ( 'NONE',  ( -10.56251385505714602, 17.02051285431393168, 10.03915183370639852 ) ) ;
#2251 = CARTESIAN_POINT ( 'NONE',  ( 0.009770617947261668948, 35.16146410779797549, 29.99959024208467895 ) ) ;
#2252 = CARTESIAN_POINT ( 'NONE',  ( 10.94729666509421762, 17.05903919441931649, 10.12740110410450001 ) ) ;
#2253 = CARTESIAN_POINT ( 'NONE',  ( 12.19055991925755578, 16.69388606667917330, 30.00000000000000000 ) ) ;
#2254 = CARTESIAN_POINT ( 'NONE',  ( 0.0006404013708203449944, 35.11281266264562362, 10.00000000000000000 ) ) ;
#2255 = CARTESIAN_POINT ( 'NONE',  ( 9.307557300473980888, 15.00338097516861069, 12.00000000000000888 ) ) ;
#2256 = CARTESIAN_POINT ( 'NONE',  ( -9.808676620540634161, 17.07734765361341189, 10.00000000000000178 ) ) ;
#2257 = CARTESIAN_POINT ( 'NONE',  ( 12.15300695931314401, 16.80607691327135811, 28.52064720667261355 ) ) ;
#2258 = CARTESIAN_POINT ( 'NONE',  ( -10.81179868612598227, 16.93254819816609569, 10.10527164126518862 ) ) ;
#2259 = SURFACE_SIDE_STYLE ('',( #2285 ) ) ;
#2260 = CARTESIAN_POINT ( 'NONE',  ( 0.3108787977422682869, 37.08866074727352924, 28.00000000000000000 ) ) ;
#2261 = CARTESIAN_POINT ( 'NONE',  ( -11.74797993670720508, 15.95314052068815336, 11.73724935069812325 ) ) ;
#2262 = CARTESIAN_POINT ( 'NONE',  ( -0.05235132546621255878, 36.43455495996533955, 29.50576827164265126 ) ) ;
#2263 = CARTESIAN_POINT ( 'NONE',  ( 9.071796769724445042, 17.00000000000000000, 10.00000000000000000 ) ) ;
#2264 = CARTESIAN_POINT ( 'NONE',  ( -11.92697386112913804, 16.15594363321108773, 27.99999999990996002 ) ) ;
#2265 = CARTESIAN_POINT ( 'NONE',  ( -10.27141062443834585, 17.68837708744520754, 9.999999999999998224 ) ) ;
#2266 = CARTESIAN_POINT ( 'NONE',  ( 0.1520501774145760765, 36.69604997193769691, 10.77912485794850994 ) ) ;
#2267 = CARTESIAN_POINT ( 'NONE',  ( -2.431924756685216238, 35.48857091212257586, 27.99999999999962697 ) ) ;
#2268 = ORIENTED_EDGE ( 'NONE', *, *, #4125, .F. ) ;
#2269 = CARTESIAN_POINT ( 'NONE',  ( 10.64476308086522671, 16.92918458953200656, 29.93335755890610983 ) ) ;
#2270 = CARTESIAN_POINT ( 'NONE',  ( -10.28925358203470353, 17.31480347541713982, 30.00000000000000711 ) ) ;
#2271 = CARTESIAN_POINT ( 'NONE',  ( -10.18522459665747881, 17.22246637242707124, 30.00000000000000000 ) ) ;
#2272 = CARTESIAN_POINT ( 'NONE',  ( 10.28528718696914446, 17.30308901759647000, 10.00000000000000000 ) ) ;
#2273 = CARTESIAN_POINT ( 'NONE',  ( 9.071796769724482346, 15.00000000000000178, 30.00000000000000000 ) ) ;
#2274 = CARTESIAN_POINT ( 'NONE',  ( -0.4142032587403977617, 36.96307808705277154, 11.35446372290868489 ) ) ;
#2275 = DIRECTION ( 'NONE',  ( -0.4999999999999999445, -0.8660254037844387076, 0.000000000000000000 ) ) ;
#2276 = CARTESIAN_POINT ( 'NONE',  ( 0.02338239261864872437, 35.56608831352392741, 29.94871106409252448 ) ) ;
#2277 = EDGE_CURVE ( 'NONE', #2167, #3334, #20, .T. ) ;
#2278 = CARTESIAN_POINT ( 'NONE',  ( 11.97205743320396465, 16.68599334426440706, 11.11456122248926270 ) ) ;
#2279 = CARTESIAN_POINT ( 'NONE',  ( 10.82387746505242632, 16.95043842250475308, 10.10530909726418791 ) ) ;
#2280 = CARTESIAN_POINT ( 'NONE',  ( 10.28483912580887427, 17.30189909781216429, 30.00000000000000000 ) ) ;
#2281 = CARTESIAN_POINT ( 'NONE',  ( 12.21861250420193024, 16.78875950693173991, 27.99999999990995647 ) ) ;
#2282 = CARTESIAN_POINT ( 'NONE',  ( 11.31892933184224503, 15.56219567012592186, 12.00000000000000178 ) ) ;
#2283 = CARTESIAN_POINT ( 'NONE',  ( 12.16567697523884917, 16.61609439136386257, 11.86791055056409760 ) ) ;
#2284 = CARTESIAN_POINT ( 'NONE',  ( -10.50959080391274014, 17.11111065915948615, 10.01934855827958692 ) ) ;
#2285 = SURFACE_STYLE_FILL_AREA ( #3684 ) ;
#2286 = CARTESIAN_POINT ( 'NONE',  ( 0.2778784649927283912, 37.09350392049410061, 30.00000000000000000 ) ) ;
#2287 = CARTESIAN_POINT ( 'NONE',  ( -12.12416634156493522, 16.65240744783573490, 11.54379248901592092 ) ) ;
#2288 = CARTESIAN_POINT ( 'NONE',  ( 0.06190215825612405826, 35.75286632909372742, 29.89475424918142110 ) ) ;
#2289 =( BOUNDED_SURFACE ( )  B_SPLINE_SURFACE ( 3, 2, ( 
 ( #3874, #4570, #2680 ),
 ( #2390, #3126, #967 ),
 ( #535, #4525, #1317 ),
 ( #3081, #1697, #3825 ),
 ( #1270, #1606, #875 ),
 ( #2413, #3414, #1674 ),
 ( #1246, #1989, #3437 ),
 ( #182, #4503, #2747 ),
 ( #3851, #1969, #4548 ),
 ( #898, #4188, #558 ),
 ( #3059, #3103, #2770 ),
 ( #2324, #919, #3776 ),
 ( #1294, #2367, #609 ),
 ( #583, #2010, #3458 ),
 ( #2035, #205, #3481 ),
 ( #1652, #4211, #227 ),
 ( #2058, #3505, #251 ),
 ( #653, #3528, #1764 ),
 ( #2858, #2151, #3918 ),
 ( #2794, #4636, #2884 ),
 ( #296, #4256, #4324 ),
 ( #3212, #1364, #274 ),
 ( #2815, #989, #3599 ),
 ( #1719, #2103, #3170 ),
 ( #2458, #3896, #630 ),
 ( #343, #3191, #2836 ),
 ( #4278, #2175, #4680 ),
 ( #2479, #367, #3574 ),
 ( #1011, #1055, #2080 ),
 ( #1742, #4301, #3551 ),
 ( #2500, #4657, #322 ),
 ( #3964, #2438, #1385 ),
 ( #1789, #1033, #3624 ),
 ( #1407, #3941, #674 ),
 ( #2124, #697, #4349 ),
 ( #2526, #3237, #3149 ),
 ( #4706, #1432, #1076 ),
 ( #3992, #4614, #1342 ) ),
 .UNSPECIFIED., .F., .F., .T. ) 
 B_SPLINE_SURFACE_WITH_KNOTS ( ( 4, 2, 2, 2, 2, 2, 2, 2, 2, 2, 2, 2, 2, 2, 2, 2, 2, 2, 4 ),
 ( 3, 3 ),
 ( 0.01217538114280803177, 0.01218556490053464975, 0.01218620138539256229, 0.01218651962782152029, 0.01218683787025047656, 0.01218747435510839083, 0.01218811083996630337, 0.01219065677939795873, 0.01219574865826126772, 0.01221611617371450194, 0.01223648368916773616, 0.01224666744689435413, 0.01225685120462097211, 0.01233832126643391244, 0.01250126139005979138, 0.01282714163731155099, 0.01299008176093743167, 0.01315302188456331060, 0.01347890213181507021 ),
 ( 0.000000000000000000, 1.000000000000000000 ),
 .UNSPECIFIED. ) 
 GEOMETRIC_REPRESENTATION_ITEM ( )  RATIONAL_B_SPLINE_SURFACE ( (
 ( 1.000000000000000000, 0.7071067811865477948, 1.000000000000000000),
 ( 1.000000000000000000, 0.7071067811865477948, 1.000000000000000000),
 ( 1.000000000000000000, 0.7071067811865477948, 1.000000000000000000),
 ( 1.000000000000000000, 0.7071067811865477948, 1.000000000000000000),
 ( 1.000000000000000000, 0.7071067811865477948, 1.000000000000000000),
 ( 1.000000000000000000, 0.7071067811865477948, 1.000000000000000000),
 ( 1.000000000000000000, 0.7071067811865477948, 1.000000000000000000),
 ( 1.000000000000000000, 0.7071067811865477948, 1.000000000000000000),
 ( 1.000000000000000000, 0.7071067811865477948, 1.000000000000000000),
 ( 1.000000000000000000, 0.7071067811865477948, 1.000000000000000000),
 ( 1.000000000000000000, 0.7071067811865483499, 1.000000000000000000),
 ( 1.000000000000000000, 0.7071067811865483499, 1.000000000000000000),
 ( 1.000000000000000000, 0.7071067811865477948, 1.000000000000000000),
 ( 1.000000000000000000, 0.7071067811865477948, 1.000000000000000000),
 ( 1.000000000000000000, 0.7071067811865482389, 1.000000000000000000),
 ( 1.000000000000000000, 0.7071067811865482389, 1.000000000000000000),
 ( 1.000000000000000000, 0.7071067811865472397, 1.000000000000000000),
 ( 1.000000000000000000, 0.7071067811865472397, 1.000000000000000000),
 ( 1.000000000000000000, 0.7071067811865477948, 1.000000000000000000),
 ( 1.000000000000000000, 0.7071067811865477948, 1.000000000000000000),
 ( 1.000000000000000000, 0.7071067811865477948, 1.000000000000000000),
 ( 1.000000000000000000, 0.7071067811865477948, 1.000000000000000000),
 ( 1.000000000000000000, 0.7071067811865477948, 1.000000000000000000),
 ( 1.000000000000000000, 0.7071067811865477948, 1.000000000000000000),
 ( 1.000000000000000000, 0.7071067811865482389, 1.000000000000000000),
 ( 1.000000000000000000, 0.7071067811865482389, 1.000000000000000000),
 ( 1.000000000000000000, 0.7071067811865477948, 1.000000000000000000),
 ( 1.000000000000000000, 0.7071067811865477948, 1.000000000000000000),
 ( 1.000000000000000000, 0.7071067811865477948, 1.000000000000000000),
 ( 1.000000000000000000, 0.7071067811865477948, 1.000000000000000000),
 ( 1.000000000000000000, 0.7071067811865477948, 1.000000000000000000),
 ( 1.000000000000000000, 0.7071067811865477948, 1.000000000000000000),
 ( 1.000000000000000000, 0.7071067811865472397, 1.000000000000000000),
 ( 1.000000000000000000, 0.7071067811865472397, 1.000000000000000000),
 ( 1.000000000000000000, 0.7071067811865469066, 1.000000000000000000),
 ( 1.000000000000000000, 0.7071067811865469066, 1.000000000000000000),
 ( 1.000000000000000000, 0.7071067811865477948, 1.000000000000000000),
 ( 1.000000000000000000, 0.7071067811865477948, 1.000000000000000000) ) ) 
 REPRESENTATION_ITEM ( '' )  SURFACE ( )  );
#2290 = CARTESIAN_POINT ( 'NONE',  ( 0.2786278546002577960, 37.09339965135436756, 12.00000000000000178 ) ) ;
#2291 = CARTESIAN_POINT ( 'NONE',  ( -11.70758778852256832, 15.99032994611828862, 28.52049831222375431 ) ) ;
#2292 = CARTESIAN_POINT ( 'NONE',  ( 0.5433712142090134645, 37.03878972357333055, 11.68106658277612198 ) ) ;
#2293 = CARTESIAN_POINT ( 'NONE',  ( -0.09310509522790423598, 35.07867370112086292, 29.99999999999998579 ) ) ;
#2294 = VERTEX_POINT ( 'NONE', #4155 ) ;
#2295 = CARTESIAN_POINT ( 'NONE',  ( 10.32547011636565593, 17.27260051866275603, 29.99958515362532907 ) ) ;
#2296 = CARTESIAN_POINT ( 'NONE',  ( -12.13599004457712915, 16.54410695187515756, 30.00000000000000000 ) ) ;
#2297 = CARTESIAN_POINT ( 'NONE',  ( 11.13475164292748687, 16.42641299953256961, 10.40837562505698699 ) ) ;
#2298 = CARTESIAN_POINT ( 'NONE',  ( -11.67242466644264987, 15.85634006029504484, 29.99999999999995026 ) ) ;
#2299 = CARTESIAN_POINT ( 'NONE',  ( 12.16435214754729444, 16.61815138518422330, 12.00000000000000000 ) ) ;
#2300 = CARTESIAN_POINT ( 'NONE',  ( -11.68602080799367648, 16.94430346864271186, 29.38276975900629040 ) ) ;
#2301 = CARTESIAN_POINT ( 'NONE',  ( 0.4450788103814610208, 37.01207918034757682, 11.54350363666293688 ) ) ;
#2302 = CARTESIAN_POINT ( 'NONE',  ( 11.37230788466939657, 16.18266033431426365, 10.72985883039057953 ) ) ;
#2303 = CARTESIAN_POINT ( 'NONE',  ( 0.02864030688810288369, 35.40555326918450163, 29.98058451515546707 ) ) ;
#2304 = CARTESIAN_POINT ( 'NONE',  ( 10.28116707368891980, 17.29217735024300850, 30.00000000000000000 ) ) ;
#2305 = CARTESIAN_POINT ( 'NONE',  ( -9.636085404402201959, 15.01950006540835325, 27.99999999999999645 ) ) ;
#2306 = CARTESIAN_POINT ( 'NONE',  ( -0.3460548849007554217, 37.07142878078431636, 28.26259670759549891 ) ) ;
#2307 = CARTESIAN_POINT ( 'NONE',  ( -10.26740750943826086, 17.27960814660902500, 10.00000000000000178 ) ) ;
#2308 = CARTESIAN_POINT ( 'NONE',  ( 11.98052171301866231, 16.50331072029805668, 28.70596721372640303 ) ) ;
#2309 = CARTESIAN_POINT ( 'NONE',  ( -10.43733199646362664, 17.20386341983380518, 10.00532211993365905 ) ) ;
#2310 = CARTESIAN_POINT ( 'NONE',  ( 0.003101321053419981745, 35.11246234363784424, 30.00000000000000711 ) ) ;
#2311 = CARTESIAN_POINT ( 'NONE',  ( -11.93367348390151683, 16.25888611741526546, 11.54409814949077173 ) ) ;
#2312 = CARTESIAN_POINT ( 'NONE',  ( 9.349295805542913840, 15.01594381184788496, 9.999999999999998224 ) ) ;
#2313 = CARTESIAN_POINT ( 'NONE',  ( -11.92006572099725759, 16.26751210447269003, 28.51980632311063246 ) ) ;
#2314 = CARTESIAN_POINT ( 'NONE',  ( -12.30148798407998001, 17.50054801473630306, 12.00000000000000178 ) ) ;
#2315 = CARTESIAN_POINT ( 'NONE',  ( -2.064759760871185179, 35.98197538148440344, 27.99999999999999289 ) ) ;
#2316 = ORIENTED_EDGE ( 'NONE', *, *, #793, .T. ) ;
#2317 = CARTESIAN_POINT ( 'NONE',  ( 10.29987661022601486, 17.29523390922098258, 29.99999999999999645 ) ) ;
#2318 = CARTESIAN_POINT ( 'NONE',  ( -10.28349329056194961, 17.62443028767206599, 30.00000000000000000 ) ) ;
#2319 = CARTESIAN_POINT ( 'NONE',  ( -9.649119865858159173, 15.02810785575876196, 30.00000000000000000 ) ) ;
#2320 = CARTESIAN_POINT ( 'NONE',  ( 10.12973452144324149, 18.12034722334236037, 10.00000000000000000 ) ) ;
#2321 = DIRECTION ( 'NONE',  ( -0.8660254037844383745, 0.5000000000000003331, 0.000000000000000000 ) ) ;
#2322 = CARTESIAN_POINT ( 'NONE',  ( -0.07384335229689507896, 36.98563517750690011, 11.29412366739014573 ) ) ;
#2323 = COLOUR_RGB ( '',0.000000000000000000, 0.000000000000000000, 1.000000000000000000 ) ;
#2324 = CARTESIAN_POINT ( 'NONE',  ( -0.003829886397965177099, 35.11207406871692882, 10.00000000000001599 ) ) ;
#2325 = CARTESIAN_POINT ( 'NONE',  ( 0.4615188009176650064, 36.74832244288679561, 29.05845716875883511 ) ) ;
#2326 = CARTESIAN_POINT ( 'NONE',  ( 10.44825457269222113, 15.16992276398961437, 28.00000000000000000 ) ) ;
#2327 = CARTESIAN_POINT ( 'NONE',  ( -0.07906424812444950989, 37.11330471593048230, 28.13208970739156811 ) ) ;
#2328 = CARTESIAN_POINT ( 'NONE',  ( -10.31939695992443440, 17.26544929419830510, 10.00040231597542117 ) ) ;
#2329 =( NAMED_UNIT ( * ) PLANE_ANGLE_UNIT ( ) SI_UNIT ( $, .RADIAN. ) );
#2330 = CARTESIAN_POINT ( 'NONE',  ( 0.3751745001713721606, 37.07765128546878941, 29.99999999999998934 ) ) ;
#2331 = CARTESIAN_POINT ( 'NONE',  ( -12.10891709668938176, 16.65769281194621598, 11.47982072338648507 ) ) ;
#2332 = FACE_OUTER_BOUND ( 'NONE', #1492, .T. ) ;
#2333 = ADVANCED_FACE ( 'NONE', ( #1976 ), #1319, .T. ) ;
#2334 = CARTESIAN_POINT ( 'NONE',  ( -11.92697386112913804, 16.15594363321108773, 28.13208961408316000 ) ) ;
#2335 = CARTESIAN_POINT ( 'NONE',  ( -12.21629208148483592, 16.77877179731672896, 9.999999999999980460 ) ) ;
#2336 = CARTESIAN_POINT ( 'NONE',  ( -0.8821006443586784096, 36.91695731628654187, 28.00000000000000711 ) ) ;
#2337 = VERTEX_POINT ( 'NONE', #3509 ) ;
#2338 = CARTESIAN_POINT ( 'NONE',  ( 10.75241607339034822, 17.08016571971016617, 29.93286606610720213 ) ) ;
#2339 = CARTESIAN_POINT ( 'NONE',  ( -10.29950747312628145, 17.49245316594791788, 29.99999999999998224 ) ) ;
#2340 = CARTESIAN_POINT ( 'NONE',  ( -10.11442912384999460, 17.18371907380280561, 30.00000000000000000 ) ) ;
#2341 = CARTESIAN_POINT ( 'NONE',  ( 10.29675188724050194, 17.35435430772579579, 10.00000000000000000 ) ) ;
#2342 = CARTESIAN_POINT ( 'NONE',  ( 9.071796769724482346, 15.00000000000000355, 12.00000000000000000 ) ) ;
#2343 = CARTESIAN_POINT ( 'NONE',  ( 0.5398559618890950151, 37.02631522393402719, 11.73724766624832583 ) ) ;
#2344 = CARTESIAN_POINT ( 'NONE',  ( 11.68049156595835036, 15.86643832357465378, 11.68106645659454124 ) ) ;
#2345 = CARTESIAN_POINT ( 'NONE',  ( 0.0006379209085109772146, 35.11281269567290053, 30.00000000000000000 ) ) ;
#2346 = CARTESIAN_POINT ( 'NONE',  ( 11.86473377202020885, 16.07427730593477477, 30.00000000000000000 ) ) ;
#2347 = CARTESIAN_POINT ( 'NONE',  ( 12.13613704384646397, 18.47977716463168463, 12.00000000000000000 ) ) ;
#2348 = CARTESIAN_POINT ( 'NONE',  ( 0.09656092781625490173, 37.00667802276418428, 28.64467176704918927 ) ) ;
#2349 = B_SPLINE_CURVE_WITH_KNOTS ( 'NONE', 3,
 ( #588, #2040, #3487, #232, #2776, #4239, #972, #2419 ),
 .UNSPECIFIED., .F., .F.,
 ( 4, 2, 2, 4 ),
 ( 0.000000000000000000, 0.0006993866453320053645, 0.001398773290664010729, 0.002797546581328020157 ),
 .UNSPECIFIED. ) ;
#2350 = CARTESIAN_POINT ( 'NONE',  ( 11.57515366036027338, 16.19319545733020149, 29.05761272032129128 ) ) ;
#2351 = FACE_OUTER_BOUND ( 'NONE', #2137, .T. ) ;
#2352 = CARTESIAN_POINT ( 'NONE',  ( 0.3592182567041460328, 36.38529011849303174, 10.49276244184327034 ) ) ;
#2353 = CARTESIAN_POINT ( 'NONE',  ( 1.794208883533735532, 36.27578488335929308, 27.99999999999999645 ) ) ;
#2354 = CARTESIAN_POINT ( 'NONE',  ( -11.75095917055173800, 16.37418548956947006, 10.99980330907643022 ) ) ;
#2355 = CARTESIAN_POINT ( 'NONE',  ( 0.2866254283158365945, 37.09227719888561836, 11.99999999999997335 ) ) ;
#2356 = CARTESIAN_POINT ( 'NONE',  ( -11.48157745164061971, 16.09457911053436519, 29.05844844589459086 ) ) ;
#2357 = CARTESIAN_POINT ( 'NONE',  ( -12.16422040823152884, 16.61686418122240738, 12.00000000000001066 ) ) ;
#2358 = CARTESIAN_POINT ( 'NONE',  ( 10.26716352781613040, 17.27797736725327482, 10.00000000000000000 ) ) ;
#2359 = ORIENTED_EDGE ( 'NONE', *, *, #503, .T. ) ;
#2360 = CARTESIAN_POINT ( 'NONE',  ( 10.66114744677702220, 16.94520362310335315, 29.93321772421116123 ) ) ;
#2361 = CARTESIAN_POINT ( 'NONE',  ( -12.05250246189450891, 18.69808717765040740, 30.00000000000000355 ) ) ;
#2362 = CARTESIAN_POINT ( 'NONE',  ( -11.79885824992937238, 15.99379862624430970, 29.99999999999999289 ) ) ;
#2363 = CARTESIAN_POINT ( 'NONE',  ( 12.24176798115089149, 16.87832541345007797, 12.00000000000000000 ) ) ;
#2364 = CARTESIAN_POINT ( 'NONE',  ( -0.5043912281212395987, 36.96968985171627509, 11.39229770686994136 ) ) ;
#2365 = CARTESIAN_POINT ( 'NONE',  ( -0.1647868604098449707, 37.05615910805835966, 11.54404669874909928 ) ) ;
#2366 = CARTESIAN_POINT ( 'NONE',  ( -0.3508460356903729815, 37.08927020567375621, 27.99999999990996358 ) ) ;
#2367 = CARTESIAN_POINT ( 'NONE',  ( -0.3537938134972821724, 37.08121971129784811, 9.999999999999998224 ) ) ;
#2368 = CARTESIAN_POINT ( 'NONE',  ( 0.3592175495354368864, 36.38529003897260594, 29.50723778925389951 ) ) ;
#2369 = CARTESIAN_POINT ( 'NONE',  ( -9.937822173508939372, 18.49999999999997513, 30.00000000000000000 ) ) ;
#2370 = CARTESIAN_POINT ( 'NONE',  ( 0.3591367018106109699, 37.03003850669555419, 28.45620754113716799 ) ) ;
#2371 = CARTESIAN_POINT ( 'NONE',  ( 11.74691808882866262, 16.25732172351672133, 28.88502912816034396 ) ) ;
#2372 = CARTESIAN_POINT ( 'NONE',  ( -11.14333487797948941, 16.43534985939096416, 29.59161234738875024 ) ) ;
#2373 = CARTESIAN_POINT ( 'NONE',  ( 0.09140940924869504769, 36.90682939016101471, 11.11509778289929429 ) ) ;
#2374 = CARTESIAN_POINT ( 'NONE',  ( 1.561753828269200062, 36.48644937870151495, 29.99999999999999645 ) ) ;
#2375 = CARTESIAN_POINT ( 'NONE',  ( -11.62644854162781982, 16.06486085978305667, 11.17293834714223699 ) ) ;
#2376 = CARTESIAN_POINT ( 'NONE',  ( 10.84842945921743329, 15.35652863476470209, 10.00000000000001599 ) ) ;
#2377 = CARTESIAN_POINT ( 'NONE',  ( -11.96442143625655596, 16.87353435829689019, 29.00167907809086998 ) ) ;
#2378 = CARTESIAN_POINT ( 'NONE',  ( -12.15601433638934026, 16.59490155603582906, 9.999999999999980460 ) ) ;
#2379 = CARTESIAN_POINT ( 'NONE',  ( -0.005083355985255653443, 35.11184963372414103, 30.00000000000000000 ) ) ;
#2380 = ORIENTED_EDGE ( 'NONE', *, *, #4623, .T. ) ;
#2381 = CARTESIAN_POINT ( 'NONE',  ( 10.43578883028883553, 17.20134258484260670, 10.00532059904367799 ) ) ;
#2382 = CARTESIAN_POINT ( 'NONE',  ( -11.69416440405248636, 15.88039255814209838, 11.68027877134878345 ) ) ;
#2383 = CARTESIAN_POINT ( 'NONE',  ( -12.24028335797300748, 16.87368339462486588, 28.00000000000000711 ) ) ;
#2384 = CARTESIAN_POINT ( 'NONE',  ( 1.792204251169244644, 36.27776078816913241, 11.99999999999999467 ) ) ;
#2385 = CARTESIAN_POINT ( 'NONE',  ( -11.83463407003665857, 16.03672533453580584, 27.99999999999999645 ) ) ;
#2386 = CARTESIAN_POINT ( 'NONE',  ( 12.28048732638430707, 17.09911216276903190, 10.00000000000003375 ) ) ;
#2387 = CARTESIAN_POINT ( 'NONE',  ( -0.4607998776697904142, 36.80943522539146784, 11.03611756107050290 ) ) ;
#2388 = CARTESIAN_POINT ( 'NONE',  ( -0.3169895672479662307, 36.90901911621647713, 11.17345362060156511 ) ) ;
#2389 = CARTESIAN_POINT ( 'NONE',  ( 12.27877210681905140, 17.81307409214449322, 30.00000000000000000 ) ) ;
#2390 = CARTESIAN_POINT ( 'NONE',  ( 0.004962719513859638852, 35.11352049730830061, 10.00000000000000000 ) ) ;
#2391 = CARTESIAN_POINT ( 'NONE',  ( 11.37126307992848417, 16.18371960490740591, 29.25652192032902121 ) ) ;
#2392 = CIRCLE ( 'NONE', #878, 2.000000000000000000 ) ;
#2393 = CARTESIAN_POINT ( 'NONE',  ( 0.09284068160265998571, 36.93473645169567021, 28.82602958910520030 ) ) ;
#2394 = CARTESIAN_POINT ( 'NONE',  ( 11.89882202101539832, 16.45083312333517966, 28.82600765424975009 ) ) ;
#2395 = CARTESIAN_POINT ( 'NONE',  ( -11.68503961798231039, 15.88959617761206999, 28.26275016499518955 ) ) ;
#2396 = CARTESIAN_POINT ( 'NONE',  ( 10.90527102966004769, 17.13543327309884390, 10.10463938827193253 ) ) ;
#2397 = CARTESIAN_POINT ( 'NONE',  ( 0.1657586946360910529, 36.83932144522661645, 10.99964472903365653 ) ) ;
#2398 = CARTESIAN_POINT ( 'NONE',  ( 1.461979692019459431, 36.56593092184640170, 28.00000000000000355 ) ) ;
#2399 = CARTESIAN_POINT ( 'NONE',  ( -11.86922231024952623, 16.29963865224094022, 11.29412366728943873 ) ) ;
#2400 = CARTESIAN_POINT ( 'NONE',  ( 11.10090387704177672, 15.44328396983138951, 12.00000000000000178 ) ) ;
#2401 = CARTESIAN_POINT ( 'NONE',  ( -11.75834073821238057, 16.27378179649385714, 28.88498347089356599 ) ) ;
#2402 = CARTESIAN_POINT ( 'NONE',  ( -12.27809061701063698, 17.07992845268851667, 10.00000000000001243 ) ) ;
#2403 = CARTESIAN_POINT ( 'NONE',  ( -0.002889879283336946932, 35.11223452943349344, 29.99999999999998579 ) ) ;
#2404 = ORIENTED_EDGE ( 'NONE', *, *, #2687, .F. ) ;
#2405 = CARTESIAN_POINT ( 'NONE',  ( 10.32546892272479333, 17.27259850741017644, 10.00041484615625720 ) ) ;
#2406 = CARTESIAN_POINT ( 'NONE',  ( -10.92260664394174441, 15.34535357334264027, 11.99999999999999822 ) ) ;
#2407 = B_SPLINE_CURVE_WITH_KNOTS ( 'NONE', 3,
 ( #1973, #3806, #2395, #3463, #540, #4618, #4192, #1274, #1347, #1993, #4531, #924, #166, #1634, #2372, #1611, #3064, #3830, #563, #256, #209, #1656, #1297, #2752, #4216, #948 ),
 .UNSPECIFIED., .F., .F.,
 ( 4, 2, 2, 2, 2, 2, 2, 2, 2, 2, 2, 1, 1, 4 ),
 ( 0.000000000000000000, 0.1250000000000000000, 0.1875000000000000000, 0.2500000000000000000, 0.3125000000000000000, 0.3750000000000000000, 0.5000000000000000000, 0.6250000000000000000, 0.7500000000000000000, 0.8125000000000000000, 0.8750000000000000000, 0.9687500000000000000, 0.9843750000000000000, 1.000000000000000000 ),
 .UNSPECIFIED. ) ;
#2408 = CARTESIAN_POINT ( 'NONE',  ( -10.29497750218384944, 17.34197906649857757, 30.00000000000000000 ) ) ;
#2409 = CARTESIAN_POINT ( 'NONE',  ( 0.3883601379319815416, 34.85242694959873688, 9.999999999999987566 ) ) ;
#2410 = CARTESIAN_POINT ( 'NONE',  ( -11.83038482217155796, 16.03153519133050153, 30.00000000000000000 ) ) ;
#2411 = CARTESIAN_POINT ( 'NONE',  ( 10.16988516652971875, 18.02163795739111762, 10.00000000000000000 ) ) ;
#2412 = CARTESIAN_POINT ( 'NONE',  ( -0.08225070152008123747, 35.41764142578820440, 10.02472555520105857 ) ) ;
#2413 = CARTESIAN_POINT ( 'NONE',  ( -0.002469991568287538495, 35.11230317489906838, 10.00000000000000000 ) ) ;
#2414 = CARTESIAN_POINT ( 'NONE',  ( 10.27831757565972026, 17.29280573530840925, 30.00000000000002132 ) ) ;
#2415 = CYLINDRICAL_SURFACE ( 'NONE', #2243, 1.999999999999998224 ) ;
#2416 = CARTESIAN_POINT ( 'NONE',  ( -0.07189475613760196171, 36.93567204340806143, 28.82600765444449564 ) ) ;
#2417 = CARTESIAN_POINT ( 'NONE',  ( 11.74027796027271719, 16.35744734826422331, 29.00022098452152974 ) ) ;
#2418 = EDGE_CURVE ( 'NONE', #2671, #866, #4458, .T. ) ;
#2419 = CARTESIAN_POINT ( 'NONE',  ( -11.66987298107780546, 19.49999999999999289, 27.99999999999999645 ) ) ;
#2420 = CARTESIAN_POINT ( 'NONE',  ( -9.071796769724489451, 17.00000000000000000, 30.00000000000000000 ) ) ;
#2421 = CARTESIAN_POINT ( 'NONE',  ( -0.2667794826645184525, 36.30313794153106244, 10.40873860759566760 ) ) ;
#2422 = CARTESIAN_POINT ( 'NONE',  ( 0.9059748373936662436, 36.90663399258970401, 30.00000000000000000 ) ) ;
#2423 = CARTESIAN_POINT ( 'NONE',  ( -11.72210435072807755, 16.39238387696469701, 10.94305482682368869 ) ) ;
#2424 = ORIENTED_EDGE ( 'NONE', *, *, #2277, .T. ) ;
#2425 = CARTESIAN_POINT ( 'NONE',  ( 11.37420399874698340, 15.61129259604093455, 12.00000000000002665 ) ) ;
#2426 = CARTESIAN_POINT ( 'NONE',  ( -11.91220172021596468, 16.80848582649049305, 29.05814732414957291 ) ) ;
#2427 = CARTESIAN_POINT ( 'NONE',  ( -10.28311693195797361, 17.29700924839148257, 10.00000000000000000 ) ) ;
#2428 = CARTESIAN_POINT ( 'NONE',  ( -0.3250280646143550722, 37.08612661235930119, 30.00000000000000000 ) ) ;
#2429 = ORIENTED_EDGE ( 'NONE', *, *, #1590, .F. ) ;
#2430 = CARTESIAN_POINT ( 'NONE',  ( 10.45660380667768585, 17.24555307426960837, 10.00525045918875833 ) ) ;
#2431 = CARTESIAN_POINT ( 'NONE',  ( -10.83758423555443073, 16.74338443825827838, 10.16012474303915880 ) ) ;
#2432 = CARTESIAN_POINT ( 'NONE',  ( -11.82013081218545381, 16.01909388539814216, 9.999999999999996447 ) ) ;
#2433 = CARTESIAN_POINT ( 'NONE',  ( 1.669244668515441621, 36.39377779006280633, 12.00000000000000000 ) ) ;
#2434 = CARTESIAN_POINT ( 'NONE',  ( -10.28947431777028143, 17.30656591906278763, 30.00000000000000000 ) ) ;
#2435 = ADVANCED_FACE ( 'NONE', ( #3131 ), #186, .F. ) ;
#2436 = CARTESIAN_POINT ( 'NONE',  ( -10.53845951342311515, 17.23599327249554136, 10.01286533652310951 ) ) ;
#2437 = CARTESIAN_POINT ( 'NONE',  ( -0.1373736415133477717, 35.62037699453244244, 10.06991023192828294 ) ) ;
#2438 = CARTESIAN_POINT ( 'NONE',  ( -2.066705853745601562, 35.97967022325904907, 10.00000000000000533 ) ) ;
#2439 = CARTESIAN_POINT ( 'NONE',  ( 0.1698658328508802773, 35.03557673008979378, 10.00000000000000000 ) ) ;
#2440 = CARTESIAN_POINT ( 'NONE',  ( -0.4777347871124996703, 36.87189930438870533, 28.82734960205581132 ) ) ;
#2441 = DIRECTION ( 'NONE',  ( 0.8660254037844387076, -0.4999999999999999445, 0.000000000000000000 ) ) ;
#2442 = CARTESIAN_POINT ( 'NONE',  ( 12.15300881473798711, 16.80608382272529511, 11.47935267006292825 ) ) ;
#2443 = CARTESIAN_POINT ( 'NONE',  ( 0.1918841070278021477, 35.79147505186374900, 10.12693045191043595 ) ) ;
#2444 = CARTESIAN_POINT ( 'NONE',  ( 1.058794484395224611, 36.82991991504185592, 27.99999999999999645 ) ) ;
#2445 = CARTESIAN_POINT ( 'NONE',  ( -11.78468784102197198, 16.77198697371541769, 10.77860041326477614 ) ) ;
#2446 = CARTESIAN_POINT ( 'NONE',  ( 11.73062784007959714, 15.91762770884125011, 11.99999999999999645 ) ) ;
#2447 = CARTESIAN_POINT ( 'NONE',  ( -11.68130128253691957, 16.12738009309358844, 28.82654635190366221 ) ) ;
#2448 = CARTESIAN_POINT ( 'NONE',  ( -12.14462109944724411, 16.56554979390923066, 12.00000000000000533 ) ) ;
#2449 = CARTESIAN_POINT ( 'NONE',  ( -0.3352211769319214385, 37.08442281884631342, 29.99999999999998579 ) ) ;
#2450 = ORIENTED_EDGE ( 'NONE', *, *, #3870, .F. ) ;
#2451 = CARTESIAN_POINT ( 'NONE',  ( 10.29987536580123297, 17.29523185540912777, 10.00000000000000000 ) ) ;
#2452 = CARTESIAN_POINT ( 'NONE',  ( -10.77082311226272360, 16.81064428174969194, 10.12081138705994121 ) ) ;
#2453 = CARTESIAN_POINT ( 'NONE',  ( -11.78696620981205001, 19.29120405427693541, 29.99999999999998934 ) ) ;
#2454 = CARTESIAN_POINT ( 'NONE',  ( 1.286133424982069062, 36.69288567799186040, 11.99999999999999822 ) ) ;
#2455 = CARTESIAN_POINT ( 'NONE',  ( -11.82010264111689501, 16.01905930640900877, 27.99999999999998579 ) ) ;
#2456 = CARTESIAN_POINT ( 'NONE',  ( 0.04122297565499867533, 35.25730375931428995, 10.00556290614817101 ) ) ;
#2457 = CARTESIAN_POINT ( 'NONE',  ( 11.68049140026598742, 15.86643815954198722, 27.99999999999999645 ) ) ;
#2458 = CARTESIAN_POINT ( 'NONE',  ( -0.06565630279914673462, 35.09115081743770048, 10.00000000000001066 ) ) ;
#2459 = CARTESIAN_POINT ( 'NONE',  ( 11.31523003497157021, 16.24122516340075606, 29.34930655384302867 ) ) ;
#2460 = CARTESIAN_POINT ( 'NONE',  ( -0.4093916844555180456, 36.94155918936268534, 28.70683836944048295 ) ) ;
#2461 = CARTESIAN_POINT ( 'NONE',  ( -0.2191745063818841543, 36.09085773976895695, 10.26375228323347066 ) ) ;
#2462 = CARTESIAN_POINT ( 'NONE',  ( -11.44468410420174287, 15.66286474501995940, 9.999999999999991118 ) ) ;
#2463 = CARTESIAN_POINT ( 'NONE',  ( 12.16567479239906824, 16.61608851441357260, 27.99999999990994937 ) ) ;
#2464 = CARTESIAN_POINT ( 'NONE',  ( -10.85678410642416480, 17.00743439703408555, 10.10530909725144610 ) ) ;
#2465 = AXIS2_PLACEMENT_3D ( 'NONE', #1680, #1252, #3085 ) ;
#2466 = CARTESIAN_POINT ( 'NONE',  ( 11.15198261085833309, 15.49869217869284377, 10.00000000000000178 ) ) ;
#2467 = CARTESIAN_POINT ( 'NONE',  ( -11.39419143640732912, 16.79404878141841095, 29.59039096529350488 ) ) ;
#2468 = CARTESIAN_POINT ( 'NONE',  ( -12.13854493507980159, 16.55041361386650678, 9.999999999999998224 ) ) ;
#2469 = B_SPLINE_CURVE_WITH_KNOTS ( 'NONE', 3,
 ( #3594, #1382, #2854, #4298, #1029, #4320, #2522, #2195 ),
 .UNSPECIFIED., .F., .F.,
 ( 4, 2, 2, 4 ),
 ( 0.000000000000000000, 0.0006993866453317635875, 0.001398773290663527175, 0.002797546581327054350 ),
 .UNSPECIFIED. ) ;
#2470 = CARTESIAN_POINT ( 'NONE',  ( 0.1235845870521993795, 35.06167043867404942, 30.00000000000000000 ) ) ;
#2471 = ORIENTED_EDGE ( 'NONE', *, *, #4032, .T. ) ;
#2472 = CARTESIAN_POINT ( 'NONE',  ( -0.1995565804069459326, 35.84897399925848305, 29.84913797624475151 ) ) ;
#2473 = CARTESIAN_POINT ( 'NONE',  ( -11.32533507659389826, 16.25197955914183012, 10.65045979362544060 ) ) ;
#2474 = CARTESIAN_POINT ( 'NONE',  ( -11.79886160493507141, 15.99380244905642279, 10.00000000000000000 ) ) ;
#2475 = CARTESIAN_POINT ( 'NONE',  ( 1.559287289687652400, 36.48850494174065062, 12.00000000000000355 ) ) ;
#2476 = CARTESIAN_POINT ( 'NONE',  ( -0.5244500735342090270, 37.04365363142145640, 12.00000000000000000 ) ) ;
#2477 = CARTESIAN_POINT ( 'NONE',  ( 0.1037871270543108126, 35.47884777775026777, 10.03632888082528396 ) ) ;
#2478 = CARTESIAN_POINT ( 'NONE',  ( 1.327738190310581823, 36.67793455744229192, 12.00000000000000000 ) ) ;
#2479 = CARTESIAN_POINT ( 'NONE',  ( -0.1859735452238629738, 35.02365684924523492, 10.00000000000000000 ) ) ;
#2480 = CARTESIAN_POINT ( 'NONE',  ( 11.68578688567997936, 15.87161230600779938, 27.99999999999999645 ) ) ;
#2481 = CARTESIAN_POINT ( 'NONE',  ( 11.51146989075154714, 16.03981155418787807, 28.96282055084121154 ) ) ;
#2482 = CARTESIAN_POINT ( 'NONE',  ( -0.3716232788277735177, 36.77191282633804548, 29.05810873086853974 ) ) ;
#2483 = CARTESIAN_POINT ( 'NONE',  ( -0.09898680522920004499, 35.55581977064831989, 10.05099171008826353 ) ) ;
#2484 = CARTESIAN_POINT ( 'NONE',  ( -9.602101947339580335, 17.03820857407017897, 10.00000000000000533 ) ) ;
#2485 = CARTESIAN_POINT ( 'NONE',  ( -0.4306004454241007529, 34.81229576463893238, 10.00000000000000000 ) ) ;
#2486 = CARTESIAN_POINT ( 'NONE',  ( -11.53239076612728198, 16.86115963452161992, 10.49358223084895236 ) ) ;
#2487 = VERTEX_POINT ( 'NONE', #2015 ) ;
#2488 = CARTESIAN_POINT ( 'NONE',  ( 11.86026172653668453, 16.06854184452081924, 11.99999999999997513 ) ) ;
#2489 = ADVANCED_FACE ( 'NONE', ( #2351 ), #4574, .T. ) ;
#2490 = CARTESIAN_POINT ( 'NONE',  ( -11.45245558010818243, 16.94776702458659656, 29.59130396719595524 ) ) ;
#2491 = CARTESIAN_POINT ( 'NONE',  ( -12.22386278016674588, 16.80758487395407030, 11.99999999998545341 ) ) ;
#2492 = CARTESIAN_POINT ( 'NONE',  ( 10.00429479142516520, 15.07267044104392717, 11.99999999999999822 ) ) ;
#2493 = CARTESIAN_POINT ( 'NONE',  ( -0.0007430868400145271280, 35.11300552178578016, 29.99999999999999289 ) ) ;
#2494 = CARTESIAN_POINT ( 'NONE',  ( -0.01791758468502119284, 35.18077239246971288, 29.99877614402327808 ) ) ;
#2495 = CARTESIAN_POINT ( 'NONE',  ( -10.28085663062343080, 17.29607956335044605, 10.00000000000000000 ) ) ;
#2496 = CARTESIAN_POINT ( 'NONE',  ( 0.01059578321597409722, 35.11096367069661994, 10.00000000000001243 ) ) ;
#2497 = CARTESIAN_POINT ( 'NONE',  ( 11.14129160557920173, 17.07313186892108448, 29.79789446499199457 ) ) ;
#2498 = CARTESIAN_POINT ( 'NONE',  ( 0.06104188127391701330, 35.32715675720867665, 10.01218554226235113 ) ) ;
#2499 = CARTESIAN_POINT ( 'NONE',  ( 1.088658555969433728, 36.83101810174130009, 12.00000000000000000 ) ) ;
#2500 = CARTESIAN_POINT ( 'NONE',  ( -0.4279567115369098396, 34.81511352183127173, 10.00000000000000533 ) ) ;
#2501 = CARTESIAN_POINT ( 'NONE',  ( -10.66807940948823052, 17.05789016732464702, 29.94870222281832284 ) ) ;
#2502 = CARTESIAN_POINT ( 'NONE',  ( 10.26845152803901584, 17.28296839048725886, 29.99999999999999645 ) ) ;
#2503 = LINE ( 'NONE', #2154, #1398 ) ;
#2504 = CARTESIAN_POINT ( 'NONE',  ( -10.36395792507322433, 17.22055587468911142, 10.00315049983842641 ) ) ;
#2505 = CARTESIAN_POINT ( 'NONE',  ( 10.28593978167483947, 17.30488395910843380, 30.00000000000000000 ) ) ;
#2506 = CARTESIAN_POINT ( 'NONE',  ( -0.02785729463784613127, 35.81764699889333770, 10.12770705112878034 ) ) ;
#2507 = CARTESIAN_POINT ( 'NONE',  ( 11.78918696128130073, 16.50857436888145102, 10.94305482704907639 ) ) ;
#2508 = CARTESIAN_POINT ( 'NONE',  ( -10.96051298022564247, 15.36689271640883270, 10.00000000000000000 ) ) ;
#2509 = CARTESIAN_POINT ( 'NONE',  ( 11.95388696432960529, 16.21877935147541550, 28.26249821818767671 ) ) ;
#2510 = CARTESIAN_POINT ( 'NONE',  ( -11.39419125538340438, 16.79404816827966229, 10.40960908557820730 ) ) ;
#2511 = ORIENTED_EDGE ( 'NONE', *, *, #3822, .T. ) ;
#2512 = CARTESIAN_POINT ( 'NONE',  ( 11.81405721294374089, 16.01034623473066176, 10.00000000000001243 ) ) ;
#2513 = B_SPLINE_CURVE_WITH_KNOTS ( 'NONE', 3,
 ( #916, #3527, #2364, #2387, #3550, #1291, #3821, #3895, #2102, #2744, #2814, #581, #1718, #3148, #4255, #2793, #1741, #3125, #555, #3916, #1649, #629, #1696, #988, #607, #2033, #3190, #4208, #2437, #273, #2768, #3479, #1316, #966, #4232, #3169, #2007, #2412, #3455, #3873, #4635, #2057, #4656, #3504, #1363, #3100, #250, #4277, #4613, #1010, #202, #3962, #3940, #29, #2882, #1405, #341, #2856, #1476, #3596 ),
 .UNSPECIFIED., .F., .F.,
 ( 4, 2, 2, 2, 1, 1, 1, 2, 2, 2, 2, 2, 1, 1, 2, 2, 2, 2, 1, 1, 2, 2, 2, 1, 1, 2, 2, 2, 1, 2, 2, 2, 2, 2, 4 ),
 ( 0.000000000000000000, 0.2500000000001459388, 0.3750000000002181588, 0.4375000000002529643, 0.4687500000002703393, 0.4843750000002783329, 0.4921875000002822742, 0.4960937500002821632, 0.5000000000002819966, 0.6250000000003212985, 0.6875000000003378409, 0.7187500000003460565, 0.7343750000003465006, 0.7421875000003462786, 0.7460937500003422818, 0.7500000000003381739, 0.8125000000002253753, 0.8437500000001719735, 0.8593750000001421085, 0.8671875000001230127, 0.8710937500001134648, 0.8750000000001040279, 0.9062500000000468514, 0.9218750000000183187, 0.9296875000000041078, 0.9335937499999970024, 0.9374999999999897859, 0.9531249999999773515, 0.9609374999999711342, 0.9648437499999714673, 0.9687499999999719114, 0.9843749999999894529, 0.9882812499999920064, 0.9921874999999946709, 1.000000000000000000 ),
 .UNSPECIFIED. ) ;
#2514 = CARTESIAN_POINT ( 'NONE',  ( -10.96359486271490979, 16.72929638079440551, 29.79729527969361058 ) ) ;
#2515 = LINE ( 'NONE', #2784, #1175 ) ;
#2516 = EDGE_CURVE ( 'NONE', #2337, #4248, #613, .T. ) ;
#2517 = EDGE_LOOP ( 'NONE', ( #1733, #3888, #4225, #1643 ) ) ;
#2518 = CARTESIAN_POINT ( 'NONE',  ( -0.1762844870749296633, 35.76342495418541745, 29.88331510623658005 ) ) ;
#2519 = CARTESIAN_POINT ( 'NONE',  ( 0.2440323813272278486, 36.41316982531542124, 29.50641787329518806 ) ) ;
#2520 = CARTESIAN_POINT ( 'NONE',  ( 0.4319509957931071398, 37.06611091382515610, 12.00000000000001421 ) ) ;
#2521 = CARTESIAN_POINT ( 'NONE',  ( 11.87235520948969558, 16.16766394188810807, 11.54402413377185077 ) ) ;
#2522 = CARTESIAN_POINT ( 'NONE',  ( 2.362053728816547071, 35.62161585258424168, 27.99999999999999645 ) ) ;
#2523 = CARTESIAN_POINT ( 'NONE',  ( 0.2075591285237328720, 35.84710067845711023, 10.15084214318518896 ) ) ;
#2524 = CARTESIAN_POINT ( 'NONE',  ( -1.947669349787713999, 36.12672086201559551, 28.00000000000000000 ) ) ;
#2525 = CARTESIAN_POINT ( 'NONE',  ( 11.64882228934534503, 16.65943235917414711, 29.32142746255185273 ) ) ;
#2526 = CARTESIAN_POINT ( 'NONE',  ( -0.7560215777699508255, 34.39517280562650825, 9.999999999999989342 ) ) ;
#2527 = CARTESIAN_POINT ( 'NONE',  ( -10.86948592594352192, 17.03358213745864802, 29.89475424888695088 ) ) ;
#2528 = CARTESIAN_POINT ( 'NONE',  ( 12.01952734273781331, 16.84131722670171882, 11.11372695660268128 ) ) ;
#2529 = CARTESIAN_POINT ( 'NONE',  ( 10.24112627246821994, 15.12588745145242797, 27.99999999999999645 ) ) ;
#2530 = CARTESIAN_POINT ( 'NONE',  ( 10.30683571604540916, 17.27592716075568546, 30.00000000000000000 ) ) ;
#2531 = CARTESIAN_POINT ( 'NONE',  ( -10.50709620672790479, 17.07635455730009610, 10.02472555373270424 ) ) ;
#2532 = EDGE_CURVE ( 'NONE', #712, #1215, #2407, .T. ) ;
#2533 = CARTESIAN_POINT ( 'NONE',  ( 10.29716980572938922, 17.35769463265641122, 30.00000000000000000 ) ) ;
#2534 = CARTESIAN_POINT ( 'NONE',  ( -0.01233947649204780207, 35.16054173248232928, 10.00040231597542117 ) ) ;
#2535 = CARTESIAN_POINT ( 'NONE',  ( 11.61859581741286718, 16.59840576791529898, 10.67868823012982915 ) ) ;
#2536 = CARTESIAN_POINT ( 'NONE',  ( -10.25137559771360429, 17.26816746131314062, 10.00000000000000000 ) ) ;
#2537 = CARTESIAN_POINT ( 'NONE',  ( 11.67144580124166531, 15.87571972295021361, 28.26275238851785332 ) ) ;
#2538 = CARTESIAN_POINT ( 'NONE',  ( -10.80340039094102522, 16.82221500070998133, 10.12715873777704800 ) ) ;
#2539 = ORIENTED_EDGE ( 'NONE', *, *, #1345, .T. ) ;
#2540 = CARTESIAN_POINT ( 'NONE',  ( 11.86314405267242122, 16.07223718972506177, 11.99999999999999822 ) ) ;
#2541 = CARTESIAN_POINT ( 'NONE',  ( -10.99016513116594496, 16.58966446490871860, 29.73655289636880994 ) ) ;
#2542 = VECTOR ( 'NONE', #1671, 1000.000000000000000 ) ;
#2543 = ORIENTED_EDGE ( 'NONE', *, *, #2574, .T. ) ;
#2544 = CARTESIAN_POINT ( 'NONE',  ( -0.07800714406349397445, 35.40203395054532365, 29.97758469558795724 ) ) ;
#2545 = CARTESIAN_POINT ( 'NONE',  ( -0.2123311709933475844, 36.31396004187745774, 29.59079127068782000 ) ) ;
#2546 = CARTESIAN_POINT ( 'NONE',  ( 0.4157071092678465973, 37.06957355822421363, 11.99999999999998401 ) ) ;
#2547 = CARTESIAN_POINT ( 'NONE',  ( 11.92152996736787784, 16.23988373367684801, 11.54408686703065712 ) ) ;
#2548 = CARTESIAN_POINT ( 'NONE',  ( -12.09065058647671975, 16.42999554782903715, 27.99999999990995647 ) ) ;
#2549 = CARTESIAN_POINT ( 'NONE',  ( -10.15174478033903327, 18.07011670158962247, 10.00000000000000355 ) ) ;
#2550 = CARTESIAN_POINT ( 'NONE',  ( -0.8660254037844319353, 34.21281292110204930, 30.00000000000000000 ) ) ;
#2551 = CARTESIAN_POINT ( 'NONE',  ( 11.19145289581752500, 16.87429964958664286, 29.73549620638597091 ) ) ;
#2552 = CARTESIAN_POINT ( 'NONE',  ( -10.28515037751806460, 17.30203196886243333, 29.99999999999998579 ) ) ;
#2553 = CARTESIAN_POINT ( 'NONE',  ( -10.29850223424583255, 17.29171941490102782, 30.00000000000000000 ) ) ;
#2554 = CARTESIAN_POINT ( 'NONE',  ( -11.93290795970315266, 19.00609232891572020, 12.00000000000000355 ) ) ;
#2555 = CARTESIAN_POINT ( 'NONE',  ( 9.957588385907799378, 15.06958956057395227, 28.00000000000001776 ) ) ;
#2556 = CARTESIAN_POINT ( 'NONE',  ( -0.2335957986586214841, 34.98815088937985252, 29.99999999999998579 ) ) ;
#2557 = CARTESIAN_POINT ( 'NONE',  ( -10.43225246445054211, 17.15175007712210231, 10.01095380859469230 ) ) ;
#2558 = CARTESIAN_POINT ( 'NONE',  ( 0.1475180112929930232, 35.73903542533955857, 29.89519344217575991 ) ) ;
#2559 = CARTESIAN_POINT ( 'NONE',  ( 12.30133716548006007, 17.30187627147394736, 27.99999999999995026 ) ) ;
#2560 = CARTESIAN_POINT ( 'NONE',  ( -0.003692181044668161206, 35.12874425544386980, 10.00000000000000000 ) ) ;
#2561 = CARTESIAN_POINT ( 'NONE',  ( -10.00159985327399959, 15.07675157742774275, 9.999999999999861444 ) ) ;
#2562 = CARTESIAN_POINT ( 'NONE',  ( -0.1226957411086817551, 35.06237925254939114, 9.999999999999998224 ) ) ;
#2563 = CARTESIAN_POINT ( 'NONE',  ( -10.92632568441234220, 17.00766880265627279, 10.12762206938630349 ) ) ;
#2564 = CARTESIAN_POINT ( 'NONE',  ( -11.36958926982770990, 16.54397709649574821, 29.50587678708432549 ) ) ;
#2565 = ORIENTED_EDGE ( 'NONE', *, *, #1237, .T. ) ;
#2566 = CARTESIAN_POINT ( 'NONE',  ( 0.8660254037844345998, 34.21281292110202088, 12.00000000000000000 ) ) ;
#2567 = CARTESIAN_POINT ( 'NONE',  ( 0.6044036073708755064, 37.02131420143603435, 9.999999999999994671 ) ) ;
#2568 = CARTESIAN_POINT ( 'NONE',  ( 12.04523661417784730, 16.65930539894978679, 11.29363545132063607 ) ) ;
#2569 = CARTESIAN_POINT ( 'NONE',  ( -2.346169679085859716, 35.61345394817009691, 28.00000000000000000 ) ) ;
#2570 = CARTESIAN_POINT ( 'NONE',  ( 10.30190285006698936, 17.43143776145147683, 30.00000000000000355 ) ) ;
#2571 = CARTESIAN_POINT ( 'NONE',  ( 1.954338669128004691, 36.11915333290026808, 12.00000000000000000 ) ) ;
#2572 = CARTESIAN_POINT ( 'NONE',  ( 11.36388240899997193, 16.73239616259979456, 29.59024181787130559 ) ) ;
#2573 = CARTESIAN_POINT ( 'NONE',  ( -12.13676200554748519, 16.54601264141222572, 30.00000000000000711 ) ) ;
#2574 = EDGE_CURVE ( 'NONE', #3497, #173, #2349, .T. ) ;
#2575 = CARTESIAN_POINT ( 'NONE',  ( -10.68847153648767012, 17.09361204970070247, 29.94871106419648754 ) ) ;
#2576 = CARTESIAN_POINT ( 'NONE',  ( 12.15346872718779458, 16.58897273305697340, 12.00000000000000000 ) ) ;
#2577 = CARTESIAN_POINT ( 'NONE',  ( 9.562291183050774634, 15.01846537984218344, 28.00000000000012079 ) ) ;
#2578 = CARTESIAN_POINT ( 'NONE',  ( 0.0006379209085110161374, 35.11281269567290053, 30.00000000000000000 ) ) ;
#2579 = CARTESIAN_POINT ( 'NONE',  ( 10.39247132946113439, 17.18818693159973421, 10.00594697348366502 ) ) ;
#2580 = CARTESIAN_POINT ( 'NONE',  ( -0.001378585991620831551, 35.16224619546040486, 29.99958538883644721 ) ) ;
#2581 = CARTESIAN_POINT ( 'NONE',  ( 12.22857468294291827, 16.81962014550365581, 29.99999999999997513 ) ) ;
#2582 = CARTESIAN_POINT ( 'NONE',  ( -0.006706889934193281493, 35.29346940729536897, 10.00532211993050247 ) ) ;
#2583 = CARTESIAN_POINT ( 'NONE',  ( -10.28455231187830421, 17.30055473308395619, 10.00000000000000000 ) ) ;
#2584 = CARTESIAN_POINT ( 'NONE',  ( 10.28391317934107185, 17.29944765700217246, 30.00000000000000000 ) ) ;
#2585 = CARTESIAN_POINT ( 'NONE',  ( -10.30037421093189742, 17.29578062440652886, 10.00000000000000000 ) ) ;
#2586 = CARTESIAN_POINT ( 'NONE',  ( 10.28241158771849229, 17.29753117114144345, 10.00000000000000355 ) ) ;
#2587 = CARTESIAN_POINT ( 'NONE',  ( 0.5068404720587158518, 37.04852535990913509, 28.00000000000001421 ) ) ;
#2588 = CARTESIAN_POINT ( 'NONE',  ( -12.07291438560319286, 16.67026149132949442, 11.35485653384832361 ) ) ;
#2589 = CARTESIAN_POINT ( 'NONE',  ( 0.3592175495354368864, 36.38529003897260594, 29.50723778925389951 ) ) ;
#2590 = CARTESIAN_POINT ( 'NONE',  ( 0.6923930049708786338, 36.99266767447158344, 9.999999999999987566 ) ) ;
#2591 = CARTESIAN_POINT ( 'NONE',  ( 12.13011958400908341, 16.72217928526871589, 11.47950159209560717 ) ) ;
#2592 = CARTESIAN_POINT ( 'NONE',  ( 10.90281777488617898, 16.66439649152112068, 10.20209306004691641 ) ) ;
#2593 = CARTESIAN_POINT ( 'NONE',  ( -11.81723828416884103, 16.01257877894683190, 27.99999999990995292 ) ) ;
#2594 = CARTESIAN_POINT ( 'NONE',  ( -12.00517138485073332, 18.82414640408116568, 10.00000000000000533 ) ) ;
#2595 = CARTESIAN_POINT ( 'NONE',  ( -0.3924954796395717649, 36.86551927640496018, 11.11403017177192432 ) ) ;
#2596 = CARTESIAN_POINT ( 'NONE',  ( -0.5561500165080860425, 37.03685271530106604, 30.00000000000002487 ) ) ;
#2597 = CARTESIAN_POINT ( 'NONE',  ( 11.61859453212834836, 16.59840329598704045, 29.32131178501936120 ) ) ;
#2598 = CARTESIAN_POINT ( 'NONE',  ( -10.28712209066612004, 17.30751628755075089, 30.00000000000000355 ) ) ;
#2599 = CARTESIAN_POINT ( 'NONE',  ( -11.29115985148999712, 15.55219783899024932, 28.00000000000004263 ) ) ;
#2600 = CARTESIAN_POINT ( 'NONE',  ( 10.28356363912774540, 17.29852382184148141, 10.00000000000000000 ) ) ;
#2601 = CARTESIAN_POINT ( 'NONE',  ( 10.81168018394524388, 15.30732968850214881, 27.99999999999999289 ) ) ;
#2602 = CARTESIAN_POINT ( 'NONE',  ( 10.60126778485511956, 16.97382380896820209, 29.94787389011006340 ) ) ;
#2603 = CARTESIAN_POINT ( 'NONE',  ( 10.40644306277081554, 17.17375232197113277, 10.00764703066423777 ) ) ;
#2604 = CARTESIAN_POINT ( 'NONE',  ( -0.05090493681708065793, 35.40242394384500813, 29.98065138743221070 ) ) ;
#2605 = CARTESIAN_POINT ( 'NONE',  ( 10.85844525283745199, 16.89009644653208397, 10.12762206941671650 ) ) ;
#2606 = CARTESIAN_POINT ( 'NONE',  ( 10.29794508756624971, 17.36435557934323981, 30.00000000000000000 ) ) ;
#2607 = CARTESIAN_POINT ( 'NONE',  ( 0.003691256432432480413, 35.12905109850316165, 10.00000000000000355 ) ) ;
#2608 = CARTESIAN_POINT ( 'NONE',  ( -10.30145431460976368, 17.40622496930517826, 10.00000000000000000 ) ) ;
#2609 = CARTESIAN_POINT ( 'NONE',  ( 12.15347302954676678, 16.62039021586953069, 11.73740326851751803 ) ) ;
#2610 = CARTESIAN_POINT ( 'NONE',  ( 11.90802987311885985, 16.24867562783235897, 28.51982004499337009 ) ) ;
#2611 = CARTESIAN_POINT ( 'NONE',  ( -10.72422839789087945, 17.18878972086510259, 10.05085112197442143 ) ) ;
#2612 = APPLICATION_CONTEXT ( 'automotive_design' ) ;
#2613 = CARTESIAN_POINT ( 'NONE',  ( 0.5711469504200282765, 37.03112649826295666, 29.99999999999999289 ) ) ;
#2614 = CARTESIAN_POINT ( 'NONE',  ( -12.10596107959954360, 16.46972173798918604, 11.99999999998545164 ) ) ;
#2615 = CARTESIAN_POINT ( 'NONE',  ( -0.1404648952406324092, 35.74035237190591374, 29.89516499779938385 ) ) ;
#2616 = PLANE ( 'NONE',  #2619 ) ;
#2617 = CARTESIAN_POINT ( 'NONE',  ( 11.06949004143434401, 16.88718438555799750, 10.20310494419814518 ) ) ;
#2618 = CARTESIAN_POINT ( 'NONE',  ( -10.25291153787768472, 17.76652273101818835, 10.00000000000001776 ) ) ;
#2619 = AXIS2_PLACEMENT_3D ( 'NONE', #1932, #3425, #3380 ) ;
#2620 = CARTESIAN_POINT ( 'NONE',  ( -0.06279969848060382165, 36.70209352862438834, 10.77929293232391394 ) ) ;
#2621 = CARTESIAN_POINT ( 'NONE',  ( -0.6136751253533617723, 37.01889777009735383, 30.00000000000000000 ) ) ;
#2622 = ORIENTED_EDGE ( 'NONE', *, *, #1345, .F. ) ;
#2623 = EDGE_CURVE ( 'NONE', #46, #3004, #4521, .T. ) ;
#2624 = CARTESIAN_POINT ( 'NONE',  ( 10.44403985131077484, 17.21548167278426078, 29.99467787767117599 ) ) ;
#2625 = CARTESIAN_POINT ( 'NONE',  ( -10.28532614345004426, 17.30247022330414453, 30.00000000000001776 ) ) ;
#2626 = AXIS2_PLACEMENT_3D ( 'NONE', #2566, #3253, #1447 ) ;
#2627 = CARTESIAN_POINT ( 'NONE',  ( -10.06509287101192207, 17.16235582622526223, 30.00000000000000000 ) ) ;
#2628 = CARTESIAN_POINT ( 'NONE',  ( 12.15776798019694382, 16.60036609098230187, 12.00000000000000000 ) ) ;
#2629 = CARTESIAN_POINT ( 'NONE',  ( -10.54440623876456407, 17.23449198245708658, 29.98211139755382248 ) ) ;
#2630 = CARTESIAN_POINT ( 'NONE',  ( 0.1812113926374158968, 37.00037979315116132, 11.35522773918671469 ) ) ;
#2631 = CARTESIAN_POINT ( 'NONE',  ( 11.74925374934450417, 19.36250850054416617, 30.00000000000000000 ) ) ;
#2632 = CARTESIAN_POINT ( 'NONE',  ( 0.03396329081934963690, 35.29059491531354098, 29.99472511525249629 ) ) ;
#2633 = CARTESIAN_POINT ( 'NONE',  ( 11.69655322902510441, 16.29319449766520478, 10.99964472919147518 ) ) ;
#2634 = CARTESIAN_POINT ( 'NONE',  ( 10.75279726786777879, 16.85913311850184826, 10.10480668613787891 ) ) ;
#2635 = CARTESIAN_POINT ( 'NONE',  ( 0.04965805273898639405, 35.28676849834557316, 29.99478622388806315 ) ) ;
#2636 = DIRECTION ( 'NONE',  ( -0.000000000000000000, -0.000000000000000000, -1.000000000000000000 ) ) ;
#2637 = CARTESIAN_POINT ( 'NONE',  ( -10.91820767935113778, 15.34328617204312017, 27.99999999999999645 ) ) ;
#2638 = CARTESIAN_POINT ( 'NONE',  ( 12.09638717104766847, 16.44937689498069489, 11.99999999998544808 ) ) ;
#2639 = CARTESIAN_POINT ( 'NONE',  ( 11.66689894719123899, 16.00207421419511178, 28.64556117854464290 ) ) ;
#2640 = CARTESIAN_POINT ( 'NONE',  ( -10.45517877109243976, 17.24052392154725410, 10.00527489936960457 ) ) ;
#2641 = DIRECTION ( 'NONE',  ( 0.000000000000000000, 0.000000000000000000, 1.000000000000000000 ) ) ;
#2642 = CARTESIAN_POINT ( 'NONE',  ( 0.001127595659642682607, 35.11274432128831791, 30.00000000000000355 ) ) ;
#2643 = CARTESIAN_POINT ( 'NONE',  ( -11.75755525865521456, 15.94440033241735577, 11.86785961437157155 ) ) ;
#2644 = CARTESIAN_POINT ( 'NONE',  ( 0.002160384286264324313, 35.11260013025241733, 9.999999999999998224 ) ) ;
#2645 = CARTESIAN_POINT ( 'NONE',  ( -12.21130197016657704, 16.81077803630789802, 28.26275238851785687 ) ) ;
#2646 = CARTESIAN_POINT ( 'NONE',  ( 0.1442082330998693818, 36.61349284499966927, 10.67852058766233725 ) ) ;
#2647 = CARTESIAN_POINT ( 'NONE',  ( -0.7181181956793691867, 36.98395563523509821, 29.99999999999995026 ) ) ;
#2648 = EDGE_LOOP ( 'NONE', ( #79, #4269, #2737, #932 ) ) ;
#2649 = CARTESIAN_POINT ( 'NONE',  ( 10.68582913780455890, 17.08863359876708543, 29.94870222288096073 ) ) ;
#2650 = CARTESIAN_POINT ( 'NONE',  ( -12.17341810661735657, 16.64248743264232999, 30.00000000000000355 ) ) ;
#2651 = CARTESIAN_POINT ( 'NONE',  ( 11.52744389022457128, 16.84814469002521164, 10.49364706939018532 ) ) ;
#2652 = CARTESIAN_POINT ( 'NONE',  ( -10.20811435564161052, 17.23643823230239391, 30.00000000000000000 ) ) ;
#2653 = CARTESIAN_POINT ( 'NONE',  ( 11.93997123056636234, 18.97467097349864673, 27.99999999999999289 ) ) ;
#2654 = CARTESIAN_POINT ( 'NONE',  ( -10.72522693847889208, 17.18852733918874875, 29.94787388747317536 ) ) ;
#2655 = CARTESIAN_POINT ( 'NONE',  ( -0.4966352088641821649, 36.94137396189297107, 11.35424160176595088 ) ) ;
#2656 = CARTESIAN_POINT ( 'NONE',  ( -0.5244428301486389055, 37.04365553472236883, 27.99999999990996358 ) ) ;
#2657 = CARTESIAN_POINT ( 'NONE',  ( -0.03830249903252871263, 35.56502101872734301, 29.94873420468556446 ) ) ;
#2658 = CARTESIAN_POINT ( 'NONE',  ( 11.49365695688440958, 16.05814621456480040, 10.99832111090907816 ) ) ;
#2659 = CARTESIAN_POINT ( 'NONE',  ( 10.28631929461544736, 17.30253303641851303, 29.99999999999999645 ) ) ;
#2660 = CARTESIAN_POINT ( 'NONE',  ( 9.071796769724482346, 15.00000000000000355, 12.00000000000000000 ) ) ;
#2661 = CARTESIAN_POINT ( 'NONE',  ( -0.4345340767627255962, 37.05388670498065551, 28.26275058542918828 ) ) ;
#2662 = CARTESIAN_POINT ( 'NONE',  ( 11.96466842516526619, 16.21171842032006438, 11.86791010863048790 ) ) ;
#2663 = CARTESIAN_POINT ( 'NONE',  ( -10.70870642060584466, 17.00445864775862859, 10.06713389887761778 ) ) ;
#2664 =( NAMED_UNIT ( * ) PLANE_ANGLE_UNIT ( ) SI_UNIT ( $, .RADIAN. ) );
#2665 = CARTESIAN_POINT ( 'NONE',  ( 0.009188068712321780310, 35.11128765999966816, 30.00000000000000355 ) ) ;
#2666 = CARTESIAN_POINT ( 'NONE',  ( -11.77790745302599440, 16.04605292272407624, 11.54382160657390166 ) ) ;
#2667 = CARTESIAN_POINT ( 'NONE',  ( 9.781054304913359587, 15.04267212490392147, 12.00000000000000355 ) ) ;
#2668 = CARTESIAN_POINT ( 'NONE',  ( -11.87163717257658035, 16.19487846351575300, 28.51986914667303807 ) ) ;
#2669 = CARTESIAN_POINT ( 'NONE',  ( -10.29205234238899358, 17.32652334109243597, 9.999999999999998224 ) ) ;
#2670 = CARTESIAN_POINT ( 'NONE',  ( -1.441605083715917335, 36.58359798626634785, 30.00000000000000000 ) ) ;
#2671 = VERTEX_POINT ( 'NONE', #3728 ) ;
#2672 =( BOUNDED_SURFACE ( )  B_SPLINE_SURFACE ( 3, 2, ( 
 ( #2263, #500, #3718 ),
 ( #2690, #886, #4511 ),
 ( #457, #2312, #1906 ),
 ( #1545, #4463, #125 ),
 ( #3788, #1211, #2667 ),
 ( #4111, #1593, #4135 ),
 ( #862, #3046, #3905 ),
 ( #1303, #3539, #1685 ),
 ( #4197, #1373, #4221 ),
 ( #3179, #928, #1279 ),
 ( #4645, #2376, #3834 ),
 ( #2757, #977, #954 ),
 ( #4287, #1661, #4601 ),
 ( #1020, #2466, #284 ),
 ( #1729, #3929, #2400 ),
 ( #618, #2091, #2824 ),
 ( #1352, #3861, #261 ),
 ( #569, #639, #2022 ),
 ( #4244, #2068, #2425 ),
 ( #594, #192, #2046 ),
 ( #2733, #3468, #3884 ),
 ( #1997, #215, #3515 ),
 ( #237, #3113, #2803 ),
 ( #3136, #3445, #4624 ),
 ( #3158, #1639, #999 ),
 ( #1707, #3090, #1330 ),
 ( #4557, #4265, #3492 ),
 ( #4579, #2782, #2446 ),
 ( #1066, #4694, #2211 ),
 ( #3612, #2846, #45 ),
 ( #1420, #1851, #4312 ),
 ( #4337, #4409, #2112 ),
 ( #2872, #2512, #4361 ),
 ( #662, #332, #2942 ),
 ( #3952, #1491, #734 ),
 ( #2586, #3225, #1466 ),
 ( #3637, #1134, #4007 ),
 ( #3561, #308, #1394 ),
 ( #1043, #2163, #2488 ),
 ( #3978, #3299, #684 ),
 ( #2917, #2138, #709 ),
 ( #356, #1751, #1804 ),
 ( #3659, #3200, #1775 ),
 ( #3586, #3249, #4030 ),
 ( #4719, #4667, #1444 ),
 ( #2896, #1088, #2540 ),
 ( #2188, #379, #403 ),
 ( #3275, #19, #1828 ) ),
 .UNSPECIFIED., .F., .F., .F. ) 
 B_SPLINE_SURFACE_WITH_KNOTS ( ( 4, 1, 1, 1, 1, 1, 1, 1, 1, 1, 1, 1, 1, 1, 1, 1, 1, 1, 1, 1, 1, 1, 1, 1, 1, 1, 1, 1, 1, 1, 1, 1, 1, 1, 1, 1, 1, 1, 1, 1, 1, 1, 1, 1, 1, 4 ),
 ( 3, 3 ),
 ( 0.000000000000000000, 0.0001600121110864300789, 0.0003200242221728592904, 0.0004800363332592884748, 0.0005600423888025030670, 0.0006400484443457177134, 0.0007200544998889322514, 0.0008000605554321468978, 0.0008800666109753614358, 0.0009600726665185769495, 0.001000075694290185032, 0.001040078722061792355, 0.001080081749833399678, 0.001120084777605007001, 0.001140086291490810663, 0.001160087805376614324, 0.001180089319262417986, 0.001200090833148221648, 0.001210091590091123478, 0.001220092347034025309, 0.001230093103976927140, 0.001240093860919828971, 0.001245094239391279344, 0.001250094617862730802, 0.001255094996334182042, 0.001260095374805632632, 0.001262595564041357928, 0.001263845658659220467, 0.001264470705968151736, 0.001265095753277083006, 0.001266345847894945762, 0.001267595942512808301, 0.001268846037130670840, 0.001269471084439603194, 0.001270096131748534463, 0.001270408655403000532, 0.001270721179057465733, 0.001270799309971081979, 0.001270877440884698225, 0.001271033702711931801, 0.001271346226366397870, 0.001271971273675329139, 0.001272596320984260409, 0.001273846415602123165, 0.001275096510219985704, 0.001280096888691436294 ),
 ( 0.000000000000000000, 1.000000000000000000 ),
 .UNSPECIFIED. ) 
 GEOMETRIC_REPRESENTATION_ITEM ( )  RATIONAL_B_SPLINE_SURFACE ( (
 ( 1.000000000000000000, 0.7071067811865479058, 1.000000000000000000),
 ( 1.000000000000000222, 0.7071067811865486830, 1.000000000000000222),
 ( 1.000000000000000000, 0.7071067811865476838, 1.000000000000000000),
 ( 1.000000000000000222, 0.7071067811865477948, 1.000000000000000222),
 ( 0.9999999999999997780, 0.7071067811865475727, 0.9999999999999997780),
 ( 1.000000000000000222, 0.7071067811865482389, 1.000000000000000222),
 ( 0.9999999999999997780, 0.7071067811865475727, 0.9999999999999997780),
 ( 1.000000000000000222, 0.7071067811865477948, 1.000000000000000222),
 ( 0.9999999999999997780, 0.7071067811865480168, 0.9999999999999997780),
 ( 1.000000000000000444, 0.7071067811865476838, 1.000000000000000444),
 ( 0.9999999999999997780, 0.7071067811865475727, 0.9999999999999997780),
 ( 1.000000000000000222, 0.7071067811865482389, 1.000000000000000222),
 ( 1.000000000000000000, 0.7071067811865479058, 1.000000000000000000),
 ( 1.000000000000000000, 0.7071067811865479058, 1.000000000000000000),
 ( 1.000000000000000000, 0.7071067811865479058, 1.000000000000000000),
 ( 1.000000000000000222, 0.7071067811865482389, 1.000000000000000222),
 ( 1.000000000000000222, 0.7071067811865477948, 1.000000000000000222),
 ( 1.000000000000000222, 0.7071067811865482389, 1.000000000000000222),
 ( 0.9999999999999996669, 0.7071067811865472397, 0.9999999999999996669),
 ( 1.000000000000000000, 0.7071067811865483499, 1.000000000000000000),
 ( 1.000000000000000222, 0.7071067811865477948, 1.000000000000000222),
 ( 1.000000000000000000, 0.7071067811865476838, 1.000000000000000000),
 ( 0.9999999999999996669, 0.7071067811865476838, 0.9999999999999996669),
 ( 1.000000000000000222, 0.7071067811865482389, 1.000000000000000222),
 ( 1.000000000000000000, 0.7071067811865481278, 1.000000000000000000),
 ( 1.000000000000000222, 0.7071067811865477948, 1.000000000000000222),
 ( 1.000000000000000000, 0.7071067811865476838, 1.000000000000000000),
 ( 0.9999999999999997780, 0.7071067811865480168, 0.9999999999999997780),
 ( 1.000000000000000222, 0.7071067811865477948, 1.000000000000000222),
 ( 1.000000000000000000, 0.7071067811865481278, 1.000000000000000000),
 ( 0.9999999999999997780, 0.7071067811865480168, 0.9999999999999997780),
 ( 1.000000000000000000, 0.7071067811865481278, 1.000000000000000000),
 ( 1.000000000000000000, 0.7071067811865481278, 1.000000000000000000),
 ( 1.000000000000000222, 0.7071067811865477948, 1.000000000000000222),
 ( 0.9999999999999997780, 0.7071067811865480168, 0.9999999999999997780),
 ( 1.000000000000000000, 0.7071067811865479058, 1.000000000000000000),
 ( 1.000000000000000222, 0.7071067811865477948, 1.000000000000000222),
 ( 0.9999999999999996669, 0.7071067811865481278, 0.9999999999999996669),
 ( 1.000000000000000222, 0.7071067811865482389, 1.000000000000000222),
 ( 0.9999999999999997780, 0.7071067811865480168, 0.9999999999999997780),
 ( 0.9999999999999997780, 0.7071067811865475727, 0.9999999999999997780),
 ( 1.000000000000000222, 0.7071067811865477948, 1.000000000000000222),
 ( 1.000000000000000000, 0.7071067811865476838, 1.000000000000000000),
 ( 1.000000000000000000, 0.7071067811865479058, 1.000000000000000000),
 ( 1.000000000000000000, 0.7071067811865483499, 1.000000000000000000),
 ( 0.9999999999999997780, 0.7071067811865471286, 0.9999999999999997780),
 ( 1.000000000000000444, 0.7071067811865487940, 1.000000000000000444),
 ( 0.9999999999999997780, 0.7071067811865475727, 0.9999999999999997780) ) ) 
 REPRESENTATION_ITEM ( '' )  SURFACE ( )  );
#2673 = CARTESIAN_POINT ( 'NONE',  ( 10.65357834808320092, 17.03608832376007953, 29.94875188760735796 ) ) ;
#2674 = CARTESIAN_POINT ( 'NONE',  ( -10.23081250098113237, 17.84501081980300441, 30.00000000000000000 ) ) ;
#2675 = CARTESIAN_POINT ( 'NONE',  ( -10.23535514470794361, 17.25594661826983511, 30.00000000000000000 ) ) ;
#2676 = CARTESIAN_POINT ( 'NONE',  ( 12.28771902937327631, 17.16186307560817070, 10.00000000000001243 ) ) ;
#2677 = CARTESIAN_POINT ( 'NONE',  ( -11.14003416794016488, 17.08308040578504006, 29.79534750887007988 ) ) ;
#2678 = CARTESIAN_POINT ( 'NONE',  ( 0.1849567475595035870, 37.03830040595420314, 11.48010341876499751 ) ) ;
#2679 = CARTESIAN_POINT ( 'NONE',  ( 0.5041979252880068874, 37.04949780141363647, 27.99999999990996358 ) ) ;
#2680 = CARTESIAN_POINT ( 'NONE',  ( -0.3149073768280276631, 37.08777849581804986, 12.00000000000000000 ) ) ;
#2681 = CARTESIAN_POINT ( 'NONE',  ( 11.86576621029338874, 16.07560120955280070, 30.00000000000000000 ) ) ;
#2682 = CARTESIAN_POINT ( 'NONE',  ( -10.18846769405877239, 15.10631489445474784, 12.00000000000000355 ) ) ;
#2683 = CARTESIAN_POINT ( 'NONE',  ( 0.1022646882380596617, 37.11225386042429619, 28.13208989400837368 ) ) ;
#2684 = CARTESIAN_POINT ( 'NONE',  ( 11.94306374974440210, 16.42753550218257175, 28.70587635864203335 ) ) ;
#2685 = ADVANCED_FACE ( 'NONE', ( #33 ), #57, .T. ) ;
#2686 = CARTESIAN_POINT ( 'NONE',  ( -10.61839411816790069, 16.99277148725657582, 10.05099171007200987 ) ) ;
#2687 = EDGE_CURVE ( 'NONE', #2875, #2294, #488, .T. ) ;
#2688 = CARTESIAN_POINT ( 'NONE',  ( 0.5068404720587155188, 37.04852535990911377, 30.00000000000000000 ) ) ;
#2689 = CARTESIAN_POINT ( 'NONE',  ( -11.80741202000326773, 16.02099496480464680, 11.73740326856596461 ) ) ;
#2690 = CARTESIAN_POINT ( 'NONE',  ( 9.125232807354839437, 17.00000000000000000, 10.00000000000000711 ) ) ;
#2691 = CARTESIAN_POINT ( 'NONE',  ( -11.97717692534384248, 16.23128245517832013, 27.99999999990996713 ) ) ;
#2692 = CARTESIAN_POINT ( 'NONE',  ( -10.30141245439539333, 17.41830376778950296, 9.999999999999996447 ) ) ;
#2693 = CARTESIAN_POINT ( 'NONE',  ( -0.1856038416488800524, 35.02389948968097855, 30.00000000000000000 ) ) ;
#2694 = ORIENTED_EDGE ( 'NONE', *, *, #1304, .F. ) ;
#2695 = CARTESIAN_POINT ( 'NONE',  ( 10.43120356241038493, 17.19455241596756778, 29.99468900336985300 ) ) ;
#2696 = CARTESIAN_POINT ( 'NONE',  ( -12.22202963980162593, 16.80041200133705459, 28.00000000000000000 ) ) ;
#2697 = CARTESIAN_POINT ( 'NONE',  ( -10.24341043274344187, 17.26197340130539004, 30.00000000000000000 ) ) ;
#2698 = CARTESIAN_POINT ( 'NONE',  ( 12.16582103149704608, 16.62219049294017736, 12.00000000000000178 ) ) ;
#2699 = CARTESIAN_POINT ( 'NONE',  ( -11.98920622286116888, 16.86727534890330560, 28.96282073522351297 ) ) ;
#2700 = CARTESIAN_POINT ( 'NONE',  ( 0.4950931043486745953, 36.86746624251397009, 11.17264367558638405 ) ) ;
#2701 = CARTESIAN_POINT ( 'NONE',  ( 12.06932898616575400, 18.65355317543349756, 27.99999999999999645 ) ) ;
#2702 = AXIS2_PLACEMENT_3D ( 'NONE', #2141, #4648, #2963 ) ;
#2703 = CARTESIAN_POINT ( 'NONE',  ( 0.0006379209085109772146, 35.11281269567290053, 30.00000000000000000 ) ) ;
#2704 = CARTESIAN_POINT ( 'NONE',  ( 12.15439865753778292, 16.59143207997679781, 27.99999999999999645 ) ) ;
#2705 = CARTESIAN_POINT ( 'NONE',  ( 12.24214928021406656, 16.81007526259588047, 28.00000000000000000 ) ) ;
#2706 = CARTESIAN_POINT ( 'NONE',  ( -0.4373155823161607447, 37.06654927967784374, 28.13214034431478083 ) ) ;
#2707 = CARTESIAN_POINT ( 'NONE',  ( 11.82320991137997446, 16.57734293308951479, 29.05705738438875940 ) ) ;
#2708 = CARTESIAN_POINT ( 'NONE',  ( -10.29618318475657901, 17.28883681024902685, 10.00000000000000000 ) ) ;
#2709 = CARTESIAN_POINT ( 'NONE',  ( 1.561753828269218047, 36.48644937870152916, 27.99999999999999289 ) ) ;
#2710 = CARTESIAN_POINT ( 'NONE',  ( -12.00498437683502218, 16.69418824706457016, 11.17339713480125951 ) ) ;
#2711 = EDGE_CURVE ( 'NONE', #2294, #3224, #1894, .T. ) ;
#2712 = CARTESIAN_POINT ( 'NONE',  ( 0.2786278546002575185, 37.09339965135436046, 10.00000000000000355 ) ) ;
#2713 = CARTESIAN_POINT ( 'NONE',  ( -11.70756126885120807, 16.30906232771641484, 29.00030675260399349 ) ) ;
#2714 = CARTESIAN_POINT ( 'NONE',  ( -12.16422040823151818, 16.61686418122239317, 10.00000000000001066 ) ) ;
#2715 = CARTESIAN_POINT ( 'NONE',  ( -0.003203599765234184295, 35.11218176174005379, 29.99999999999998579 ) ) ;
#2716 = ORIENTED_EDGE ( 'NONE', *, *, #2277, .F. ) ;
#2717 = CARTESIAN_POINT ( 'NONE',  ( 10.86623826556482264, 17.02683999976217066, 29.89472832165188620 ) ) ;
#2718 = CARTESIAN_POINT ( 'NONE',  ( -10.30140910871715398, 17.43234327704655584, 30.00000000000000355 ) ) ;
#2719 = CARTESIAN_POINT ( 'NONE',  ( -10.28275689021139172, 17.29836070667485970, 30.00000000000000000 ) ) ;
#2720 = CARTESIAN_POINT ( 'NONE',  ( 12.29649267345482677, 17.68087742296457066, 10.00000000000000000 ) ) ;
#2721 = CARTESIAN_POINT ( 'NONE',  ( 9.150546016219317735, 15.00000000000000355, 28.00000000000110845 ) ) ;
#2722 = CARTESIAN_POINT ( 'NONE',  ( -0.07906876218871385087, 37.11330456683592871, 11.86791028540393711 ) ) ;
#2723 = CYLINDRICAL_SURFACE ( 'NONE', #2090, 2.000000000000000444 ) ;
#2724 = CARTESIAN_POINT ( 'NONE',  ( 0.0006379209085109772146, 35.11281269567290053, 30.00000000000000000 ) ) ;
#2725 = CARTESIAN_POINT ( 'NONE',  ( 12.15214994121933501, 16.58547861003777157, 30.00000000000000000 ) ) ;
#2726 = CARTESIAN_POINT ( 'NONE',  ( 9.071796769724482346, 15.00000000000000355, 27.99999999999999645 ) ) ;
#2727 = CARTESIAN_POINT ( 'NONE',  ( 0.1865728402447594803, 37.05433543054249412, 28.45597587604499523 ) ) ;
#2728 = CARTESIAN_POINT ( 'NONE',  ( 11.65080555777217519, 16.01714999793217231, 28.70686668334739267 ) ) ;
#2729 = CARTESIAN_POINT ( 'NONE',  ( -10.28455231187830421, 17.30055473308395619, 10.00000000000000000 ) ) ;
#2730 = CARTESIAN_POINT ( 'NONE',  ( 0.3312888808672899144, 36.28617774839072041, 10.40837562505699587 ) ) ;
#2731 = CARTESIAN_POINT ( 'NONE',  ( 0.9871486603299283180, 36.86747983763620340, 28.00000000000000711 ) ) ;
#2732 = CARTESIAN_POINT ( 'NONE',  ( -11.70034897652991823, 16.57581694649538306, 10.77926701343321625 ) ) ;
#2733 = CARTESIAN_POINT ( 'NONE',  ( 10.24594771992041586, 17.26389248083978956, 10.00000000000000533 ) ) ;
#2734 = CARTESIAN_POINT ( 'NONE',  ( -12.07849963734727616, 16.75793787402455237, 28.70686668331034141 ) ) ;
#2735 = CARTESIAN_POINT ( 'NONE',  ( -10.28627872154870815, 17.30502338036276555, 10.00000000000000355 ) ) ;
#2736 = CARTESIAN_POINT ( 'NONE',  ( 10.20084980288183729, 17.23197284352162484, 10.00000000000000178 ) ) ;
#2737 = ORIENTED_EDGE ( 'NONE', *, *, #3137, .F. ) ;
#2738 = CARTESIAN_POINT ( 'NONE',  ( 10.71077120552629935, 17.14481771919426123, 10.05112369826491836 ) ) ;
#2739 = CARTESIAN_POINT ( 'NONE',  ( 10.28391317934107363, 17.29944765700217246, 29.99999999999999289 ) ) ;
#2740 = CARTESIAN_POINT ( 'NONE',  ( -11.98716092836588309, 18.86531247672285616, 30.00000000000000000 ) ) ;
#2741 = CARTESIAN_POINT ( 'NONE',  ( 0.5159070257342946997, 34.71607637140134273, 9.999999999999992895 ) ) ;
#2742 = CARTESIAN_POINT ( 'NONE',  ( -11.83065808898036764, 16.03186059347295966, 30.00000000000000000 ) ) ;
#2743 = CARTESIAN_POINT ( 'NONE',  ( 12.24176655481494791, 16.87832570373047858, 10.00000000000000000 ) ) ;
#2744 = CARTESIAN_POINT ( 'NONE',  ( -0.3787925155759340745, 36.50804580900248197, 10.61711715430237746 ) ) ;
#2745 = CARTESIAN_POINT ( 'NONE',  ( 0.1716409058666237275, 36.90087532489349798, 11.11497088871881189 ) ) ;
#2746 = CARTESIAN_POINT ( 'NONE',  ( 10.30003296549872438, 17.50519435761890108, 30.00000000000000000 ) ) ;
#2747 = CARTESIAN_POINT ( 'NONE',  ( -0.3270377895933574974, 37.08579198618509309, 12.00000000000000000 ) ) ;
#2748 = CARTESIAN_POINT ( 'NONE',  ( 10.28237813522971855, 17.29748955255662324, 30.00000000000000000 ) ) ;
#2749 = CARTESIAN_POINT ( 'NONE',  ( 11.66987298107779480, 19.50000000000000000, 28.00000000000000000 ) ) ;
#2750 = CARTESIAN_POINT ( 'NONE',  ( 0.09944189297635208646, 37.06081220590342440, 28.45591314373242398 ) ) ;
#2751 = CARTESIAN_POINT ( 'NONE',  ( 11.81937296505179447, 16.49268139299925551, 29.00019671363547857 ) ) ;
#2752 = CARTESIAN_POINT ( 'NONE',  ( -10.31939591351147101, 17.26544730955760443, 29.99959768163678930 ) ) ;
#2753 = CARTESIAN_POINT ( 'NONE',  ( 10.78380360050506859, 17.16749548321134711, 10.06665377764340796 ) ) ;
#2754 = CARTESIAN_POINT ( 'NONE',  ( 0.3633891150009004867, 36.66151511600480717, 10.77805771732849216 ) ) ;
#2755 = CARTESIAN_POINT ( 'NONE',  ( 2.336837590961899469, 35.62836074485312565, 28.00000000000013500 ) ) ;
#2756 = CARTESIAN_POINT ( 'NONE',  ( -11.53523961421443644, 16.14861085905798177, 10.94189110160237810 ) ) ;
#2757 = CARTESIAN_POINT ( 'NONE',  ( 10.05359576478254979, 17.15840521535504593, 9.999999999999992895 ) ) ;
#2758 = CARTESIAN_POINT ( 'NONE',  ( -12.00397450901720653, 16.78061655966851617, 28.88600375109950846 ) ) ;
#2759 = CARTESIAN_POINT ( 'NONE',  ( -12.29568219480795754, 17.62378784024672385, 12.00000000000000000 ) ) ;
#2760 = CARTESIAN_POINT ( 'NONE',  ( 9.496575513701058568, 17.01578306553602005, 10.00000000000000000 ) ) ;
#2761 = EDGE_LOOP ( 'NONE', ( #3248, #1003, #3951 ) ) ;
#2762 = CARTESIAN_POINT ( 'NONE',  ( 10.43120254775635303, 17.19455067053921127, 10.00531100399648388 ) ) ;
#2763 = CARTESIAN_POINT ( 'NONE',  ( -11.28407278703107863, 16.29355345121113174, 10.58947645448752795 ) ) ;
#2764 = CARTESIAN_POINT ( 'NONE',  ( -10.29351083378683995, 17.33371226695435041, 30.00000000000000711 ) ) ;
#2765 = CARTESIAN_POINT ( 'NONE',  ( -10.28455110024960995, 17.30055256842694433, 30.00000000000000000 ) ) ;
#2766 = CARTESIAN_POINT ( 'NONE',  ( -11.81479651503894779, 16.01270009464370503, 27.99999999999998579 ) ) ;
#2767 = CARTESIAN_POINT ( 'NONE',  ( 10.26817541733592165, 17.71630821237765119, 10.00000000000000000 ) ) ;
#2768 = CARTESIAN_POINT ( 'NONE',  ( -0.1185524277081022870, 35.55113274854652872, 10.05203247476858763 ) ) ;
#2769 = ADVANCED_FACE ( 'NONE', ( #2931 ), #1032, .T. ) ;
#2770 = CARTESIAN_POINT ( 'NONE',  ( -0.3413480800231940560, 37.08339355858948494, 12.00000000000001066 ) ) ;
#2771 = CARTESIAN_POINT ( 'NONE',  ( 10.27916791688318732, 17.29373925442656912, 29.99999999999999289 ) ) ;
#2772 = CARTESIAN_POINT ( 'NONE',  ( 0.008149977407574648600, 17.00000000000000355, 27.99999999999999645 ) ) ;
#2773 = MECHANICAL_DESIGN_GEOMETRIC_PRESENTATION_REPRESENTATION (  '', ( #1101 ), #1475 ) ;
#2774 = CARTESIAN_POINT ( 'NONE',  ( 0.09541040870766055726, 36.98466874546190297, 28.70589614986158722 ) ) ;
#2775 = CARTESIAN_POINT ( 'NONE',  ( 11.64803191506293700, 16.13083894313812294, 28.88549765487712051 ) ) ;
#2776 = CARTESIAN_POINT ( 'NONE',  ( -12.25965280104227162, 17.97432669724341636, 27.99999999999999645 ) ) ;
#2777 = CARTESIAN_POINT ( 'NONE',  ( 12.21861447758796082, 16.78876673153879295, 12.00000000000000000 ) ) ;
#2778 = CARTESIAN_POINT ( 'NONE',  ( -0.2622045902131404094, 36.07933539052341132, 10.26344686250545024 ) ) ;
#2779 = CARTESIAN_POINT ( 'NONE',  ( 2.004247364542195431, 36.05213534378716389, 29.99999999999999289 ) ) ;
#2780 = CARTESIAN_POINT ( 'NONE',  ( -11.56034427582125268, 16.12553428230537023, 10.99865801502007656 ) ) ;
#2781 = EDGE_CURVE ( 'NONE', #644, #3162, #1265, .T. ) ;
#2782 = CARTESIAN_POINT ( 'NONE',  ( 11.76277715048010108, 15.95274910670762480, 10.00000000000001243 ) ) ;
#2783 = CARTESIAN_POINT ( 'NONE',  ( -11.84040761675473341, 16.21671002349822999, 28.64473631818209753 ) ) ;
#2784 = CARTESIAN_POINT ( 'NONE',  ( 0.008149977407574648600, 17.00000000000000355, 30.00000000000000000 ) ) ;
#2785 = CARTESIAN_POINT ( 'NONE',  ( -0.4282525102874558676, 37.06679195422347561, 28.00000000000000000 ) ) ;
#2786 = ORIENTED_EDGE ( 'NONE', *, *, #2190, .T. ) ;
#2787 = CARTESIAN_POINT ( 'NONE',  ( 10.29853724045983299, 17.29178011615140775, 10.00000000000000000 ) ) ;
#2788 = CARTESIAN_POINT ( 'NONE',  ( 10.28391317934107363, 17.29944765700217246, 30.00000000000000000 ) ) ;
#2789 = CARTESIAN_POINT ( 'NONE',  ( -10.27746957209214784, 17.29227208667801463, 10.00000000000000000 ) ) ;
#2790 = CARTESIAN_POINT ( 'NONE',  ( 2.336779319847759773, 35.62831258215328489, 12.00000000000000178 ) ) ;
#2791 = CARTESIAN_POINT ( 'NONE',  ( -11.83038482350451126, 16.03153519023919316, 27.99999999999999645 ) ) ;
#2792 = CARTESIAN_POINT ( 'NONE',  ( 0.3523091480694982569, 36.36079562512308172, 10.47589855888285371 ) ) ;
#2793 = CARTESIAN_POINT ( 'NONE',  ( -0.3081890932943485151, 36.24852525658211988, 10.37702303011948146 ) ) ;
#2794 = CARTESIAN_POINT ( 'NONE',  ( -0.03769363915855439978, 35.10263637534893633, 10.00000000000000000 ) ) ;
#2795 = CARTESIAN_POINT ( 'NONE',  ( 10.27716759762145848, 17.29157368429251918, 29.99999999999998579 ) ) ;
#2796 = CARTESIAN_POINT ( 'NONE',  ( -10.28455110024960817, 17.30055256842695499, 30.00000000000000000 ) ) ;
#2797 = CARTESIAN_POINT ( 'NONE',  ( -0.06279662622129607297, 36.70209365390443423, 29.22070708646071324 ) ) ;
#2798 = CARTESIAN_POINT ( 'NONE',  ( -10.28455231187830421, 17.30055473308395619, 10.00000000000000000 ) ) ;
#2799 = CARTESIAN_POINT ( 'NONE',  ( 12.28182465684397151, 17.02018205424128183, 12.00000000000000355 ) ) ;
#2800 = CARTESIAN_POINT ( 'NONE',  ( -0.1128869964963302164, 35.61768790783513339, 10.06680599287528288 ) ) ;
#2801 = CARTESIAN_POINT ( 'NONE',  ( 1.671558244303793073, 36.39168514631763429, 28.00000000000000000 ) ) ;
#2802 = CARTESIAN_POINT ( 'NONE',  ( -11.88821365606253266, 16.73543078644616600, 10.94238734864807050 ) ) ;
#2803 = CARTESIAN_POINT ( 'NONE',  ( 11.56603780425362338, 15.76044269118964181, 12.00000000000000000 ) ) ;
#2804 = CARTESIAN_POINT ( 'NONE',  ( -12.00951984194736610, 16.51315239794002920, 28.64477226958238987 ) ) ;
#2805 = CARTESIAN_POINT ( 'NONE',  ( -12.13828010778967936, 16.54975965873843791, 12.00000000000000711 ) ) ;
#2806 = CARTESIAN_POINT ( 'NONE',  ( 11.66987298107779658, 19.49999999999999645, 12.00000000000000355 ) ) ;
#2807 = ORIENTED_EDGE ( 'NONE', *, *, #3280, .T. ) ;
#2808 = CARTESIAN_POINT ( 'NONE',  ( 10.28391191050745945, 17.29944552537243752, 10.00000000000000355 ) ) ;
#2809 = CARTESIAN_POINT ( 'NONE',  ( 10.29887444542449870, 17.29245453140348232, 29.99999999999999289 ) ) ;
#2810 = CARTESIAN_POINT ( 'NONE',  ( -11.83335575210242219, 16.03516503342144972, 12.00000000000000000 ) ) ;
#2811 = CARTESIAN_POINT ( 'NONE',  ( 1.286133424982068618, 36.69288567799185330, 10.00000000000000000 ) ) ;
#2812 = CARTESIAN_POINT ( 'NONE',  ( 11.74063249693158539, 16.91492832424970416, 29.32286357355429018 ) ) ;
#2813 = CARTESIAN_POINT ( 'NONE',  ( 0.1012524893948947013, 35.46985465675345495, 10.03454704871176162 ) ) ;
#2814 = CARTESIAN_POINT ( 'NONE',  ( -0.3746497170747405958, 36.49281350620857012, 10.60088957496078521 ) ) ;
#2815 = CARTESIAN_POINT ( 'NONE',  ( -0.05642564438281848227, 35.09517324918807901, 10.00000000000000000 ) ) ;
#2816 = DIRECTION ( 'NONE',  ( 1.000000000000000000, 1.912215981034913991E-16, 0.000000000000000000 ) ) ;
#2817 = CARTESIAN_POINT ( 'NONE',  ( -0.2955650329151529587, 36.78705779980835189, 29.05754849028284426 ) ) ;
#2818 = CARTESIAN_POINT ( 'NONE',  ( -12.09065058647671975, 16.42999554782903715, 12.00000000000000355 ) ) ;
#2819 = CARTESIAN_POINT ( 'NONE',  ( -0.1228539860828678359, 35.80752387807608983, 10.12740110416254069 ) ) ;
#2820 = EDGE_CURVE ( 'NONE', #622, #3334, #1925, .T. ) ;
#2821 = CARTESIAN_POINT ( 'NONE',  ( -9.734038511376779113, 15.03744034473426439, 10.00000000000014388 ) ) ;
#2822 = DIRECTION ( 'NONE',  ( 1.000000000000000000, 1.214306433183763704E-14, 0.000000000000000000 ) ) ;
#2823 = CARTESIAN_POINT ( 'NONE',  ( -11.52127328388567307, 16.43851161905274694, 10.67857254052662874 ) ) ;
#2824 = CARTESIAN_POINT ( 'NONE',  ( 11.18027818165019127, 15.48785011422184077, 12.00000000000000000 ) ) ;
#2825 = CARTESIAN_POINT ( 'NONE',  ( -11.73138153443388276, 16.64006225215297619, 29.22087517473537233 ) ) ;
#2826 = CARTESIAN_POINT ( 'NONE',  ( -10.28522439729126603, 17.30221508227245764, 9.999999999999998224 ) ) ;
#2827 = CARTESIAN_POINT ( 'NONE',  ( -11.66987298107780546, 19.49999999999999289, 12.00000000000000000 ) ) ;
#2828 = VERTEX_POINT ( 'NONE', #4064 ) ;
#2829 = CARTESIAN_POINT ( 'NONE',  ( 10.28391191050745945, 17.29944552537243752, 10.00000000000000000 ) ) ;
#2830 = CARTESIAN_POINT ( 'NONE',  ( -10.63412452228179816, 16.94838601806058165, 10.06211770314772558 ) ) ;
#2831 = CARTESIAN_POINT ( 'NONE',  ( -11.81202693530091707, 16.00940114291021032, 12.00000000000000000 ) ) ;
#2832 = CARTESIAN_POINT ( 'NONE',  ( -10.29957608208713005, 17.29369718553272506, 30.00000000000000000 ) ) ;
#2833 = CARTESIAN_POINT ( 'NONE',  ( 10.72254421418248427, 17.18366549443654989, 29.94913795864849249 ) ) ;
#2834 = CARTESIAN_POINT ( 'NONE',  ( -10.41256195362773518, 17.26800489297454178, 10.00000000000000178 ) ) ;
#2835 = CARTESIAN_POINT ( 'NONE',  ( 11.73734500524730606, 15.92430457150622125, 27.99999999990995647 ) ) ;
#2836 = CARTESIAN_POINT ( 'NONE',  ( -1.010375044433065250, 36.85864695867900309, 11.99999999999996092 ) ) ;
#2837 = CARTESIAN_POINT ( 'NONE',  ( 9.807456670947424016, 17.07707161488156800, 30.00000000000000000 ) ) ;
#2838 = B_SPLINE_SURFACE_WITH_KNOTS ( 'NONE', 3, 3, ( 
 ( #3084, #4551, #4129, #141, #854, #184, #4506, #1273, #3736, #1250 ),
 ( #1228, #2706, #1206, #1654, #2327, #2683, #4151, #879, #119, #3781 ),
 ( #207, #2661, #2306, #1924, #4214, #1296, #516, #561, #475, #3396 ),
 ( #4170, #3757, #3106, #3804, #1564, #2750, #2727, #2370, #3461, #3017 ),
 ( #495, #3828, #1587, #1971, #946, #3062, #1950, #3417, #3042, #164 ),
 ( #1609, #4528, #922, #4191, #901, #2348, #538, #1991, #3440, #2013 ),
 ( #3174, #2460, #2083, #3508, #678, #2774, #3923, #2106, #4259, #4237 ),
 ( #2440, #2061, #1745, #3485, #2416, #2393, #633, #656, #277, #326 ),
 ( #3194, #970, #254, #3877, #3554, #3152, #301, #3854, #4639, #4660 ),
 ( #1367, #4594, #1768, #992, #4617, #1346, #3899, #2038, #3533, #230 ),
 ( #3945, #2482, #2817, #1700, #1678, #3218, #1387, #2839, #4281, #4306 ),
 ( #3129, #4686, #1722, #1014, #2797, #2131, #1036, #3578, #1412, #2862 ),
 ( #612, #4329, #586, #1320, #3302, #3254, #2922, #48, #361, #1470 ),
 ( #1093, #1516, #4389, #1544, #2262, #3279, #3688, #2519, #1494, #2589 ),
 ( #4365, #24, #2545, #2970, #1832, #4722, #1448, #2946, #4435, #4036 ),
 ( #4086, #738, #1905, #2996, #1115, #3717, #4461, #4412, #813, #2193 ),
 ( #4011, #3355, #762, #2215, #3663, #456, #429, #407, #1137, #99 ),
 ( #383, #3983, #1855, #1161, #4059, #785, #2238, #1878, #1809, #3326 ),
 ( #71, #2615, #714, #3617, #3741, #1186, #2288, #4110, #2558, #3013 ),
 ( #1869, #87, #61, #1176, #3393, #775, #3705, #3040, #138, #1584 ),
 ( #827, #4478, #492, #2657, #1107, #2276, #4024, #1128, #1946, #38 ),
 ( #444, #3293, #2604, #1485, #753, #3317, #2303, #2935, #1201, #1920 ),
 ( #2960, #3677, #2205, #4427, #3653, #4099, #1893, #2632, #800, #2228 ),
 ( #4401, #3733, #470, #1152, #2580, #421, #4075, #2251, #3370, #396 ),
 ( #4049, #3342, #114, #1533, #2986, #1560, #4124, #4449, #850, #161 ),
 ( #2724, #4233, #1628, #1224, #2345, #943, #514, #3800, #4591, #2703 ) ),
 .UNSPECIFIED., .F., .F., .F.,
 ( 4, 2, 2, 2, 2, 2, 2, 2, 2, 2, 2, 1, 1, 4 ),
 ( 4, 2, 2, 2, 4 ),
 ( 0.000000000000000000, 0.1250000000000000000, 0.1875000000000000000, 0.2500000000000000000, 0.3125000000000000000, 0.3750000000000000000, 0.5000000000000000000, 0.6250000000000000000, 0.7500000000000000000, 0.8125000000000000000, 0.8750000000000000000, 0.9687500000000000000, 0.9843750000000000000, 1.000000000000000000 ),
 ( 0.000000000000000000, 0.2500000000000000000, 0.5000000000000000000, 0.7500000000000000000, 1.000000000000000000 ),
 .UNSPECIFIED. ) ;
#2839 = CARTESIAN_POINT ( 'NONE',  ( 0.3130601879770463225, 36.78418585335511892, 29.05761272052344424 ) ) ;
#2840 = VECTOR ( 'NONE', #2636, 1000.000000000000000 ) ;
#2841 = CARTESIAN_POINT ( 'NONE',  ( -0.01774883183590460212, 35.56628909002856176, 10.05129776210772974 ) ) ;
#2842 = CARTESIAN_POINT ( 'NONE',  ( -11.54573997771906768, 15.74261322754666814, 10.00000000000000000 ) ) ;
#2843 = CARTESIAN_POINT ( 'NONE',  ( 12.15347086853078729, 16.62038439145537794, 28.26259670771936072 ) ) ;
#2844 = CARTESIAN_POINT ( 'NONE',  ( -11.55901250492412835, 16.49520444188907575, 10.67868822998108058 ) ) ;
#2845 = ORIENTED_EDGE ( 'NONE', *, *, #255, .F. ) ;
#2846 = CARTESIAN_POINT ( 'NONE',  ( 11.78445838728430495, 15.97647504678698382, 9.999999999999996447 ) ) ;
#2847 = CARTESIAN_POINT ( 'NONE',  ( -11.58939010805543113, 16.39121525775028232, 29.22082331451602499 ) ) ;
#2848 = CARTESIAN_POINT ( 'NONE',  ( -12.30656352990998847, 17.27282828047115260, 12.00000000000000178 ) ) ;
#2849 = CARTESIAN_POINT ( 'NONE',  ( 10.23261999087631580, 15.11775356656215408, 11.99999999999998934 ) ) ;
#2850 = ORIENTED_EDGE ( 'NONE', *, *, #3697, .T. ) ;
#2851 = CARTESIAN_POINT ( 'NONE',  ( -0.09912938871541668306, 35.47968075860696757, 29.96367949427622079 ) ) ;
#2852 = CARTESIAN_POINT ( 'NONE',  ( -11.82408466027053784, 16.02388318931281574, 10.00000000000000000 ) ) ;
#2853 = CARTESIAN_POINT ( 'NONE',  ( 0.8574900904939219970, 36.92793587250218224, 9.999999999999989342 ) ) ;
#2854 = CARTESIAN_POINT ( 'NONE',  ( 0.9853349520403168471, 36.87883442908528053, 27.99999999999998934 ) ) ;
#2855 = CARTESIAN_POINT ( 'NONE',  ( 11.82515247132318414, 19.21909545524096075, 12.00000000000000000 ) ) ;
#2856 = CARTESIAN_POINT ( 'NONE',  ( -0.006373244285386412550, 35.13860462062619661, 10.00017246127860737 ) ) ;
#2857 = CARTESIAN_POINT ( 'NONE',  ( 11.59112684728470022, 15.95813388502283914, 28.70709821730407185 ) ) ;
#2858 = CARTESIAN_POINT ( 'NONE',  ( -0.02488434578623004850, 35.10692130759424145, 10.00000000000000000 ) ) ;
#2859 = CARTESIAN_POINT ( 'NONE',  ( -10.64877074711478322, 16.93361058218580339, 29.93334607539948777 ) ) ;
#2860 = CARTESIAN_POINT ( 'NONE',  ( 10.69296000844739680, 15.26066347120903899, 28.00000000000000355 ) ) ;
#2861 = CARTESIAN_POINT ( 'NONE',  ( 10.26735101949364193, 17.27820987076949777, 30.00000000000000000 ) ) ;
#2862 = CARTESIAN_POINT ( 'NONE',  ( 0.4317540215066410503, 36.64269734763564657, 29.22227531447841287 ) ) ;
#2863 = B_SPLINE_CURVE_WITH_KNOTS ( 'NONE', 3,
 ( #1812, #1051, #3987, #2548, #339, #1785, #3233, #3208 ),
 .UNSPECIFIED., .F., .F.,
 ( 4, 2, 2, 4 ),
 ( 0.000000000000000000, 0.4968292217899338836, 0.8871986279229270300, 1.000000000000000000 ),
 .UNSPECIFIED. ) ;
#2864 = EDGE_CURVE ( 'NONE', #2111, #4721, #4711, .T. ) ;
#2865 = CARTESIAN_POINT ( 'NONE',  ( 10.29675338437210286, 17.35436610375192501, 30.00000000000000000 ) ) ;
#2866 = CARTESIAN_POINT ( 'NONE',  ( -0.1119179897320019823, 35.74600648106887490, 10.10504898967172238 ) ) ;
#2867 = CARTESIAN_POINT ( 'NONE',  ( 11.90686822016791524, 16.79229048641107269, 10.94189110168379209 ) ) ;
#2868 = CARTESIAN_POINT ( 'NONE',  ( -9.230072934733071222, 14.99999998784641342, 10.00000000000000000 ) ) ;
#2869 = PLANE ( 'NONE',  #572 ) ;
#2870 = CARTESIAN_POINT ( 'NONE',  ( -11.25745348301338566, 16.40398408042434752, 10.49313915562711408 ) ) ;
#2871 = ORIENTED_EDGE ( 'NONE', *, *, #1329, .F. ) ;
#2872 = CARTESIAN_POINT ( 'NONE',  ( 10.28090515327880006, 17.29571608710129027, 10.00000000000000888 ) ) ;
#2873 = CARTESIAN_POINT ( 'NONE',  ( -11.01213526744371940, 16.79285720644340074, 29.79696911039869534 ) ) ;
#2874 = CARTESIAN_POINT ( 'NONE',  ( -12.13912876122493678, 16.55185652084490044, 10.00000000000000000 ) ) ;
#2875 = VERTEX_POINT ( 'NONE', #1189 ) ;
#2876 = CARTESIAN_POINT ( 'NONE',  ( -0.002244693049996002859, 35.12341273101664285, 30.00000000000000355 ) ) ;
#2877 = ADVANCED_FACE ( 'NONE', ( #1521 ), #4479, .T. ) ;
#2878 = CARTESIAN_POINT ( 'NONE',  ( -11.78935573727539676, 15.98283738813937482, 12.00000000000000000 ) ) ;
#2879 = CARTESIAN_POINT ( 'NONE',  ( 0.4319509957931059185, 37.06611091382515610, 10.00000000000002132 ) ) ;
#2880 = DIRECTION ( 'NONE',  ( -1.000000000000000000, 0.000000000000000000, -0.000000000000000000 ) ) ;
#2881 = CARTESIAN_POINT ( 'NONE',  ( 0.005102151942749135784, 35.12864598010220618, 9.999999999999998224 ) ) ;
#2882 = CARTESIAN_POINT ( 'NONE',  ( -0.009786421115863749159, 35.15115526720983041, 10.00038772518592189 ) ) ;
#2883 = CARTESIAN_POINT ( 'NONE',  ( 11.56215373725293993, 16.96204003118830173, 29.50722598183454437 ) ) ;
#2884 = CARTESIAN_POINT ( 'NONE',  ( -0.7179822253327297066, 36.98400259258982459, 11.99999999999998757 ) ) ;
#2885 = CARTESIAN_POINT ( 'NONE',  ( -10.77995256645572830, 17.15098012660110527, 29.93321772417672832 ) ) ;
#2886 = CARTESIAN_POINT ( 'NONE',  ( 11.65996948378511888, 15.84621769100850663, 28.00000000000000355 ) ) ;
#2887 = CARTESIAN_POINT ( 'NONE',  ( -9.937822173508926937, 18.49999999999999645, 12.00000000000000000 ) ) ;
#2888 = CARTESIAN_POINT ( 'NONE',  ( -10.40962454066966991, 17.17454597220950063, 10.00775517070989373 ) ) ;
#2889 = CARTESIAN_POINT ( 'NONE',  ( 12.16582573064998485, 16.62220346410686744, 27.99999999999999645 ) ) ;
#2890 = DIRECTION ( 'NONE',  ( 0.8660254037844384856, 0.5000000000000004441, 0.000000000000000000 ) ) ;
#2891 = CARTESIAN_POINT ( 'NONE',  ( 11.38324880333659017, 16.26758362265355018, 10.67746565509810175 ) ) ;
#2892 = CARTESIAN_POINT ( 'NONE',  ( -10.27163494581905567, 17.28608172554643119, 10.00000000000000000 ) ) ;
#2893 = FACE_OUTER_BOUND ( 'NONE', #1597, .T. ) ;
#2894 = CARTESIAN_POINT ( 'NONE',  ( -11.18169429995009345, 16.47379968077740031, 10.40873860788642880 ) ) ;
#2895 = ORIENTED_EDGE ( 'NONE', *, *, #2623, .T. ) ;
#2896 = CARTESIAN_POINT ( 'NONE',  ( 10.28626470035072948, 17.30246134320107032, 9.999999999999987566 ) ) ;
#2897 = CARTESIAN_POINT ( 'NONE',  ( -11.02165847397188791, 16.62116835742576271, 29.73624753168591894 ) ) ;
#2898 = ORIENTED_EDGE ( 'NONE', *, *, #1091, .F. ) ;
#2899 = CARTESIAN_POINT ( 'NONE',  ( -0.02480349826341839842, 35.20636673656368743, 29.99766916118379001 ) ) ;
#2900 = CARTESIAN_POINT ( 'NONE',  ( 0.5146330085434513979, 37.04663984450795056, 9.999999999999992895 ) ) ;
#2901 = CARTESIAN_POINT ( 'NONE',  ( 12.11613025315058145, 16.81581818689589980, 11.35424160176595265 ) ) ;
#2902 = CARTESIAN_POINT ( 'NONE',  ( -2.476363687598913454, 35.41670493768207706, 28.00000000000000000 ) ) ;
#2903 = CARTESIAN_POINT ( 'NONE',  ( 0.4627335820332673100, 36.75249551388136382, 10.91839154050887650 ) ) ;
#2904 = CARTESIAN_POINT ( 'NONE',  ( 11.46259259365430871, 16.98832044364822380, 29.59161234738873247 ) ) ;
#2905 = CARTESIAN_POINT ( 'NONE',  ( -10.28493369733374152, 17.30149707373717405, 29.99999999999998224 ) ) ;
#2906 = CARTESIAN_POINT ( 'NONE',  ( -10.53302663766650404, 17.14331116870502214, 29.98055655117195784 ) ) ;
#2907 = CARTESIAN_POINT ( 'NONE',  ( -11.81053737613600951, 19.25636212094325117, 12.00000000000000355 ) ) ;
#2908 = CARTESIAN_POINT ( 'NONE',  ( 11.31024523209934429, 15.56777144785063527, 27.99999999999998579 ) ) ;
#2909 = CARTESIAN_POINT ( 'NONE',  ( -9.937822173508939372, 18.49999999999997513, 30.00000000000000000 ) ) ;
#2910 = CARTESIAN_POINT ( 'NONE',  ( -10.30776525740176197, 17.27717075123510071, 10.00026748947675870 ) ) ;
#2911 = B_SPLINE_CURVE_WITH_KNOTS ( 'NONE', 3,
 ( #3755, #493, #3394, #2635, #139, #4101, #1585, #4549, #1271, #3779, #1948, #830, #2368, #4168, #536, #2325, #4526, #3415, #899, #4452, #3438, #3826, #1607, #3060, #4504, #1226 ),
 .UNSPECIFIED., .F., .F.,
 ( 4, 1, 1, 2, 2, 2, 2, 2, 2, 2, 2, 2, 2, 4 ),
 ( 0.000000000000000000, 0.01562500000000000000, 0.03125000000000000000, 0.1250000000000000000, 0.1875000000000000000, 0.2500000000000000000, 0.3750000000000000000, 0.5000000000000000000, 0.6250000000000000000, 0.6875000000000000000, 0.7500000000000000000, 0.8125000000000000000, 0.8750000000000000000, 1.000000000000000000 ),
 .UNSPECIFIED. ) ;
#2912 = CARTESIAN_POINT ( 'NONE',  ( 10.28502636720338970, 17.30239514603509221, 30.00000000000000000 ) ) ;
#2913 = CARTESIAN_POINT ( 'NONE',  ( 0.03396542317773840886, 35.29059491665032056, 10.00527489936260750 ) ) ;
#2914 = CARTESIAN_POINT ( 'NONE',  ( -10.49697692880496191, 15.18727022667716930, 10.00000000000000000 ) ) ;
#2915 = CARTESIAN_POINT ( 'NONE',  ( 12.19482080811412672, 16.70165819895085590, 27.99999999990995647 ) ) ;
#2916 = CARTESIAN_POINT ( 'NONE',  ( -11.19626652549564128, 16.88441444356083920, 10.26446350144350639 ) ) ;
#2917 = CARTESIAN_POINT ( 'NONE',  ( 10.28307828915920297, 17.29837697830504339, 10.00000000000000888 ) ) ;
#2918 = CARTESIAN_POINT ( 'NONE',  ( -11.52127516249651151, 16.43851425427376611, 29.32142746254001509 ) ) ;
#2919 = ORIENTED_EDGE ( 'NONE', *, *, #4494, .F. ) ;
#2920 = EDGE_CURVE ( 'NONE', #1284, #2167, #3541, .T. ) ;
#2921 = CARTESIAN_POINT ( 'NONE',  ( -0.5244428301487135125, 37.04365553472236172, 28.31974867222639247 ) ) ;
#2922 = CARTESIAN_POINT ( 'NONE',  ( 0.1442095884328706001, 36.61349264937048531, 29.32147944962029484 ) ) ;
#2923 = CARTESIAN_POINT ( 'NONE',  ( 0.3727786311362396021, 37.07809672839992743, 9.999999999999998224 ) ) ;
#2924 = CARTESIAN_POINT ( 'NONE',  ( 11.87608878986850947, 16.26944568331724739, 11.35532824784975148 ) ) ;
#2925 = CARTESIAN_POINT ( 'NONE',  ( 11.46259259365430871, 16.98832044364822380, 29.59161234738873247 ) ) ;
#2926 = CARTESIAN_POINT ( 'NONE',  ( -10.29153875727563694, 17.57053453687224120, 10.00000000000000178 ) ) ;
#2927 = CARTESIAN_POINT ( 'NONE',  ( 2.301857110382998783, 35.68756173021759537, 12.00000000000000000 ) ) ;
#2928 = CARTESIAN_POINT ( 'NONE',  ( 11.24083085184069120, 17.00078605154795142, 29.73624753165939794 ) ) ;
#2929 = CARTESIAN_POINT ( 'NONE',  ( -10.28507156316724291, 17.30183747024962315, 30.00000000000001421 ) ) ;
#2930 = CARTESIAN_POINT ( 'NONE',  ( -10.90031593770982354, 17.11464309319009658, 29.89519344205881879 ) ) ;
#2931 = FACE_OUTER_BOUND ( 'NONE', #1524, .T. ) ;
#2932 = CARTESIAN_POINT ( 'NONE',  ( 10.69296000844739147, 15.26066347120905142, 30.00000000000000000 ) ) ;
#2933 = CARTESIAN_POINT ( 'NONE',  ( 10.89999115121589668, 16.66731364767021262, 29.79534749431858387 ) ) ;
#2934 = CARTESIAN_POINT ( 'NONE',  ( 10.71854518905591824, 16.85349177490130046, 10.09877706566243560 ) ) ;
#2935 = CARTESIAN_POINT ( 'NONE',  ( 0.05485810061132019577, 35.40193809450532569, 29.98066700148810781 ) ) ;
#2936 = CARTESIAN_POINT ( 'NONE',  ( 12.30133767970774272, 17.30187622145789916, 29.99999999999990763 ) ) ;
#2937 = CARTESIAN_POINT ( 'NONE',  ( 0.005355039842244106729, 35.16206906140066479, 10.00041391797055290 ) ) ;
#2938 = CARTESIAN_POINT ( 'NONE',  ( 0.3561254401678674020, 34.88724712585548815, 29.99999999999999645 ) ) ;
#2939 = CARTESIAN_POINT ( 'NONE',  ( 11.91413877442213121, 16.13747575939705925, 11.99999999998545164 ) ) ;
#2940 = CARTESIAN_POINT ( 'NONE',  ( 11.87235373139953154, 16.16766192485021847, 28.45597587632290271 ) ) ;
#2941 = CARTESIAN_POINT ( 'NONE',  ( -10.33249080885834381, 17.28836883789615442, 10.00040203889215817 ) ) ;
#2942 = CARTESIAN_POINT ( 'NONE',  ( 11.81583934492412702, 16.01345047917887143, 11.99999999999998046 ) ) ;
#2943 = B_SPLINE_CURVE_WITH_KNOTS ( 'NONE', 3,
 ( #722, #2799, #3901, #3264, #233, #2064, #4282, #4261 ),
 .UNSPECIFIED., .F., .F.,
 ( 4, 2, 2, 4 ),
 ( 0.000000000000000000, 0.0007039607519516151261, 0.001407921503903230252, 0.002815843007806450530 ),
 .UNSPECIFIED. ) ;
#2944 = EDGE_LOOP ( 'NONE', ( #3183, #3560, #3429, #3792 ) ) ;
#2945 = CARTESIAN_POINT ( 'NONE',  ( 2.348088938695552574, 35.61073092194153134, 11.99999999999999645 ) ) ;
#2946 = CARTESIAN_POINT ( 'NONE',  ( 0.2250718699398814859, 36.31191227531181909, 29.59085335058753330 ) ) ;
#2947 = CARTESIAN_POINT ( 'NONE',  ( 0.9853762964750160114, 36.86835600311504635, 12.00000000000000355 ) ) ;
#2948 = CARTESIAN_POINT ( 'NONE',  ( 11.66925672372399703, 16.11269089471703708, 11.17339713483818997 ) ) ;
#2949 = CARTESIAN_POINT ( 'NONE',  ( -11.74798450424174234, 15.95314555863322425, 28.26275058549046193 ) ) ;
#2950 = CARTESIAN_POINT ( 'NONE',  ( -10.08732620115125478, 18.21698686899338071, 10.00000000000000178 ) ) ;
#2951 = CARTESIAN_POINT ( 'NONE',  ( -0.4164611355097039280, 36.64656117654494949, 10.77773433381797652 ) ) ;
#2952 = CARTESIAN_POINT ( 'NONE',  ( -1.873608176216932986, 36.19985222125840352, 27.99999999999999289 ) ) ;
#2953 = CARTESIAN_POINT ( 'NONE',  ( 11.22618136164284230, 16.95768270649319831, 29.73586879659344362 ) ) ;
#2954 = CARTESIAN_POINT ( 'NONE',  ( -12.17341810661734414, 16.64248743264232644, 27.99999999999999645 ) ) ;
#2955 = CARTESIAN_POINT ( 'NONE',  ( -10.74490030264055207, 17.06471227690033032, 29.93283819915284383 ) ) ;
#2956 = DIRECTION ( 'NONE',  ( 0.4999999999999999445, -0.8660254037844387076, 0.000000000000000000 ) ) ;
#2957 = CARTESIAN_POINT ( 'NONE',  ( 10.25324998058846226, 17.26970487902134721, 29.99999999999999289 ) ) ;
#2958 = CARTESIAN_POINT ( 'NONE',  ( -0.5244500735342098041, 37.04365363142146350, 11.99999999998544631 ) ) ;
#2959 = CARTESIAN_POINT ( 'NONE',  ( 10.69542330053472057, 16.87722059238388894, 10.08833148092432097 ) ) ;
#2960 = CARTESIAN_POINT ( 'NONE',  ( -0.04678777823939302138, 35.28720791279383917, 29.99478308438531826 ) ) ;
#2961 = CARTESIAN_POINT ( 'NONE',  ( 10.28550768192303799, 17.30368694474595159, 30.00000000000000000 ) ) ;
#2962 = CARTESIAN_POINT ( 'NONE',  ( 9.071796769724445042, 17.00000000000000000, 27.99999999999999645 ) ) ;
#2963 = DIRECTION ( 'NONE',  ( 0.8660254037844384856, -0.5000000000000004441, 0.000000000000000000 ) ) ;
#2964 = CARTESIAN_POINT ( 'NONE',  ( 12.18252066045253557, 16.70578713182107222, 11.73724935066907271 ) ) ;
#2965 = CARTESIAN_POINT ( 'NONE',  ( 11.76503004693641330, 16.03036569914426224, 28.45620754130115770 ) ) ;
#2966 = CARTESIAN_POINT ( 'NONE',  ( -10.29718780520957822, 17.28990891014885989, 10.00000000000000000 ) ) ;
#2967 = EDGE_CURVE ( 'NONE', #3199, #866, #3139, .T. ) ;
#2968 = CARTESIAN_POINT ( 'NONE',  ( 0.3108787977422706739, 37.08866074727356477, 30.00000000000002132 ) ) ;
#2969 = CARTESIAN_POINT ( 'NONE',  ( -12.17300609410984791, 16.63559390830354445, 11.99999999998545164 ) ) ;
#2970 = CARTESIAN_POINT ( 'NONE',  ( -0.1033202548793162312, 36.32813599821812289, 29.59034375267916417 ) ) ;
#2971 = CARTESIAN_POINT ( 'NONE',  ( -0.006805060832929975788, 35.11385369741486073, 10.00000000000000178 ) ) ;
#2972 = CARTESIAN_POINT ( 'NONE',  ( 12.16862311991816270, 16.80196231347025559, 11.54340922649321222 ) ) ;
#2973 = CARTESIAN_POINT ( 'NONE',  ( 11.00647910418260267, 16.78462386637677639, 10.20299494810444685 ) ) ;
#2974 = CARTESIAN_POINT ( 'NONE',  ( -11.81723828416884103, 16.01257877894683190, 28.13208942746634733 ) ) ;
#2975 = CARTESIAN_POINT ( 'NONE',  ( 10.23933826193661467, 17.82289796598018938, 30.00000000000000355 ) ) ;
#2976 = CARTESIAN_POINT ( 'NONE',  ( -0.1465168055957008775, 36.84092042185171323, 10.99969326567773997 ) ) ;
#2977 = CARTESIAN_POINT ( 'NONE',  ( -0.8125563617887712198, 34.30542402801069102, 30.00000000000000000 ) ) ;
#2978 = ORIENTED_EDGE ( 'NONE', *, *, #2687, .T. ) ;
#2979 = CARTESIAN_POINT ( 'NONE',  ( 10.85844553423723724, 16.89009707540789407, 29.87237797777930837 ) ) ;
#2980 = CARTESIAN_POINT ( 'NONE',  ( -12.18855708375465774, 16.68724266822821534, 28.00000000000000355 ) ) ;
#2981 = CARTESIAN_POINT ( 'NONE',  ( -9.914586180827624773, 15.06242664700910261, 30.00000000000000000 ) ) ;
#2982 = CARTESIAN_POINT ( 'NONE',  ( 9.937822173508918056, 18.50000000000000000, 12.00000000000000000 ) ) ;
#2983 = CARTESIAN_POINT ( 'NONE',  ( -11.82843166279811165, 16.90811729642632599, 29.21199407702951945 ) ) ;
#2984 = CARTESIAN_POINT ( 'NONE',  ( -0.4373222876950789706, 37.06654783483092075, 11.86785961437143655 ) ) ;
#2985 = CARTESIAN_POINT ( 'NONE',  ( 10.81636462413408140, 16.75310464139439759, 10.15084214425465348 ) ) ;
#2986 = CARTESIAN_POINT ( 'NONE',  ( -3.624744235443551864E-05, 35.12931130888819098, 30.00000000000000000 ) ) ;
#2987 = EDGE_CURVE ( 'NONE', #3141, #1334, #2515, .T. ) ;
#2988 = CARTESIAN_POINT ( 'NONE',  ( 11.74691934695689355, 16.25732341343489296, 11.11497088885998963 ) ) ;
#2989 = FACE_OUTER_BOUND ( 'NONE', #3611, .T. ) ;
#2990 = CARTESIAN_POINT ( 'NONE',  ( -0.02461688484075023886, 35.40580183473527853, 10.01942608047493977 ) ) ;
#2991 = CARTESIAN_POINT ( 'NONE',  ( -10.23917717241888958, 17.82347170891181065, 9.999999999999998224 ) ) ;
#2992 = CARTESIAN_POINT ( 'NONE',  ( -10.17920762629584530, 17.21895920554010928, 10.00000000000000178 ) ) ;
#2993 = CARTESIAN_POINT ( 'NONE',  ( -10.32241307098179206, 17.26866620104432926, 10.00040923915789648 ) ) ;
#2994 = CARTESIAN_POINT ( 'NONE',  ( 0.3751745001713724381, 37.07765128546880362, 28.00000000000000355 ) ) ;
#2995 = CARTESIAN_POINT ( 'NONE',  ( -11.92006346021982033, 16.26750847303848246, 11.48019369224944164 ) ) ;
#2996 = CARTESIAN_POINT ( 'NONE',  ( -0.08494296271312028190, 36.11133914828388214, 29.73549620597079368 ) ) ;
#2997 = CARTESIAN_POINT ( 'NONE',  ( -0.0007095733525315255823, 35.11300141816753495, 10.00000000000000178 ) ) ;
#2998 = CARTESIAN_POINT ( 'NONE',  ( 10.77602892733450624, 16.79449242335016024, 10.12693045191043595 ) ) ;
#2999 = CARTESIAN_POINT ( 'NONE',  ( -12.02097015079018938, 16.41211956246717207, 28.45591314390649984 ) ) ;
#3000 = CARTESIAN_POINT ( 'NONE',  ( -12.27409510613286514, 17.83631665558679558, 11.99999999999999822 ) ) ;
#3001 = VECTOR ( 'NONE', #2070, 999.9999999999998863 ) ;
#3002 = CARTESIAN_POINT ( 'NONE',  ( 0.2778331973004297684, 36.59475246221256128, 10.67799811710663960 ) ) ;
#3003 = CARTESIAN_POINT ( 'NONE',  ( -0.04401333952437908731, 35.10026771815649482, 30.00000000000000000 ) ) ;
#3004 = VERTEX_POINT ( 'NONE', #3980 ) ;
#3005 = CARTESIAN_POINT ( 'NONE',  ( 10.33173763195930839, 17.28682379296195393, 29.99959768163678930 ) ) ;
#3006 = CARTESIAN_POINT ( 'NONE',  ( -12.14163208367219049, 16.55804639522255428, 30.00000000000000711 ) ) ;
#3007 = VECTOR ( 'NONE', #1772, 1000.000000000000000 ) ;
#3008 = CARTESIAN_POINT ( 'NONE',  ( -10.96172075029877924, 15.36749548893363304, 27.99999999999999645 ) ) ;
#3009 = CARTESIAN_POINT ( 'NONE',  ( 12.16147880871206333, 16.61032595844408277, 10.00000000000000000 ) ) ;
#3010 = CARTESIAN_POINT ( 'NONE',  ( -12.22386283937706075, 16.80758509946436163, 28.31891266347377822 ) ) ;
#3011 = CARTESIAN_POINT ( 'NONE',  ( -0.1682218048674551658, 37.09465300333556570, 11.73748700165766756 ) ) ;
#3012 = CARTESIAN_POINT ( 'NONE',  ( -11.69416967405283181, 15.88039787944818215, 27.99999999990995647 ) ) ;
#3013 = CARTESIAN_POINT ( 'NONE',  ( 0.1749448951511958505, 35.73136895987637729, 29.89537257937762149 ) ) ;
#3014 = CARTESIAN_POINT ( 'NONE',  ( 11.66877853177974167, 16.31298978935200239, 10.94289300329565506 ) ) ;
#3015 = CARTESIAN_POINT ( 'NONE',  ( 11.86473377202020352, 16.07427730593477477, 27.99999999999999645 ) ) ;
#3016 = CARTESIAN_POINT ( 'NONE',  ( 10.68795851776991412, 15.25207234464975770, 27.99999999999999289 ) ) ;
#3017 = CARTESIAN_POINT ( 'NONE',  ( 0.5293475789147120691, 36.98902374417222916, 28.45659451656791106 ) ) ;
#3018 = CARTESIAN_POINT ( 'NONE',  ( 12.16567697523884917, 16.61609439136386257, 11.99999999998544808 ) ) ;
#3019 = CARTESIAN_POINT ( 'NONE',  ( 11.72394207382014919, 16.06582426031336652, 28.64514349759283718 ) ) ;
#3020 = CARTESIAN_POINT ( 'NONE',  ( -10.71925084861261901, 17.16931809053179947, 10.05097057560835161 ) ) ;
#3021 = EDGE_CURVE ( 'NONE', #958, #3696, #4378, .T. ) ;
#3022 = DIRECTION ( 'NONE',  ( 0.000000000000000000, 0.000000000000000000, 1.000000000000000000 ) ) ;
#3023 = B_SPLINE_CURVE_WITH_KNOTS ( 'NONE', 3,
 ( #3227, #4647, #263, #4626, #3202, #1753, #4669, #2140, #1396, #2848, #4314, #2491 ),
 .UNSPECIFIED., .F., .F.,
 ( 4, 2, 2, 2, 2, 4 ),
 ( -5.999999999658699449E-08, 0.0003489806520274089355, 0.0006980213040548144789, 0.001396102608109625566, 0.002094183912164436761, 0.002792265216219247739 ),
 .UNSPECIFIED. ) ;
#3024 = CARTESIAN_POINT ( 'NONE',  ( 0.2961471890126801676, 37.09088834143156532, 29.99999999999999645 ) ) ;
#3025 = CARTESIAN_POINT ( 'NONE',  ( -11.92697097102911563, 16.15593942892273915, 11.86791037379065727 ) ) ;
#3026 = CARTESIAN_POINT ( 'NONE',  ( 0.2795369544779321425, 37.09327208715957624, 12.00000000000000000 ) ) ;
#3027 = CARTESIAN_POINT ( 'NONE',  ( -12.17300654607438837, 16.63559526407302158, 28.13209017393356959 ) ) ;
#3028 = CARTESIAN_POINT ( 'NONE',  ( -10.29636005554022482, 17.35120920843693426, 10.00000000000001243 ) ) ;
#3029 = CARTESIAN_POINT ( 'NONE',  ( -0.8242234607707126237, 36.94203470166475967, 27.99999999999999645 ) ) ;
#3030 = ORIENTED_EDGE ( 'NONE', *, *, #959, .T. ) ;
#3031 = CARTESIAN_POINT ( 'NONE',  ( 10.53089356151461509, 17.13987016705209143, 29.98056186192280848 ) ) ;
#3032 = CARTESIAN_POINT ( 'NONE',  ( -12.18850014765643586, 18.27234408236985175, 29.99999999999999645 ) ) ;
#3033 = CARTESIAN_POINT ( 'NONE',  ( 11.46259323364740190, 16.98832402966694133, 10.40838738668536934 ) ) ;
#3034 = CARTESIAN_POINT ( 'NONE',  ( -9.393685922581745729, 15.00601238510829383, 27.99999999999999645 ) ) ;
#3035 = CARTESIAN_POINT ( 'NONE',  ( 10.29347978529729168, 17.32476665306583641, 9.999999999999996447 ) ) ;
#3036 = DIRECTION ( 'NONE',  ( 0.4999999999999999445, 0.8660254037844387076, 0.000000000000000000 ) ) ;
#3037 = CARTESIAN_POINT ( 'NONE',  ( 0.5086428393443718221, 36.91554989313065960, 11.29290192075342425 ) ) ;
#3038 = CARTESIAN_POINT ( 'NONE',  ( 11.26078438619334143, 16.29709309298874942, 10.57041129597843998 ) ) ;
#3039 = EDGE_CURVE ( 'NONE', #3071, #644, #3023, .T. ) ;
#3040 = CARTESIAN_POINT ( 'NONE',  ( 0.09597857729978100105, 35.62136956954289246, 29.93306345631427945 ) ) ;
#3041 = FACE_OUTER_BOUND ( 'NONE', #219, .T. ) ;
#3042 = CARTESIAN_POINT ( 'NONE',  ( 0.4413891584543471192, 36.99635248185725089, 28.52051584002823503 ) ) ;
#3043 = CARTESIAN_POINT ( 'NONE',  ( -10.68042418837531393, 16.96739315462456332, 10.06696493383992319 ) ) ;
#3044 = CARTESIAN_POINT ( 'NONE',  ( 0.2774728002258199377, 37.09356142471867912, 30.00000000000000000 ) ) ;
#3045 = CARTESIAN_POINT ( 'NONE',  ( 0.7743999404881797277, 36.97563769774954068, 11.99999999999999289 ) ) ;
#3046 = CARTESIAN_POINT ( 'NONE',  ( 10.22669766371113909, 15.15715184725775799, 10.00000000000000178 ) ) ;
#3047 = SURFACE_STYLE_USAGE ( .BOTH. , #126 ) ;
#3048 = CARTESIAN_POINT ( 'NONE',  ( -12.29168150442634655, 17.20041036649963573, 11.99999999999999645 ) ) ;
#3049 = CARTESIAN_POINT ( 'NONE',  ( -1.441605014589051326, 36.58359790165798842, 27.99999999999999645 ) ) ;
#3050 = ORIENTED_EDGE ( 'NONE', *, *, #4193, .F. ) ;
#3051 = CARTESIAN_POINT ( 'NONE',  ( 10.29969049350155430, 17.29452882158362570, 29.99999999999999645 ) ) ;
#3052 = CARTESIAN_POINT ( 'NONE',  ( -12.30044331153583492, 17.52393762462375193, 28.00000000000000000 ) ) ;
#3053 = CARTESIAN_POINT ( 'NONE',  ( 11.44847378259076009, 16.93587529904213795, 10.40873860784970617 ) ) ;
#3054 = CARTESIAN_POINT ( 'NONE',  ( -10.83716702310390190, 15.31614084269519083, 30.00000000000000000 ) ) ;
#3055 = CARTESIAN_POINT ( 'NONE',  ( 12.17749031893542799, 16.65510620374909223, 12.00000000000001066 ) ) ;
#3056 = CARTESIAN_POINT ( 'NONE',  ( -10.31638171520128289, 17.29246131761271954, 30.00000000000000000 ) ) ;
#3057 = CARTESIAN_POINT ( 'NONE',  ( -0.4093978061301927762, 36.94155782890405959, 11.29316151755653053 ) ) ;
#3058 = CARTESIAN_POINT ( 'NONE',  ( 12.06932900351995563, 18.65355318132050400, 30.00000000000000000 ) ) ;
#3059 = CARTESIAN_POINT ( 'NONE',  ( -0.003411781907834446088, 35.11214653374515393, 10.00000000000001599 ) ) ;
#3060 = CARTESIAN_POINT ( 'NONE',  ( 0.5398561689262550978, 37.02631516184400340, 28.26275238851782845 ) ) ;
#3061 = CARTESIAN_POINT ( 'NONE',  ( 12.24214928021406656, 16.81007526259588047, 12.00000000000000000 ) ) ;
#3062 = CARTESIAN_POINT ( 'NONE',  ( 0.09857484454628097359, 37.04472502381459975, 28.51982004465536136 ) ) ;
#3063 = CARTESIAN_POINT ( 'NONE',  ( 11.71164782586021325, 16.37599427207921110, 29.05697001370518606 ) ) ;
#3064 = CARTESIAN_POINT ( 'NONE',  ( -10.90923553512444855, 16.67119896468860674, 29.79789446499199457 ) ) ;
#3065 = CARTESIAN_POINT ( 'NONE',  ( 0.9871486603299330920, 36.86747983763621050, 30.00000000000000711 ) ) ;
#3066 = CARTESIAN_POINT ( 'NONE',  ( -11.96630182068701309, 16.23819962335124956, 11.73750610967130292 ) ) ;
#3067 = CARTESIAN_POINT ( 'NONE',  ( 0.2787936949222227789, 37.09337614063976218, 9.999999999999998224 ) ) ;
#3068 = CARTESIAN_POINT ( 'NONE',  ( -12.02430131244738298, 16.85831306591155609, 28.88628020247402262 ) ) ;
#3069 = CARTESIAN_POINT ( 'NONE',  ( -12.20459960918332776, 16.73857089428352651, 12.00000000000001776 ) ) ;
#3070 = DIRECTION ( 'NONE',  ( -1.000000000000000000, -1.912215981034913991E-16, -0.000000000000000000 ) ) ;
#3071 = VERTEX_POINT ( 'NONE', #686 ) ;
#3072 = CARTESIAN_POINT ( 'NONE',  ( 10.62852331767324898, 17.00386583398111995, 29.94890108770903581 ) ) ;
#3073 = CARTESIAN_POINT ( 'NONE',  ( -12.25934239167894724, 16.96453593118709691, 28.00000000000000711 ) ) ;
#3074 = MECHANICAL_DESIGN_GEOMETRIC_PRESENTATION_REPRESENTATION (  '', ( #3219 ), #568 ) ;
#3075 = CARTESIAN_POINT ( 'NONE',  ( -11.20190104692089683, 15.49894905396829969, 27.99999999999999645 ) ) ;
#3076 = CARTESIAN_POINT ( 'NONE',  ( 12.22859011305268062, 16.81967575864594266, 10.00000000000001066 ) ) ;
#3077 = CARTESIAN_POINT ( 'NONE',  ( -11.65884781383192426, 16.95121029201339979, 29.41139046053091732 ) ) ;
#3078 = CARTESIAN_POINT ( 'NONE',  ( -0.5244500735342098041, 37.04365363142146350, 11.86791072733753971 ) ) ;
#3079 = CARTESIAN_POINT ( 'NONE',  ( 10.26821675724722560, 17.71610159414958829, 30.00000000000000000 ) ) ;
#3080 = CIRCLE ( 'NONE', #3850, 2.000000000000001776 ) ;
#3081 = CARTESIAN_POINT ( 'NONE',  ( -0.001946579250615265233, 35.11238901132995238, 10.00000000000000000 ) ) ;
#3082 = CARTESIAN_POINT ( 'NONE',  ( 12.15346115477914601, 16.58895004413909291, 30.00000000000000000 ) ) ;
#3083 = CARTESIAN_POINT ( 'NONE',  ( 10.91028119542120578, 15.34017594033310772, 28.00000000000000000 ) ) ;
#3084 = CARTESIAN_POINT ( 'NONE',  ( -0.5244428301486405708, 37.04365553472236883, 27.99999999990996358 ) ) ;
#3085 = DIRECTION ( 'NONE',  ( 1.821459649775647449E-14, -1.000000000000000000, 0.000000000000000000 ) ) ;
#3086 = APPLICATION_PROTOCOL_DEFINITION ( 'draft international standard', 'automotive_design', 1998, #2612 ) ;
#3087 = CARTESIAN_POINT ( 'NONE',  ( -0.3716286061288724407, 36.77191157578185710, 10.94189110164701795 ) ) ;
#3088 = CARTESIAN_POINT ( 'NONE',  ( 0.4452834254848334616, 34.79404444182113565, 30.00000000000002132 ) ) ;
#3089 = CARTESIAN_POINT ( 'NONE',  ( -11.58638519547896806, 16.20690695921741664, 10.94245145553019505 ) ) ;
#3090 = CARTESIAN_POINT ( 'NONE',  ( 11.71588143822045325, 15.90422717920842288, 10.00000000000001599 ) ) ;
#3091 = CARTESIAN_POINT ( 'NONE',  ( -11.67956050214066188, 16.32853485641123470, 29.05705738448292408 ) ) ;
#3092 = CARTESIAN_POINT ( 'NONE',  ( -12.18669031052959362, 16.68163259859790770, 11.99999999999999822 ) ) ;
#3093 = CARTESIAN_POINT ( 'NONE',  ( -0.3266400546746027755, 37.08585704346101863, 27.99999999999999645 ) ) ;
#3094 = VERTEX_POINT ( 'NONE', #334 ) ;
#3095 = CARTESIAN_POINT ( 'NONE',  ( 2.598076211353312903, 35.21281292110202088, 12.00000000000000000 ) ) ;
#3096 = CARTESIAN_POINT ( 'NONE',  ( 10.56477144830692794, 17.21182524628635235, 29.98072050586927872 ) ) ;
#3097 = CARTESIAN_POINT ( 'NONE',  ( -10.29609548025496046, 17.53223500860349660, 30.00000000000000000 ) ) ;
#3098 = CARTESIAN_POINT ( 'NONE',  ( -10.28517505064816895, 17.30131467631640163, 30.00000000000000000 ) ) ;
#3099 = CARTESIAN_POINT ( 'NONE',  ( 12.27876446107670105, 17.81317417298089012, 12.00000000000000000 ) ) ;
#3100 = CARTESIAN_POINT ( 'NONE',  ( -0.04131963856545931707, 35.26711280259181081, 10.00629286871978252 ) ) ;
#3101 = CARTESIAN_POINT ( 'NONE',  ( -0.3985537693716029173, 36.89277582365170360, 11.17293834707791333 ) ) ;
#3102 = CARTESIAN_POINT ( 'NONE',  ( 10.29386595418893258, 17.55860242969429308, 30.00000000000000000 ) ) ;
#3103 = CARTESIAN_POINT ( 'NONE',  ( -0.3413479965271212224, 37.08339307725965028, 10.00000000000001421 ) ) ;
#3104 = CARTESIAN_POINT ( 'NONE',  ( 11.86062192441404939, 16.06900481740713005, 30.00000000000000000 ) ) ;
#3105 = CARTESIAN_POINT ( 'NONE',  ( 12.30497588769035744, 17.65150537657303431, 28.00000000000000000 ) ) ;
#3106 = CARTESIAN_POINT ( 'NONE',  ( -0.3391065083644367872, 37.03334807752039382, 28.45617836884915874 ) ) ;
#3107 = CARTESIAN_POINT ( 'NONE',  ( 11.49173228996554919, 16.26457352537089562, 29.22139966576745707 ) ) ;
#3108 = CARTESIAN_POINT ( 'NONE',  ( -2.598076211353320009, 35.21281292110202088, 30.00000000000000000 ) ) ;
#3109 = CARTESIAN_POINT ( 'NONE',  ( -12.31657094835506250, 17.38370337519717523, 27.99999999999999645 ) ) ;
#3110 = CARTESIAN_POINT ( 'NONE',  ( 0.3025924756555466444, 36.40094653976598948, 10.49309588393879800 ) ) ;
#3111 = CARTESIAN_POINT ( 'NONE',  ( 2.475800268553606021, 35.41861655267558007, 27.99999999999949196 ) ) ;
#3112 = CARTESIAN_POINT ( 'NONE',  ( -11.70755892860000813, 16.30905897367825474, 10.99969326568338523 ) ) ;
#3113 = CARTESIAN_POINT ( 'NONE',  ( 11.63505858602193932, 15.82831673330925959, 9.999999999999998224 ) ) ;
#3114 = EDGE_CURVE ( 'NONE', #3004, #4201, #62, .T. ) ;
#3115 = CARTESIAN_POINT ( 'NONE',  ( -11.79815251585750602, 16.52582478675994082, 29.05697001387974865 ) ) ;
#3116 = CARTESIAN_POINT ( 'NONE',  ( -10.29485775624766930, 17.34125196206143116, 9.999999999999996447 ) ) ;
#3117 = CARTESIAN_POINT ( 'NONE',  ( -0.001948062342725515039, 35.11238886843156592, 30.00000000000000000 ) ) ;
#3118 = ORIENTED_EDGE ( 'NONE', *, *, #648, .F. ) ;
#3119 = CARTESIAN_POINT ( 'NONE',  ( 10.56810753544358228, 17.22443002612999408, 10.01920541120107622 ) ) ;
#3120 = CARTESIAN_POINT ( 'NONE',  ( -12.09065058647671975, 16.42999554782903715, 11.99999999998545341 ) ) ;
#3121 = CARTESIAN_POINT ( 'NONE',  ( -12.22754739564339665, 18.10817531259002777, 27.99999999999998579 ) ) ;
#3122 = CARTESIAN_POINT ( 'NONE',  ( -10.30013943880786442, 17.29507549755726714, 30.00000000000000000 ) ) ;
#3123 = CARTESIAN_POINT ( 'NONE',  ( 12.21861250420193024, 16.78875950693173991, 27.99999999990995647 ) ) ;
#3124 = CARTESIAN_POINT ( 'NONE',  ( 12.16197406368953260, 18.38079651417556448, 12.00000000000000000 ) ) ;
#3125 = CARTESIAN_POINT ( 'NONE',  ( -0.2506336759553779991, 36.03687135328106450, 10.24276512697779928 ) ) ;
#3126 = CARTESIAN_POINT ( 'NONE',  ( -0.3188505201307907932, 37.08713275586619318, 10.00000000000000000 ) ) ;
#3127 = CARTESIAN_POINT ( 'NONE',  ( 11.76705812505421811, 15.95718505642419949, 29.99999999999998934 ) ) ;
#3128 = CARTESIAN_POINT ( 'NONE',  ( 0.05226036759471694437, 35.09764036244325780, 10.00000000000000000 ) ) ;
#3129 = CARTESIAN_POINT ( 'NONE',  ( -0.4164559026040564049, 36.64656273453758928, 29.22226541930646349 ) ) ;
#3130 = PRODUCT_RELATED_PRODUCT_CATEGORY ( 'part', '', ( #4013 ) ) ;
#3131 = FACE_OUTER_BOUND ( 'NONE', #2517, .T. ) ;
#3132 = CARTESIAN_POINT ( 'NONE',  ( -12.21094445226539982, 18.22299119339781370, 27.99999999999999645 ) ) ;
#3133 = CARTESIAN_POINT ( 'NONE',  ( -0.1843874297611081958, 35.79318934778331140, 10.12694242510671394 ) ) ;
#3134 = CARTESIAN_POINT ( 'NONE',  ( 1.794208883533344956, 36.27578488335906570, 29.99999999999999645 ) ) ;
#3135 = CARTESIAN_POINT ( 'NONE',  ( -11.82502835988113432, 16.90896799501661363, 10.77772489869290951 ) ) ;
#3136 = CARTESIAN_POINT ( 'NONE',  ( 10.26517245152614244, 17.27996600442238773, 10.00000000000000355 ) ) ;
#3137 = EDGE_CURVE ( 'NONE', #4721, #2294, #191, .T. ) ;
#3138 = CARTESIAN_POINT ( 'NONE',  ( -12.09976973520158161, 16.83912920980369066, 28.70709821730407540 ) ) ;
#3139 = LINE ( 'NONE', #286, #3605 ) ;
#3140 = CARTESIAN_POINT ( 'NONE',  ( -0.3266396561938949006, 37.08585461212927470, 30.00000000000000000 ) ) ;
#3141 = VERTEX_POINT ( 'NONE', #2420 ) ;
#3142 = CARTESIAN_POINT ( 'NONE',  ( 10.78380360050506859, 17.16749548321134711, 10.06665377764340796 ) ) ;
#3143 = CARTESIAN_POINT ( 'NONE',  ( -11.69416440405240287, 15.88039255814201844, 12.00000000000000000 ) ) ;
#3144 = CARTESIAN_POINT ( 'NONE',  ( -11.81479046325051563, 16.01269278760292636, 11.99999999999999645 ) ) ;
#3145 = CARTESIAN_POINT ( 'NONE',  ( 12.21861447758796082, 16.78876673153879295, 12.00000000000000000 ) ) ;
#3146 = CARTESIAN_POINT ( 'NONE',  ( 12.04651322395663549, 16.83418727026816342, 28.82734960205581487 ) ) ;
#3147 = CARTESIAN_POINT ( 'NONE',  ( 10.28593968055551677, 17.30488366409026924, 10.00000000000000000 ) ) ;
#3148 = CARTESIAN_POINT ( 'NONE',  ( -0.3714696398391783561, 36.48112032085447254, 10.58863441462733057 ) ) ;
#3149 = CARTESIAN_POINT ( 'NONE',  ( -2.432445484675305192, 35.48774117672201811, 11.99999999999980993 ) ) ;
#3150 = CARTESIAN_POINT ( 'NONE',  ( 9.071796769724445042, 17.00000000000000000, 30.00000000000000000 ) ) ;
#3151 = AXIS2_PLACEMENT_3D ( 'NONE', #3153, #4596, #1322 ) ;
#3152 = CARTESIAN_POINT ( 'NONE',  ( 0.09141206068073698399, 36.90682921873914069, 28.88490223903639986 ) ) ;
#3153 = CARTESIAN_POINT ( 'NONE',  ( -0.6041730978868087298, 36.75927142320825425, 27.99999999999999645 ) ) ;
#3154 = CARTESIAN_POINT ( 'NONE',  ( -11.93290795970315266, 19.00609232891572020, 27.99999999999999645 ) ) ;
#3155 = CARTESIAN_POINT ( 'NONE',  ( 0.04991623333322763728, 35.62774356597817160, 10.06711349157127522 ) ) ;
#3156 = CARTESIAN_POINT ( 'NONE',  ( 2.207064784966591642, 35.80493594901523835, 27.99999999999996803 ) ) ;
#3157 = CARTESIAN_POINT ( 'NONE',  ( -11.82692520349251630, 16.32630445298829969, 11.17399237164864267 ) ) ;
#3158 = CARTESIAN_POINT ( 'NONE',  ( 10.26883675926202422, 17.28332857216450336, 10.00000000000000355 ) ) ;
#3159 = CARTESIAN_POINT ( 'NONE',  ( -11.86922446209585402, 16.29964210315891293, 28.70587635857432929 ) ) ;
#3160 = CARTESIAN_POINT ( 'NONE',  ( -10.28173114333278093, 17.29358625628793078, 10.00000000000000000 ) ) ;
#3161 = CARTESIAN_POINT ( 'NONE',  ( -0.003412712328658884433, 35.11214637509626613, 30.00000000000000000 ) ) ;
#3162 = VERTEX_POINT ( 'NONE', #3488 ) ;
#3163 = CARTESIAN_POINT ( 'NONE',  ( 10.28391191050745945, 17.29944552537243752, 10.00000000000000000 ) ) ;
#3164 = CARTESIAN_POINT ( 'NONE',  ( -10.82723770844500422, 16.75380768210243332, 10.15394580355114940 ) ) ;
#3165 = CARTESIAN_POINT ( 'NONE',  ( -9.964488236678826993, 18.45381303018517372, 30.00000000000000000 ) ) ;
#3166 = CARTESIAN_POINT ( 'NONE',  ( 1.377406829539078670, 36.62923301638383577, 12.00000000000000533 ) ) ;
#3167 = CARTESIAN_POINT ( 'NONE',  ( -10.28208393509888019, 17.29754118090087189, 30.00000000000001421 ) ) ;
#3168 = CARTESIAN_POINT ( 'NONE',  ( 11.74901107410732060, 19.36292882636385215, 10.00000000000000000 ) ) ;
#3169 = CARTESIAN_POINT ( 'NONE',  ( -0.1029022079577924798, 35.49355535896819447, 10.03915183355537799 ) ) ;
#3170 = CARTESIAN_POINT ( 'NONE',  ( -0.8675073912478883376, 36.92343277892227604, 12.00000000000000533 ) ) ;
#3171 = EDGE_CURVE ( 'NONE', #4201, #1284, #2943, .T. ) ;
#3172 = CARTESIAN_POINT ( 'NONE',  ( 11.79824780746098867, 15.99267341301176515, 30.00000000000000000 ) ) ;
#3173 = CARTESIAN_POINT ( 'NONE',  ( -10.29306496870315435, 17.56475424912306948, 30.00000000000000000 ) ) ;
#3174 = CARTESIAN_POINT ( 'NONE',  ( -0.4908438667222042584, 36.92010440891780831, 28.70709231019426966 ) ) ;
#3175 = CARTESIAN_POINT ( 'NONE',  ( -11.68747807615277878, 15.84935655566630608, 12.00000000000000355 ) ) ;
#3176 = CARTESIAN_POINT ( 'NONE',  ( -0.1404653713259678416, 35.74035185146705373, 10.10483486038359757 ) ) ;
#3177 = CARTESIAN_POINT ( 'NONE',  ( 12.21861250420193201, 16.78875950693173991, 28.13208924084956308 ) ) ;
#3178 = CARTESIAN_POINT ( 'NONE',  ( -10.89123128668887475, 17.08710620259757107, 10.10501373020421489 ) ) ;
#3179 = CARTESIAN_POINT ( 'NONE',  ( 9.941477129820265546, 17.11691559078951741, 10.00000000000000355 ) ) ;
#3180 = CARTESIAN_POINT ( 'NONE',  ( -11.43521877446923618, 16.89536827943112129, 29.59085335081235257 ) ) ;
#3181 = CARTESIAN_POINT ( 'NONE',  ( -0.8660254037844319353, 34.21281292110204220, 12.00000000000000000 ) ) ;
#3182 = CARTESIAN_POINT ( 'NONE',  ( -9.910979193295949230, 17.10439158229883105, 30.00000000000000000 ) ) ;
#3183 = ORIENTED_EDGE ( 'NONE', *, *, #1091, .T. ) ;
#3184 = CARTESIAN_POINT ( 'NONE',  ( 10.32421188389245259, 17.27073432930905028, 10.00041391797021006 ) ) ;
#3185 = CARTESIAN_POINT ( 'NONE',  ( -11.29202305804242101, 16.28554351759515839, 10.60088960013444392 ) ) ;
#3186 = CARTESIAN_POINT ( 'NONE',  ( -11.82690452274383652, 16.02728450374492652, 10.00000000000000000 ) ) ;
#3187 = CARTESIAN_POINT ( 'NONE',  ( 0.8388134845785930604, 34.25876673492884805, 9.999999999999998224 ) ) ;
#3188 = CARTESIAN_POINT ( 'NONE',  ( -11.78935369047842485, 15.98283978487999590, 30.00000000000000000 ) ) ;
#3189 = CARTESIAN_POINT ( 'NONE',  ( 9.991127864575984674, 18.40767184428567660, 10.00000000000000000 ) ) ;
#3190 = CARTESIAN_POINT ( 'NONE',  ( -0.1804990993814984401, 35.77889077025745479, 10.12081139381333728 ) ) ;
#3191 = CARTESIAN_POINT ( 'NONE',  ( -1.010375256749003414, 36.85864742574155173, 9.999999999999941380 ) ) ;
#3192 = CARTESIAN_POINT ( 'NONE',  ( 11.72810740777257443, 15.91497602647869591, 27.99999999999999289 ) ) ;
#3193 = CARTESIAN_POINT ( 'NONE',  ( 11.27360082163053256, 16.28394292945307953, 29.41139046126239265 ) ) ;
#3194 = CARTESIAN_POINT ( 'NONE',  ( -0.4704103329767121422, 36.84496559983077901, 28.88627284737367518 ) ) ;
#3195 = CARTESIAN_POINT ( 'NONE',  ( 0.08431582698373334128, 35.55904479044729527, 10.05109898397246759 ) ) ;
#3196 = CARTESIAN_POINT ( 'NONE',  ( -10.23535635800254262, 17.25594747923602768, 10.00000000000000000 ) ) ;
#3197 = CARTESIAN_POINT ( 'NONE',  ( 11.80401082025629123, 15.99647591918016865, 28.13209017393359090 ) ) ;
#3198 = CARTESIAN_POINT ( 'NONE',  ( -11.34591056861723501, 16.23125286014231250, 10.67713617058050701 ) ) ;
#3199 = VERTEX_POINT ( 'NONE', #1681 ) ;
#3200 = CARTESIAN_POINT ( 'NONE',  ( 11.85876515924959662, 16.06565317948107108, 9.999999999999991118 ) ) ;
#3201 = CARTESIAN_POINT ( 'NONE',  ( -11.40271885668490448, 16.59379140270731412, 29.50576827134329605 ) ) ;
#3202 = CARTESIAN_POINT ( 'NONE',  ( -11.93828602861211508, 18.97847358622405878, 12.00000000000001066 ) ) ;
#3203 = CARTESIAN_POINT ( 'NONE',  ( 0.1001817586488277789, 35.07483629546429427, 30.00000000000000711 ) ) ;
#3204 = ORIENTED_EDGE ( 'NONE', *, *, #1728, .F. ) ;
#3205 = CARTESIAN_POINT ( 'NONE',  ( -0.04605127025309681266, 35.28450190281953525, 29.99212523793725538 ) ) ;
#3206 = CARTESIAN_POINT ( 'NONE',  ( -10.28235420713621018, 17.29786961930171074, 10.00000000000000000 ) ) ;
#3207 = CARTESIAN_POINT ( 'NONE',  ( 11.85791524687199150, 16.05801424916988651, 11.99999999998544631 ) ) ;
#3208 = CARTESIAN_POINT ( 'NONE',  ( -12.22386283937710161, 16.80758509946451085, 28.00000000000000355 ) ) ;
#3209 = CARTESIAN_POINT ( 'NONE',  ( 0.2032523940209619018, 35.83181876329912541, 10.14437575256313906 ) ) ;
#3210 = CARTESIAN_POINT ( 'NONE',  ( 0.6972896622058598615, 36.99516352871064129, 28.00000000000000000 ) ) ;
#3211 = CARTESIAN_POINT ( 'NONE',  ( 11.99836655498577365, 16.76355222977834813, 28.88596968841278212 ) ) ;
#3212 = CARTESIAN_POINT ( 'NONE',  ( -0.05333198740451275399, 35.09647801750377738, 10.00000000000000000 ) ) ;
#3213 = ADVANCED_FACE ( 'NONE', ( #257 ), #2082, .F. ) ;
#3214 = UNCERTAINTY_MEASURE_WITH_UNIT (LENGTH_MEASURE( 1.000000000000000082E-05 ), #2235, 'distance_accuracy_value', 'NONE');
#3215 = CARTESIAN_POINT ( 'NONE',  ( -10.45971131041500968, 17.25602734655258530, 29.99478622388806315 ) ) ;
#3216 = CARTESIAN_POINT ( 'NONE',  ( 11.24189435917993940, 15.52450418692632184, 27.99999999999998579 ) ) ;
#3217 = CARTESIAN_POINT ( 'NONE',  ( -1.373586306441444416, 36.64298450307850885, 12.00000000000000533 ) ) ;
#3218 = CARTESIAN_POINT ( 'NONE',  ( 0.08650468777283618071, 36.81099386075470647, 29.05697001393409451 ) ) ;
#3219 = STYLED_ITEM ( 'NONE', ( #3784 ), #1225 ) ;
#3220 = CARTESIAN_POINT ( 'NONE',  ( 0.1191280389902818759, 35.74493633202799003, 10.10501373013511461 ) ) ;
#3221 = CARTESIAN_POINT ( 'NONE',  ( -11.40560580521340484, 15.63399803656900744, 11.99999999999999467 ) ) ;
#3222 = CARTESIAN_POINT ( 'NONE',  ( -0.09931244152007714932, 35.07542461319717830, 10.00000000000000000 ) ) ;
#3223 = CARTESIAN_POINT ( 'NONE',  ( -11.29715629015505840, 16.44927486562841423, 10.49364706947614678 ) ) ;
#3224 = VERTEX_POINT ( 'NONE', #2281 ) ;
#3225 = CARTESIAN_POINT ( 'NONE',  ( 11.84409904665179170, 16.04685427829828015, 10.00000000000002309 ) ) ;
#3226 = CARTESIAN_POINT ( 'NONE',  ( -10.90923553512444855, 16.67119896468860674, 29.79789446499199457 ) ) ;
#3227 = CARTESIAN_POINT ( 'NONE',  ( -11.66987298107780369, 19.49999999999999645, 12.00000000000000000 ) ) ;
#3228 = CARTESIAN_POINT ( 'NONE',  ( -9.808942376353630976, 17.07743042478181295, 29.99999999999999645 ) ) ;
#3229 = CARTESIAN_POINT ( 'NONE',  ( 0.2767648605214179103, 37.09365957277728398, 29.99999999999998934 ) ) ;
#3230 = CARTESIAN_POINT ( 'NONE',  ( -0.3569370270197450568, 36.42770426978622567, 29.46508130566427397 ) ) ;
#3231 = CARTESIAN_POINT ( 'NONE',  ( -10.28208459328464386, 17.29754196261888666, 10.00000000000000000 ) ) ;
#3232 = CARTESIAN_POINT ( 'NONE',  ( 0.009193514392664560442, 35.11128521530313407, 9.999999999999987566 ) ) ;
#3233 = CARTESIAN_POINT ( 'NONE',  ( -12.21354960314159577, 16.76830577167836367, 27.99999999990995647 ) ) ;
#3234 = CARTESIAN_POINT ( 'NONE',  ( 10.04074855313138315, 18.31355394989480345, 10.00000000000000000 ) ) ;
#3235 = CARTESIAN_POINT ( 'NONE',  ( 0.5619638481053508272, 37.03837247288189616, 12.00000000000000000 ) ) ;
#3236 = CARTESIAN_POINT ( 'NONE',  ( 11.33545751333721263, 16.22047263430781427, 29.32287417351962588 ) ) ;
#3237 = CARTESIAN_POINT ( 'NONE',  ( -2.432445494191183943, 35.48774118336714878, 9.999999999999712230 ) ) ;
#3238 = CARTESIAN_POINT ( 'NONE',  ( -10.29718663746840868, 17.28990680290964121, 30.00000000000000000 ) ) ;
#3239 = CARTESIAN_POINT ( 'NONE',  ( 10.25967590480302505, 17.27510845088401581, 30.00000000000000000 ) ) ;
#3240 = CARTESIAN_POINT ( 'NONE',  ( -0.8660254037844319353, 34.21281292110204220, 10.00000000000000000 ) ) ;
#3241 = CARTESIAN_POINT ( 'NONE',  ( -10.31504917278802935, 17.26983041184950807, 10.00046026786798059 ) ) ;
#3242 = CARTESIAN_POINT ( 'NONE',  ( 12.28771747124864433, 17.16184937536874244, 30.00000000000001066 ) ) ;
#3243 = CARTESIAN_POINT ( 'NONE',  ( 0.009773003311526308814, 35.16146408435601955, 10.00040975853551473 ) ) ;
#3244 = CARTESIAN_POINT ( 'NONE',  ( 11.69198956391898392, 16.55974583057676952, 10.77929293221803420 ) ) ;
#3245 = CARTESIAN_POINT ( 'NONE',  ( -9.071796769724489451, 15.00000000000000178, 10.00000000000000000 ) ) ;
#3246 = CARTESIAN_POINT ( 'NONE',  ( -0.1909920386608296161, 35.02008592670232900, 9.999999999999998224 ) ) ;
#3247 = CARTESIAN_POINT ( 'NONE',  ( -11.10650908534133308, 16.72717309556441023, 10.26450376418054589 ) ) ;
#3248 = ORIENTED_EDGE ( 'NONE', *, *, #4236, .F. ) ;
#3249 = CARTESIAN_POINT ( 'NONE',  ( 11.85940148982770737, 16.06656850864046149, 10.00000000000001066 ) ) ;
#3250 = CARTESIAN_POINT ( 'NONE',  ( -10.82444332467570547, 16.84625014692242928, 29.87259879747730906 ) ) ;
#3251 = CARTESIAN_POINT ( 'NONE',  ( 10.28391191050745945, 17.29944552537243752, 10.00000000000000000 ) ) ;
#3252 = VERTEX_POINT ( 'NONE', #3395 ) ;
#3253 = DIRECTION ( 'NONE',  ( 0.5000000000000002220, -0.8660254037844385966, 0.000000000000000000 ) ) ;
#3254 = CARTESIAN_POINT ( 'NONE',  ( 0.07669771976566913674, 36.61845416840857581, 29.32133777843709055 ) ) ;
#3255 = ADVANCED_FACE ( 'NONE', ( #3041 ), #4297, .F. ) ;
#3256 = CARTESIAN_POINT ( 'NONE',  ( 1.080748389350909999, 36.81846542971889846, 12.00000000000000178 ) ) ;
#3257 = CARTESIAN_POINT ( 'NONE',  ( 12.15300881473798711, 16.80608382272529511, 11.47935267006292825 ) ) ;
#3258 = CARTESIAN_POINT ( 'NONE',  ( -0.9730784417491079585, 36.88540396659217890, 27.99999999999998579 ) ) ;
#3259 = CARTESIAN_POINT ( 'NONE',  ( 0.3206046959715733169, 36.24832874208229327, 10.38260622446111547 ) ) ;
#3260 = DIRECTION ( 'NONE',  ( -1.912215981034913991E-16, 1.000000000000000000, 0.000000000000000000 ) ) ;
#3261 = CARTESIAN_POINT ( 'NONE',  ( 11.20662107006603669, 16.35266991768254030, 29.50723778925389240 ) ) ;
#3262 = CARTESIAN_POINT ( 'NONE',  ( -12.13599004457712205, 16.54410695187515046, 27.99999999999999289 ) ) ;
#3263 = CARTESIAN_POINT ( 'NONE',  ( -10.32241199068501736, 17.26866420853136930, 29.99959075970281930 ) ) ;
#3264 = CARTESIAN_POINT ( 'NONE',  ( 12.29619295038397020, 17.72447484468136381, 11.99999999999999645 ) ) ;
#3265 = CARTESIAN_POINT ( 'NONE',  ( 10.08904249053994739, 17.17360871055826266, 30.00000000000000711 ) ) ;
#3266 = CARTESIAN_POINT ( 'NONE',  ( 10.76598564067800012, 16.80479961515089116, 29.87902392541781893 ) ) ;
#3267 = CARTESIAN_POINT ( 'NONE',  ( -10.57439770084959463, 17.00854176083415226, 10.04260120341694851 ) ) ;
#3268 = CARTESIAN_POINT ( 'NONE',  ( 12.17274886460680783, 16.64139616733903182, 30.00000000000000355 ) ) ;
#3269 = EDGE_CURVE ( 'NONE', #3094, #2337, #3493, .T. ) ;
#3270 = CARTESIAN_POINT ( 'NONE',  ( -0.01129790278515379817, 35.40661946911717450, 10.01944343589614661 ) ) ;
#3271 = CARTESIAN_POINT ( 'NONE',  ( 11.44375322114613169, 16.21094469755648859, 10.77805771739717677 ) ) ;
#3272 = CARTESIAN_POINT ( 'NONE',  ( -11.41852147296604336, 15.64340657838421400, 10.00000000000000888 ) ) ;
#3273 = CARTESIAN_POINT ( 'NONE',  ( -0.05107749272097884125, 35.09810344982714980, 10.00000000000000000 ) ) ;
#3274 = CARTESIAN_POINT ( 'NONE',  ( -11.13417741571308284, 17.04404004071452405, 10.20234335007605075 ) ) ;
#3275 = CARTESIAN_POINT ( 'NONE',  ( 10.28853620416571601, 17.30537296739920450, 10.00000000000000000 ) ) ;
#3276 = CARTESIAN_POINT ( 'NONE',  ( -11.82502812400812786, 16.90896773754324300, 29.22227531447841287 ) ) ;
#3277 = EDGE_LOOP ( 'NONE', ( #3543, #2898, #1774 ) ) ;
#3278 = CARTESIAN_POINT ( 'NONE',  ( -0.01987733147966797703, 35.18811335156953390, 29.99850392558134615 ) ) ;
#3279 = CARTESIAN_POINT ( 'NONE',  ( 0.06732337600505859665, 36.43390983220551504, 29.50579310619366424 ) ) ;
#3280 = EDGE_CURVE ( 'NONE', #3514, #1215, #801, .T. ) ;
#3281 = CARTESIAN_POINT ( 'NONE',  ( 0.5592731888392465933, 37.03456911587738176, 12.00000000000000355 ) ) ;
#3282 = CARTESIAN_POINT ( 'NONE',  ( 11.96257485933488951, 16.41728350838581463, 11.35534623153277956 ) ) ;
#3283 = DIRECTION ( 'NONE',  ( 0.000000000000000000, 0.000000000000000000, -1.000000000000000000 ) ) ;
#3284 = CARTESIAN_POINT ( 'NONE',  ( -10.01639580522459738, 18.36037063930581681, 9.999999999999998224 ) ) ;
#3285 = CARTESIAN_POINT ( 'NONE',  ( -1.314784362012908270, 36.68707548395932605, 12.00000000000000000 ) ) ;
#3286 = CARTESIAN_POINT ( 'NONE',  ( 11.38839312123835690, 16.78181642645240501, 29.59034375262444172 ) ) ;
#3287 = CARTESIAN_POINT ( 'NONE',  ( -12.14536850778865329, 16.56743076575449436, 30.00000000000001421 ) ) ;
#3288 = CARTESIAN_POINT ( 'NONE',  ( -10.78563327352403611, 17.17317892048913919, 29.93335755890610628 ) ) ;
#3289 = CARTESIAN_POINT ( 'NONE',  ( 10.28391191050745945, 17.29944552537243752, 10.00000000000000000 ) ) ;
#3290 = CARTESIAN_POINT ( 'NONE',  ( 9.780096261991381823, 15.04256433884865807, 27.99999999999996803 ) ) ;
#3291 = CARTESIAN_POINT ( 'NONE',  ( 0.3689943257048825531, 37.08074202432123201, 11.99999999998544276 ) ) ;
#3292 = CARTESIAN_POINT ( 'NONE',  ( -10.35891577184451506, 17.22563509745686616, 10.00276183139452257 ) ) ;
#3293 = CARTESIAN_POINT ( 'NONE',  ( -0.06390797995701717749, 35.39985429683226670, 29.98072050594220173 ) ) ;
#3294 = CARTESIAN_POINT ( 'NONE',  ( 12.28602952820780558, 17.14598037346169690, 30.00000000000000000 ) ) ;
#3295 = CARTESIAN_POINT ( 'NONE',  ( -0.03903331498680315953, 35.28931445730771088, 10.00525045918947420 ) ) ;
#3296 = CARTESIAN_POINT ( 'NONE',  ( 12.05624330138119049, 16.36822973383434388, 11.99999999998544276 ) ) ;
#3297 = CARTESIAN_POINT ( 'NONE',  ( 11.85927358271018228, 16.17707703242619743, 28.51989659028647850 ) ) ;
#3298 = CARTESIAN_POINT ( 'NONE',  ( -10.71283838335359739, 17.14990371342841513, 10.05109898396360890 ) ) ;
#3299 = CARTESIAN_POINT ( 'NONE',  ( 11.85766579421295397, 16.06411676236054831, 10.00000000000001776 ) ) ;
#3300 = ORIENTED_EDGE ( 'NONE', *, *, #3482, .T. ) ;
#3301 = CARTESIAN_POINT ( 'NONE',  ( -0.02882244498120704879, 35.22114373774827811, 29.99691791540877972 ) ) ;
#3302 = CARTESIAN_POINT ( 'NONE',  ( -0.05958052986535693207, 36.61920283221227379, 29.32131178472959832 ) ) ;
#3303 =( BOUNDED_SURFACE ( )  B_SPLINE_SURFACE ( 3, 2, ( 
 ( #350, #1797, #893 ),
 ( #1527, #177, #1219 ),
 ( #1940, #4543, #3034 ),
 ( #822, #2319, #3337 ),
 ( #1196, #82, #1601 ),
 ( #109, #2981, #2247 ),
 ( #4444, #4094, #1623 ),
 ( #4519, #3388, #1170 ),
 ( #133, #439, #1554 ),
 ( #2627, #3054, #4473 ),
 ( #2340, #1984, #3008 ),
 ( #2271, #795, #3075 ),
 ( #2652, #4163, #2599 ),
 ( #4070, #4498, #3727 ),
 ( #2675, #3795, #3700 ),
 ( #529, #1888, #3771 ),
 ( #2697, #4119, #1964 ),
 ( #870, #3432, #464 ),
 ( #1915, #3409, #1579 ),
 ( #4143, #3365, #845 ),
 ( #1241, #2298, #3749 ),
 ( #487, #509, #156 ),
 ( #1694, #4565, #650 ),
 ( #4274, #3188, #3845 ),
 ( #1008, #2362, #579 ),
 ( #3819, #1739, #2100 ),
 ( #604, #2005, #2766 ),
 ( #4183, #3477, #2455 ),
 ( #3167, #2077, #1289 ),
 ( #3453, #4230, #3914 ),
 ( #1647, #3548, #553 ),
 ( #293, #2742, #1263 ),
 ( #4206, #3871, #3525 ),
 ( #2719, #964, #914 ),
 ( #200, #2410, #2791 ),
 ( #3098, #3893, #627 ),
 ( #1339, #937, #2385 ),
 ( #2434, #2031, #3502 ) ),
 .UNSPECIFIED., .F., .F., .T. ) 
 B_SPLINE_SURFACE_WITH_KNOTS ( ( 4, 2, 2, 2, 2, 2, 2, 2, 2, 2, 2, 2, 2, 2, 2, 2, 2, 2, 4 ),
 ( 3, 3 ),
 ( -2.417770844642674888E-17, 0.0003199165710306676341, 0.0004798748565460135129, 0.0006398331420613594459, 0.0009597497130920512034, 0.001119707998607397028, 0.001199687141365069886, 0.001209684534209778993, 0.001219681927054488101, 0.001239676712743906315, 0.001259671498433324530, 0.001264670194855679192, 0.001267169543066856523, 0.001267794380119650855, 0.001268419217172445188, 0.001268731635698842463, 0.001269044054225239521, 0.001269668891278033854, 0.001279666284122742961 ),
 ( 0.000000000000000000, 1.000000000000000000 ),
 .UNSPECIFIED. ) 
 GEOMETRIC_REPRESENTATION_ITEM ( )  RATIONAL_B_SPLINE_SURFACE ( (
 ( 1.000000000000000000, 0.7071067811865475727, 1.000000000000000000),
 ( 1.000000000000000000, 0.7071067811865475727, 1.000000000000000000),
 ( 1.000000000000000000, 0.7071067811865475727, 1.000000000000000000),
 ( 1.000000000000000000, 0.7071067811865475727, 1.000000000000000000),
 ( 1.000000000000000000, 0.7071067811865475727, 1.000000000000000000),
 ( 1.000000000000000000, 0.7071067811865475727, 1.000000000000000000),
 ( 1.000000000000000000, 0.7071067811865475727, 1.000000000000000000),
 ( 1.000000000000000000, 0.7071067811865475727, 1.000000000000000000),
 ( 1.000000000000000000, 0.7071067811865475727, 1.000000000000000000),
 ( 1.000000000000000000, 0.7071067811865475727, 1.000000000000000000),
 ( 1.000000000000000000, 0.7071067811865475727, 1.000000000000000000),
 ( 1.000000000000000000, 0.7071067811865475727, 1.000000000000000000),
 ( 1.000000000000000000, 0.7071067811865475727, 1.000000000000000000),
 ( 1.000000000000000000, 0.7071067811865475727, 1.000000000000000000),
 ( 1.000000000000000000, 0.7071067811865475727, 1.000000000000000000),
 ( 1.000000000000000000, 0.7071067811865475727, 1.000000000000000000),
 ( 1.000000000000000000, 0.7071067811865475727, 1.000000000000000000),
 ( 1.000000000000000000, 0.7071067811865475727, 1.000000000000000000),
 ( 1.000000000000000000, 0.7071067811865475727, 1.000000000000000000),
 ( 1.000000000000000000, 0.7071067811865475727, 1.000000000000000000),
 ( 1.000000000000000000, 0.7071067811865475727, 1.000000000000000000),
 ( 1.000000000000000000, 0.7071067811865475727, 1.000000000000000000),
 ( 1.000000000000000000, 0.7071067811865475727, 1.000000000000000000),
 ( 1.000000000000000000, 0.7071067811865475727, 1.000000000000000000),
 ( 1.000000000000000000, 0.7071067811865475727, 1.000000000000000000),
 ( 1.000000000000000000, 0.7071067811865475727, 1.000000000000000000),
 ( 1.000000000000000000, 0.7071067811865482389, 1.000000000000000000),
 ( 1.000000000000000000, 0.7071067811865482389, 1.000000000000000000),
 ( 1.000000000000000000, 0.7071067811865469066, 1.000000000000000000),
 ( 1.000000000000000000, 0.7071067811865469066, 1.000000000000000000),
 ( 1.000000000000000000, 0.7071067811865475727, 1.000000000000000000),
 ( 1.000000000000000000, 0.7071067811865475727, 1.000000000000000000),
 ( 1.000000000000000000, 0.7071067811865475727, 1.000000000000000000),
 ( 1.000000000000000000, 0.7071067811865475727, 1.000000000000000000),
 ( 1.000000000000000000, 0.7071067811865475727, 1.000000000000000000),
 ( 1.000000000000000000, 0.7071067811865475727, 1.000000000000000000),
 ( 1.000000000000000000, 0.7071067811865475727, 1.000000000000000000),
 ( 1.000000000000000000, 0.7071067811865475727, 1.000000000000000000) ) ) 
 REPRESENTATION_ITEM ( '' )  SURFACE ( )  );
#3304 = CARTESIAN_POINT ( 'NONE',  ( 0.002642753611792465068, 35.11253149274892849, 10.00000000000001599 ) ) ;
#3305 = CARTESIAN_POINT ( 'NONE',  ( 11.99631178902039075, 16.39957445274194470, 11.48019369210768126 ) ) ;
#3306 =( NAMED_UNIT ( * ) PLANE_ANGLE_UNIT ( ) SI_UNIT ( $, .RADIAN. ) );
#3307 = CARTESIAN_POINT ( 'NONE',  ( 10.29306974799319896, 17.56463091171680446, 30.00000000000000000 ) ) ;
#3308 = CARTESIAN_POINT ( 'NONE',  ( -1.753871805339370482, 36.32860613536258398, 28.00000000000000000 ) ) ;
#3309 = CARTESIAN_POINT ( 'NONE',  ( 11.36124807600310405, 16.53191785842017580, 29.50592645647258649 ) ) ;
#3310 = CARTESIAN_POINT ( 'NONE',  ( -12.13834761179282751, 16.54992512165386032, 29.99999999999999289 ) ) ;
#3311 = CARTESIAN_POINT ( 'NONE',  ( -10.72422743303790149, 17.18878810861150797, 29.94914899200939828 ) ) ;
#3312 = CARTESIAN_POINT ( 'NONE',  ( 12.15558576156161052, 16.59457540856101687, 12.00000000000000000 ) ) ;
#3313 = CARTESIAN_POINT ( 'NONE',  ( 11.45134667214311541, 15.66723525947465490, 27.99999999999998579 ) ) ;
#3314 = CARTESIAN_POINT ( 'NONE',  ( -0.3484426892377080476, 37.08414457966149769, 11.99999999998544453 ) ) ;
#3315 = PRODUCT_DEFINITION_SHAPE ( 'NONE', 'NONE',  #4723 ) ;
#3316 = CARTESIAN_POINT ( 'NONE',  ( 10.55381021153032961, 17.02250737963607818, 10.03758184786696184 ) ) ;
#3317 = CARTESIAN_POINT ( 'NONE',  ( 0.01534588997011827015, 35.40649272580950679, 29.98056186218587271 ) ) ;
#3318 = ADVANCED_FACE ( 'NONE', ( #1013 ), #2415, .T. ) ;
#3319 = CARTESIAN_POINT ( 'NONE',  ( 12.28602946091990056, 17.14598038129336288, 27.99999999999999645 ) ) ;
#3320 = CARTESIAN_POINT ( 'NONE',  ( -0.01022603434208036073, 35.16111642564702322, 10.00040599559490495 ) ) ;
#3321 = CARTESIAN_POINT ( 'NONE',  ( 11.51028594415325834, 15.69793759052340043, 12.00000000000000178 ) ) ;
#3322 = CARTESIAN_POINT ( 'NONE',  ( 12.19482290976354832, 16.70166472660068635, 11.99999999998544808 ) ) ;
#3323 = CARTESIAN_POINT ( 'NONE',  ( -10.41186954800353170, 17.17228460546018809, 10.00521688822811406 ) ) ;
#3324 = CARTESIAN_POINT ( 'NONE',  ( 0.04172782154908090402, 35.10112886186087877, 29.99999999999998934 ) ) ;
#3325 = CARTESIAN_POINT ( 'NONE',  ( 1.388403764622127223, 36.63198219489049023, 11.99999999999999822 ) ) ;
#3326 = CARTESIAN_POINT ( 'NONE',  ( 0.1918825650323379983, 35.79147499895777429, 29.87306971428782987 ) ) ;
#3327 = CARTESIAN_POINT ( 'NONE',  ( 0.2762255911977677947, 37.09373535970764379, 10.00000000000000178 ) ) ;
#3328 = CARTESIAN_POINT ( 'NONE',  ( 11.65080602405154941, 16.01715040894770326, 11.29313342053039371 ) ) ;
#3329 = CARTESIAN_POINT ( 'NONE',  ( 11.17127702323805671, 16.83366457293658058, 10.26458850378199195 ) ) ;
#3330 = CARTESIAN_POINT ( 'NONE',  ( -11.96630418235837112, 16.23820341945663159, 28.26249388929785411 ) ) ;
#3331 = CARTESIAN_POINT ( 'NONE',  ( -12.08531708968843787, 18.61120158923263901, 9.999999999999991118 ) ) ;
#3332 = CARTESIAN_POINT ( 'NONE',  ( 0.08089739955728722509, 36.70129743358335617, 10.77926701367040607 ) ) ;
#3333 = CARTESIAN_POINT ( 'NONE',  ( -0.7626610884367723830, 36.96707211703584051, 27.99999999999999645 ) ) ;
#3334 = VERTEX_POINT ( 'NONE', #1699 ) ;
#3335 = CARTESIAN_POINT ( 'NONE',  ( 10.92281062544069137, 17.00034998876747849, 29.87234941735987448 ) ) ;
#3336 = CARTESIAN_POINT ( 'NONE',  ( -10.28750537132567544, 17.30871946421135377, 30.00000000000001066 ) ) ;
#3337 = CARTESIAN_POINT ( 'NONE',  ( -9.649119866359729514, 15.02810784996037974, 27.99999999999999645 ) ) ;
#3338 = CARTESIAN_POINT ( 'NONE',  ( 12.15640122131617673, 16.59673350124384328, 12.00000000000000000 ) ) ;
#3339 = CARTESIAN_POINT ( 'NONE',  ( -11.04551807763665217, 17.10711648525038342, 29.83983521779840586 ) ) ;
#3340 = CARTESIAN_POINT ( 'NONE',  ( 10.63068186225981471, 16.94365005436657867, 29.93773750304581682 ) ) ;
#3341 = CARTESIAN_POINT ( 'NONE',  ( 10.80528345932753531, 16.76447534604456635, 10.14437575050090068 ) ) ;
#3342 = CARTESIAN_POINT ( 'NONE',  ( -0.002990899742225342807, 35.12893566824863711, 30.00000000000000000 ) ) ;
#3343 = EDGE_CURVE ( 'NONE', #1334, #2111, #3917, .T. ) ;
#3344 = CARTESIAN_POINT ( 'NONE',  ( 11.54876849988598941, 16.11258073880915731, 10.99862109717497560 ) ) ;
#3345 = APPLICATION_CONTEXT ( 'automotive_design' ) ;
#3346 = CARTESIAN_POINT ( 'NONE',  ( 10.96564931954543809, 17.11949598497143299, 10.12694242510672105 ) ) ;
#3347 = CARTESIAN_POINT ( 'NONE',  ( 10.28506418337497053, 17.30249421732009907, 30.00000000000000000 ) ) ;
#3348 = DIRECTION ( 'NONE',  ( -0.5000000000000004441, 0.8660254037844384856, 0.000000000000000000 ) ) ;
#3349 = CARTESIAN_POINT ( 'NONE',  ( -9.661794176764324504, 15.02875256767587153, 28.00000000000000000 ) ) ;
#3350 = CARTESIAN_POINT ( 'NONE',  ( -0.5244428301486389055, 37.04365553472236883, 27.99999999990996358 ) ) ;
#3351 = CARTESIAN_POINT ( 'NONE',  ( 12.06595849106392926, 16.65178879433187475, 28.64509720656953462 ) ) ;
#3352 = CARTESIAN_POINT ( 'NONE',  ( -10.54624026720698104, 17.16645144773350395, 10.01943815083018841 ) ) ;
#3353 = CARTESIAN_POINT ( 'NONE',  ( 0.3505236690611824302, 37.08212235978675864, 28.00000000000000711 ) ) ;
#3354 = CARTESIAN_POINT ( 'NONE',  ( -12.22386278016674588, 16.80758487395407030, 11.86790966669689240 ) ) ;
#3355 = CARTESIAN_POINT ( 'NONE',  ( -0.1940386947607293522, 35.97868457012295096, 29.79762071099143839 ) ) ;
#3356 = CARTESIAN_POINT ( 'NONE',  ( 0.2717762900252950198, 37.09435745429408371, 11.99999999999999822 ) ) ;
#3357 = CARTESIAN_POINT ( 'NONE',  ( 11.02894674458165447, 16.81778750334274619, 10.20308699024487353 ) ) ;
#3358 = CARTESIAN_POINT ( 'NONE',  ( -11.88482885280627954, 16.18562133871894204, 28.45595330939718792 ) ) ;
#3359 = CARTESIAN_POINT ( 'NONE',  ( -12.22820278715583697, 18.10512585358580750, 9.999999999999991118 ) ) ;
#3360 = CARTESIAN_POINT ( 'NONE',  ( -0.4542034296234701563, 36.78534557887795842, 10.99832897745992888 ) ) ;
#3361 = CARTESIAN_POINT ( 'NONE',  ( -0.8376145423465873874, 36.93634435965758200, 27.99999999999999645 ) ) ;
#3362 = EDGE_LOOP ( 'NONE', ( #2511, #1575, #1238, #3384 ) ) ;
#3363 = CARTESIAN_POINT ( 'NONE',  ( 10.45397912415477748, 17.23785166670870339, 29.99472051153650654 ) ) ;
#3364 = CARTESIAN_POINT ( 'NONE',  ( -12.15673893964793706, 16.59681123040575201, 30.00000000000001776 ) ) ;
#3365 = CARTESIAN_POINT ( 'NONE',  ( -11.62811267334679322, 15.81549932727772578, 30.00000000000000000 ) ) ;
#3366 = CARTESIAN_POINT ( 'NONE',  ( 12.15930807389744395, 16.60450717360071238, 10.00000000000000000 ) ) ;
#3367 = CARTESIAN_POINT ( 'NONE',  ( -10.95396511157525055, 17.13038958883802110, 29.87902392095749349 ) ) ;
#3368 = CARTESIAN_POINT ( 'NONE',  ( -0.4260771731928433836, 37.01606824751376479, 11.54351681653118256 ) ) ;
#3369 = CARTESIAN_POINT ( 'NONE',  ( 0.6082480865905881551, 36.76632951068348376, 27.99999999999999645 ) ) ;
#3370 = CARTESIAN_POINT ( 'NONE',  ( 0.01194639601437990153, 35.16101545771970649, 29.99959365620890495 ) ) ;
#3371 = CARTESIAN_POINT ( 'NONE',  ( 11.59390307040985668, 16.07035161037199700, 11.11399637718831279 ) ) ;
#3372 = CARTESIAN_POINT ( 'NONE',  ( 10.87632268273100955, 16.91650671596970668, 10.12769281296409929 ) ) ;
#3373 = CARTESIAN_POINT ( 'NONE',  ( 10.28356514974765901, 17.29852624616159318, 30.00000000000000000 ) ) ;
#3374 = CARTESIAN_POINT ( 'NONE',  ( 10.44825457269222113, 15.16992276398961437, 12.00000000000000000 ) ) ;
#3375 = CARTESIAN_POINT ( 'NONE',  ( -10.13654300979349721, 18.12423928396048467, 10.00000000000000178 ) ) ;
#3376 = B_SPLINE_CURVE_WITH_KNOTS ( 'NONE', 3,
 ( #4448, #1968, #1245, #3392, #3413, #1919, #204, #4502 ),
 .UNSPECIFIED., .F., .F.,
 ( 4, 2, 2, 4 ),
 ( 0.000000000000000000, 0.1128004010902094595, 0.5031671940091149153, 1.000000000000000000 ),
 .UNSPECIFIED. ) ;
#3377 = FACE_OUTER_BOUND ( 'NONE', #2026, .T. ) ;
#3378 = CARTESIAN_POINT ( 'NONE',  ( -10.77264539567830326, 17.12884281847584589, 10.06693662269046818 ) ) ;
#3379 = CARTESIAN_POINT ( 'NONE',  ( -11.87163442531987911, 16.19487447435046334, 11.48013086837930530 ) ) ;
#3380 = DIRECTION ( 'NONE',  ( 0.4999999999999998890, -0.8660254037844385966, 0.000000000000000000 ) ) ;
#3381 = CARTESIAN_POINT ( 'NONE',  ( -12.29168150442634300, 17.20041036649963218, 9.999999999999987566 ) ) ;
#3382 =( GEOMETRIC_REPRESENTATION_CONTEXT ( 3 ) GLOBAL_UNCERTAINTY_ASSIGNED_CONTEXT ( ( #3214 ) ) GLOBAL_UNIT_ASSIGNED_CONTEXT ( ( #2235, #2329, #3760 ) ) REPRESENTATION_CONTEXT ( 'NONE', 'WORKASPACE' ) );
#3383 = CARTESIAN_POINT ( 'NONE',  ( -0.7556801099201997385, 34.39571423073124379, 30.00000000000000000 ) ) ;
#3384 = ORIENTED_EDGE ( 'NONE', *, *, #2516, .F. ) ;
#3385 = CARTESIAN_POINT ( 'NONE',  ( 10.32000375825319161, 17.26555284925913014, 29.99959365620786400 ) ) ;
#3386 = CARTESIAN_POINT ( 'NONE',  ( -12.29071424834395465, 17.18768530529424865, 30.00000000000000355 ) ) ;
#3387 = CARTESIAN_POINT ( 'NONE',  ( 11.48164686159495851, 16.73806709956384609, 10.49412319957877315 ) ) ;
#3388 = CARTESIAN_POINT ( 'NONE',  ( -10.28883188859926889, 15.13388810852462818, 29.99999999999962697 ) ) ;
#3389 = CARTESIAN_POINT ( 'NONE',  ( 11.78559238518773888, 19.29264785417998596, 27.99999999999999645 ) ) ;
#3390 = CARTESIAN_POINT ( 'NONE',  ( -10.66691658655073027, 17.20335633783071927, 29.96086812812789901 ) ) ;
#3391 = CARTESIAN_POINT ( 'NONE',  ( -0.1633657341829675980, 37.04010621924565072, 11.48013086858946430 ) ) ;
#3392 = CARTESIAN_POINT ( 'NONE',  ( 0.2887497554325191840, 37.09665517568006265, 11.99999999998544631 ) ) ;
#3393 = CARTESIAN_POINT ( 'NONE',  ( -0.02029566486780617560, 35.62963777130144649, 29.93282795835029120 ) ) ;
#3394 = CARTESIAN_POINT ( 'NONE',  ( 0.01405393982512982698, 35.16042159128707567, 29.99959796321494920 ) ) ;
#3395 = CARTESIAN_POINT ( 'NONE',  ( 11.68049156595761850, 15.86643832357392192, 11.99999999998544631 ) ) ;
#3396 = CARTESIAN_POINT ( 'NONE',  ( 0.5398561689262550978, 37.02631516184400340, 28.26275238851782845 ) ) ;
#3397 = CARTESIAN_POINT ( 'NONE',  ( -10.53302731802294545, 17.14331245515620950, 10.01944343594475306 ) ) ;
#3398 = CARTESIAN_POINT ( 'NONE',  ( 0.4775326056720781143, 37.05575638340237532, 29.99999999999998579 ) ) ;
#3399 = CARTESIAN_POINT ( 'NONE',  ( -11.88785850345869122, 16.28787098323994442, 11.35534623164615198 ) ) ;
#3400 = CARTESIAN_POINT ( 'NONE',  ( 0.2738171291559871046, 37.09407209578279918, 9.999999999999994671 ) ) ;
#3401 = CARTESIAN_POINT ( 'NONE',  ( -12.10891749144386154, 16.65769404972373025, 28.52017930589093808 ) ) ;
#3402 = CARTESIAN_POINT ( 'NONE',  ( -12.22815861399826964, 16.82346669180380871, 10.00000000000000711 ) ) ;
#3403 = CARTESIAN_POINT ( 'NONE',  ( -2.064759774646533153, 35.98197539357003905, 29.99999999999999289 ) ) ;
#3404 = ORIENTED_EDGE ( 'NONE', *, *, #746, .T. ) ;
#3405 = CARTESIAN_POINT ( 'NONE',  ( 10.82387775667077534, 16.95043899367291473, 29.89469092880984036 ) ) ;
#3406 = CARTESIAN_POINT ( 'NONE',  ( -10.30107464629950087, 17.45912415752956548, 30.00000000000000000 ) ) ;
#3407 = CARTESIAN_POINT ( 'NONE',  ( 11.56215455161401451, 16.96204409670111346, 10.49277375094295550 ) ) ;
#3408 = EDGE_CURVE ( 'NONE', #622, #1981, #3731, .T. ) ;
#3409 = CARTESIAN_POINT ( 'NONE',  ( -11.54563036172734947, 15.74252004255425774, 30.00000000000000000 ) ) ;
#3410 = CARTESIAN_POINT ( 'NONE',  ( 12.17274121371955076, 16.64139351902141328, 11.99999999999999467 ) ) ;
#3411 = CARTESIAN_POINT ( 'NONE',  ( -11.06479225482690332, 17.10221581988952622, 29.83128795401088595 ) ) ;
#3412 = CARTESIAN_POINT ( 'NONE',  ( 0.09540753464198462042, 36.98466892803087092, 11.29410386682624612 ) ) ;
#3413 = CARTESIAN_POINT ( 'NONE',  ( 0.1497631687413875923, 37.11221924280656737, 11.99999999998544631 ) ) ;
#3414 = CARTESIAN_POINT ( 'NONE',  ( -0.3263983188928042956, 37.08589412343510361, 10.00000000000000000 ) ) ;
#3415 = CARTESIAN_POINT ( 'NONE',  ( 0.4875223832729742024, 36.84060032693297870, 28.88628020247401551 ) ) ;
#3416 = CARTESIAN_POINT ( 'NONE',  ( 11.85791524687199150, 16.05801424916988651, 28.00000000000000000 ) ) ;
#3417 = CARTESIAN_POINT ( 'NONE',  ( 0.3560893077324368550, 37.01418959356343663, 28.52017930582473682 ) ) ;
#3418 = CARTESIAN_POINT ( 'NONE',  ( 11.99828543717441498, 16.67641275419069657, 28.82654635187315861 ) ) ;
#3419 = CARTESIAN_POINT ( 'NONE',  ( -10.28455231187830421, 17.30055473308395619, 10.00000000000000000 ) ) ;
#3420 = APPLICATION_PROTOCOL_DEFINITION ( 'draft international standard', 'automotive_design', 1998, #3345 ) ;
#3421 = EDGE_CURVE ( 'NONE', #4140, #958, #1849, .T. ) ;
#3422 = CARTESIAN_POINT ( 'NONE',  ( 0.4012420071048621861, 37.07255041686091346, 28.00000000000000711 ) ) ;
#3423 = CARTESIAN_POINT ( 'NONE',  ( -12.18867747805856538, 16.72458816722521036, 11.73724728528857675 ) ) ;
#3424 = B_SPLINE_CURVE_WITH_KNOTS ( 'NONE', 3,
 ( #335, #779, #3564, #4079, #1778, #1732, #91, #3182, #3228, #4291, #1023, #3710 ),
 .UNSPECIFIED., .F., .F.,
 ( 4, 2, 2, 2, 2, 4 ),
 ( 0.000000000000000000, 8.124605527225965706E-05, 0.0001624921105445193141, 0.0003249842210890390077, 0.0006499684421780833280, 0.001299936884356171860 ),
 .UNSPECIFIED. ) ;
#3425 = DIRECTION ( 'NONE',  ( -0.8660254037844387076, -0.4999999999999999445, 0.000000000000000000 ) ) ;
#3426 = CARTESIAN_POINT ( 'NONE',  ( -12.05211235974253547, 16.67756007190669720, 28.70641548584162095 ) ) ;
#3427 = CARTESIAN_POINT ( 'NONE',  ( -10.28668064412694427, 17.30618709491460550, 10.00000000000000178 ) ) ;
#3428 = CARTESIAN_POINT ( 'NONE',  ( -1.334854011493497028, 36.66578771613187371, 29.99999999999981171 ) ) ;
#3429 = ORIENTED_EDGE ( 'NONE', *, *, #3021, .F. ) ;
#3430 = CARTESIAN_POINT ( 'NONE',  ( 10.69500728498230657, 17.10706688828588540, 29.94873420483377302 ) ) ;
#3431 = CARTESIAN_POINT ( 'NONE',  ( -12.09983319477113639, 18.56606763868299126, 29.99999999999997513 ) ) ;
#3432 = CARTESIAN_POINT ( 'NONE',  ( -11.50873702887994199, 15.71238695038656985, 30.00000000000007105 ) ) ;
#3433 = CARTESIAN_POINT ( 'NONE',  ( 12.28771909320404632, 17.16186306940063844, 12.00000000000000888 ) ) ;
#3434 = CARTESIAN_POINT ( 'NONE',  ( -11.11626697336802216, 17.08912526966111756, 29.80715116299382217 ) ) ;
#3435 = CARTESIAN_POINT ( 'NONE',  ( 0.1742969445866501543, 36.92868554617796661, 11.17384825607353882 ) ) ;
#3436 = CARTESIAN_POINT ( 'NONE',  ( 11.68049156595761850, 15.86643832357392192, 11.99999999998544631 ) ) ;
#3437 = CARTESIAN_POINT ( 'NONE',  ( -0.3247610966286870182, 37.08616482366334566, 12.00000000000000000 ) ) ;
#3438 = CARTESIAN_POINT ( 'NONE',  ( 0.5146219819484565416, 36.93676760073799414, 28.64576365720795437 ) ) ;
#3439 = CARTESIAN_POINT ( 'NONE',  ( -9.636085404402201959, 15.01950006540835325, 12.00000000000000355 ) ) ;
#3440 = CARTESIAN_POINT ( 'NONE',  ( 0.4327033966146849875, 36.95920022496831336, 28.64556117846960959 ) ) ;
#3441 = CARTESIAN_POINT ( 'NONE',  ( -9.071796769724489451, 15.00000000000000000, 27.99999999999999645 ) ) ;
#3442 = CARTESIAN_POINT ( 'NONE',  ( -0.1120590964174275617, 36.43077077058858038, 10.49412319925115789 ) ) ;
#3443 = CARTESIAN_POINT ( 'NONE',  ( 1.288697317911384754, 36.69116651249522931, 29.99999999999999645 ) ) ;
#3444 = CARTESIAN_POINT ( 'NONE',  ( -11.73138093025184325, 16.64006079060206034, 10.77912485778150931 ) ) ;
#3445 = CARTESIAN_POINT ( 'NONE',  ( 11.66531663259242357, 15.85581916601004870, 10.00000000000000711 ) ) ;
#3446 = CARTESIAN_POINT ( 'NONE',  ( -12.13612002271399781, 16.74048444384451884, 28.52051584005242191 ) ) ;
#3447 = CARTESIAN_POINT ( 'NONE',  ( -12.20459960918330644, 16.73857089428353007, 10.00000000000002665 ) ) ;
#3448 = CARTESIAN_POINT ( 'NONE',  ( 10.24496232998630063, 17.26232747338113782, 10.00000000000000000 ) ) ;
#3449 = ORIENTED_EDGE ( 'NONE', *, *, #746, .F. ) ;
#3450 = CARTESIAN_POINT ( 'NONE',  ( 10.31843445379794311, 17.26402251676235622, 10.00040203889215817 ) ) ;
#3451 = CARTESIAN_POINT ( 'NONE',  ( 10.75279792643506305, 16.85913440261890273, 29.89519344208109430 ) ) ;
#3452 = CARTESIAN_POINT ( 'NONE',  ( -12.29739271488309527, 17.27756104259557191, 27.99999999999999645 ) ) ;
#3453 = CARTESIAN_POINT ( 'NONE',  ( -10.28228649350285195, 17.29778648696115084, 30.00000000000001421 ) ) ;
#3454 = CARTESIAN_POINT ( 'NONE',  ( 10.29157222094875124, 17.32449628236095407, 10.00000000000000000 ) ) ;
#3455 = CARTESIAN_POINT ( 'NONE',  ( -0.06955683334520719463, 35.37096500774960361, 10.01781756902140863 ) ) ;
#3456 = CARTESIAN_POINT ( 'NONE',  ( 0.1022614494017999032, 37.11225405444170633, 11.86791010863049323 ) ) ;
#3457 = CARTESIAN_POINT ( 'NONE',  ( 11.21968229818199703, 16.33927122555306610, 10.51495788461761904 ) ) ;
#3458 = CARTESIAN_POINT ( 'NONE',  ( -0.3738844957233675714, 37.07761282581537188, 12.00000000000000533 ) ) ;
#3459 = CARTESIAN_POINT ( 'NONE',  ( 10.28412536391128818, 17.29971974074071994, 30.00000000000000000 ) ) ;
#3460 = CARTESIAN_POINT ( 'NONE',  ( 9.631050849320150320, 15.01915886196869110, 12.00000000000000000 ) ) ;
#3461 = CARTESIAN_POINT ( 'NONE',  ( 0.4450795272866089336, 37.01207897429206639, 28.45649644498697128 ) ) ;
#3462 = CARTESIAN_POINT ( 'NONE',  ( 11.81564405636479798, 16.30863584485580375, 28.82602958892345768 ) ) ;
#3463 = CARTESIAN_POINT ( 'NONE',  ( -11.65774612348776351, 15.91709367580440571, 28.45659066175613816 ) ) ;
#3464 = CARTESIAN_POINT ( 'NONE',  ( -11.68747807615277878, 15.84935655566630608, 27.99999999999999645 ) ) ;
#3465 = CARTESIAN_POINT ( 'NONE',  ( -0.3947230565403983538, 36.56662681196900166, 10.67713617058051767 ) ) ;
#3466 = CARTESIAN_POINT ( 'NONE',  ( 2.336837591825851934, 35.62836074535149322, 29.99999999999979394 ) ) ;
#3467 = CARTESIAN_POINT ( 'NONE',  ( -12.07849951457622772, 16.75793726469498779, 11.29313342055029423 ) ) ;
#3468 = CARTESIAN_POINT ( 'NONE',  ( 11.55891459806942656, 15.76410588445997085, 10.00000000000000355 ) ) ;
#3469 = CARTESIAN_POINT ( 'NONE',  ( -11.94483567730445195, 16.79858958797519719, 29.00137904759427698 ) ) ;
#3470 = CARTESIAN_POINT ( 'NONE',  ( -12.15023844438269940, 16.57983176581588225, 9.999999999999996447 ) ) ;
#3471 = CARTESIAN_POINT ( 'NONE',  ( -0.3495523732589990162, 37.08197058328441642, 30.00000000000000000 ) ) ;
#3472 = ORIENTED_EDGE ( 'NONE', *, *, #3171, .T. ) ;
#3473 = CARTESIAN_POINT ( 'NONE',  ( 10.45397816139426972, 17.23785026468330628, 10.00527947357421255 ) ) ;
#3474 = CARTESIAN_POINT ( 'NONE',  ( 10.29778256197537445, 17.29048659785437536, 29.99999999999999645 ) ) ;
#3475 = CARTESIAN_POINT ( 'NONE',  ( -12.30068782553603413, 17.35838826537710133, 30.00000000000000355 ) ) ;
#3476 = CARTESIAN_POINT ( 'NONE',  ( 12.10294774406840190, 16.44867178466907021, 11.99999999998544631 ) ) ;
#3477 = CARTESIAN_POINT ( 'NONE',  ( -11.82010244825241507, 16.01905946733512565, 29.99999999999998579 ) ) ;
#3478 = CARTESIAN_POINT ( 'NONE',  ( 10.28754352281249140, 17.30972068115863394, 10.00000000000001066 ) ) ;
#3479 = CARTESIAN_POINT ( 'NONE',  ( -0.1132259332410513047, 35.53153304301123683, 10.04739136692288959 ) ) ;
#3480 = CARTESIAN_POINT ( 'NONE',  ( 10.30121945086769664, 17.39770098767761297, 30.00000000000000000 ) ) ;
#3481 = CARTESIAN_POINT ( 'NONE',  ( -0.3881345816604611088, 37.07486932921356271, 12.00000000000000888 ) ) ;
#3482 = EDGE_CURVE ( 'NONE', #3094, #2111, #321, .T. ) ;
#3483 = CARTESIAN_POINT ( 'NONE',  ( 11.85548287950388691, 16.06242143506236530, 28.00000000000001421 ) ) ;
#3484 = CARTESIAN_POINT ( 'NONE',  ( -10.29921522631643249, 17.51225812007163185, 29.99999999999999645 ) ) ;
#3485 = CARTESIAN_POINT ( 'NONE',  ( -0.1540054164858904451, 36.93037612554125815, 28.82610788885413911 ) ) ;
#3486 = CARTESIAN_POINT ( 'NONE',  ( 11.74063249693158539, 16.91492832424970416, 29.32286357355429018 ) ) ;
#3487 = CARTESIAN_POINT ( 'NONE',  ( -12.30631930058604517, 17.27031434571113877, 27.99999999999999645 ) ) ;
#3488 = CARTESIAN_POINT ( 'NONE',  ( -10.28455231187830421, 17.30055473308395619, 10.00000000000000000 ) ) ;
#3489 = CARTESIAN_POINT ( 'NONE',  ( 0.08650231113544801231, 36.81099401965607143, 10.94303001348985482 ) ) ;
#3490 = CARTESIAN_POINT ( 'NONE',  ( 0.1055949387973175307, 35.07137627744971553, 29.99999999999999645 ) ) ;
#3491 = CARTESIAN_POINT ( 'NONE',  ( -12.09976976881332078, 16.83912913431166913, 11.29290192075342603 ) ) ;
#3492 = CARTESIAN_POINT ( 'NONE',  ( 11.70165907294461860, 15.88740127927371404, 12.00000000000001599 ) ) ;
#3493 = B_SPLINE_CURVE_WITH_KNOTS ( 'NONE', 3,
 ( #183, #1630, #474, #3083, #3016, #1272, #4483, #2726 ),
 .UNSPECIFIED., .F., .F.,
 ( 4, 2, 2, 4 ),
 ( 0.000000000000000000, 0.0006993866453321297225, 0.001398773290664259445, 0.002797546581328518890 ),
 .UNSPECIFIED. ) ;
#3494 = CARTESIAN_POINT ( 'NONE',  ( -11.91856108920934254, 16.55461611725921145, 28.88502912829237701 ) ) ;
#3495 = DIRECTION ( 'NONE',  ( 0.8660254037844444808, -0.4999999999999900080, 0.000000000000000000 ) ) ;
#3496 = CARTESIAN_POINT ( 'NONE',  ( -0.3242369453026116011, 37.08625089869076419, 27.99999999999999645 ) ) ;
#3497 = VERTEX_POINT ( 'NONE', #1793 ) ;
#3498 = CARTESIAN_POINT ( 'NONE',  ( 10.41580322266675473, 17.17562227383454854, 10.00524608848466812 ) ) ;
#3499 = CARTESIAN_POINT ( 'NONE',  ( -10.02149314257829893, 15.05359909443845368, 11.99999999999999645 ) ) ;
#3500 = CARTESIAN_POINT ( 'NONE',  ( -11.89912869970702758, 19.06598668772410932, 28.00000000000000000 ) ) ;
#3501 = CARTESIAN_POINT ( 'NONE',  ( 2.036076263090747851, 36.01699727839522325, 11.99999999999999467 ) ) ;
#3502 = CARTESIAN_POINT ( 'NONE',  ( -11.83698481337566655, 16.03959659583858866, 27.99999999999999645 ) ) ;
#3503 = CARTESIAN_POINT ( 'NONE',  ( 12.17274723145735926, 16.64139135041308748, 9.999999999999991118 ) ) ;
#3504 = CARTESIAN_POINT ( 'NONE',  ( -0.05216651041070462236, 35.30699198728712673, 10.01008392113060808 ) ) ;
#3505 = CARTESIAN_POINT ( 'NONE',  ( -0.4510600774802849822, 37.06169647279710944, 9.999999999999996447 ) ) ;
#3506 = CARTESIAN_POINT ( 'NONE',  ( 11.85548287950389401, 16.06242143506235109, 30.00000000000001776 ) ) ;
#3507 = CARTESIAN_POINT ( 'NONE',  ( 10.17814935250136088, 17.21854384931057780, 30.00000000000000711 ) ) ;
#3508 = CARTESIAN_POINT ( 'NONE',  ( -0.1581915340251525692, 36.98018725322782529, 28.70596721354492331 ) ) ;
#3509 = CARTESIAN_POINT ( 'NONE',  ( 9.071796769724482346, 15.00000000000000355, 27.99999999999999645 ) ) ;
#3510 = CARTESIAN_POINT ( 'NONE',  ( 12.16862311991816270, 16.80196231347025559, 11.54340922649321222 ) ) ;
#3511 = CARTESIAN_POINT ( 'NONE',  ( 0.2033047132402709956, 35.97686693239983668, 10.20234335018718141 ) ) ;
#3512 = CARTESIAN_POINT ( 'NONE',  ( 0.06956533312989918172, 35.08947538385251619, 29.99999999999999645 ) ) ;
#3513 = CARTESIAN_POINT ( 'NONE',  ( -11.45441289263179740, 16.22289875023009031, 10.77809928209195434 ) ) ;
#3514 = VERTEX_POINT ( 'NONE', #2909 ) ;
#3515 = CARTESIAN_POINT ( 'NONE',  ( 11.52232233966196162, 15.72357462996133037, 11.99999999999999822 ) ) ;
#3516 = CARTESIAN_POINT ( 'NONE',  ( -11.50559081456166233, 16.07038626107547685, 29.00167080344892412 ) ) ;
#3517 = CARTESIAN_POINT ( 'NONE',  ( -12.13878468512008446, 16.55100543516056177, 12.00000000000000178 ) ) ;
#3518 = CARTESIAN_POINT ( 'NONE',  ( -0.3242377422640273510, 37.08625576135425206, 30.00000000000000000 ) ) ;
#3519 = ORIENTED_EDGE ( 'NONE', *, *, #3966, .F. ) ;
#3520 = CARTESIAN_POINT ( 'NONE',  ( 10.77037423918293335, 17.12319121293360169, 10.06696493381687318 ) ) ;
#3521 = CARTESIAN_POINT ( 'NONE',  ( -10.83169914803272427, 16.74931311608007434, 10.15660239632083517 ) ) ;
#3522 = CARTESIAN_POINT ( 'NONE',  ( -11.83082466493245555, 16.03207268887757309, 12.00000000000000000 ) ) ;
#3523 = CARTESIAN_POINT ( 'NONE',  ( 1.459395233765547140, 36.56792630313528747, 12.00000000000000000 ) ) ;
#3524 = B_SPLINE_SURFACE_WITH_KNOTS ( 'NONE', 3, 3, ( 
 ( #1873, #855, #1181, #2939, #1899, #3296, #2638, #3018, #3322, #4104 ),
 ( #43, #3711, #833, #1157, #2662, #476, #807, #2283, #4406, #3737 ),
 ( #1132, #120, #4053, #1207, #66, #780, #3681, #2609, #2964, #4431 ),
 ( #1095, #431, #716, #2521, #2547, #1880, #2170, #3619, #1427, #2972 ),
 ( #740, #787, #4701, #3642, #4344, #3305, #385, #3986, #2591, #3257 ),
 ( #3690, #363, #1811, #4367, #2924, #3282, #2, #1117, #409, #2901 ),
 ( #4038, #3328, #2217, #26, #1472, #4391, #50, #2568, #4061, #764 ),
 ( #3665, #1496, #2948, #4414, #2240, #1139, #73, #1518, #1202, #1177 ),
 ( #1534, #3371, #446, #2988, #4480, #88, #4100, #2278, #4450, #1895 ),
 ( #2658, #3344, #471, #2633, #4126, #3706, #828, #851, #803, #3734 ),
 ( #1921, #115, #1561, #3014, #705, #2507, #4356, #2158, #2867, #2184 ),
 ( #1061, #3271, #1798, #3607, #351, #3244, #4332, #4714, #3973, #1439 ),
 ( #375, #2891, #1083, #1415, #1824, #2535, #4002, #729, #3633, #4497 ),
 ( #4472, #1963, #869, #3748, #1939, #1195, #3387, #2651, #1578, #3407 ),
 ( #2297, #3770, #508, #1600, #486, #4118, #132, #155, #3053, #3033 ),
 ( #1218, #4518, #844, #788, #4062, #3329, #1546, #3691, #74, #1140 ),
 ( #2592, #1907, #1519, #2973, #3357, #2617, #4087, #101, #815, #3719 ),
 ( #2998, #4464, #1562, #2605, #3372, #4076, #4451, #2252, #3707, #3346 ),
 ( #116, #2634, #4481, #829, #2279, #1203, #472, #3946, #679, #2132 ),
 ( #3579, #327, #4687, #1413, #3970, #702, #3604, #3520, #3840, #3142 ),
 ( #4606, #4562, #599, #4202, #2002, #1309, #289, #2738, #1004, #4629 ),
 ( #645, #1285, #2051, #3544, #960, #550, #1667, #266, #933, #3119 ),
 ( #2027, #3498, #1335, #2762, #2381, #575, #2096, #3473, #2430, #4584 ),
 ( #3450, #220, #1734, #3184, #2405, #197, #1712, #4226, #3866, #3889 ),
 ( #244, #4249, #1690, #1644, #4270, #2787, #982, #623, #2073, #2451 ),
 ( #3163, #1357, #2808, #3910, #4650, #1378, #2829, #4293, #1025, #3816 ) ),
 .UNSPECIFIED., .F., .F., .F.,
 ( 4, 2, 2, 2, 2, 2, 2, 2, 2, 2, 2, 1, 1, 4 ),
 ( 4, 2, 2, 2, 4 ),
 ( 0.000000000000000000, 0.1250000000000000000, 0.1875000000000000000, 0.2500000000000000000, 0.3125000000000000000, 0.3750000000000000000, 0.5000000000000000000, 0.6250000000000000000, 0.7500000000000000000, 0.8125000000000000000, 0.8750000000000000000, 0.9687500000000000000, 0.9843750000000000000, 1.000000000000000000 ),
 ( 0.000000000000000000, 0.2500000000000000000, 0.5000000000000000000, 0.7500000000000000000, 1.000000000000000000 ),
 .UNSPECIFIED. ) ;
#3525 = CARTESIAN_POINT ( 'NONE',  ( -11.82961864043640077, 16.03059935357943644, 27.99999999999999645 ) ) ;
#3526 = CARTESIAN_POINT ( 'NONE',  ( -11.56582571536335102, 16.97480218241140548, 10.49276274157944933 ) ) ;
#3527 = CARTESIAN_POINT ( 'NONE',  ( -0.5244500735329028496, 37.04365363142181167, 11.68027844364073609 ) ) ;
#3528 = CARTESIAN_POINT ( 'NONE',  ( -0.5562058939480051256, 37.03683827159908049, 9.999999999999996447 ) ) ;
#3529 = PRESENTATION_LAYER_ASSIGNMENT (  '', '', ( #1101 ) ) ;
#3530 = CARTESIAN_POINT ( 'NONE',  ( 10.28083422591884144, 17.29563316091211789, 29.99999999999999645 ) ) ;
#3531 = CARTESIAN_POINT ( 'NONE',  ( -2.076809847522572472, 36.00847455865655178, 11.99999999999999822 ) ) ;
#3532 = AXIS2_PLACEMENT_3D ( 'NONE', #2982, #2956, #4095 ) ;
#3533 = CARTESIAN_POINT ( 'NONE',  ( 0.3960675166234410294, 36.80164280720877912, 29.00137904763162666 ) ) ;
#3534 = CARTESIAN_POINT ( 'NONE',  ( 10.23927706596465370, 17.82316950284964108, 10.00000000000000000 ) ) ;
#3535 = CARTESIAN_POINT ( 'NONE',  ( -12.23279774741652481, 16.82389519257776911, 12.00000000000000355 ) ) ;
#3536 = CARTESIAN_POINT ( 'NONE',  ( 0.09610944589687450690, 36.11045047729403734, 10.26446350148146713 ) ) ;
#3537 = CARTESIAN_POINT ( 'NONE',  ( 0.1462269639579831249, 35.04783655906261686, 30.00000000000000000 ) ) ;
#3538 = CARTESIAN_POINT ( 'NONE',  ( -11.71959227547738713, 16.09527285828571053, 11.29363545136894054 ) ) ;
#3539 = CARTESIAN_POINT ( 'NONE',  ( 10.38254082293036085, 15.19752620073809624, 9.999999999999994671 ) ) ;
#3540 = CARTESIAN_POINT ( 'NONE',  ( -11.39338494241531130, 16.27896633905437440, 29.32249131572247691 ) ) ;
#3541 = LINE ( 'NONE', #664, #3001 ) ;
#3542 = CARTESIAN_POINT ( 'NONE',  ( -9.071796769724489451, 17.00000000000000000, 10.00000000000000000 ) ) ;
#3543 = ORIENTED_EDGE ( 'NONE', *, *, #2820, .F. ) ;
#3544 = CARTESIAN_POINT ( 'NONE',  ( 10.52343190337740175, 17.12882508868620590, 10.01941551032166444 ) ) ;
#3545 = CARTESIAN_POINT ( 'NONE',  ( -11.28725333627948935, 16.29034904938782802, 10.59402919566568002 ) ) ;
#3546 = CARTESIAN_POINT ( 'NONE',  ( -10.28732647374946652, 17.30394405306782346, 10.00000000000000000 ) ) ;
#3547 = CARTESIAN_POINT ( 'NONE',  ( -10.28455110024960995, 17.30055256842695144, 30.00000000000000000 ) ) ;
#3548 = CARTESIAN_POINT ( 'NONE',  ( -11.82920456439020462, 16.03010196051805991, 30.00000000000000000 ) ) ;
#3549 = CARTESIAN_POINT ( 'NONE',  ( -11.14396223919754547, 17.08204599824722791, 10.20209335645023074 ) ) ;
#3550 = CARTESIAN_POINT ( 'NONE',  ( -0.4440177478260154964, 36.74776868574992506, 10.92947816821590301 ) ) ;
#3551 = CARTESIAN_POINT ( 'NONE',  ( -1.723305445202255370, 36.35342013703341735, 12.00000000000036948 ) ) ;
#3552 = CARTESIAN_POINT ( 'NONE',  ( 11.74752841848094675, 15.93573716463545686, 28.00000000000002487 ) ) ;
#3553 = CARTESIAN_POINT ( 'NONE',  ( 11.27736723965869814, 16.28007820346342527, 29.40594600590948460 ) ) ;
#3554 = CARTESIAN_POINT ( 'NONE',  ( -0.07081297958108755120, 36.90774773813829057, 28.88487941036009587 ) ) ;
#3555 = CARTESIAN_POINT ( 'NONE',  ( 0.1236871045411364473, 35.54946582867849258, 10.05085112197442143 ) ) ;
#3556 =( BOUNDED_SURFACE ( )  B_SPLINE_SURFACE ( 3, 2, ( 
 ( #666, #3565, #381 ),
 ( #4009, #1830, #4034 ),
 ( #312, #4316, #1047 ),
 ( #2493, #3956, #689 ),
 ( #1780, #3229, #145 ),
 ( #2642, #2286, #1591 ),
 ( #167, #4108, #811 ),
 ( #69, #1209, #3739 ),
 ( #123, #3044, #1903 ),
 ( #498, #1514, #4433 ),
 ( #1159, #3024, #478 ),
 ( #2310, #2968, #2260 ),
 ( #860, #454, #3761 ),
 ( #1930, #4488, #3353 ),
 ( #1876, #2330, #2994 ),
 ( #97, #1569, #3422 ),
 ( #520, #4459, #1232 ),
 ( #2665, #3715, #4057 ),
 ( #1953, #3398, #4133 ),
 ( #4509, #2688, #2587 ),
 ( #4154, #3786, #1184 ),
 ( #884, #2613, #1542 ),
 ( #4084, #1613, #1975 ),
 ( #4410, #1135, #427 ),
 ( #783, #2236, #3686 ),
 ( #3324, #4263, #543 ),
 ( #4174, #2043, #1995 ),
 ( #3512, #2422, #905 ),
 ( #4621, #3065, #2731 ),
 ( #3490, #1637, #2444 ),
 ( #1254, #3903, #4242 ),
 ( #3537, #975, #281 ),
 ( #997, #3443, #4533 ),
 ( #637, #189, #259 ),
 ( #1326, #3832, #2398 ),
 ( #2088, #2374, #2709 ),
 ( #3809, #1301, #2801 ),
 ( #3859, #3134, #2353 ),
 ( #3088, #4555, #235 ),
 ( #1276, #2779, #4195 ),
 ( #1659, #3881, #926 ),
 ( #566, #2020, #3156 ),
 ( #1704, #3466, #2755 ),
 ( #1350, #213, #3111 ),
 ( #1683, #4219, #4577 ),
 ( #951, #592, #4599 ) ),
 .UNSPECIFIED., .F., .F., .F. ) 
 B_SPLINE_SURFACE_WITH_KNOTS ( ( 4, 1, 1, 1, 1, 1, 1, 1, 1, 1, 1, 1, 1, 1, 1, 1, 1, 1, 1, 1, 1, 1, 1, 1, 1, 1, 1, 1, 1, 1, 1, 1, 1, 1, 1, 1, 1, 1, 1, 1, 1, 1, 1, 4 ),
 ( 3, 3 ),
 ( 0.01231861107857962732, 0.01232364795854825473, 0.01232490717854041115, 0.01232616639853256930, 0.01232679600852864751, 0.01232742561852472746, 0.01232774042352276569, 0.01232789782602178655, 0.01232805522852080567, 0.01232837003351884564, 0.01232868483851688388, 0.01232931444851296209, 0.01232994405850904029, 0.01233120327850119671, 0.01233246249849335313, 0.01233372171848551128, 0.01233498093847766944, 0.01233624015846982586, 0.01233875859845413869, 0.01234127703843845326, 0.01234379547842276784, 0.01234883235839139524, 0.01235386923836002265, 0.01235890611832865180, 0.01236897987826590661, 0.01237905363820316317, 0.01239920115807767453, 0.01241934867795218590, 0.01243949619782669727, 0.01245964371770120864, 0.01247979123757572001, 0.01252008627732474275, 0.01256038131707376548, 0.01260067635682278822, 0.01264097139657181096, 0.01272156147606985643, 0.01280215155556790364, 0.01288274163506595085, 0.01296333171456399633, 0.01304392179406204180, 0.01312451187356008901, 0.01328569203255618170, 0.01344687219155227438, 0.01360805235054836707 ),
 ( 0.000000000000000000, 1.000000000000000000 ),
 .UNSPECIFIED. ) 
 GEOMETRIC_REPRESENTATION_ITEM ( )  RATIONAL_B_SPLINE_SURFACE ( (
 ( 1.000000000000000000, 0.7071067811865475727, 1.000000000000000000),
 ( 1.000000000000000000, 0.7071067811865475727, 1.000000000000000000),
 ( 1.000000000000000000, 0.7071067811865476838, 1.000000000000000000),
 ( 1.000000000000000000, 0.7071067811865474617, 1.000000000000000000),
 ( 1.000000000000000000, 0.7071067811865479058, 1.000000000000000000),
 ( 1.000000000000000000, 0.7071067811865475727, 1.000000000000000000),
 ( 1.000000000000000000, 0.7071067811865475727, 1.000000000000000000),
 ( 1.000000000000000000, 0.7071067811865475727, 1.000000000000000000),
 ( 1.000000000000000000, 0.7071067811865475727, 1.000000000000000000),
 ( 1.000000000000000000, 0.7071067811865474617, 1.000000000000000000),
 ( 1.000000000000000000, 0.7071067811865481278, 1.000000000000000000),
 ( 1.000000000000000000, 0.7071067811865449082, 1.000000000000000000),
 ( 1.000000000000000000, 0.7071067811865485719, 1.000000000000000000),
 ( 1.000000000000000000, 0.7071067811865471286, 1.000000000000000000),
 ( 1.000000000000000000, 0.7071067811865482389, 1.000000000000000000),
 ( 1.000000000000000000, 0.7071067811865471286, 1.000000000000000000),
 ( 1.000000000000000000, 0.7071067811865489050, 1.000000000000000000),
 ( 1.000000000000000000, 0.7071067811865472397, 1.000000000000000000),
 ( 1.000000000000000000, 0.7071067811865480168, 1.000000000000000000),
 ( 1.000000000000000000, 0.7071067811865479058, 1.000000000000000000),
 ( 1.000000000000000000, 0.7071067811865474617, 1.000000000000000000),
 ( 1.000000000000000000, 0.7071067811865475727, 1.000000000000000000),
 ( 1.000000000000000000, 0.7071067811865475727, 1.000000000000000000),
 ( 1.000000000000000000, 0.7071067811865476838, 1.000000000000000000),
 ( 1.000000000000000000, 0.7071067811865474617, 1.000000000000000000),
 ( 1.000000000000000000, 0.7071067811865474617, 1.000000000000000000),
 ( 1.000000000000000000, 0.7071067811865477948, 1.000000000000000000),
 ( 1.000000000000000000, 0.7071067811865480168, 1.000000000000000000),
 ( 1.000000000000000000, 0.7071067811865455743, 1.000000000000000000),
 ( 1.000000000000000000, 0.7071067811865481278, 1.000000000000000000),
 ( 1.000000000000000000, 0.7071067811865473507, 1.000000000000000000),
 ( 1.000000000000000000, 0.7071067811865477948, 1.000000000000000000),
 ( 1.000000000000000000, 0.7071067811865472397, 1.000000000000000000),
 ( 1.000000000000000000, 0.7071067811865483499, 1.000000000000000000),
 ( 1.000000000000000000, 0.7071067811865454633, 1.000000000000000000),
 ( 1.000000000000000000, 0.7071067811865487940, 1.000000000000000000),
 ( 1.000000000000000000, 0.7071067811865470176, 1.000000000000000000),
 ( 1.000000000000000000, 0.7071067811865479058, 1.000000000000000000),
 ( 1.000000000000000000, 0.7071067811865464625, 1.000000000000000000),
 ( 1.000000000000000000, 0.7071067811865477948, 1.000000000000000000),
 ( 1.000000000000000000, 0.7071067811865465735, 1.000000000000000000),
 ( 1.000000000000000000, 0.7071067811865480168, 1.000000000000000000),
 ( 1.000000000000000000, 0.7071067811865481278, 1.000000000000000000),
 ( 1.000000000000000000, 0.7071067811865453523, 1.000000000000000000),
 ( 1.000000000000000000, 0.7071067811865475727, 1.000000000000000000),
 ( 1.000000000000000000, 0.7071067811865475727, 1.000000000000000000) ) ) 
 REPRESENTATION_ITEM ( '' )  SURFACE ( )  );
#3557 = CARTESIAN_POINT ( 'NONE',  ( -10.00159984935873858, 15.07675159715019575, 11.99999999999990585 ) ) ;
#3558 = DIRECTION ( 'NONE',  ( 0.000000000000000000, 0.000000000000000000, -1.000000000000000000 ) ) ;
#3559 = CARTESIAN_POINT ( 'NONE',  ( -11.09168454389360825, 16.93220401682033582, 10.20299494816538122 ) ) ;
#3560 = ORIENTED_EDGE ( 'NONE', *, *, #320, .F. ) ;
#3561 = CARTESIAN_POINT ( 'NONE',  ( 10.28281004863718096, 17.29803330773659198, 10.00000000000000711 ) ) ;
#3562 = CARTESIAN_POINT ( 'NONE',  ( -11.17655896153296879, 16.84375843061790334, 29.73543166127169002 ) ) ;
#3563 = CARTESIAN_POINT ( 'NONE',  ( -10.28506089010971536, 17.30181094388248297, 10.00000000000000355 ) ) ;
#3564 = CARTESIAN_POINT ( 'NONE',  ( -10.24587412626509320, 17.26305930226152796, 29.99999999999999645 ) ) ;
#3565 = CARTESIAN_POINT ( 'NONE',  ( 0.2695931719508353752, 37.09466087774887910, 30.00000000000000000 ) ) ;
#3566 = CARTESIAN_POINT ( 'NONE',  ( -0.3317500139656881508, 36.33512142213950114, 29.54893676316053686 ) ) ;
#3567 = CARTESIAN_POINT ( 'NONE',  ( -10.60455221451238828, 16.97817068433477061, 10.05203247077969131 ) ) ;
#3568 = CARTESIAN_POINT ( 'NONE',  ( -2.598076211353320009, 35.21281292110202088, 27.99999999999999645 ) ) ;
#3569 = CARTESIAN_POINT ( 'NONE',  ( -10.28455110024960995, 17.30055256842694433, 30.00000000000000000 ) ) ;
#3570 = CARTESIAN_POINT ( 'NONE',  ( -2.278177053802017848, 35.70938937992762874, 28.00000000000000000 ) ) ;
#3571 = CARTESIAN_POINT ( 'NONE',  ( -12.22385962380233515, 16.80757285252683886, 11.73581933340832961 ) ) ;
#3572 = CARTESIAN_POINT ( 'NONE',  ( -1.947669349787713999, 36.12672086201559551, 12.00000000000000000 ) ) ;
#3573 = CARTESIAN_POINT ( 'NONE',  ( 11.76967438759339224, 16.24111635636477402, 28.82615175801601382 ) ) ;
#3574 = CARTESIAN_POINT ( 'NONE',  ( -1.335979459577189221, 36.66504239781103536, 12.00000000000000000 ) ) ;
#3575 = CARTESIAN_POINT ( 'NONE',  ( -10.66502371990083375, 16.94979919842174709, 29.93319388802883552 ) ) ;
#3576 = CARTESIAN_POINT ( 'NONE',  ( 10.05238047808051682, 17.15790491406718843, 29.99999999999999289 ) ) ;
#3577 = CARTESIAN_POINT ( 'NONE',  ( 0.3554926892413908801, 34.88782528017719642, 10.00000000000000000 ) ) ;
#3578 = CARTESIAN_POINT ( 'NONE',  ( 0.2929556529825257938, 36.67625179326360296, 29.22139966592237315 ) ) ;
#3579 = CARTESIAN_POINT ( 'NONE',  ( 10.64476221538755496, 16.92918301750446020, 10.06664256950392478 ) ) ;
#3580 = CARTESIAN_POINT ( 'NONE',  ( 0.08036411209297195102, 35.39572646527330591, 10.01919622411995547 ) ) ;
#3581 = CARTESIAN_POINT ( 'NONE',  ( -11.44468414429972825, 15.66286469110543500, 11.99999999999999467 ) ) ;
#3582 = CARTESIAN_POINT ( 'NONE',  ( 12.04481107111399218, 16.37418133955426214, 28.26249388936713203 ) ) ;
#3583 = CARTESIAN_POINT ( 'NONE',  ( -11.13161300582856938, 16.76496447903333120, 10.26458850386814703 ) ) ;
#3584 = EDGE_LOOP ( 'NONE', ( #574, #1711, #598, #2622 ) ) ;
#3585 = APPLICATION_CONTEXT ( 'automotive_design' ) ;
#3586 = CARTESIAN_POINT ( 'NONE',  ( 10.28411939109514428, 17.29971147598213577, 9.999999999999998224 ) ) ;
#3587 = CARTESIAN_POINT ( 'NONE',  ( -11.19626646207583853, 16.88441456098164650, 29.73553655009833463 ) ) ;
#3588 = CARTESIAN_POINT ( 'NONE',  ( -12.13618838450990900, 16.54459290471234212, 12.00000000000000178 ) ) ;
#3589 = CARTESIAN_POINT ( 'NONE',  ( -9.188974038425101298, 14.99999999999999645, 27.99999999999999289 ) ) ;
#3590 = VERTEX_POINT ( 'NONE', #1483 ) ;
#3591 = CARTESIAN_POINT ( 'NONE',  ( -0.09297939371967892108, 35.45707134033100516, 29.96809366593331703 ) ) ;
#3592 = CARTESIAN_POINT ( 'NONE',  ( -11.83461820706096645, 16.03670743217768901, 10.00000000000000000 ) ) ;
#3593 = CARTESIAN_POINT ( 'NONE',  ( 0.006582335923761221085, 35.11183967152532404, 10.00000000000000888 ) ) ;
#3594 = CARTESIAN_POINT ( 'NONE',  ( 0.5433714391124666587, 37.03878966209563117, 27.99999999999998934 ) ) ;
#3595 = CARTESIAN_POINT ( 'NONE',  ( 0.1349249318714949020, 35.58939743779825449, 10.06093823030708201 ) ) ;
#3596 = CARTESIAN_POINT ( 'NONE',  ( 0.0006404013708223685493, 35.11281266264563072, 10.00000000000000000 ) ) ;
#3597 = B_SPLINE_CURVE_WITH_KNOTS ( 'NONE', 3,
 ( #4096, #3010, #824, #2699, #1556, #2983, #4446, #1221, #895, #2300, #1942, #532, #467, #3077, #3702, #4475, #1986, #441, #2677, #3434, #1917, #3411, #3339, #1243, #3773, #3729, #3367, #84, #1198, #4545, #2654, #158, #1603, #1529, #489, #3390, #1172, #4121, #2629, #847, #4145, #3752, #872, #135, #1581, #4500, #3056, #4522 ),
 .UNSPECIFIED., .F., .F.,
 ( 4, 2, 2, 2, 1, 1, 1, 2, 2, 2, 2, 2, 1, 1, 2, 2, 2, 2, 1, 1, 2, 2, 2, 1, 1, 1, 2, 2, 4 ),
 ( 0.000000000000000000, 0.2500000000000464073, 0.3750000000000706102, 0.4375000000000814349, 0.4687500000000865419, 0.4843750000000879852, 0.4921875000000860978, 0.4960937500000866529, 0.5000000000000871525, 0.6250000000001024736, 0.6875000000001103562, 0.7187500000001144640, 0.7343750000001146860, 0.7421875000001149081, 0.7460937500001144640, 0.7500000000001141309, 0.8125000000000880407, 0.8437500000000742739, 0.8593750000000663913, 0.8671875000000606182, 0.8710937500000562883, 0.8750000000000520695, 0.9062500000000354161, 0.9218750000000273115, 0.9296875000000242029, 0.9335937500000214273, 0.9355468750000197620, 0.9375000000000180966, 1.000000000000000000 ),
 .UNSPECIFIED. ) ;
#3598 = CARTESIAN_POINT ( 'NONE',  ( 11.72304972724535155, 16.84996249578939143, 29.32249131575222734 ) ) ;
#3599 = CARTESIAN_POINT ( 'NONE',  ( -0.8375748622961343148, 36.93636132225105229, 11.99999999999999467 ) ) ;
#3600 = CARTESIAN_POINT ( 'NONE',  ( -10.56620475988221663, 17.21551072018118944, 29.98073503950797303 ) ) ;
#3601 = CARTESIAN_POINT ( 'NONE',  ( 11.38474067051696714, 15.61849303818280887, 30.00000000000001776 ) ) ;
#3602 = DIRECTION ( 'NONE',  ( -0.5000000000000004441, -0.8660254037844383745, -0.000000000000000000 ) ) ;
#3603 = CARTESIAN_POINT ( 'NONE',  ( 10.45976463338808493, 17.11901414735649141, 10.01557567962199080 ) ) ;
#3604 = CARTESIAN_POINT ( 'NONE',  ( 10.75241569661925922, 17.08016533478822296, 10.06713389885248233 ) ) ;
#3605 = VECTOR ( 'NONE', #1777, 1000.000000000000000 ) ;
#3606 = CARTESIAN_POINT ( 'NONE',  ( 10.28998583547670087, 17.31786385302350340, 30.00000000000000000 ) ) ;
#3607 = CARTESIAN_POINT ( 'NONE',  ( 11.57933075237810527, 16.37670215841585275, 10.77912485798125175 ) ) ;
#3608 = CARTESIAN_POINT ( 'NONE',  ( -10.18511285816144074, 17.22239660939612449, 10.00000000000000000 ) ) ;
#3609 = CARTESIAN_POINT ( 'NONE',  ( 11.68049140026599098, 15.86643815954198722, 27.99999999990995647 ) ) ;
#3610 = CARTESIAN_POINT ( 'NONE',  ( -11.62650396556602495, 16.61359990051393609, 10.67866225344677567 ) ) ;
#3611 = EDGE_LOOP ( 'NONE', ( #3300, #1468, #4180, #3977 ) ) ;
#3612 = CARTESIAN_POINT ( 'NONE',  ( 10.27886683520882904, 17.29340859050726920, 9.999999999999998224 ) ) ;
#3613 = CARTESIAN_POINT ( 'NONE',  ( -11.13417680918161956, 17.04403918667176754, 29.79765680788442239 ) ) ;
#3614 = CARTESIAN_POINT ( 'NONE',  ( 10.56810753544358228, 17.22443002612999408, 10.01920541120107622 ) ) ;
#3615 = ORIENTED_EDGE ( 'NONE', *, *, #3021, .T. ) ;
#3616 = CARTESIAN_POINT ( 'NONE',  ( -0.2233092149346745381, 35.93631722098282921, 29.81168632235396032 ) ) ;
#3617 = CARTESIAN_POINT ( 'NONE',  ( -0.05443946583014384888, 35.75342484212474403, 29.89472832187340856 ) ) ;
#3618 = CARTESIAN_POINT ( 'NONE',  ( 0.8574900904939212198, 36.92793587250221066, 12.00000000000000000 ) ) ;
#3619 = CARTESIAN_POINT ( 'NONE',  ( 12.11701991782062215, 16.63341294146375304, 11.54382160648915701 ) ) ;
#3620 = CARTESIAN_POINT ( 'NONE',  ( 10.29987661022601486, 17.29523390922098258, 29.99999999999999645 ) ) ;
#3621 = CARTESIAN_POINT ( 'NONE',  ( 0.3050363099928581345, 36.19309820231406150, 10.34267831614034350 ) ) ;
#3622 = CARTESIAN_POINT ( 'NONE',  ( -2.598076211353320009, 35.21281292110202799, 28.00000000000000000 ) ) ;
#3623 = CARTESIAN_POINT ( 'NONE',  ( 11.54980704564816385, 16.48075720143807743, 29.32133777857747248 ) ) ;
#3624 = CARTESIAN_POINT ( 'NONE',  ( -2.124254155678833467, 35.90944321348929691, 11.99999999999981171 ) ) ;
#3625 = EDGE_CURVE ( 'NONE', #4248, #3199, #2503, .T. ) ;
#3626 = CARTESIAN_POINT ( 'NONE',  ( -10.43280481423260575, 17.19702446233376136, 29.99468594829468771 ) ) ;
#3627 = CARTESIAN_POINT ( 'NONE',  ( -12.09065058647671975, 16.42999554782903715, 27.99999999999999645 ) ) ;
#3628 = CARTESIAN_POINT ( 'NONE',  ( 10.09558602688786522, 15.09460971298344312, 29.99999999999999289 ) ) ;
#3629 = CARTESIAN_POINT ( 'NONE',  ( 10.57120786130535883, 17.00466007267683111, 29.95737059059602458 ) ) ;
#3630 = CARTESIAN_POINT ( 'NONE',  ( 10.95138565926334273, 16.61459501530856642, 10.23808644114921051 ) ) ;
#3631 = CARTESIAN_POINT ( 'NONE',  ( 12.15568615359404703, 16.59482571526963923, 30.00000000000000000 ) ) ;
#3632 = CARTESIAN_POINT ( 'NONE',  ( -0.07649208307552599062, 35.39644104310596617, 10.01920541120107622 ) ) ;
#3633 = CARTESIAN_POINT ( 'NONE',  ( 11.72305098284308045, 16.84996690614929449, 10.67750849740478714 ) ) ;
#3634 = CARTESIAN_POINT ( 'NONE',  ( -11.74648666860212742, 15.93492712889359808, 11.99999999999999645 ) ) ;
#3635 = CARTESIAN_POINT ( 'NONE',  ( -11.66987298107780546, 19.49999999999999289, 27.99999999999999645 ) ) ;
#3636 = CARTESIAN_POINT ( 'NONE',  ( -11.43869501134302880, 16.33063033309775847, 10.67806558915524384 ) ) ;
#3637 = CARTESIAN_POINT ( 'NONE',  ( 10.28266723411393890, 17.29785202241318487, 9.999999999999996447 ) ) ;
#3638 = CARTESIAN_POINT ( 'NONE',  ( -11.29715853927109315, 16.44927732301902168, 29.50635283478102622 ) ) ;
#3639 = ORIENTED_EDGE ( 'NONE', *, *, #1329, .T. ) ;
#3640 = CARTESIAN_POINT ( 'NONE',  ( -0.1953576860949747251, 35.83353530614473215, 29.85565392356055980 ) ) ;
#3641 = CARTESIAN_POINT ( 'NONE',  ( 0.8063415903670514417, 36.94958061850734765, 10.00000000000000178 ) ) ;
#3642 = CARTESIAN_POINT ( 'NONE',  ( 11.85927503817601369, 16.17707901543793980, 11.48010341857706962 ) ) ;
#3643 = CARTESIAN_POINT ( 'NONE',  ( -9.071796769724489451, 15.00000000000000000, 27.99999999999999645 ) ) ;
#3644 = CARTESIAN_POINT ( 'NONE',  ( 0.3836372055973536477, 36.47194511859284916, 10.58267995289483387 ) ) ;
#3645 = CARTESIAN_POINT ( 'NONE',  ( 0.2887497554325191840, 37.09665517568006265, 28.00000000000000000 ) ) ;
#3646 = CARTESIAN_POINT ( 'NONE',  ( 11.02894666523945943, 16.81778748171426230, 29.79691304174068733 ) ) ;
#3647 = CARTESIAN_POINT ( 'NONE',  ( -12.18855708375466662, 16.68724266822822244, 30.00000000000001066 ) ) ;
#3648 = CARTESIAN_POINT ( 'NONE',  ( -10.81179879991678483, 16.93254807912878590, 29.89472832160905469 ) ) ;
#3649 = CARTESIAN_POINT ( 'NONE',  ( 10.30190336740440671, 17.43147446301247072, 10.00000000000000000 ) ) ;
#3650 = CARTESIAN_POINT ( 'NONE',  ( 11.51861736170358341, 15.72053695316182953, 30.00000000000000000 ) ) ;
#3651 = FACE_OUTER_BOUND ( 'NONE', #3277, .T. ) ;
#3652 = CARTESIAN_POINT ( 'NONE',  ( 10.41991270751029397, 17.15989730568700011, 10.00945009532379260 ) ) ;
#3653 = CARTESIAN_POINT ( 'NONE',  ( -0.006708739694517337759, 35.29346945350978615, 29.99467787765326676 ) ) ;
#3654 = CARTESIAN_POINT ( 'NONE',  ( 10.28491428228086235, 17.30209741935104617, 30.00000000000000000 ) ) ;
#3655 = CARTESIAN_POINT ( 'NONE',  ( -0.03104966356312184247, 35.29089198658490290, 10.00527947357496927 ) ) ;
#3656 = CARTESIAN_POINT ( 'NONE',  ( -10.06503609302431457, 17.16233026178911558, 10.00000000000000000 ) ) ;
#3657 = CARTESIAN_POINT ( 'NONE',  ( 11.96466663772397609, 16.21171571241560372, 27.99999999990995647 ) ) ;
#3658 = CARTESIAN_POINT ( 'NONE',  ( -10.88070790463254411, 16.92345783614175048, 10.12770705112937542 ) ) ;
#3659 = CARTESIAN_POINT ( 'NONE',  ( 10.28361461379754616, 17.29906444729697768, 10.00000000000000000 ) ) ;
#3660 = CARTESIAN_POINT ( 'NONE',  ( -10.95017787716317414, 17.06638089927475121, 29.87263758058523067 ) ) ;
#3661 = ORIENTED_EDGE ( 'NONE', *, *, #3171, .F. ) ;
#3662 = CARTESIAN_POINT ( 'NONE',  ( -0.009139506178215676957, 35.14828660314530140, 29.99967426404243653 ) ) ;
#3663 = CARTESIAN_POINT ( 'NONE',  ( -0.03511942660199283278, 35.99927394081030485, 29.79689504480964501 ) ) ;
#3664 = CARTESIAN_POINT ( 'NONE',  ( 0.3093190688766122576, 37.08890573251706257, 9.999999999999987566 ) ) ;
#3665 = CARTESIAN_POINT ( 'NONE',  ( 11.55626013402479479, 15.99391013368853187, 11.17264367558638227 ) ) ;
#3666 = CARTESIAN_POINT ( 'NONE',  ( 11.56215373725293993, 16.96204003118830173, 29.50722598183454437 ) ) ;
#3667 = CARTESIAN_POINT ( 'NONE',  ( 0.3822602657223803657, 36.46705891319439274, 10.57763830720322495 ) ) ;
#3668 = CARTESIAN_POINT ( 'NONE',  ( 1.762689879573171359, 36.31989896371461413, 28.00000000000000000 ) ) ;
#3669 = EDGE_CURVE ( 'NONE', #3071, #2001, #2392, .T. ) ;
#3670 = CARTESIAN_POINT ( 'NONE',  ( 10.95754741848418767, 16.72178781356373634, 29.79734343782878980 ) ) ;
#3671 = CARTESIAN_POINT ( 'NONE',  ( -10.28166393160883807, 17.29342496541380214, 30.00000000000000000 ) ) ;
#3672 = CARTESIAN_POINT ( 'NONE',  ( -10.71924993749943056, 17.16931659887218231, 29.94902952039399224 ) ) ;
#3673 = CARTESIAN_POINT ( 'NONE',  ( 12.15616993941913293, 16.59612863474730204, 10.00000000000000000 ) ) ;
#3674 = CARTESIAN_POINT ( 'NONE',  ( 11.38474067051696359, 15.61849303818281776, 28.00000000000000711 ) ) ;
#3675 = CARTESIAN_POINT ( 'NONE',  ( -0.07906876218871407291, 37.11330456683592871, 11.99999999998544631 ) ) ;
#3676 = CARTESIAN_POINT ( 'NONE',  ( -10.37169748863910357, 17.21275951774017798, 10.00377597458082590 ) ) ;
#3677 = CARTESIAN_POINT ( 'NONE',  ( -0.03903496417196873625, 35.28931463099799259, 29.99474951978617909 ) ) ;
#3678 = CARTESIAN_POINT ( 'NONE',  ( 10.29157456011611593, 17.32450602575185172, 30.00000000000000000 ) ) ;
#3679 = CARTESIAN_POINT ( 'NONE',  ( -0.002261405069517837419, 35.12907823232740867, 10.00000000000000000 ) ) ;
#3680 = CARTESIAN_POINT ( 'NONE',  ( -10.29722269758121556, 17.35284508527790592, 10.00000000000000000 ) ) ;
#3681 = CARTESIAN_POINT ( 'NONE',  ( 12.08466709530866190, 16.45476431524904015, 11.73748700147394430 ) ) ;
#3682 = CARTESIAN_POINT ( 'NONE',  ( -10.29924748581865401, 17.29302398317742018, 10.00000000000000000 ) ) ;
#3683 = AXIS2_PLACEMENT_3D ( 'NONE', #1902, #1612, #810 ) ;
#3684 = FILL_AREA_STYLE ('',( #4056 ) ) ;
#3685 = AXIS2_PLACEMENT_3D ( 'NONE', #511, #3036, #2321 ) ;
#3686 = CARTESIAN_POINT ( 'NONE',  ( 0.6970367902614967859, 36.99103967557994821, 27.99999999999999289 ) ) ;
#3687 = CARTESIAN_POINT ( 'NONE',  ( -12.22386278016674588, 16.80758487395407030, 11.99999999998545341 ) ) ;
#3688 = CARTESIAN_POINT ( 'NONE',  ( 0.1266707758168003073, 36.42957698242958742, 29.50592645652133328 ) ) ;
#3689 = CARTESIAN_POINT ( 'NONE',  ( 0.6440968347202841171, 37.00880724618313167, 12.00000000000001243 ) ) ;
#3690 = CARTESIAN_POINT ( 'NONE',  ( 11.60651252870195904, 15.94234698567978015, 11.35423647028774141 ) ) ;
#3691 = CARTESIAN_POINT ( 'NONE',  ( 11.22618181222382638, 16.95768460231573016, 10.26413109771419130 ) ) ;
#3692 = CARTESIAN_POINT ( 'NONE',  ( -12.10596214687929262, 16.46972414308522659, 27.99999999990996358 ) ) ;
#3693 = CARTESIAN_POINT ( 'NONE',  ( -10.19860191723922505, 17.94515686512721331, 9.999999999999989342 ) ) ;
#3694 = CARTESIAN_POINT ( 'NONE',  ( -0.2622674188121836836, 36.59729175914912247, 10.67806558953104989 ) ) ;
#3695 = CARTESIAN_POINT ( 'NONE',  ( -2.285072546152883799, 35.69873546066725112, 30.00000000000036948 ) ) ;
#3696 = VERTEX_POINT ( 'NONE', #3240 ) ;
#3697 = EDGE_CURVE ( 'NONE', #841, #2487, #3785, .T. ) ;
#3698 = CARTESIAN_POINT ( 'NONE',  ( 11.48164584248032583, 16.73806477440796314, 29.50587678706915540 ) ) ;
#3699 = CARTESIAN_POINT ( 'NONE',  ( -10.28631507405512657, 17.30512626835273693, 29.99999999999999645 ) ) ;
#3700 = CARTESIAN_POINT ( 'NONE',  ( -11.41851580045233838, 15.64340264510358303, 27.99999999999999645 ) ) ;
#3701 = CARTESIAN_POINT ( 'NONE',  ( 10.28502587764557497, 17.30239394854672597, 10.00000000000000000 ) ) ;
#3702 = CARTESIAN_POINT ( 'NONE',  ( -11.54146745618382930, 16.98104812868339053, 29.53235264951802108 ) ) ;
#3703 = CARTESIAN_POINT ( 'NONE',  ( 10.42918131509096469, 17.15039069262851967, 29.98921569463388792 ) ) ;
#3704 = CARTESIAN_POINT ( 'NONE',  ( -10.31254457034394356, 17.27235353755527214, 10.00038772518863084 ) ) ;
#3705 = CARTESIAN_POINT ( 'NONE',  ( 0.04991506992467862475, 35.62774352228657193, 29.93288654786838165 ) ) ;
#3706 = CARTESIAN_POINT ( 'NONE',  ( 11.81937463698699098, 16.49268455558737756, 10.99980330928339178 ) ) ;
#3707 = CARTESIAN_POINT ( 'NONE',  ( 10.95759030991900751, 17.08927977438490231, 10.12715873776474673 ) ) ;
#3708 = CARTESIAN_POINT ( 'NONE',  ( 12.16434884535917149, 16.61814249066294025, 27.99999999999999645 ) ) ;
#3709 = CARTESIAN_POINT ( 'NONE',  ( 0.8660254037844354880, 34.21281292110202088, 27.99999999999999645 ) ) ;
#3710 = CARTESIAN_POINT ( 'NONE',  ( -9.071796769724489451, 17.00000000000000000, 30.00000000000000000 ) ) ;
#3711 = CARTESIAN_POINT ( 'NONE',  ( 11.74426825613741165, 15.92957618552400412, 11.86786309120794058 ) ) ;
#3712 = CARTESIAN_POINT ( 'NONE',  ( 11.63313348412693671, 15.91503145892928650, 28.52065158755369723 ) ) ;
#3713 = CARTESIAN_POINT ( 'NONE',  ( -10.56942470739626039, 17.22814059053955660, 10.01919622411995547 ) ) ;
#3714 = DIRECTION ( 'NONE',  ( 1.000000000000000000, 0.000000000000000000, 0.000000000000000000 ) ) ;
#3715 = CARTESIAN_POINT ( 'NONE',  ( 0.4498439450899308079, 37.06219463239653322, 30.00000000000000711 ) ) ;
#3716 = CARTESIAN_POINT ( 'NONE',  ( -12.00660335788516520, 16.41940953543085513, 11.48017996740714075 ) ) ;
#3717 = CARTESIAN_POINT ( 'NONE',  ( 0.05104652335294213028, 36.11371123104019176, 29.73543166063624810 ) ) ;
#3718 = CARTESIAN_POINT ( 'NONE',  ( 9.071796769724482346, 15.00000000000000355, 12.00000000000000000 ) ) ;
#3719 = CARTESIAN_POINT ( 'NONE',  ( 11.14129171102172933, 17.07313390009525023, 10.20210531046514468 ) ) ;
#3720 = CARTESIAN_POINT ( 'NONE',  ( -11.71946566899325859, 15.97938357762812167, 28.45648309179362911 ) ) ;
#3721 = CARTESIAN_POINT ( 'NONE',  ( -12.14633113824626420, 18.42172342964610721, 9.999999999999996447 ) ) ;
#3722 = CARTESIAN_POINT ( 'NONE',  ( -0.1516811403370995903, 36.90253698842974472, 11.11501655298398106 ) ) ;
#3723 = CARTESIAN_POINT ( 'NONE',  ( -2.122618443619018525, 35.91147663765350728, 30.00000000000000000 ) ) ;
#3724 = ORIENTED_EDGE ( 'NONE', *, *, #4379, .F. ) ;
#3725 = CARTESIAN_POINT ( 'NONE',  ( 10.45865671724028623, 17.25332190869609761, 29.99478308438530050 ) ) ;
#3726 = CARTESIAN_POINT ( 'NONE',  ( -12.20563581731725833, 16.74207949386723016, 27.99999999999999645 ) ) ;
#3727 = CARTESIAN_POINT ( 'NONE',  ( -11.40561689116866795, 15.63400623569865822, 27.99999999999998934 ) ) ;
#3728 = CARTESIAN_POINT ( 'NONE',  ( 9.071796769724482346, 17.00000000000000355, 10.00000000000000000 ) ) ;
#3729 = CARTESIAN_POINT ( 'NONE',  ( -11.03113882101473031, 17.11077210749163058, 29.84607749618923833 ) ) ;
#3730 = CARTESIAN_POINT ( 'NONE',  ( 0.09943880152378929693, 37.06081239692253604, 11.54408686726517885 ) ) ;
#3731 = B_SPLINE_CURVE_WITH_KNOTS ( 'NONE', 3,
 ( #4280, #3898, #3128, #325, #2439, #632, #3577, #1318, #229, #253, #1767 ),
 .UNSPECIFIED., .F., .F.,
 ( 4, 2, 1, 2, 2, 4 ),
 ( 0.000000000000000000, 8.040786971188202520E-05, 0.0001608157394237640504, 0.0003216314788475281008, 0.0006432629576950427575, 0.001286525915390087900 ),
 .UNSPECIFIED. ) ;
#3732 = DIRECTION ( 'NONE',  ( 0.8660254037844384856, -0.5000000000000003331, 0.000000000000000000 ) ) ;
#3733 = CARTESIAN_POINT ( 'NONE',  ( -0.01022828734805370128, 35.16111649755367097, 29.99959400276604882 ) ) ;
#3734 = CARTESIAN_POINT ( 'NONE',  ( 11.95978982012778147, 16.85708537965307130, 10.99832897745992888 ) ) ;
#3735 = CARTESIAN_POINT ( 'NONE',  ( 12.21407604699074056, 18.21100093127488861, 28.00000000000000000 ) ) ;
#3736 = CARTESIAN_POINT ( 'NONE',  ( 0.4566062964925811096, 37.06250704520513750, 27.99999999990995292 ) ) ;
#3737 = CARTESIAN_POINT ( 'NONE',  ( 12.21861447758795904, 16.78876673153879295, 11.86791072733754149 ) ) ;
#3738 = CARTESIAN_POINT ( 'NONE',  ( -10.32095137987941413, 17.26699224220727658, 10.00040599559491739 ) ) ;
#3739 = CARTESIAN_POINT ( 'NONE',  ( 0.2793339882706373234, 37.09330035993728814, 28.00000000000000000 ) ) ;
#3740 = CARTESIAN_POINT ( 'NONE',  ( -12.13611985484191180, 16.74048374413017370, 11.47948424604409290 ) ) ;
#3741 = CARTESIAN_POINT ( 'NONE',  ( -0.02534395654681345644, 35.75523156289393967, 29.89467796541386946 ) ) ;
#3742 = CARTESIAN_POINT ( 'NONE',  ( 0.2772966919069270175, 37.09358556277899766, 10.00000000000000000 ) ) ;
#3743 = CARTESIAN_POINT ( 'NONE',  ( 0.3702867839332890654, 36.42457387241121580, 10.53508638605556946 ) ) ;
#3744 = CARTESIAN_POINT ( 'NONE',  ( -0.8242235622815982099, 36.94203495126124892, 30.00000000000000000 ) ) ;
#3745 = ORIENTED_EDGE ( 'NONE', *, *, #2190, .F. ) ;
#3746 = CARTESIAN_POINT ( 'NONE',  ( 10.80758376722347336, 16.92636445415051583, 29.89475424893931788 ) ) ;
#3747 = CARTESIAN_POINT ( 'NONE',  ( -10.28442156110518013, 17.30023276932958609, 30.00000000000000000 ) ) ;
#3748 = CARTESIAN_POINT ( 'NONE',  ( 11.36124866099187436, 16.53191854100981217, 10.49407359049548738 ) ) ;
#3749 = CARTESIAN_POINT ( 'NONE',  ( -11.67241783589751947, 15.85634649862090129, 27.99999999999997158 ) ) ;
#3750 = CARTESIAN_POINT ( 'NONE',  ( 12.07555238160504274, 18.64989257596291594, 27.99999999999999289 ) ) ;
#3751 =( BOUNDED_SURFACE ( )  B_SPLINE_SURFACE ( 3, 2, ( 
 ( #3671, #843, #1553 ),
 ( #769, #2296, #3262 ),
 ( #4043, #2573, #794 ),
 ( #1887, #4117, #1478 ),
 ( #3747, #1816, #7 ),
 ( #1526, #463, #1194 ),
 ( #2905, #4395, #1839 ),
 ( #2929, #414, #1455 ),
 ( #2552, #3310, #2199 ),
 ( #2222, #3006, #745 ),
 ( #2625, #3287, #1862 ),
 ( #55, #4471, #1502 ),
 ( #1122, #3364, #31 ),
 ( #438, #4372, #1146 ),
 ( #3699, #2650, #2954 ),
 ( #4018, #1100, #4420 ),
 ( #2598, #3647, #2980 ),
 ( #3336, #390, #81 ),
 ( #4069, #4443, #3726 ),
 ( #1169, #4093, #821 ),
 ( #2270, #1914, #2696 ),
 ( #4228, #222, #4586 ),
 ( #962, #1938, #2383 ),
 ( #1240, #4182, #4162 ),
 ( #2764, #153, #3073 ),
 ( #2408, #485, #3842 ),
 ( #577, #1312, #2029 ),
 ( #1646, #3386, #507 ),
 ( #4142, #131, #3452 ),
 ( #868, #3475, #1962 ),
 ( #2718, #3818, #913 ),
 ( #3406, #892, #3052 ),
 ( #2339, #1577, #199 ),
 ( #3097, #1217, #4517 ),
 ( #1599, #175, #1262 ),
 ( #2318, #3794, #1669 ),
 ( #552, #528, #3121 ),
 ( #1983, #3032, #4496 ),
 ( #2674, #4564, #3769 ),
 ( #2004, #3431, #1622 ),
 ( #4542, #2361, #935 ),
 ( #1287, #2740, #4204 ),
 ( #4631, #1006, #3500 ),
 ( #1692, #2453, #3912 ),
 ( #3165, #2144, #315 ),
 ( #1027, #4699, #3936 ) ),
 .UNSPECIFIED., .F., .F., .F. ) 
 B_SPLINE_SURFACE_WITH_KNOTS ( ( 4, 1, 1, 1, 1, 1, 1, 1, 1, 1, 1, 1, 1, 1, 1, 1, 1, 1, 1, 1, 1, 1, 1, 1, 1, 1, 1, 1, 1, 1, 1, 1, 1, 1, 1, 1, 1, 1, 1, 1, 1, 1, 1, 4 ),
 ( 3, 3 ),
 ( 0.008234374617398175153, 0.008239411267693737273, 0.008240670430267629104, 0.008241929592841519200, 0.008242559174128465116, 0.008243188755415409297, 0.008243503546058881387, 0.008243660941380619167, 0.008243818336702355212, 0.008244133127345829037, 0.008244447917989301128, 0.008245077499276247043, 0.008245707080563192959, 0.008246966243137083055, 0.008248225405710973152, 0.008249484568284864983, 0.008250743730858756814, 0.008252002893432646910, 0.008254521218580428837, 0.008257039543728210765, 0.008259557868875992692, 0.008264594519171554812, 0.008269631169467116932, 0.008274667819762680787, 0.008284741120353806762, 0.008294814420944932737, 0.008314961022127184687, 0.008335107623309436636, 0.008355254224491690321, 0.008375400825673944005, 0.008395547426856195955, 0.008435840629220701589, 0.008476133831585207223, 0.008516427033949712858, 0.008556720236314218492, 0.008637306641043229760, 0.008717893045772239294, 0.008798479450501248827, 0.008879065855230260096, 0.008959652259959271364, 0.009040238664688280898, 0.009201411474146301700, 0.009362584283604322502, 0.009523757093062343304 ),
 ( 0.000000000000000000, 1.000000000000000000 ),
 .UNSPECIFIED. ) 
 GEOMETRIC_REPRESENTATION_ITEM ( )  RATIONAL_B_SPLINE_SURFACE ( (
 ( 1.000000000000000000, 0.7071067811865475727, 1.000000000000000000),
 ( 1.000000000000000000, 0.7071067811865475727, 1.000000000000000000),
 ( 1.000000000000000000, 0.7071067811865472397, 1.000000000000000000),
 ( 1.000000000000000000, 0.7071067811865477948, 1.000000000000000000),
 ( 1.000000000000000000, 0.7071067811865476838, 1.000000000000000000),
 ( 1.000000000000000000, 0.7071067811865476838, 1.000000000000000000),
 ( 1.000000000000000000, 0.7071067811865474617, 1.000000000000000000),
 ( 1.000000000000000000, 0.7071067811865476838, 1.000000000000000000),
 ( 1.000000000000000000, 0.7071067811865477948, 1.000000000000000000),
 ( 1.000000000000000000, 0.7071067811865455743, 1.000000000000000000),
 ( 1.000000000000000000, 0.7071067811865471286, 1.000000000000000000),
 ( 1.000000000000000000, 0.7071067811865481278, 1.000000000000000000),
 ( 1.000000000000000000, 0.7071067811865447972, 1.000000000000000000),
 ( 1.000000000000000000, 0.7071067811865515695, 1.000000000000000000),
 ( 1.000000000000000000, 0.7071067811865461294, 1.000000000000000000),
 ( 1.000000000000000000, 0.7071067811865484609, 1.000000000000000000),
 ( 1.000000000000000000, 0.7071067811865466846, 1.000000000000000000),
 ( 1.000000000000000000, 0.7071067811865461294, 1.000000000000000000),
 ( 1.000000000000000000, 0.7071067811865483499, 1.000000000000000000),
 ( 1.000000000000000000, 0.7071067811865484609, 1.000000000000000000),
 ( 1.000000000000000000, 0.7071067811865472397, 1.000000000000000000),
 ( 1.000000000000000000, 0.7071067811865476838, 1.000000000000000000),
 ( 1.000000000000000000, 0.7071067811865476838, 1.000000000000000000),
 ( 1.000000000000000000, 0.7071067811865474617, 1.000000000000000000),
 ( 1.000000000000000000, 0.7071067811865477948, 1.000000000000000000),
 ( 1.000000000000000000, 0.7071067811865475727, 1.000000000000000000),
 ( 1.000000000000000000, 0.7071067811865475727, 1.000000000000000000),
 ( 1.000000000000000000, 0.7071067811865472397, 1.000000000000000000),
 ( 1.000000000000000000, 0.7071067811865475727, 1.000000000000000000),
 ( 1.000000000000000000, 0.7071067811865475727, 1.000000000000000000),
 ( 1.000000000000000000, 0.7071067811865476838, 1.000000000000000000),
 ( 1.000000000000000000, 0.7071067811865472397, 1.000000000000000000),
 ( 1.000000000000000000, 0.7071067811865495711, 1.000000000000000000),
 ( 1.000000000000000000, 0.7071067811865469066, 1.000000000000000000),
 ( 1.000000000000000000, 0.7071067811865475727, 1.000000000000000000),
 ( 1.000000000000000000, 0.7071067811865473507, 1.000000000000000000),
 ( 1.000000000000000000, 0.7071067811865476838, 1.000000000000000000),
 ( 1.000000000000000000, 0.7071067811865470176, 1.000000000000000000),
 ( 1.000000000000000000, 0.7071067811865494601, 1.000000000000000000),
 ( 1.000000000000000000, 0.7071067811865482389, 1.000000000000000000),
 ( 1.000000000000000000, 0.7071067811865474617, 1.000000000000000000),
 ( 1.000000000000000000, 0.7071067811865475727, 1.000000000000000000),
 ( 1.000000000000000000, 0.7071067811865475727, 1.000000000000000000),
 ( 1.000000000000000000, 0.7071067811865475727, 1.000000000000000000),
 ( 1.000000000000000000, 0.7071067811865475727, 1.000000000000000000),
 ( 1.000000000000000000, 0.7071067811865475727, 1.000000000000000000) ) ) 
 REPRESENTATION_ITEM ( '' )  SURFACE ( )  );
#3752 = CARTESIAN_POINT ( 'NONE',  ( -10.48627228619597673, 17.24927515463934924, 29.98921569460125980 ) ) ;
#3753 = CARTESIAN_POINT ( 'NONE',  ( 0.4539013067020053471, 37.04981671149425182, 11.73724728527847105 ) ) ;
#3754 = CARTESIAN_POINT ( 'NONE',  ( 0.5433714391124666587, 37.03878966209563117, 27.99999999999998934 ) ) ;
#3755 = CARTESIAN_POINT ( 'NONE',  ( 0.0006379209085110161374, 35.11281269567290053, 30.00000000000000000 ) ) ;
#3756 = CARTESIAN_POINT ( 'NONE',  ( -10.99019152567746360, 15.37423206056966407, 12.00000000000000355 ) ) ;
#3757 = CARTESIAN_POINT ( 'NONE',  ( -0.4260707033695496082, 37.01606965958439588, 28.45648309168660006 ) ) ;
#3758 = CARTESIAN_POINT ( 'NONE',  ( 12.01058193850360034, 16.39209518115107045, 28.45590186063495253 ) ) ;
#3759 = CARTESIAN_POINT ( 'NONE',  ( -10.42292849783679820, 17.18407066982841513, 10.00527947357361391 ) ) ;
#3760 =( NAMED_UNIT ( * ) SI_UNIT ( $, .STERADIAN. ) SOLID_ANGLE_UNIT ( ) );
#3761 = CARTESIAN_POINT ( 'NONE',  ( 0.3272776978192116770, 37.08604497908889641, 28.00000000000000355 ) ) ;
#3762 = CARTESIAN_POINT ( 'NONE',  ( -11.70758337717875186, 15.99032510734887680, 11.47950159215001698 ) ) ;
#3763 = CARTESIAN_POINT ( 'NONE',  ( 0.2762255911977680722, 37.09373535970767222, 12.00000000000000355 ) ) ;
#3764 = CARTESIAN_POINT ( 'NONE',  ( -12.00660471860652656, 16.41941226744306448, 28.51982004484195343 ) ) ;
#3765 = CARTESIAN_POINT ( 'NONE',  ( -12.30174493218904352, 17.38312930597075123, 11.99999999999999645 ) ) ;
#3766 = CARTESIAN_POINT ( 'NONE',  ( -2.518695464152854058, 35.35030443272293610, 30.00000000000074252 ) ) ;
#3767 = ORIENTED_EDGE ( 'NONE', *, *, #2781, .T. ) ;
#3768 = CARTESIAN_POINT ( 'NONE',  ( 10.41005325767614309, 17.17001707620390150, 29.99478622388804183 ) ) ;
#3769 = CARTESIAN_POINT ( 'NONE',  ( -12.14551600147430221, 18.42438721950275493, 27.99999999999999289 ) ) ;
#3770 = CARTESIAN_POINT ( 'NONE',  ( 11.17338653555958494, 16.46440497578184647, 10.40869621549583535 ) ) ;
#3771 = CARTESIAN_POINT ( 'NONE',  ( -11.44464961423773275, 15.66283880847052501, 27.99999999999999645 ) ) ;
#3772 = CARTESIAN_POINT ( 'NONE',  ( 10.28557986713984995, 17.30388562739086211, 10.00000000000000000 ) ) ;
#3773 = CARTESIAN_POINT ( 'NONE',  ( -11.03196618983150579, 17.11056175866282558, 29.84571702604434762 ) ) ;
#3774 = CARTESIAN_POINT ( 'NONE',  ( -0.07624832870146330821, 37.04572999448616599, 11.48019369243737664 ) ) ;
#3775 = CARTESIAN_POINT ( 'NONE',  ( 10.17043471154340217, 18.02021899196042654, 30.00000000000000000 ) ) ;
#3776 = CARTESIAN_POINT ( 'NONE',  ( -0.3495616842972392169, 37.08196874831455858, 12.00000000000001066 ) ) ;
#3777 = ADVANCED_FACE ( 'NONE', ( #3651 ), #1393, .T. ) ;
#3778 = PRODUCT_RELATED_PRODUCT_CATEGORY ( 'part', '', ( #2045 ) ) ;
#3779 = CARTESIAN_POINT ( 'NONE',  ( 0.2411547686014981762, 35.96632531863792792, 29.79790713491512122 ) ) ;
#3780 = CARTESIAN_POINT ( 'NONE',  ( 10.97579833695072438, 15.36758417944613697, 12.00000000000000000 ) ) ;
#3781 = CARTESIAN_POINT ( 'NONE',  ( 0.5433714391124674359, 37.03878966209563117, 28.13209036055037515 ) ) ;
#3782 = CARTESIAN_POINT ( 'NONE',  ( 11.92683000586135655, 16.86577915664459582, 29.05844844589459086 ) ) ;
#3783 = CARTESIAN_POINT ( 'NONE',  ( -10.30055381495258082, 17.29648717461645901, 10.00000000000000000 ) ) ;
#3784 = PRESENTATION_STYLE_ASSIGNMENT (( #859 ) ) ;
#3785 = B_SPLINE_CURVE_WITH_KNOTS ( 'NONE', 3,
 ( #2578, #347, #4376, #4709, #1150, #725, #2556, #2249, #1105, #4022, #751, #2203 ),
 .UNSPECIFIED., .F., .F.,
 ( 4, 2, 2, 2, 2, 4 ),
 ( 0.000000000000000000, 8.124605527234571561E-05, 0.0001624921105446914312, 0.0003249842210893939755, 0.0006499684421787854573, 0.001299936884357568313 ),
 .UNSPECIFIED. ) ;
#3786 = CARTESIAN_POINT ( 'NONE',  ( 0.5362463399261244712, 37.04078764301400639, 30.00000000000000711 ) ) ;
#3787 = CARTESIAN_POINT ( 'NONE',  ( -12.00951889412777618, 16.51315023314835528, 11.35522773913034555 ) ) ;
#3788 = CARTESIAN_POINT ( 'NONE',  ( 9.524472232150831275, 17.02672424925407313, 9.999999999999991118 ) ) ;
#3789 = CARTESIAN_POINT ( 'NONE',  ( -12.20102012435125083, 16.72058559023802715, 27.99999999990996358 ) ) ;
#3790 = CARTESIAN_POINT ( 'NONE',  ( -12.19181351577806538, 16.69743153918347645, 12.00000000000000888 ) ) ;
#3791 = CARTESIAN_POINT ( 'NONE',  ( -2.431924766226230883, 35.48857091878944203, 29.99999999999926104 ) ) ;
#3792 = ORIENTED_EDGE ( 'NONE', *, *, #3421, .F. ) ;
#3793 = CARTESIAN_POINT ( 'NONE',  ( 10.73244513069030504, 16.83921525714982081, 29.89537257937761083 ) ) ;
#3794 = CARTESIAN_POINT ( 'NONE',  ( -12.25471341253360258, 17.96569971597985216, 30.00000000000000000 ) ) ;
#3795 = CARTESIAN_POINT ( 'NONE',  ( -11.41851584087871352, 15.64340259074638340, 30.00000000000000000 ) ) ;
#3796 = CARTESIAN_POINT ( 'NONE',  ( 12.28048706093183995, 17.09911219946517491, 12.00000000000002309 ) ) ;
#3797 = CARTESIAN_POINT ( 'NONE',  ( 9.150546016218427781, 14.99999999216496249, 29.99999999999843325 ) ) ;
#3798 = CARTESIAN_POINT ( 'NONE',  ( -0.3460610094644646639, 37.07142774009818709, 11.73740326866007422 ) ) ;
#3799 = CARTESIAN_POINT ( 'NONE',  ( 11.82561068981007502, 19.21822962879837604, 30.00000000000000000 ) ) ;
#3800 = CARTESIAN_POINT ( 'NONE',  ( 0.0006379209085109772146, 35.11281269567290053, 30.00000000000000000 ) ) ;
#3801 = SHAPE_REPRESENTATION ( 'Triangle', ( #3683 ), #4082 ) ;
#3802 = CARTESIAN_POINT ( 'NONE',  ( 10.28477063642816525, 17.30054718159914984, 30.00000000000000355 ) ) ;
#3803 = CARTESIAN_POINT ( 'NONE',  ( 11.93512974639755519, 19.00156167459807577, 28.00000000000000000 ) ) ;
#3804 = CARTESIAN_POINT ( 'NONE',  ( -0.1647819714044763684, 37.05615949609960325, 28.45595330917694099 ) ) ;
#3805 = CARTESIAN_POINT ( 'NONE',  ( 11.46986572856176245, 16.08255823318970812, 29.05845716875884222 ) ) ;
#3806 = CARTESIAN_POINT ( 'NONE',  ( -11.69416967405283181, 15.88039787944818215, 28.13208924084954532 ) ) ;
#3807 = EDGE_CURVE ( 'NONE', #46, #1284, #2085, .T. ) ;
#3808 = CARTESIAN_POINT ( 'NONE',  ( 0.2440323108436751043, 36.41317001311666246, 10.49358223079907049 ) ) ;
#3809 = CARTESIAN_POINT ( 'NONE',  ( 0.3310108210002505880, 34.90654759505689242, 30.00000000000000711 ) ) ;
#3810 = CARTESIAN_POINT ( 'NONE',  ( -11.61251166925454825, 16.18499608993318972, 10.99921160584437452 ) ) ;
#3811 = CARTESIAN_POINT ( 'NONE',  ( 0.001627029626670359807, 35.11267470772069288, 10.00000000000000178 ) ) ;
#3812 = CARTESIAN_POINT ( 'NONE',  ( -11.58638841580359724, 16.20691073389183146, 29.05754849029192499 ) ) ;
#3813 = CARTESIAN_POINT ( 'NONE',  ( -10.29761237354406411, 17.36126580712189593, 10.00000000000001243 ) ) ;
#3814 = CARTESIAN_POINT ( 'NONE',  ( -0.3738894844428052311, 37.07761183501460067, 27.99999999999999645 ) ) ;
#3815 = EDGE_LOOP ( 'NONE', ( #243, #2850, #1423, #2807, #1260, #1392, #4091, #1042, #2380 ) ) ;
#3816 = CARTESIAN_POINT ( 'NONE',  ( 10.28391191050745945, 17.29944552537243752, 10.00000000000000000 ) ) ;
#3817 = CARTESIAN_POINT ( 'NONE',  ( 10.49838841011636958, 17.09804935682092264, 29.98073503946141471 ) ) ;
#3818 = CARTESIAN_POINT ( 'NONE',  ( -12.30162784427077760, 17.43262294051545780, 29.99999999999999289 ) ) ;
#3819 = CARTESIAN_POINT ( 'NONE',  ( -10.28154059317534319, 17.29688964757549030, 30.00000000000000000 ) ) ;
#3820 = CARTESIAN_POINT ( 'NONE',  ( 12.29649222414410481, 17.68087741258249324, 12.00000000000000000 ) ) ;
#3821 = CARTESIAN_POINT ( 'NONE',  ( -0.4080839796124068886, 36.61571827551105685, 10.74295780616399298 ) ) ;
#3822 = EDGE_CURVE ( 'NONE', #2337, #1334, #3844, .T. ) ;
#3823 = CARTESIAN_POINT ( 'NONE',  ( 0.5293474255317742738, 36.98902380894631392, 11.54340557961816494 ) ) ;
#3824 = CARTESIAN_POINT ( 'NONE',  ( 0.1497631687413875923, 37.11221924280656737, 27.99999999990996358 ) ) ;
#3825 = CARTESIAN_POINT ( 'NONE',  ( -0.3252160011194696332, 37.08609032725745180, 12.00000000000000000 ) ) ;
#3826 = CARTESIAN_POINT ( 'NONE',  ( 0.5249673654588379312, 36.97347985395526848, 28.52065158755369723 ) ) ;
#3827 = CARTESIAN_POINT ( 'NONE',  ( 11.66987298107779480, 19.50000000000000000, 12.00000000000000000 ) ) ;
#3828 = CARTESIAN_POINT ( 'NONE',  ( -0.4225298104111062658, 37.00030992910040339, 28.52049831210911179 ) ) ;
#3829 = CARTESIAN_POINT ( 'NONE',  ( 11.85407399924143945, 16.56282982214778343, 29.00030675250007661 ) ) ;
#3830 = CARTESIAN_POINT ( 'NONE',  ( -10.78126300717500996, 16.80012801613939999, 29.87305738394900345 ) ) ;
#3831 = CARTESIAN_POINT ( 'NONE',  ( 0.3883206355134385945, 36.76843303793032902, 10.94185282902403067 ) ) ;
#3832 = CARTESIAN_POINT ( 'NONE',  ( 1.461979692019469645, 36.56593092184642302, 30.00000000000001421 ) ) ;
#3833 = CARTESIAN_POINT ( 'NONE',  ( -11.82852859156687408, 16.51030160082368425, 10.99977904074176216 ) ) ;
#3834 = CARTESIAN_POINT ( 'NONE',  ( 10.69597290407187273, 15.26177131102642726, 12.00000000000002665 ) ) ;
#3835 = CARTESIAN_POINT ( 'NONE',  ( -12.05135316870315876, 16.85143656181988803, 28.82735648325391864 ) ) ;
#3836 = CARTESIAN_POINT ( 'NONE',  ( -12.15601433638933671, 16.59490155603581840, 11.99999999999998579 ) ) ;
#3837 = APPLICATION_CONTEXT ( 'automotive_design' ) ;
#3838 = CARTESIAN_POINT ( 'NONE',  ( -0.3538073965770911489, 37.08121729612822293, 30.00000000000000000 ) ) ;
#3839 = ORIENTED_EDGE ( 'NONE', *, *, #2232, .T. ) ;
#3840 = CARTESIAN_POINT ( 'NONE',  ( 10.77791039753237357, 17.14532551335197397, 10.06680599282293898 ) ) ;
#3841 = CARTESIAN_POINT ( 'NONE',  ( -11.38174468627616243, 16.19513610665707048, 10.74295802026859015 ) ) ;
#3842 = CARTESIAN_POINT ( 'NONE',  ( -12.26927997126394487, 17.02072273226333010, 27.99999999999999289 ) ) ;
#3843 = CARTESIAN_POINT ( 'NONE',  ( 2.476167382281036389, 35.41874077438164647, 10.00000000000000000 ) ) ;
#3844 = CIRCLE ( 'NONE', #1859, 2.000000000000000000 ) ;
#3845 = CARTESIAN_POINT ( 'NONE',  ( -11.78935600545699813, 15.98283774511979871, 27.99999999999999645 ) ) ;
#3846 = CARTESIAN_POINT ( 'NONE',  ( 12.30135648457187081, 17.30209343703449676, 11.99999999999995737 ) ) ;
#3847 = CARTESIAN_POINT ( 'NONE',  ( 12.21861250420193024, 16.78875950693173991, 27.99999999990995647 ) ) ;
#3848 = CARTESIAN_POINT ( 'NONE',  ( -0.4777411605001007922, 36.87189754898718519, 11.17265021374607947 ) ) ;
#3849 = CARTESIAN_POINT ( 'NONE',  ( 10.30187455696578169, 17.42451003038168977, 30.00000000000000000 ) ) ;
#3850 = AXIS2_PLACEMENT_3D ( 'NONE', #4309, #2822, #3949 ) ;
#3851 = CARTESIAN_POINT ( 'NONE',  ( -0.002888755316123998301, 35.11223471148549891, 10.00000000000000000 ) ) ;
#3852 = CARTESIAN_POINT ( 'NONE',  ( 11.85971817246639048, 16.06784645857488769, 30.00000000000000711 ) ) ;
#3853 = CARTESIAN_POINT ( 'NONE',  ( 10.99004113176832043, 16.57493263714681575, 29.72702702430589383 ) ) ;
#3854 = CARTESIAN_POINT ( 'NONE',  ( 0.3306233859801807617, 36.87847853033686363, 28.88549765502517275 ) ) ;
#3855 = CARTESIAN_POINT ( 'NONE',  ( 11.57932978803300905, 16.37670090553322666, 29.22087517458773931 ) ) ;
#3856 = DIRECTION ( 'NONE',  ( -1.000000000000000000, -1.912215981034913991E-16, -0.000000000000000000 ) ) ;
#3857 = CARTESIAN_POINT ( 'NONE',  ( 11.74063362515864917, 16.91493324899088435, 10.67713617058050701 ) ) ;
#3858 = CARTESIAN_POINT ( 'NONE',  ( -0.06841546740646220481, 36.84594287597367668, 10.99980330907773762 ) ) ;
#3859 = CARTESIAN_POINT ( 'NONE',  ( 0.3893458039755055555, 34.85145657021897136, 29.99999999999999289 ) ) ;
#3860 = CARTESIAN_POINT ( 'NONE',  ( -11.60396587710511973, 15.97126616579420677, 11.29290752964836031 ) ) ;
#3861 = CARTESIAN_POINT ( 'NONE',  ( 11.36434429686618586, 15.62369419716926622, 10.00000000000001243 ) ) ;
#3862 = CARTESIAN_POINT ( 'NONE',  ( -11.40427068520527065, 16.17246370207087480, 29.22226541930646704 ) ) ;
#3863 = CARTESIAN_POINT ( 'NONE',  ( -12.29726538972166772, 17.27558936403091394, 10.00000000000001243 ) ) ;
#3864 = CARTESIAN_POINT ( 'NONE',  ( -0.3881341384167123487, 37.07486938297520851, 28.00000000000001066 ) ) ;
#3865 = EDGE_LOOP ( 'NONE', ( #4605, #2694, #1912, #890 ) ) ;
#3866 = CARTESIAN_POINT ( 'NONE',  ( 10.33117741422151425, 17.28470425324771753, 10.00040599559402388 ) ) ;
#3867 = CARTESIAN_POINT ( 'NONE',  ( 10.28391317934107363, 17.29944765700217246, 29.99999999999999289 ) ) ;
#3868 = CARTESIAN_POINT ( 'NONE',  ( -10.28228721314796879, 17.29778736931913841, 10.00000000000000000 ) ) ;
#3869 = CARTESIAN_POINT ( 'NONE',  ( -10.28455110024960995, 17.30055256842695144, 30.00000000000000000 ) ) ;
#3870 = EDGE_CURVE ( 'NONE', #1024, #2875, #1706, .T. ) ;
#3871 = CARTESIAN_POINT ( 'NONE',  ( -11.82961673408169467, 16.03060091433972545, 30.00000000000000000 ) ) ;
#3872 = CARTESIAN_POINT ( 'NONE',  ( 12.19056477819772155, 16.69390070473148668, 10.00000000000001421 ) ) ;
#3873 = CARTESIAN_POINT ( 'NONE',  ( -0.06352328206045092240, 35.34877194474793782, 10.01483364760223083 ) ) ;
#3874 = CARTESIAN_POINT ( 'NONE',  ( 0.008312682568513928699, 35.11406909643735474, 10.00000000000000000 ) ) ;
#3875 = CARTESIAN_POINT ( 'NONE',  ( 11.70719124219560037, 15.89321012975570291, 30.00000000000000711 ) ) ;
#3876 = CARTESIAN_POINT ( 'NONE',  ( -1.562832636667361275, 36.49397770521813555, 11.99999999999999822 ) ) ;
#3877 = CARTESIAN_POINT ( 'NONE',  ( -0.1516768330982576907, 36.90253734700697663, 28.88498347104075492 ) ) ;
#3878 = CARTESIAN_POINT ( 'NONE',  ( 9.937822173508918056, 18.50000000000000000, 10.00000000000000000 ) ) ;
#3879 = CARTESIAN_POINT ( 'NONE',  ( 11.95978982012778147, 16.85708537965307130, 10.99832897745992888 ) ) ;
#3880 = CARTESIAN_POINT ( 'NONE',  ( 0.1408719868129780506, 35.61044944756924480, 10.06664256950392833 ) ) ;
#3881 = CARTESIAN_POINT ( 'NONE',  ( 2.094914231807735394, 35.94513599290379346, 30.00000000000000711 ) ) ;
#3882 = CARTESIAN_POINT ( 'NONE',  ( -11.58938806093608775, 16.39121235978510427, 10.77917669490235220 ) ) ;
#3883 = ORIENTED_EDGE ( 'NONE', *, *, #2127, .T. ) ;
#3884 = CARTESIAN_POINT ( 'NONE',  ( 11.47174902292253051, 15.68330383761514213, 12.00000000000000178 ) ) ;
#3885 = CARTESIAN_POINT ( 'NONE',  ( -11.54911539154642419, 16.02653636207481824, 28.88627284737367518 ) ) ;
#3886 = CARTESIAN_POINT ( 'NONE',  ( -12.13878468512008268, 16.55100543516055112, 10.00000000000000178 ) ) ;
#3887 = CARTESIAN_POINT ( 'NONE',  ( -0.3151651278443914350, 37.08773771522555052, 27.99999999999999645 ) ) ;
#3888 = ORIENTED_EDGE ( 'NONE', *, *, #4193, .T. ) ;
#3889 = CARTESIAN_POINT ( 'NONE',  ( 10.33173643641648809, 17.28682189442137584, 10.00040231597542117 ) ) ;
#3890 = CARTESIAN_POINT ( 'NONE',  ( -11.64013942070376828, 15.93474581259552636, 11.39229817959703794 ) ) ;
#3891 = CARTESIAN_POINT ( 'NONE',  ( -11.83335582853616330, 16.03516497086035386, 10.00000000000000000 ) ) ;
#3892 = CARTESIAN_POINT ( 'NONE',  ( -10.28455110024960995, 17.30055256842695144, 30.00000000000000000 ) ) ;
#3893 = CARTESIAN_POINT ( 'NONE',  ( -11.83295333665375182, 16.03467239794980870, 30.00000000000000000 ) ) ;
#3894 = CARTESIAN_POINT ( 'NONE',  ( -10.28455231187830421, 17.30055473308395619, 10.00000000000000000 ) ) ;
#3895 = CARTESIAN_POINT ( 'NONE',  ( -0.3941032162722078458, 36.56433101967934363, 10.68058524422897193 ) ) ;
#3896 = CARTESIAN_POINT ( 'NONE',  ( -0.8821132614508635506, 36.91695175674989571, 10.00000000000001954 ) ) ;
#3897 = CARTESIAN_POINT ( 'NONE',  ( 11.82946497545944275, 16.02995609643706132, 27.99999999999999289 ) ) ;
#3898 = CARTESIAN_POINT ( 'NONE',  ( 0.02760656302014492455, 35.10904221682223181, 9.999999999999998224 ) ) ;
#3899 = CARTESIAN_POINT ( 'NONE',  ( 0.1657606283412619286, 36.83932120928787413, 29.00035529454972760 ) ) ;
#3900 = CARTESIAN_POINT ( 'NONE',  ( 10.29310396488611090, 17.56437056100137539, 10.00000000000000000 ) ) ;
#3901 = CARTESIAN_POINT ( 'NONE',  ( 12.30562455869009320, 17.25385655179891486, 12.00000000000000000 ) ) ;
#3902 = CARTESIAN_POINT ( 'NONE',  ( -0.1545639386460094244, 35.98650943885513698, 10.20270461503079318 ) ) ;
#3903 = CARTESIAN_POINT ( 'NONE',  ( 1.123553499617351514, 36.79361668532551022, 30.00000000000000000 ) ) ;
#3904 = CARTESIAN_POINT ( 'NONE',  ( -12.05135323837471439, 16.85143654489917608, 11.17264367558638405 ) ) ;
#3905 = CARTESIAN_POINT ( 'NONE',  ( 10.09790726098153435, 15.09506336761333678, 12.00000000000000178 ) ) ;
#3906 = CARTESIAN_POINT ( 'NONE',  ( -11.90848474003943203, 16.46944062291115074, 28.82602958900734436 ) ) ;
#3907 = CARTESIAN_POINT ( 'NONE',  ( -10.28473368681748568, 17.30100273862495541, 9.999999999999998224 ) ) ;
#3908 = CARTESIAN_POINT ( 'NONE',  ( -0.002471273402536316739, 35.11230300012439898, 30.00000000000000000 ) ) ;
#3909 = ORIENTED_EDGE ( 'NONE', *, *, #2623, .F. ) ;
#3910 = CARTESIAN_POINT ( 'NONE',  ( 10.28391191050745945, 17.29944552537243752, 10.00000000000000355 ) ) ;
#3911 = CARTESIAN_POINT ( 'NONE',  ( -10.72164933105879214, 16.86020990612044557, 10.09727337677415804 ) ) ;
#3912 = CARTESIAN_POINT ( 'NONE',  ( -11.78696621296638369, 19.29120405609814171, 27.99999999999998934 ) ) ;
#3913 = CARTESIAN_POINT ( 'NONE',  ( 0.1398896485792048838, 35.05187629751952016, 10.00000000000000178 ) ) ;
#3914 = CARTESIAN_POINT ( 'NONE',  ( -11.82687751964771827, 16.02725908455509440, 28.00000000000000711 ) ) ;
#3915 = CARTESIAN_POINT ( 'NONE',  ( 0.2600014984477619362, 36.03328725434526802, 10.23808650528070530 ) ) ;
#3916 = CARTESIAN_POINT ( 'NONE',  ( -0.2244219138966316862, 35.94043446733465430, 10.19263414657445921 ) ) ;
#3917 = B_SPLINE_CURVE_WITH_KNOTS ( 'NONE', 3,
 ( #3150, #2129, #4593, #2837, #1744, #969, #4258, #3507, #2037, #991, #2861, #3921 ),
 .UNSPECIFIED., .F., .F.,
 ( 4, 2, 2, 2, 2, 4 ),
 ( 0.000000000000000000, 0.0006366373655500942195, 0.0009549560483251386730, 0.001114115389712660954, 0.001193695060406419926, 0.001273274731100178464 ),
 .UNSPECIFIED. ) ;
#3918 = CARTESIAN_POINT ( 'NONE',  ( -0.6135869189874166851, 37.01892581273565241, 12.00000000000001243 ) ) ;
#3919 = PRESENTATION_LAYER_ASSIGNMENT (  '', '', ( #3219 ) ) ;
#3920 = CARTESIAN_POINT ( 'NONE',  ( 11.78079678096753113, 15.97264887653644294, 30.00000000000000000 ) ) ;
#3921 = CARTESIAN_POINT ( 'NONE',  ( 10.28391317934107185, 17.29944765700217246, 30.00000000000000000 ) ) ;
#3922 = AXIS2_PLACEMENT_3D ( 'NONE', #5, #412, #1787 ) ;
#3923 = CARTESIAN_POINT ( 'NONE',  ( 0.1790748613145994594, 36.97844477442674815, 28.70600679636634567 ) ) ;
#3924 = CARTESIAN_POINT ( 'NONE',  ( 0.1306538185246173267, 35.80634831890271386, 10.12736251527395837 ) ) ;
#3925 = CARTESIAN_POINT ( 'NONE',  ( -11.50883630032616267, 15.71246567587656884, 12.00000000000004796 ) ) ;
#3926 = CARTESIAN_POINT ( 'NONE',  ( 11.74441382785993682, 15.92972028565901255, 27.99999999990995647 ) ) ;
#3927 = CARTESIAN_POINT ( 'NONE',  ( -11.48791855372961557, 16.75131723077760881, 10.49407359063275003 ) ) ;
#3928 = ORIENTED_EDGE ( 'NONE', *, *, #2574, .F. ) ;
#3929 = CARTESIAN_POINT ( 'NONE',  ( 11.23632643342422277, 15.54539106763430567, 9.999999999999998224 ) ) ;
#3930 = CARTESIAN_POINT ( 'NONE',  ( -11.46604002949285395, 17.00022147915183268, 29.59162460507039683 ) ) ;
#3931 = CARTESIAN_POINT ( 'NONE',  ( -12.13556975103360891, 16.54306482648205900, 12.00000000000000000 ) ) ;
#3932 = CARTESIAN_POINT ( 'NONE',  ( 9.071796769724445042, 17.00000000000000000, 30.00000000000000000 ) ) ;
#3933 = ORIENTED_EDGE ( 'NONE', *, *, #320, .T. ) ;
#3934 = CARTESIAN_POINT ( 'NONE',  ( -0.06531384915103592703, 35.35535721410938947, 29.98449145576174502 ) ) ;
#3935 = CARTESIAN_POINT ( 'NONE',  ( -11.93086190098059340, 16.15061036117764104, 11.99999999998545341 ) ) ;
#3936 = CARTESIAN_POINT ( 'NONE',  ( -11.66987298107780369, 19.49999999999999645, 27.99999999999999645 ) ) ;
#3937 = CARTESIAN_POINT ( 'NONE',  ( 0.2379429926587746380, 34.98387319994785827, 10.00000000000000178 ) ) ;
#3938 = CARTESIAN_POINT ( 'NONE',  ( 12.21861447758796082, 16.78876673153879295, 12.00000000000000000 ) ) ;
#3939 = CARTESIAN_POINT ( 'NONE',  ( 0.1908337952749784849, 35.78775983174754316, 10.12645417292969086 ) ) ;
#3940 = CARTESIAN_POINT ( 'NONE',  ( -0.01558029657484078304, 35.17246291251812096, 10.00089158086870533 ) ) ;
#3941 = CARTESIAN_POINT ( 'NONE',  ( -2.234531050861435997, 35.76761092045089185, 10.00000000000027356 ) ) ;
#3942 = UNCERTAINTY_MEASURE_WITH_UNIT (LENGTH_MEASURE( 1.000000000000000082E-05 ), #4486, 'distance_accuracy_value', 'NONE');
#3943 = CARTESIAN_POINT ( 'NONE',  ( -10.41756981751890621, 17.17794387444237714, 29.99474951979823345 ) ) ;
#3944 = CARTESIAN_POINT ( 'NONE',  ( -0.5244500735342090270, 37.04365363142145640, 12.00000000000000000 ) ) ;
#3945 = CARTESIAN_POINT ( 'NONE',  ( -0.4452525542203532027, 36.75245465392329436, 29.05844844589458376 ) ) ;
#3946 = CARTESIAN_POINT ( 'NONE',  ( 10.88855303834311528, 17.08032704226524245, 10.10504898959280418 ) ) ;
#3947 = CARTESIAN_POINT ( 'NONE',  ( 0.1640896724349107938, 35.98502709785528708, 10.20265666786568204 ) ) ;
#3948 = CARTESIAN_POINT ( 'NONE',  ( -9.647361162363102594, 15.02793175341919252, 9.999999999999861444 ) ) ;
#3949 = DIRECTION ( 'NONE',  ( -1.214306433183763862E-14, 1.000000000000000000, 0.000000000000000000 ) ) ;
#3950 = CARTESIAN_POINT ( 'NONE',  ( -11.23004486124144208, 16.96772923083017304, 10.26407772491799975 ) ) ;
#3951 = ORIENTED_EDGE ( 'NONE', *, *, #940, .F. ) ;
#3952 = CARTESIAN_POINT ( 'NONE',  ( 10.28208895097787767, 17.29713262379555516, 10.00000000000000533 ) ) ;
#3953 = CARTESIAN_POINT ( 'NONE',  ( -11.10650993356964200, 16.72717412271479986, 29.73549620642739200 ) ) ;
#3954 = CARTESIAN_POINT ( 'NONE',  ( -12.13884724440447371, 16.55116081244844750, 9.999999999999998224 ) ) ;
#3955 = CARTESIAN_POINT ( 'NONE',  ( 10.90566963646018017, 15.33802243223263950, 12.00000000000000000 ) ) ;
#3956 = CARTESIAN_POINT ( 'NONE',  ( 0.2758624754837719073, 37.09378549162475736, 30.00000000000000711 ) ) ;
#3957 = CARTESIAN_POINT ( 'NONE',  ( -0.1916984135863211147, 35.82008196539314326, 29.86123725390617878 ) ) ;
#3958 = CARTESIAN_POINT ( 'NONE',  ( -10.28030133986647598, 17.29543742336451473, 10.00000000000000000 ) ) ;
#3959 = CARTESIAN_POINT ( 'NONE',  ( 0.01737565684427044843, 35.10921094029292533, 10.00000000000000355 ) ) ;
#3960 = CARTESIAN_POINT ( 'NONE',  ( 10.56810836263808362, 17.22443077424841462, 29.98079450342244456 ) ) ;
#3961 = CARTESIAN_POINT ( 'NONE',  ( 11.96856955446744131, 18.90776165275548237, 12.00000000000000000 ) ) ;
#3962 = CARTESIAN_POINT ( 'NONE',  ( -0.02010148980403369395, 35.18908183951819524, 10.00145209087199127 ) ) ;
#3963 = CARTESIAN_POINT ( 'NONE',  ( 11.44847302529516853, 16.93587212715395296, 29.59126119098370111 ) ) ;
#3964 = CARTESIAN_POINT ( 'NONE',  ( -0.5338918639081178252, 34.69422517588984789, 10.00000000000000533 ) ) ;
#3965 = CARTESIAN_POINT ( 'NONE',  ( -10.32956576876992294, 17.28000747867446663, 29.99958608195342435 ) ) ;
#3966 = EDGE_CURVE ( 'NONE', #1803, #958, #1536, .T. ) ;
#3967 = CARTESIAN_POINT ( 'NONE',  ( 11.63145885680789959, 15.81916842571412651, 30.00000000000000355 ) ) ;
#3968 = CARTESIAN_POINT ( 'NONE',  ( 10.35275153969176820, 17.22881196125675629, 30.00000714905321075 ) ) ;
#3969 = CARTESIAN_POINT ( 'NONE',  ( 10.38131809179350462, 17.19978944777695418, 10.00479477141909257 ) ) ;
#3970 = CARTESIAN_POINT ( 'NONE',  ( 10.71833098160179176, 17.01869282385341009, 10.06716182264139192 ) ) ;
#3971 = CARTESIAN_POINT ( 'NONE',  ( 12.28226415658476789, 17.11362975297434730, 27.99999999999999645 ) ) ;
#3972 = CARTESIAN_POINT ( 'NONE',  ( 0.1851513360575450795, 36.09804598053813152, 10.26407772504016158 ) ) ;
#3973 = CARTESIAN_POINT ( 'NONE',  ( 11.80211965846070399, 16.82514453501164198, 10.77809928216999857 ) ) ;
#3974 = CARTESIAN_POINT ( 'NONE',  ( -11.67238421910298918, 15.85629889085634048, 10.00000000000001599 ) ) ;
#3975 = CARTESIAN_POINT ( 'NONE',  ( 0.0006404013708223685493, 35.11281266264563072, 10.00000000000000000 ) ) ;
#3976 = CARTESIAN_POINT ( 'NONE',  ( -11.12163680593095094, 17.00599873641383297, 10.20265666771854995 ) ) ;
#3977 = ORIENTED_EDGE ( 'NONE', *, *, #3269, .F. ) ;
#3978 = CARTESIAN_POINT ( 'NONE',  ( 10.28296786059810408, 17.29823544775099364, 9.999999999999991118 ) ) ;
#3979 = CARTESIAN_POINT ( 'NONE',  ( -11.07419779158773032, 16.89616473049905210, 29.79691304177980982 ) ) ;
#3980 = CARTESIAN_POINT ( 'NONE',  ( 10.28391191050745945, 17.29944552537243752, 10.00000000000000000 ) ) ;
#3981 = ORIENTED_EDGE ( 'NONE', *, *, #2920, .F. ) ;
#3982 = CARTESIAN_POINT ( 'NONE',  ( -0.3666281500631522472, 36.46333522888027545, 29.42963231160154436 ) ) ;
#3983 = CARTESIAN_POINT ( 'NONE',  ( -0.1541891549762756664, 35.80131871021482937, 29.87284111103950579 ) ) ;
#3984 = PRODUCT_DEFINITION ( 'UNKNOWN', '', #4610, #176 ) ;
#3985 = CARTESIAN_POINT ( 'NONE',  ( 1.182307499967263364, 36.75953355174608816, 12.00000000000000355 ) ) ;
#3986 = CARTESIAN_POINT ( 'NONE',  ( 12.10182775780831577, 16.63885530786023281, 11.47985607326647362 ) ) ;
#3987 = CARTESIAN_POINT ( 'NONE',  ( -11.93086314551754512, 16.15061253720898904, 27.99999999990995647 ) ) ;
#3988 = CARTESIAN_POINT ( 'NONE',  ( -11.46602729747579197, 17.00017111181006157, 10.40837593662264382 ) ) ;
#3989 = CARTESIAN_POINT ( 'NONE',  ( 1.954338669128004691, 36.11915333290026808, 28.00000000000000000 ) ) ;
#3990 = ADVANCED_FACE ( 'NONE', ( #4102 ), #3303, .T. ) ;
#3991 = CARTESIAN_POINT ( 'NONE',  ( 11.28835825828478789, 16.43848330537772640, 29.50641787335665356 ) ) ;
#3992 = CARTESIAN_POINT ( 'NONE',  ( -0.8660254037844317132, 34.21281292110204930, 10.00000000000000000 ) ) ;
#3993 = CARTESIAN_POINT ( 'NONE',  ( -10.75513285229512128, 17.08576241788274785, 29.93288654779248148 ) ) ;
#3994 = DIRECTION ( 'NONE',  ( -0.8660254037844333785, -0.5000000000000092149, 0.000000000000000000 ) ) ;
#3995 = EDGE_CURVE ( 'NONE', #2337, #866, #223, .T. ) ;
#3996 = CARTESIAN_POINT ( 'NONE',  ( 9.707469506987187913, 17.05694420841115289, 29.99999999999999645 ) ) ;
#3997 = CARTESIAN_POINT ( 'NONE',  ( 10.45494710622148027, 17.12395857634503926, 29.98511224817019283 ) ) ;
#3998 = CARTESIAN_POINT ( 'NONE',  ( 10.29539309015226678, 17.28766487752185199, 9.999999999999998224 ) ) ;
#3999 = CARTESIAN_POINT ( 'NONE',  ( -0.02209209196106142956, 35.19634425399143396, 29.99814419817031208 ) ) ;
#4000 = CARTESIAN_POINT ( 'NONE',  ( 10.29426945311794306, 17.33775060694410897, 30.00000000000000000 ) ) ;
#4001 = CARTESIAN_POINT ( 'NONE',  ( -0.06390685196097392606, 35.39985403755843407, 10.01927942226564916 ) ) ;
#4002 = CARTESIAN_POINT ( 'NONE',  ( 11.64882363164466383, 16.65943530347394130, 10.67857254066271899 ) ) ;
#4003 = CARTESIAN_POINT ( 'NONE',  ( -11.50883597131409708, 15.71246609895761281, 10.00000000000006928 ) ) ;
#4004 = CARTESIAN_POINT ( 'NONE',  ( 12.16862123706280308, 16.80195532883899645, 28.45659066175613816 ) ) ;
#4005 = CARTESIAN_POINT ( 'NONE',  ( -10.78126188978387212, 16.80012758834735465, 10.12694242510671039 ) ) ;
#4006 = ORIENTED_EDGE ( 'NONE', *, *, #4065, .F. ) ;
#4007 = CARTESIAN_POINT ( 'NONE',  ( 11.85047925352851372, 16.05608117214403663, 11.99999999999998046 ) ) ;
#4008 = CARTESIAN_POINT ( 'NONE',  ( -10.80340126152774438, 16.82221538027564023, 29.87284111093566707 ) ) ;
#4009 = CARTESIAN_POINT ( 'NONE',  ( -0.005315866869872190592, 35.11364400773457106, 30.00000000000000000 ) ) ;
#4010 = CARTESIAN_POINT ( 'NONE',  ( -0.1008449956543165937, 35.48598881116738113, 29.96240224647240780 ) ) ;
#4011 = CARTESIAN_POINT ( 'NONE',  ( -0.2320560704545618913, 35.96848208749245401, 29.79789446499200167 ) ) ;
#4012 = CARTESIAN_POINT ( 'NONE',  ( 0.3727786311362398797, 37.07809672839994874, 12.00000000000000178 ) ) ;
#4013 = PRODUCT ( 'Triangle', 'Triangle', '', ( #541 ) ) ;
#4014 = CARTESIAN_POINT ( 'NONE',  ( -2.598076211353320009, 35.21281292110202088, 27.99999999999999645 ) ) ;
#4015 = CARTESIAN_POINT ( 'NONE',  ( -12.18920890757183884, 18.26962047674981093, 12.00000000000001421 ) ) ;
#4016 = CARTESIAN_POINT ( 'NONE',  ( -2.598076211353320453, 35.21281292110202799, 27.99999999999999645 ) ) ;
#4017 = CARTESIAN_POINT ( 'NONE',  ( 11.06948981145684918, 16.88718380523755513, 29.79689504547041068 ) ) ;
#4018 = CARTESIAN_POINT ( 'NONE',  ( -10.28672512518875948, 17.30631863540383009, 30.00000000000001066 ) ) ;
#4019 = CARTESIAN_POINT ( 'NONE',  ( -10.68042434124094520, 16.96739279477901263, 29.93303498320169709 ) ) ;
#4020 = CARTESIAN_POINT ( 'NONE',  ( 12.15574869225204324, 16.59500661779082975, 10.00000000000000000 ) ) ;
#4021 = CARTESIAN_POINT ( 'NONE',  ( 11.56230776899874257, 15.75723655007121593, 28.00000000000000000 ) ) ;
#4022 = CARTESIAN_POINT ( 'NONE',  ( -0.6396930166761868319, 34.57317546576254585, 30.00000000000000355 ) ) ;
#4023 = B_SPLINE_CURVE_WITH_KNOTS ( 'NONE', 3,
 ( #936, #1007, #2030, #3207, #4609, #3476, #292, #3145 ),
 .UNSPECIFIED., .F., .F.,
 ( 4, 2, 2, 4 ),
 ( 0.000000000000000000, 0.1128004010913976340, 0.5031671940092486972, 1.000000000000000000 ),
 .UNSPECIFIED. ) ;
#4024 = CARTESIAN_POINT ( 'NONE',  ( 0.04388120938175853192, 35.56463178905642764, 29.94875188744212835 ) ) ;
#4025 = CARTESIAN_POINT ( 'NONE',  ( 12.22856569191664633, 16.81962284176630718, 27.99999999999998579 ) ) ;
#4026 = CARTESIAN_POINT ( 'NONE',  ( 0.0006404013708203449944, 35.11281266264562362, 10.00000000000000355 ) ) ;
#4027 = CARTESIAN_POINT ( 'NONE',  ( -11.40560576792213610, 15.63399808874430619, 9.999999999999991118 ) ) ;
#4028 = CARTESIAN_POINT ( 'NONE',  ( 12.21861250420193201, 16.78875950693173991, 27.99999999990995647 ) ) ;
#4029 = CARTESIAN_POINT ( 'NONE',  ( -11.05166090430790860, 16.65540552230819671, 10.26413109773121057 ) ) ;
#4030 = CARTESIAN_POINT ( 'NONE',  ( 11.86098340847069998, 16.06946769009588749, 12.00000000000000000 ) ) ;
#4031 = CARTESIAN_POINT ( 'NONE',  ( -10.96014795988263124, 17.09659899319834153, 29.87287163749360275 ) ) ;
#4032 = EDGE_CURVE ( 'NONE', #3224, #2111, #94, .T. ) ;
#4033 = EDGE_CURVE ( 'NONE', #2487, #3514, #4392, .T. ) ;
#4034 = CARTESIAN_POINT ( 'NONE',  ( 0.2712560010749443529, 37.09442870119861624, 27.99999999999999645 ) ) ;
#4035 = CARTESIAN_POINT ( 'NONE',  ( -0.04251065815135889048, 35.27148514678029301, 29.99330805835180058 ) ) ;
#4036 = CARTESIAN_POINT ( 'NONE',  ( 0.3312880326722390523, 36.28617766732502048, 29.59162460507040393 ) ) ;
#4037 = CARTESIAN_POINT ( 'NONE',  ( 0.3483810633191155026, 37.08249826069953059, 10.00000000000000000 ) ) ;
#4038 = CARTESIAN_POINT ( 'NONE',  ( 11.59112692946767176, 15.95813389365933332, 11.29290192075342247 ) ) ;
#4039 = LINE ( 'NONE', #1760, #420 ) ;
#4040 = CARTESIAN_POINT ( 'NONE',  ( -10.29957543665754116, 17.49140639194652636, 10.00000000000000000 ) ) ;
#4041 = FACE_OUTER_BOUND ( 'NONE', #1192, .T. ) ;
#4042 = CARTESIAN_POINT ( 'NONE',  ( 11.13475199682143213, 16.42641377462523522, 29.59162460507040038 ) ) ;
#4043 = CARTESIAN_POINT ( 'NONE',  ( -10.28308214093192774, 17.29692612176672739, 29.99999999999999289 ) ) ;
#4044 = CARTESIAN_POINT ( 'NONE',  ( -10.50086346835632689, 17.10113337799467459, 29.98072050588994131 ) ) ;
#4045 = CARTESIAN_POINT ( 'NONE',  ( 12.29578389013384765, 17.72931816041713660, 28.00000000000000355 ) ) ;
#4046 = CARTESIAN_POINT ( 'NONE',  ( 11.63145885680790492, 15.81916842571412118, 27.99999999999999645 ) ) ;
#4047 = CARTESIAN_POINT ( 'NONE',  ( 10.52938717495378462, 17.04756994505252266, 29.96935339585255065 ) ) ;
#4048 = CARTESIAN_POINT ( 'NONE',  ( 10.51118385942268674, 17.06625144147939110, 10.02641723866640611 ) ) ;
#4049 = CARTESIAN_POINT ( 'NONE',  ( -0.003694581910300942431, 35.12874430624140842, 30.00000000000000000 ) ) ;
#4050 = CARTESIAN_POINT ( 'NONE',  ( 12.26374712416870238, 16.98633753492042686, 27.99999999999999645 ) ) ;
#4051 = CARTESIAN_POINT ( 'NONE',  ( 0.01534752719554276917, 35.40649272248731450, 10.01943815079136968 ) ) ;
#4052 = CARTESIAN_POINT ( 'NONE',  ( -10.29477009083630534, 17.32579333702654978, 9.999999999999998224 ) ) ;
#4053 = CARTESIAN_POINT ( 'NONE',  ( 11.79427708406492314, 16.00500138740718370, 11.73739193711675100 ) ) ;
#4054 = CARTESIAN_POINT ( 'NONE',  ( -10.63189356771758298, 17.00819764279572155, 10.05112369828148289 ) ) ;
#4055 = PRODUCT_DEFINITION_SHAPE ( 'NONE', 'NONE',  #608 ) ;
#4056 = FILL_AREA_STYLE_COLOUR ( '', #37 ) ;
#4057 = CARTESIAN_POINT ( 'NONE',  ( 0.4498439450899302527, 37.06219463239653322, 27.99999999999999645 ) ) ;
#4058 = CARTESIAN_POINT ( 'NONE',  ( -11.84040494850793124, 16.21670615501673041, 11.35526370650981498 ) ) ;
#4059 = CARTESIAN_POINT ( 'NONE',  ( -0.02785731308513478277, 35.81764707989773200, 29.87229293492793403 ) ) ;
#4060 = CARTESIAN_POINT ( 'NONE',  ( 0.02687989086257127486, 35.10632357559276784, 10.00000000000001954 ) ) ;
#4061 = CARTESIAN_POINT ( 'NONE',  ( 12.07267078550274242, 16.74017644640323255, 11.29316151746319719 ) ) ;
#4062 = CARTESIAN_POINT ( 'NONE',  ( 11.12551269203889426, 16.75534355696174416, 10.26456837237879860 ) ) ;
#4063 = CARTESIAN_POINT ( 'NONE',  ( -12.09417580237789558, 16.47496660721774475, 28.26252165109881176 ) ) ;
#4064 = CARTESIAN_POINT ( 'NONE',  ( -11.69416440405240287, 15.88039255814201844, 12.00000000000000000 ) ) ;
#4065 = EDGE_CURVE ( 'NONE', #1803, #2072, #154, .T. ) ;
#4066 = CARTESIAN_POINT ( 'NONE',  ( 0.2929550587328657030, 36.67625201956916214, 10.77860041331392615 ) ) ;
#4067 = CARTESIAN_POINT ( 'NONE',  ( -0.8376145154850610508, 36.93634429746871461, 30.00000000000000000 ) ) ;
#4068 = CARTESIAN_POINT ( 'NONE',  ( 10.94729672960761491, 17.05903848612044627, 29.87259879748739522 ) ) ;
#4069 = CARTESIAN_POINT ( 'NONE',  ( -10.28799736978511703, 17.31033139991444969, 29.99999999999999289 ) ) ;
#4070 = CARTESIAN_POINT ( 'NONE',  ( -10.23264654035041765, 17.25397272078142308, 30.00000000000000000 ) ) ;
#4071 = CARTESIAN_POINT ( 'NONE',  ( 10.28483850801645616, 17.30189774196753305, 10.00000000000000000 ) ) ;
#4072 = CARTESIAN_POINT ( 'NONE',  ( 10.55598951391841211, 15.21295213365037569, 29.99999999999997868 ) ) ;
#4073 = CARTESIAN_POINT ( 'NONE',  ( 10.28391317934107185, 17.29944765700217246, 30.00000000000000000 ) ) ;
#4074 = CARTESIAN_POINT ( 'NONE',  ( 10.79560459492421920, 16.77440749863457370, 10.13882106687710127 ) ) ;
#4075 = CARTESIAN_POINT ( 'NONE',  ( 0.005352685518855431097, 35.16206908702719858, 29.99958608195820986 ) ) ;
#4076 = CARTESIAN_POINT ( 'NONE',  ( 10.90856519914349398, 16.97170808596569813, 10.12770705113534220 ) ) ;
#4077 = CARTESIAN_POINT ( 'NONE',  ( 10.28703125633687954, 17.30809886023079258, 30.00000000000000000 ) ) ;
#4078 = CARTESIAN_POINT ( 'NONE',  ( 0.04192882670205099610, 35.28894551528292567, 10.00524608848342112 ) ) ;
#4079 = CARTESIAN_POINT ( 'NONE',  ( -10.20213651368475993, 17.23264999171082579, 29.99999999999999645 ) ) ;
#4080 = CARTESIAN_POINT ( 'NONE',  ( -9.495535317575017231, 17.01559079788496120, 9.999999999999998224 ) ) ;
#4081 = CARTESIAN_POINT ( 'NONE',  ( -10.66807980146235479, 17.05789097622513140, 10.05129776207520820 ) ) ;
#4082 =( GEOMETRIC_REPRESENTATION_CONTEXT ( 3 ) GLOBAL_UNCERTAINTY_ASSIGNED_CONTEXT ( ( #3942 ) ) GLOBAL_UNIT_ASSIGNED_CONTEXT ( ( #4486, #68, #1231 ) ) REPRESENTATION_CONTEXT ( 'NONE', 'WORKASPACE' ) );
#4083 = AXIS2_PLACEMENT_3D ( 'NONE', #1111, #4358, #1464 ) ;
#4084 = CARTESIAN_POINT ( 'NONE',  ( 0.02264052343997184288, 35.10766205003444185, 30.00000000000001066 ) ) ;
#4085 = CARTESIAN_POINT ( 'NONE',  ( -12.21130192042000040, 16.81077782596518588, 11.73724766624833116 ) ) ;
#4086 = CARTESIAN_POINT ( 'NONE',  ( -0.2622022205280280516, 36.07933642347234127, 29.73655289636879573 ) ) ;
#4087 = CARTESIAN_POINT ( 'NONE',  ( 11.08738260998982028, 16.92318982785753434, 10.20303085601099369 ) ) ;
#4088 = CARTESIAN_POINT ( 'NONE',  ( -12.18920890757183351, 18.26962047674981093, 10.00000000000001776 ) ) ;
#4089 = CARTESIAN_POINT ( 'NONE',  ( -0.3121671872695555572, 36.88151566168062345, 11.11456122231221322 ) ) ;
#4090 = CARTESIAN_POINT ( 'NONE',  ( -1.100921407014085585, 36.80806263033105097, 30.00000000000009592 ) ) ;
#4091 = ORIENTED_EDGE ( 'NONE', *, *, #3343, .T. ) ;
#4092 = CARTESIAN_POINT ( 'NONE',  ( 10.74196361714915327, 17.05916413613457649, 29.93282795835153465 ) ) ;
#4093 = CARTESIAN_POINT ( 'NONE',  ( -12.21402755402718299, 16.77107637296849418, 29.99999999999998224 ) ) ;
#4094 = CARTESIAN_POINT ( 'NONE',  ( -10.00456922887526190, 15.07728434621004432, 30.00000000000018119 ) ) ;
#4095 = DIRECTION ( 'NONE',  ( 0.8660254037844384856, 0.5000000000000004441, 0.000000000000000000 ) ) ;
#4096 = CARTESIAN_POINT ( 'NONE',  ( -12.22386283937710161, 16.80758509946451085, 28.00000000000000355 ) ) ;
#4097 = CARTESIAN_POINT ( 'NONE',  ( -0.07471635596312126149, 37.00765842868166544, 11.35534623179676572 ) ) ;
#4098 = CARTESIAN_POINT ( 'NONE',  ( 11.47287225140410882, 16.07941973905013811, 10.91839137938355719 ) ) ;
#4099 = CARTESIAN_POINT ( 'NONE',  ( 0.009659618603963060143, 35.29339341834504751, 29.99467940519483022 ) ) ;
#4100 = CARTESIAN_POINT ( 'NONE',  ( 11.91001941257167474, 16.53649768734758752, 11.11501655321762527 ) ) ;
#4101 = CARTESIAN_POINT ( 'NONE',  ( 0.1236852258624659417, 35.54946579921799810, 29.94914899200939828 ) ) ;
#4102 = FACE_OUTER_BOUND ( 'NONE', #3584, .T. ) ;
#4103 = CARTESIAN_POINT ( 'NONE',  ( -11.69416967405283181, 15.88039787944818215, 27.99999999990995647 ) ) ;
#4104 = CARTESIAN_POINT ( 'NONE',  ( 12.21861447758795904, 16.78876673153879295, 11.99999999998544808 ) ) ;
#4105 = CARTESIAN_POINT ( 'NONE',  ( 12.09481460887577420, 16.82143751396586495, 28.70709231019427321 ) ) ;
#4106 = CARTESIAN_POINT ( 'NONE',  ( -10.69746024906939219, 17.11209393800953293, 10.05124814834960745 ) ) ;
#4107 = DIRECTION ( 'NONE',  ( 1.000000000000000000, 0.000000000000000000, 0.000000000000000000 ) ) ;
#4108 = CARTESIAN_POINT ( 'NONE',  ( 0.2776794624780944964, 37.09353212067849626, 29.99999999999999289 ) ) ;
#4109 = CARTESIAN_POINT ( 'NONE',  ( -12.15158456923072094, 16.73581642686443516, 11.54350363668062052 ) ) ;
#4110 = CARTESIAN_POINT ( 'NONE',  ( 0.1191267947351532380, 35.74493624979781714, 29.89498636141565413 ) ) ;
#4111 = CARTESIAN_POINT ( 'NONE',  ( 9.630050197860855477, 17.04285782568377172, 10.00000000000000533 ) ) ;
#4112 = CARTESIAN_POINT ( 'NONE',  ( -12.17375236011392126, 16.82032303923585204, 28.45659451656791816 ) ) ;
#4113 = CARTESIAN_POINT ( 'NONE',  ( 0.3802668357298202295, 36.45998526655819916, 10.57041130365458059 ) ) ;
#4114 = CARTESIAN_POINT ( 'NONE',  ( -0.02489395339387501585, 35.10691846167725316, 29.99999999999997868 ) ) ;
#4115 = ORIENTED_EDGE ( 'NONE', *, *, #648, .T. ) ;
#4116 = CARTESIAN_POINT ( 'NONE',  ( 10.32773209940576464, 17.27647725331000927, 29.99958538883236514 ) ) ;
#4117 = CARTESIAN_POINT ( 'NONE',  ( -12.13773615715875742, 16.54841766117586133, 29.99999999999999289 ) ) ;
#4118 = CARTESIAN_POINT ( 'NONE',  ( 11.36388320124284235, 16.73239775626775483, 10.40975818187809843 ) ) ;
#4119 = CARTESIAN_POINT ( 'NONE',  ( -11.45627330116264453, 15.67159044158739079, 29.99999999999996447 ) ) ;
#4120 = CARTESIAN_POINT ( 'NONE',  ( 10.28550741328653118, 17.30368620510681765, 10.00000000000000000 ) ) ;
#4121 = CARTESIAN_POINT ( 'NONE',  ( -10.59128523606032779, 17.22257583669296110, 29.97518977044961019 ) ) ;
#4122 = CARTESIAN_POINT ( 'NONE',  ( 0.5249672342126759927, 36.97347991904081255, 11.47934851860284589 ) ) ;
#4123 = CARTESIAN_POINT ( 'NONE',  ( 11.93419241728395619, 18.98596960714219861, 27.99999999999999645 ) ) ;
#4124 = CARTESIAN_POINT ( 'NONE',  ( 0.002213476088210251415, 35.12925240308269537, 30.00000000000000000 ) ) ;
#4125 = EDGE_CURVE ( 'NONE', #1981, #46, #4039, .T. ) ;
#4126 = CARTESIAN_POINT ( 'NONE',  ( 11.74027933751104591, 16.35744941076542247, 10.99977904094029491 ) ) ;
#4127 = CARTESIAN_POINT ( 'NONE',  ( 12.15539822905865286, 16.59407844268273990, 27.99999999999999645 ) ) ;
#4128 = CARTESIAN_POINT ( 'NONE',  ( 11.22791239238561722, 15.49809144416354911, 12.00000000000000000 ) ) ;
#4129 = CARTESIAN_POINT ( 'NONE',  ( -0.3484365082296267402, 37.08414562774193257, 27.99999999990996002 ) ) ;
#4130 = CARTESIAN_POINT ( 'NONE',  ( -10.10843238292567925, 17.18095953979904422, 9.999999999999998224 ) ) ;
#4131 = CARTESIAN_POINT ( 'NONE',  ( 12.11612846292518064, 16.81581145489017359, 28.64575825029270462 ) ) ;
#4132 = CARTESIAN_POINT ( 'NONE',  ( -10.44903923951730285, 17.22544472690017514, 10.00531100400250395 ) ) ;
#4133 = CARTESIAN_POINT ( 'NONE',  ( 0.4775326056720785028, 37.05575638340239664, 28.00000000000000000 ) ) ;
#4134 = CARTESIAN_POINT ( 'NONE',  ( -11.65774101604714019, 15.91708855288801239, 11.54340922649320689 ) ) ;
#4135 = CARTESIAN_POINT ( 'NONE',  ( 9.959384032063001158, 15.06988363880114790, 12.00000000000000888 ) ) ;
#4136 = CARTESIAN_POINT ( 'NONE',  ( -11.68503961798231039, 15.88959617761206999, 28.26275016499518955 ) ) ;
#4137 = CARTESIAN_POINT ( 'NONE',  ( -10.28873529824151412, 17.31286586458137933, 9.999999999999982236 ) ) ;
#4138 = CARTESIAN_POINT ( 'NONE',  ( -1.334853791876083662, 36.66578735503237851, 27.99999999999990408 ) ) ;
#4139 = EDGE_CURVE ( 'NONE', #661, #2875, #2469, .T. ) ;
#4140 = VERTEX_POINT ( 'NONE', #2476 ) ;
#4141 = CARTESIAN_POINT ( 'NONE',  ( 10.31843568293080970, 17.26402459599566086, 29.99959796321493499 ) ) ;
#4142 = CARTESIAN_POINT ( 'NONE',  ( -10.30030238249942798, 17.39199183108875602, 30.00000000000000000 ) ) ;
#4143 = CARTESIAN_POINT ( 'NONE',  ( -10.26668060672245630, 17.28138843367279165, 30.00000000000000000 ) ) ;
#4144 = CARTESIAN_POINT ( 'NONE',  ( 10.30122367393206773, 17.39774838916068944, 10.00000000000000533 ) ) ;
#4145 = CARTESIAN_POINT ( 'NONE',  ( -10.49787580558688127, 17.24632443992056707, 29.98794808173380844 ) ) ;
#4146 = CARTESIAN_POINT ( 'NONE',  ( 0.09857179897025092341, 37.04472521338383473, 11.48017996752514236 ) ) ;
#4147 = CARTESIAN_POINT ( 'NONE',  ( 11.18886244648223816, 16.37090001717724874, 10.47589850971499459 ) ) ;
#4148 = FACE_OUTER_BOUND ( 'NONE', #2944, .T. ) ;
#4149 = CARTESIAN_POINT ( 'NONE',  ( 11.86187364454823268, 16.07060977343080310, 30.00000000000000355 ) ) ;
#4150 = CARTESIAN_POINT ( 'NONE',  ( -10.46020424165138429, 15.17320585446456427, 12.00000000000000355 ) ) ;
#4151 = CARTESIAN_POINT ( 'NONE',  ( 0.1918249216920320521, 37.10561514545860007, 28.13208998731677823 ) ) ;
#4152 = CARTESIAN_POINT ( 'NONE',  ( 11.85760182834513010, 16.28144424867280193, 28.70589615004124084 ) ) ;
#4153 = CARTESIAN_POINT ( 'NONE',  ( -10.49161545236787951, 17.09194185186609261, 10.01920541120107089 ) ) ;
#4154 = CARTESIAN_POINT ( 'NONE',  ( 0.01533112999432114688, 35.10975962435431086, 29.99999999999999645 ) ) ;
#4155 = CARTESIAN_POINT ( 'NONE',  ( 11.66987298107779480, 19.50000000000000000, 27.99999999999999645 ) ) ;
#4156 = CARTESIAN_POINT ( 'NONE',  ( 0.2717762900252947422, 37.09435745429408371, 9.999999999999998224 ) ) ;
#4157 = CARTESIAN_POINT ( 'NONE',  ( -12.10596214687929262, 16.46972414308522659, 28.13208998731676402 ) ) ;
#4158 = CARTESIAN_POINT ( 'NONE',  ( -10.30140449526899715, 17.45161630118777651, 10.00000000000000000 ) ) ;
#4159 = CARTESIAN_POINT ( 'NONE',  ( -2.122618450265892243, 35.91147664282659946, 27.99999999999999645 ) ) ;
#4160 = ORIENTED_EDGE ( 'NONE', *, *, #4065, .T. ) ;
#4161 = CARTESIAN_POINT ( 'NONE',  ( 10.77791081805797724, 17.14532538794127703, 29.93319388804550485 ) ) ;
#4162 = CARTESIAN_POINT ( 'NONE',  ( -12.24926632980848673, 16.91454551607919399, 27.99999999999998579 ) ) ;
#4163 = CARTESIAN_POINT ( 'NONE',  ( -11.29116015191909916, 15.55219741866388183, 30.00000000000009592 ) ) ;
#4164 = CARTESIAN_POINT ( 'NONE',  ( 12.19754503854788119, 16.71618770988165537, 10.00000000000001066 ) ) ;
#4165 = CARTESIAN_POINT ( 'NONE',  ( 9.311165977294759699, 15.00299226216716875, 30.00000000000074252 ) ) ;
#4166 = CARTESIAN_POINT ( 'NONE',  ( -0.3484426892377079366, 37.08414457966149769, 11.86791055056409583 ) ) ;
#4167 = CARTESIAN_POINT ( 'NONE',  ( 10.24061861479109581, 17.81861986406948972, 30.00000000000000000 ) ) ;
#4168 = CARTESIAN_POINT ( 'NONE',  ( 0.4092855336137945499, 36.56296431346600428, 29.32287417351963299 ) ) ;
#4169 = CARTESIAN_POINT ( 'NONE',  ( 12.30497588769035744, 17.65150537657303431, 12.00000000000000000 ) ) ;
#4170 = CARTESIAN_POINT ( 'NONE',  ( -0.5108751135745948080, 36.99376391645889584, 28.45659066175614171 ) ) ;
#4171 = CARTESIAN_POINT ( 'NONE',  ( 11.79218999399500056, 16.32382668343131371, 28.88490223878197938 ) ) ;
#4172 = CARTESIAN_POINT ( 'NONE',  ( -10.28455231187830421, 17.30055473308395619, 10.00000000000000355 ) ) ;
#4173 = CARTESIAN_POINT ( 'NONE',  ( -0.4452583218950966204, 36.75245299884174699, 10.94155132355449567 ) ) ;
#4174 = CARTESIAN_POINT ( 'NONE',  ( 0.05420714933034086885, 35.09620081207983588, 30.00000000000001776 ) ) ;
#4175 = CARTESIAN_POINT ( 'NONE',  ( -11.65989024662354190, 16.14530391515082641, 11.11456122240555544 ) ) ;
#4176 = CARTESIAN_POINT ( 'NONE',  ( 0.2787936949222230010, 37.09337614063978350, 12.00000000000000355 ) ) ;
#4177 = CARTESIAN_POINT ( 'NONE',  ( -11.86231268989373966, 16.58029877030960009, 29.00035529445477778 ) ) ;
#4178 = CARTESIAN_POINT ( 'NONE',  ( -10.28792872880172915, 17.31010084264106297, 10.00000000000002665 ) ) ;
#4179 = CARTESIAN_POINT ( 'NONE',  ( -0.3495523303251340530, 37.08197033579581614, 27.99999999999999645 ) ) ;
#4180 = ORIENTED_EDGE ( 'NONE', *, *, #3822, .F. ) ;
#4181 = CARTESIAN_POINT ( 'NONE',  ( 10.54432599469384968, 17.16288222928886853, 29.98055655107749473 ) ) ;
#4182 = CARTESIAN_POINT ( 'NONE',  ( -12.24926632980848851, 16.91454551607919399, 29.99999999999999289 ) ) ;
#4183 = CARTESIAN_POINT ( 'NONE',  ( -10.28194873308470925, 17.29737777743061855, 29.99999999999998579 ) ) ;
#4184 = CARTESIAN_POINT ( 'NONE',  ( 12.17748739428930094, 16.65510718891754038, 10.00000000000001421 ) ) ;
#4185 = CARTESIAN_POINT ( 'NONE',  ( 9.071796769724445042, 17.00000000000000000, 30.00000000000000000 ) ) ;
#4186 = CARTESIAN_POINT ( 'NONE',  ( 0.1904692724552728422, 37.09278691596604460, 11.73747835746085677 ) ) ;
#4187 = FACE_OUTER_BOUND ( 'NONE', #1885, .T. ) ;
#4188 = CARTESIAN_POINT ( 'NONE',  ( -0.3352234136269831022, 37.08442255818689404, 10.00000000000000355 ) ) ;
#4189 = CARTESIAN_POINT ( 'NONE',  ( 11.86576621029338874, 16.07560120955280070, 27.99999999999999645 ) ) ;
#4190 = CARTESIAN_POINT ( 'NONE',  ( 11.94088741773532192, 16.17059813046644123, 28.00000000000000000 ) ) ;
#4191 = CARTESIAN_POINT ( 'NONE',  ( -0.1600689988248434059, 37.00214523448469350, 28.64473631799335962 ) ) ;
#4192 = CARTESIAN_POINT ( 'NONE',  ( -11.60397074215314461, 15.97127099821861052, 28.70709231019426966 ) ) ;
#4193 = EDGE_CURVE ( 'NONE', #173, #1803, #4368, .T. ) ;
#4194 = CARTESIAN_POINT ( 'NONE',  ( 0.2250719999739613231, 36.31191245020504255, 10.40914675914787324 ) ) ;
#4195 = CARTESIAN_POINT ( 'NONE',  ( 2.004247364547607102, 36.05213534379026896, 27.99999999999998224 ) ) ;
#4196 = CARTESIAN_POINT ( 'NONE',  ( -11.95301095694112092, 16.44669734484657653, 11.29410386676297051 ) ) ;
#4197 = CARTESIAN_POINT ( 'NONE',  ( 9.864551128484048803, 17.09386250063827006, 9.999999999999998224 ) ) ;
#4198 = CARTESIAN_POINT ( 'NONE',  ( -12.00498467910773570, 16.69418928922249279, 28.82660290891732657 ) ) ;
#4199 = CARTESIAN_POINT ( 'NONE',  ( -10.29097242716392202, 17.32166867363178397, 9.999999999999994671 ) ) ;
#4200 = CARTESIAN_POINT ( 'NONE',  ( 9.911640977823669374, 17.10462812071976302, 10.00000000000000000 ) ) ;
#4201 = VERTEX_POINT ( 'NONE', #3938 ) ;
#4202 = CARTESIAN_POINT ( 'NONE',  ( 10.65357771521777863, 17.03608715988601929, 10.05124814833226132 ) ) ;
#4203 = CARTESIAN_POINT ( 'NONE',  ( -11.69416440405240287, 15.88039255814201844, 12.00000000000000000 ) ) ;
#4204 = CARTESIAN_POINT ( 'NONE',  ( -11.98716092847309334, 18.86531247678475864, 27.99999999999999289 ) ) ;
#4205 = CARTESIAN_POINT ( 'NONE',  ( -10.28455110024960995, 17.30055256842695144, 30.00000000000000000 ) ) ;
#4206 = CARTESIAN_POINT ( 'NONE',  ( -10.28255509380088384, 17.29811477494254035, 30.00000000000000000 ) ) ;
#4207 = CARTESIAN_POINT ( 'NONE',  ( 12.26372123849762730, 16.98619601086516440, 12.00000000000000000 ) ) ;
#4208 = CARTESIAN_POINT ( 'NONE',  ( -0.1621609023635545432, 35.71152222294961120, 10.09727338498151639 ) ) ;
#4209 = CARTESIAN_POINT ( 'NONE',  ( -0.1540098288671460369, 36.93037576246186404, 11.17389213708249684 ) ) ;
#4210 = CARTESIAN_POINT ( 'NONE',  ( 12.29657496470237987, 17.67953008678129478, 30.00000000000000000 ) ) ;
#4211 = CARTESIAN_POINT ( 'NONE',  ( -0.4282688346709317417, 37.06679489258396387, 10.00000000000000711 ) ) ;
#4212 = CARTESIAN_POINT ( 'NONE',  ( 11.83992995338815213, 16.04285039777981936, 28.00000000000000000 ) ) ;
#4213 = CARTESIAN_POINT ( 'NONE',  ( 11.81103042228155786, 19.25550813996867205, 12.00000000000000000 ) ) ;
#4214 = CARTESIAN_POINT ( 'NONE',  ( -0.07850688883510728577, 37.10042816142739497, 28.26249388917463179 ) ) ;
#4215 = CARTESIAN_POINT ( 'NONE',  ( 11.52388078806802518, 16.13589424272651129, 29.05814732405462308 ) ) ;
#4216 = CARTESIAN_POINT ( 'NONE',  ( -10.29618202831573370, 17.28883470563963343, 30.00000000000000000 ) ) ;
#4217 = CARTESIAN_POINT ( 'NONE',  ( 11.25236764197680905, 17.04381460140340465, 10.26344686250544491 ) ) ;
#4218 = CARTESIAN_POINT ( 'NONE',  ( -0.2123339771049859992, 36.31395937069517998, 10.40920862501048205 ) ) ;
#4219 = CARTESIAN_POINT ( 'NONE',  ( 2.558701605087434494, 35.28101175534663980, 29.99999999999842615 ) ) ;
#4220 = CARTESIAN_POINT ( 'NONE',  ( -11.93138469095481824, 16.88193237261148738, 10.94154303014345331 ) ) ;
#4221 = CARTESIAN_POINT ( 'NONE',  ( 10.39700583392771804, 15.16542980114606820, 12.00000000000000533 ) ) ;
#4222 = CARTESIAN_POINT ( 'NONE',  ( -11.56877843684372031, 16.00672634644540082, 28.82734960205581132 ) ) ;
#4223 = CARTESIAN_POINT ( 'NONE',  ( -12.28491996717476731, 17.13504672616443258, 12.00000000000000711 ) ) ;
#4224 = CARTESIAN_POINT ( 'NONE',  ( 9.284099721899290003, 17.00000000000000355, 10.00000000000000000 ) ) ;
#4225 = ORIENTED_EDGE ( 'NONE', *, *, #3966, .T. ) ;
#4226 = CARTESIAN_POINT ( 'NONE',  ( 10.33045856889430958, 17.28260141220221513, 10.00040923915650914 ) ) ;
#4227 = CARTESIAN_POINT ( 'NONE',  ( -12.21354955960897115, 16.76830562282612647, 11.99999999998545341 ) ) ;
#4228 = CARTESIAN_POINT ( 'NONE',  ( -10.29010362681139945, 17.31808019631237627, 29.99999999999999289 ) ) ;
#4229 = CARTESIAN_POINT ( 'NONE',  ( -10.28455110024960995, 17.30055256842695144, 30.00000000000000000 ) ) ;
#4230 = CARTESIAN_POINT ( 'NONE',  ( -11.82688117627964175, 16.02725607258372520, 30.00000000000001066 ) ) ;
#4231 = CARTESIAN_POINT ( 'NONE',  ( 12.06830568798188885, 18.65639111394442651, 12.00000000000000000 ) ) ;
#4232 = CARTESIAN_POINT ( 'NONE',  ( -0.1032430104993504322, 35.49480890723902604, 10.03941662737069329 ) ) ;
#4233 = CARTESIAN_POINT ( 'NONE',  ( 0.0006379209085109772146, 35.11281269567290053, 30.00000000000000000 ) ) ;
#4234 = CARTESIAN_POINT ( 'NONE',  ( 11.84922398828931023, 16.05449341160044341, 27.99999999999999645 ) ) ;
#4235 = CARTESIAN_POINT ( 'NONE',  ( -10.29718176137793151, 17.35255862088419221, 29.99999999999999289 ) ) ;
#4236 = EDGE_CURVE ( 'NONE', #712, #3497, #2863, .T. ) ;
#4237 = CARTESIAN_POINT ( 'NONE',  ( 0.5086428879181488227, 36.91554982627558701, 28.70709821730406119 ) ) ;
#4238 = CARTESIAN_POINT ( 'NONE',  ( 11.70722113665846287, 16.08019095262179121, 28.70641548589918912 ) ) ;
#4239 = CARTESIAN_POINT ( 'NONE',  ( -12.09553144684934090, 18.65711287144432262, 27.99999999999999645 ) ) ;
#4240 = CARTESIAN_POINT ( 'NONE',  ( -12.26304061114378463, 16.96269525746223650, 27.99999999999999645 ) ) ;
#4241 = CARTESIAN_POINT ( 'NONE',  ( -0.02534371950094074441, 35.75523148547785013, 10.10532201975431832 ) ) ;
#4242 = CARTESIAN_POINT ( 'NONE',  ( 1.123553499617351292, 36.79361668532549601, 28.00000000000000000 ) ) ;
#4243 = CARTESIAN_POINT ( 'NONE',  ( -11.79815146242482271, 16.52582264943765367, 10.94303001341194204 ) ) ;
#4244 = CARTESIAN_POINT ( 'NONE',  ( 10.22688583300707954, 17.24982202345317361, 10.00000000000000533 ) ) ;
#4245 = CARTESIAN_POINT ( 'NONE',  ( -11.73646278411561461, 16.08108548928556303, 28.64509720652649705 ) ) ;
#4246 = CARTESIAN_POINT ( 'NONE',  ( -12.13912876122493500, 16.55185652084489689, 12.00000000000000000 ) ) ;
#4247 = CARTESIAN_POINT ( 'NONE',  ( -0.005916793519056936373, 35.11168986783329160, 30.00000000000001421 ) ) ;
#4248 = VERTEX_POINT ( 'NONE', #3643 ) ;
#4249 = CARTESIAN_POINT ( 'NONE',  ( 10.29595735942933032, 17.28813041319461163, 10.00000000000000000 ) ) ;
#4250 = CARTESIAN_POINT ( 'NONE',  ( -10.99669620057859909, 16.58311877631828324, 10.27250654640847749 ) ) ;
#4251 = CARTESIAN_POINT ( 'NONE',  ( -11.82977162052604925, 16.03079016291946957, 10.00000000000000000 ) ) ;
#4252 = CARTESIAN_POINT ( 'NONE',  ( 2.180419029935101172, 35.84111665457704987, 12.00000000000000355 ) ) ;
#4253 = CARTESIAN_POINT ( 'NONE',  ( 12.01952572452354495, 16.84131095919667942, 28.88627284737368228 ) ) ;
#4254 = CARTESIAN_POINT ( 'NONE',  ( 0.06897219870500041761, 35.35532128330455492, 10.01557568045134339 ) ) ;
#4255 = CARTESIAN_POINT ( 'NONE',  ( -0.3395666842552905185, 36.36380774029969132, 10.46721243718334371 ) ) ;
#4256 = CARTESIAN_POINT ( 'NONE',  ( -0.7625428695278682056, 36.96711773021761616, 9.999999999999982236 ) ) ;
#4257 = CARTESIAN_POINT ( 'NONE',  ( 11.79824780746098334, 15.99267341301176693, 27.99999999999999645 ) ) ;
#4258 = CARTESIAN_POINT ( 'NONE',  ( 10.10790285652785947, 17.18089537548160095, 30.00000000000000355 ) ) ;
#4259 = CARTESIAN_POINT ( 'NONE',  ( 0.4276940796314844251, 36.93772504905209786, 28.70686668329735269 ) ) ;
#4260 = DIRECTION ( 'NONE',  ( 0.4999999999999998890, 0.8660254037844385966, 0.000000000000000000 ) ) ;
#4261 = CARTESIAN_POINT ( 'NONE',  ( 11.66987298107779658, 19.49999999999999645, 12.00000000000000355 ) ) ;
#4262 = CARTESIAN_POINT ( 'NONE',  ( -0.1350333550857210352, 35.61170658640492803, 10.06665377764341152 ) ) ;
#4263 = CARTESIAN_POINT ( 'NONE',  ( 0.7506645529786811766, 36.97155249767740770, 29.99999999999999289 ) ) ;
#4264 = CARTESIAN_POINT ( 'NONE',  ( -11.78128301444248294, 16.25784215485187900, 11.17389213719339836 ) ) ;
#4265 = CARTESIAN_POINT ( 'NONE',  ( 11.74098107939381208, 15.92967875730196603, 10.00000000000000533 ) ) ;
#4266 = CARTESIAN_POINT ( 'NONE',  ( -11.98945434816759814, 16.52226745153349086, 28.70600679644565645 ) ) ;
#4267 = CARTESIAN_POINT ( 'NONE',  ( -12.13828010778967403, 16.54975965873843435, 9.999999999999996447 ) ) ;
#4268 = DIRECTION ( 'NONE',  ( -1.000000000000000000, 0.000000000000000000, 0.000000000000000000 ) ) ;
#4269 = ORIENTED_EDGE ( 'NONE', *, *, #2711, .F. ) ;
#4270 = CARTESIAN_POINT ( 'NONE',  ( 10.29778131820623521, 17.29048450638032008, 10.00000000000000000 ) ) ;
#4271 = CARTESIAN_POINT ( 'NONE',  ( -9.071796769724489451, 15.00000000000000000, 12.00000000000000000 ) ) ;
#4272 = CARTESIAN_POINT ( 'NONE',  ( -11.83053269213031200, 16.03171598214570537, 10.00000000000000000 ) ) ;
#4273 = CARTESIAN_POINT ( 'NONE',  ( 0.2060776728984466954, 35.00767258904927814, 10.00000000000000355 ) ) ;
#4274 = CARTESIAN_POINT ( 'NONE',  ( -10.28030134560257380, 17.29543743313785598, 30.00000000000000000 ) ) ;
#4275 = ADVANCED_FACE ( 'NONE', ( #671 ), #4702, .F. ) ;
#4276 = CARTESIAN_POINT ( 'NONE',  ( 0.1695310474545839163, 35.71219302720975719, 10.09877707558458049 ) ) ;
#4277 = CARTESIAN_POINT ( 'NONE',  ( -0.03181989753395878667, 35.23218020891834357, 10.00377597468754409 ) ) ;
#4278 = CARTESIAN_POINT ( 'NONE',  ( -0.1167662461133992524, 35.06577463143239015, 10.00000000000000000 ) ) ;
#4279 = CARTESIAN_POINT ( 'NONE',  ( 11.81444523589609119, 16.01178614646777376, 28.00000000000000000 ) ) ;
#4280 = CARTESIAN_POINT ( 'NONE',  ( 0.0006404013708223685493, 35.11281266264563072, 10.00000000000000000 ) ) ;
#4281 = CARTESIAN_POINT ( 'NONE',  ( 0.3883209320357233763, 36.76843285208801149, 29.05814732419088742 ) ) ;
#4282 = CARTESIAN_POINT ( 'NONE',  ( 11.90755258996686017, 19.08832684148106296, 12.00000000000000533 ) ) ;
#4283 = CARTESIAN_POINT ( 'NONE',  ( -0.08995005086516816295, 35.62222855347479822, 10.06696493388768232 ) ) ;
#4284 = CARTESIAN_POINT ( 'NONE',  ( -9.734038510228842256, 15.03744035304351634, 12.00000000000009592 ) ) ;
#4285 = CARTESIAN_POINT ( 'NONE',  ( 12.16567479239906824, 16.61608851441357260, 28.13208942746636154 ) ) ;
#4286 = CARTESIAN_POINT ( 'NONE',  ( -11.43521898891151345, 16.89536830509973342, 10.40914675912422283 ) ) ;
#4287 = CARTESIAN_POINT ( 'NONE',  ( 10.09013930559028083, 17.17410156431606083, 10.00000000000000355 ) ) ;
#4288 =( BOUNDED_SURFACE ( )  B_SPLINE_SURFACE ( 3, 2, ( 
 ( #1359, #2053, #691 ),
 ( #3546, #3592, #647 ),
 ( #669, #3891, #2810 ),
 ( #246, #4272, #1071 ),
 ( #4652, #2119, #291 ),
 ( #1782, #4251, #1758 ),
 ( #1736, #984, #3522 ),
 ( #3206, #625, #4673 ),
 ( #3868, #3186, #1401 ),
 ( #3231, #2852, #4318 ),
 ( #268, #2432, #1049 ),
 ( #4295, #1714, #3144 ),
 ( #1380, #2075, #2831 ),
 ( #2495, #2474, #4608 ),
 ( #3958, #1425, #2878 ),
 ( #4342, #601, #1337 ),
 ( #2789, #329, #3634 ),
 ( #2892, #3974, #1084 ),
 ( #376, #4715, #4663 ),
 ( #4642, #2842, #756 ),
 ( #2536, #4003, #3925 ),
 ( #1825, #706, #658 ),
 ( #2159, #2462, #3581 ),
 ( #3196, #3272, #1771 ),
 ( #4382, #4027, #3221 ),
 ( #1370, #16, #2134 ),
 ( #3608, #4690, #1440 ),
 ( #4308, #2508, #1847 ),
 ( #3656, #1463, #4357 ),
 ( #2208, #2914, #400 ),
 ( #1389, #1110, #1039 ),
 ( #730, #2561, #3557 ),
 ( #2484, #2185, #352 ),
 ( #1800, #2821, #4284 ),
 ( #2108, #3948, #1017 ),
 ( #304, #1747, #681 ),
 ( #1416, #2868, #4333 ),
 ( #1062, #3245, #2233 ) ),
 .UNSPECIFIED., .F., .F., .T. ) 
 B_SPLINE_SURFACE_WITH_KNOTS ( ( 4, 2, 2, 2, 2, 2, 2, 2, 2, 2, 2, 2, 2, 2, 2, 2, 2, 2, 4 ),
 ( 3, 3 ),
 ( 0.01217538114280638378, 0.01218556490053300002, 0.01218620138539091430, 0.01218651962781987057, 0.01218683787024882684, 0.01218747435510674111, 0.01218811083996465539, 0.01219065677939630901, 0.01219574865825961626, 0.01221611617371284875, 0.01223648368916608123, 0.01224666744689269747, 0.01225685120461931371, 0.01233832126643224364, 0.01250126139005810350, 0.01282714163730982321, 0.01299008176093568306, 0.01315302188456154292, 0.01347890213181326090 ),
 ( 0.000000000000000000, 1.000000000000000000 ),
 .UNSPECIFIED. ) 
 GEOMETRIC_REPRESENTATION_ITEM ( )  RATIONAL_B_SPLINE_SURFACE ( (
 ( 1.000000000000000000, 0.7071067811865477948, 1.000000000000000000),
 ( 1.000000000000000000, 0.7071067811865477948, 1.000000000000000000),
 ( 1.000000000000000000, 0.7071067811865477948, 1.000000000000000000),
 ( 1.000000000000000000, 0.7071067811865477948, 1.000000000000000000),
 ( 1.000000000000000000, 0.7071067811865477948, 1.000000000000000000),
 ( 1.000000000000000000, 0.7071067811865477948, 1.000000000000000000),
 ( 1.000000000000000000, 0.7071067811865477948, 1.000000000000000000),
 ( 1.000000000000000000, 0.7071067811865477948, 1.000000000000000000),
 ( 1.000000000000000000, 0.7071067811865477948, 1.000000000000000000),
 ( 1.000000000000000000, 0.7071067811865477948, 1.000000000000000000),
 ( 1.000000000000000000, 0.7071067811865472397, 1.000000000000000000),
 ( 1.000000000000000000, 0.7071067811865472397, 1.000000000000000000),
 ( 1.000000000000000000, 0.7071067811865477948, 1.000000000000000000),
 ( 1.000000000000000000, 0.7071067811865477948, 1.000000000000000000),
 ( 1.000000000000000000, 0.7071067811865477948, 1.000000000000000000),
 ( 1.000000000000000000, 0.7071067811865477948, 1.000000000000000000),
 ( 1.000000000000000000, 0.7071067811865477948, 1.000000000000000000),
 ( 1.000000000000000000, 0.7071067811865477948, 1.000000000000000000),
 ( 1.000000000000000000, 0.7071067811865477948, 1.000000000000000000),
 ( 1.000000000000000000, 0.7071067811865477948, 1.000000000000000000),
 ( 1.000000000000000000, 0.7071067811865477948, 1.000000000000000000),
 ( 1.000000000000000000, 0.7071067811865477948, 1.000000000000000000),
 ( 1.000000000000000000, 0.7071067811865477948, 1.000000000000000000),
 ( 1.000000000000000000, 0.7071067811865477948, 1.000000000000000000),
 ( 1.000000000000000000, 0.7071067811865477948, 1.000000000000000000),
 ( 1.000000000000000000, 0.7071067811865477948, 1.000000000000000000),
 ( 1.000000000000000000, 0.7071067811865477948, 1.000000000000000000),
 ( 1.000000000000000000, 0.7071067811865477948, 1.000000000000000000),
 ( 1.000000000000000000, 0.7071067811865477948, 1.000000000000000000),
 ( 1.000000000000000000, 0.7071067811865477948, 1.000000000000000000),
 ( 1.000000000000000000, 0.7071067811865477948, 1.000000000000000000),
 ( 1.000000000000000000, 0.7071067811865477948, 1.000000000000000000),
 ( 1.000000000000000000, 0.7071067811865477948, 1.000000000000000000),
 ( 1.000000000000000000, 0.7071067811865477948, 1.000000000000000000),
 ( 1.000000000000000000, 0.7071067811865477948, 1.000000000000000000),
 ( 1.000000000000000000, 0.7071067811865477948, 1.000000000000000000),
 ( 1.000000000000000000, 0.7071067811865477948, 1.000000000000000000),
 ( 1.000000000000000000, 0.7071067811865477948, 1.000000000000000000) ) ) 
 REPRESENTATION_ITEM ( '' )  SURFACE ( )  );
#4289 = CARTESIAN_POINT ( 'NONE',  ( -11.34591426945484116, 16.23125629958636296, 29.32286357355429374 ) ) ;
#4290 = CARTESIAN_POINT ( 'NONE',  ( -12.15023844438269585, 16.57983176581588936, 12.00000000000000000 ) ) ;
#4291 = CARTESIAN_POINT ( 'NONE',  ( -9.497046081527049211, 17.01582832460467642, 30.00000000000000355 ) ) ;
#4292 = ORIENTED_EDGE ( 'NONE', *, *, #2127, .F. ) ;
#4293 = CARTESIAN_POINT ( 'NONE',  ( 10.28391191050745945, 17.29944552537243752, 10.00000000000000000 ) ) ;
#4294 = CARTESIAN_POINT ( 'NONE',  ( 10.28391317934107363, 17.29944765700217246, 30.00000000000000000 ) ) ;
#4295 = CARTESIAN_POINT ( 'NONE',  ( -10.28167752688854009, 17.29705264727827085, 9.999999999999994671 ) ) ;
#4296 = CARTESIAN_POINT ( 'NONE',  ( 1.669244668515439178, 36.39377779006280633, 10.00000000000000533 ) ) ;
#4297 = B_SPLINE_SURFACE_WITH_KNOTS ( 'NONE', 3, 1, ( 
 ( #4505, #2660 ),
 ( #2011, #140 ),
 ( #1227, #3460 ),
 ( #1586, #206 ),
 ( #2326, #3374 ),
 ( #118, #3780 ),
 ( #515, #4128 ),
 ( #1970, #1653 ),
 ( #4550, #853 ),
 ( #3416, #163 ),
 ( #4190, #1608 ),
 ( #4527, #1563 ),
 ( #2705, #3061 ),
 ( #1248, #1295 ),
 ( #3105, #4169 ),
 ( #3735, #921 ),
 ( #900, #2347 ),
 ( #3803, #4571 ),
 ( #537, #4213 ),
 ( #2749, #3827 ) ),
 .UNSPECIFIED., .F., .F., .F.,
 ( 4, 2, 2, 2, 2, 2, 2, 2, 2, 4 ),
 ( 2, 2 ),
 ( 0.000000000000000000, 0.1250000000000001110, 0.2500000000000002220, 0.3750000000000003331, 0.4375000000000001665, 0.5000000000000000000, 0.6250000000000000000, 0.7500000000000000000, 0.8750000000000000000, 1.000000000000000000 ),
 ( 0.000000000000000000, 1.000000000000000000 ),
 .UNSPECIFIED. ) ;
#4298 = CARTESIAN_POINT ( 'NONE',  ( 1.384232992421084329, 36.63489916805028201, 27.99999999999998579 ) ) ;
#4299 = CARTESIAN_POINT ( 'NONE',  ( 11.93346557462048274, 18.98758074020962283, 12.00000000000000000 ) ) ;
#4300 = CARTESIAN_POINT ( 'NONE',  ( 1.762689879573171359, 36.31989896371461413, 12.00000000000000000 ) ) ;
#4301 = CARTESIAN_POINT ( 'NONE',  ( -1.723305358143350396, 36.35342003049261450, 10.00000000000055245 ) ) ;
#4302 = AXIS2_PLACEMENT_3D ( 'NONE', #3181, #2048, #3495 ) ;
#4303 = CARTESIAN_POINT ( 'NONE',  ( 10.27392277275319721, 17.28824973482041116, 30.00000000000000711 ) ) ;
#4304 = CARTESIAN_POINT ( 'NONE',  ( 11.18907033449908361, 16.37067836481410055, 29.53235262611014988 ) ) ;
#4305 = AXIS2_PLACEMENT_3D ( 'NONE', #3108, #2441, #4260 ) ;
#4306 = CARTESIAN_POINT ( 'NONE',  ( 0.4615188009176650064, 36.74832244288679561, 29.05845716875883511 ) ) ;
#4307 = CARTESIAN_POINT ( 'NONE',  ( -0.03830173744565829042, 35.56502089714869186, 10.05126576200450295 ) ) ;
#4308 = CARTESIAN_POINT ( 'NONE',  ( -10.11403413928161577, 17.18352022133270296, 10.00000000000000000 ) ) ;
#4309 = CARTESIAN_POINT ( 'NONE',  ( -9.071796769724512544, 17.00000000000000000, 12.00000000000000000 ) ) ;
#4310 = CARTESIAN_POINT ( 'NONE',  ( -11.21828868545052771, 16.51554015697159983, 10.40920862543009662 ) ) ;
#4311 = ORIENTED_EDGE ( 'NONE', *, *, #238, .F. ) ;
#4312 = CARTESIAN_POINT ( 'NONE',  ( 11.77098320125921482, 15.96160676427609637, 11.99999999999998224 ) ) ;
#4313 = CARTESIAN_POINT ( 'NONE',  ( -11.55901400332692752, 16.49520679141226864, 29.32131178502955038 ) ) ;
#4314 = CARTESIAN_POINT ( 'NONE',  ( -12.28468588464272671, 17.03923763282888260, 12.00000000000001599 ) ) ;
#4315 = CARTESIAN_POINT ( 'NONE',  ( -9.544715343097371019, 15.01783694278882741, 27.99999999999999645 ) ) ;
#4316 = CARTESIAN_POINT ( 'NONE',  ( 0.2732924195831898939, 37.09414438558660976, 29.99999999999999289 ) ) ;
#4317 = CARTESIAN_POINT ( 'NONE',  ( -0.1538850595023756040, 35.68109294496528605, 29.91186285162261882 ) ) ;
#4318 = CARTESIAN_POINT ( 'NONE',  ( -11.82409191342419241, 16.02387721502093498, 12.00000000000000000 ) ) ;
#4319 = CARTESIAN_POINT ( 'NONE',  ( 0.7461794187276249435, 36.97324300311306899, 12.00000000000000000 ) ) ;
#4320 = CARTESIAN_POINT ( 'NONE',  ( 2.080943778387160048, 36.00288753007362885, 27.99999999999999645 ) ) ;
#4321 = CARTESIAN_POINT ( 'NONE',  ( 0.05228504233954086450, 35.29608929035981646, 10.00902037878355699 ) ) ;
#4322 = CARTESIAN_POINT ( 'NONE',  ( -1.314784362012908270, 36.68707548395932605, 28.00000000000000000 ) ) ;
#4323 = CARTESIAN_POINT ( 'NONE',  ( 11.53677892917562708, 16.01389952825757135, 28.88628020247400841 ) ) ;
#4324 = CARTESIAN_POINT ( 'NONE',  ( -0.7625430714207607208, 36.96711822669094261, 11.99999999999998757 ) ) ;
#4325 = PRODUCT_DEFINITION_CONTEXT ( 'detailed design', #3837, 'design' ) ;
#4326 = CARTESIAN_POINT ( 'NONE',  ( -10.32857987258435273, 17.27798677442966735, 29.99958515362307310 ) ) ;
#4327 = CARTESIAN_POINT ( 'NONE',  ( 11.09840215149188758, 15.44194126263869649, 27.99999999999999289 ) ) ;
#4328 = CARTESIAN_POINT ( 'NONE',  ( 10.55927032739769622, 17.01690754755644264, 29.96086812810910871 ) ) ;
#4329 = CARTESIAN_POINT ( 'NONE',  ( -0.3296647847525177033, 36.58388408606325015, 29.32249131552998023 ) ) ;
#4330 = CARTESIAN_POINT ( 'NONE',  ( 12.24178779869749789, 16.87841582372702476, 30.00000000000000000 ) ) ;
#4331 = CARTESIAN_POINT ( 'NONE',  ( -0.07524795604901020341, 35.99676654841476164, 10.20303085595372217 ) ) ;
#4332 = CARTESIAN_POINT ( 'NONE',  ( 11.72384338008215288, 16.62409580588307279, 10.77917669511025522 ) ) ;
#4333 = CARTESIAN_POINT ( 'NONE',  ( -9.230072935486461461, 15.00000000000000000, 12.00000000000000000 ) ) ;
#4334 = CARTESIAN_POINT ( 'NONE',  ( 12.09638497507656929, 16.44937228993493861, 27.99999999990994937 ) ) ;
#4335 = CARTESIAN_POINT ( 'NONE',  ( -11.24420853452126501, 17.01074196510447578, 10.26371369942000555 ) ) ;
#4336 = ORIENTED_EDGE ( 'NONE', *, *, #4125, .T. ) ;
#4337 = CARTESIAN_POINT ( 'NONE',  ( 10.28009830820316495, 17.29478615466213753, 10.00000000000000000 ) ) ;
#4338 = CARTESIAN_POINT ( 'NONE',  ( -11.03437038538334924, 16.82635517423777571, 29.79689504550853840 ) ) ;
#4339 = CARTESIAN_POINT ( 'NONE',  ( -10.28234704938842192, 17.29510758611172960, 10.00000000000000000 ) ) ;
#4340 = ORIENTED_EDGE ( 'NONE', *, *, #4139, .F. ) ;
#4341 = CARTESIAN_POINT ( 'NONE',  ( -0.05769430776805573730, 35.32731216371229266, 29.98784593935119247 ) ) ;
#4342 = CARTESIAN_POINT ( 'NONE',  ( -10.27861731616344976, 17.29352588947545044, 10.00000000000000000 ) ) ;
#4343 = CARTESIAN_POINT ( 'NONE',  ( 0.4494351078329713589, 37.06226015406203800, 11.99999999999998934 ) ) ;
#4344 = CARTESIAN_POINT ( 'NONE',  ( 11.90803155905446786, 16.24867817167176653, 11.48017996727382162 ) ) ;
#4345 = LINE ( 'NONE', #1073, #1631 ) ;
#4346 = CARTESIAN_POINT ( 'NONE',  ( 0.1055267199671618694, 35.48502051928014822, 10.03758184758768124 ) ) ;
#4347 = CARTESIAN_POINT ( 'NONE',  ( -0.2750764052600967458, 37.11395046106832041, 28.00000000000000000 ) ) ;
#4348 = CARTESIAN_POINT ( 'NONE',  ( 11.17338666235584377, 16.46440548013837457, 29.59130396723737988 ) ) ;
#4349 = CARTESIAN_POINT ( 'NONE',  ( -2.286104411758227428, 35.69730043325397162, 12.00000000000008527 ) ) ;
#4350 = CARTESIAN_POINT ( 'NONE',  ( -10.63189355402784919, 17.00819706172764967, 29.94887622587356191 ) ) ;
#4351 = CARTESIAN_POINT ( 'NONE',  ( 9.785529202714974062, 17.07375752344442787, 30.00000000000000711 ) ) ;
#4352 = CARTESIAN_POINT ( 'NONE',  ( 10.83191723455838407, 16.73714896007800590, 29.83983521505548353 ) ) ;
#4353 = CARTESIAN_POINT ( 'NONE',  ( 10.31282966249853672, 17.27024678492532672, 10.00014896474922566 ) ) ;
#4354 = CARTESIAN_POINT ( 'NONE',  ( 10.28528753486395253, 17.30308997846112007, 30.00000000000000000 ) ) ;
#4355 = CARTESIAN_POINT ( 'NONE',  ( 0.01783669175805277854, 35.29281752365935887, 10.00531100399474127 ) ) ;
#4356 = CARTESIAN_POINT ( 'NONE',  ( 11.82321158515082260, 16.57734652239065554, 10.94294263013462043 ) ) ;
#4357 = CARTESIAN_POINT ( 'NONE',  ( -10.83707652768208263, 15.31609742368256555, 12.00000000000000000 ) ) ;
#4358 = DIRECTION ( 'NONE',  ( -1.000000000000000000, -1.912215981034913991E-16, 0.000000000000000000 ) ) ;
#4359 = CARTESIAN_POINT ( 'NONE',  ( -11.17655882962401925, 16.84375806049522950, 10.26456837249962994 ) ) ;
#4360 = ORIENTED_EDGE ( 'NONE', *, *, #940, .T. ) ;
#4361 = CARTESIAN_POINT ( 'NONE',  ( 11.79982872222605472, 15.99452233180522320, 12.00000000000000533 ) ) ;
#4362 = CARTESIAN_POINT ( 'NONE',  ( -10.88070796592821488, 16.92345777974904664, 29.87229293457865253 ) ) ;
#4363 = EDGE_LOOP ( 'NONE', ( #2786, #4006, #436, #549 ) ) ;
#4364 = CARTESIAN_POINT ( 'NONE',  ( 2.539902281528183980, 35.31357199666022950, 12.00000000000000355 ) ) ;
#4365 = CARTESIAN_POINT ( 'NONE',  ( -0.3192577156745583511, 36.28914261806298924, 29.59161234738873603 ) ) ;
#4366 = CARTESIAN_POINT ( 'NONE',  ( 0.5146330085434517310, 37.04663984450796477, 11.99999999999999645 ) ) ;
#4367 = CARTESIAN_POINT ( 'NONE',  ( 11.82830750153063271, 16.19928289438156455, 11.35522773903619687 ) ) ;
#4368 = LINE ( 'NONE', #317, #883 ) ;
#4369 = CARTESIAN_POINT ( 'NONE',  ( -11.89905779705926214, 19.06596042350063058, 12.00000000000000178 ) ) ;
#4370 = FACE_OUTER_BOUND ( 'NONE', #4666, .T. ) ;
#4371 = CARTESIAN_POINT ( 'NONE',  ( 11.51175430978613612, 16.42477096757717803, 29.32147944966808240 ) ) ;
#4372 = CARTESIAN_POINT ( 'NONE',  ( -12.16496470812395003, 16.61890368140732122, 29.99999999999997158 ) ) ;
#4373 = CARTESIAN_POINT ( 'NONE',  ( -10.65670478603694171, 17.04072501396212047, 29.94873420478103654 ) ) ;
#4374 = CARTESIAN_POINT ( 'NONE',  ( 11.92683145635623454, 16.86578497913878394, 10.94155132355449211 ) ) ;
#4375 = CARTESIAN_POINT ( 'NONE',  ( 9.628992835870807454, 17.04268422693582963, 30.00000000000001421 ) ) ;
#4376 = CARTESIAN_POINT ( 'NONE',  ( -0.05117068705389896111, 35.09806408674344880, 29.99999999999998934 ) ) ;
#4377 = CARTESIAN_POINT ( 'NONE',  ( -10.30774684253641560, 17.27718662429317931, 10.00026527707735013 ) ) ;
#4378 = CIRCLE ( 'NONE', #4302, 2.000000000000000000 ) ;
#4379 = EDGE_CURVE ( 'NONE', #2001, #3696, #4345, .T. ) ;
#4380 = CARTESIAN_POINT ( 'NONE',  ( 12.15625639027470584, 16.59635739463284665, 30.00000000000000000 ) ) ;
#4381 = CARTESIAN_POINT ( 'NONE',  ( -0.002988495195551501074, 35.12893562218130228, 10.00000000000000000 ) ) ;
#4382 = CARTESIAN_POINT ( 'NONE',  ( -10.23264425155032598, 17.25397102568949492, 10.00000000000000000 ) ) ;
#4383 = CARTESIAN_POINT ( 'NONE',  ( -0.8660254037844319353, 34.21281292110204220, 10.00000000000000000 ) ) ;
#4384 = CARTESIAN_POINT ( 'NONE',  ( -10.95017851718777813, 17.06638182703319018, 10.12736251534747645 ) ) ;
#4385 = CARTESIAN_POINT ( 'NONE',  ( 9.937822173508918056, 18.50000000000000000, 30.00000000000000000 ) ) ;
#4386 = CARTESIAN_POINT ( 'NONE',  ( -11.72783922551690239, 16.86443206968587205, 29.32253451583098069 ) ) ;
#4387 = ORIENTED_EDGE ( 'NONE', *, *, #3807, .T. ) ;
#4388 = CARTESIAN_POINT ( 'NONE',  ( -0.004587817818582865664, 35.13202897610700148, 29.99991359111113454 ) ) ;
#4389 = CARTESIAN_POINT ( 'NONE',  ( -0.2302843479496861911, 36.41539408474135087, 29.50635283506282391 ) ) ;
#4390 = CARTESIAN_POINT ( 'NONE',  ( 0.3252578360483338038, 37.08637290661297925, 12.00000000000000178 ) ) ;
#4391 = CARTESIAN_POINT ( 'NONE',  ( 11.94306566230359756, 16.42753909068444784, 11.29412366721388672 ) ) ;
#4392 = LINE ( 'NONE', #1118, #344 ) ;
#4393 = CARTESIAN_POINT ( 'NONE',  ( -12.28619407511541439, 17.73465925808690358, 10.00000000000000000 ) ) ;
#4394 = CARTESIAN_POINT ( 'NONE',  ( -0.2750764052600967458, 37.11395046106832041, 12.00000000000000000 ) ) ;
#4395 = CARTESIAN_POINT ( 'NONE',  ( -12.13842534956012820, 16.55011821355101631, 30.00000000000000000 ) ) ;
#4396 = CARTESIAN_POINT ( 'NONE',  ( -10.60413691175727280, 16.97857803064887250, 29.94913795864850670 ) ) ;
#4397 = CARTESIAN_POINT ( 'NONE',  ( 10.28116387349042071, 17.29217291805439416, 10.00000000000000000 ) ) ;
#4398 = CARTESIAN_POINT ( 'NONE',  ( 9.391730441104382265, 17.01197508900716215, 29.99999999999997513 ) ) ;
#4399 = DIRECTION ( 'NONE',  ( -0.000000000000000000, -0.000000000000000000, -1.000000000000000000 ) ) ;
#4400 = CARTESIAN_POINT ( 'NONE',  ( -10.47302017695590060, 17.11068597859491547, 10.01781756777820220 ) ) ;
#4401 = CARTESIAN_POINT ( 'NONE',  ( -0.01234171844784370982, 35.16054181858249450, 29.99959768163678930 ) ) ;
#4402 = B_SPLINE_CURVE_WITH_KNOTS ( 'NONE', 3,
 ( #3143, #2382, #3890, #2028, #1336, #221, #3841, #245, #2473, #1668, #3185, #3545, #2763, #4607, #600, #961, #4250, #983, #1005, #624, #1358, #2431, #3521, #4651, #3164, #2452, #3911, #290, #2830, #3567, #314, #3267, #60, #1821, #2250, #701, #2531, #4400, #752, #799, #2557, #1436, #2180, #2888, #2227, #13, #3676, #2504, #3292, #1127, #1460, #36, #3241, #3704, #4377, #2910, #1106, #2204, #86 ),
 .UNSPECIFIED., .F., .F.,
 ( 4, 2, 2, 2, 1, 1, 1, 2, 2, 2, 2, 1, 1, 1, 2, 2, 2, 2, 1, 1, 2, 2, 2, 1, 1, 2, 2, 2, 1, 2, 2, 2, 2, 2, 4 ),
 ( 0.000000000000000000, 0.2500000000000073275, 0.3750000000000114353, 0.4375000000000138778, 0.4687500000000143774, 0.4843750000000140998, 0.4921875000000139888, 0.4960937500000133782, 0.5000000000000127676, 0.6250000000000085487, 0.6875000000000068834, 0.7187500000000067724, 0.7343750000000066613, 0.7421875000000062172, 0.7460937500000052180, 0.7500000000000042188, 0.8125000000000153211, 0.8437500000000215383, 0.8593750000000245359, 0.8671875000000253131, 0.8710937500000247580, 0.8750000000000242029, 0.9062500000000253131, 0.9218750000000253131, 0.9296875000000245359, 0.9335937500000248690, 0.9375000000000252021, 0.9531250000000236478, 0.9609375000000234257, 0.9648437500000219824, 0.9687500000000205391, 0.9843750000000117684, 0.9882812500000105471, 0.9921875000000093259, 1.000000000000000000 ),
 .UNSPECIFIED. ) ;
#4403 = CARTESIAN_POINT ( 'NONE',  ( 12.28771753552710599, 17.16184936911673731, 28.00000000000000355 ) ) ;
#4404 = CARTESIAN_POINT ( 'NONE',  ( 0.0006404013708203449944, 35.11281266264562362, 10.00000000000000355 ) ) ;
#4405 = CARTESIAN_POINT ( 'NONE',  ( 0.02731146322983847227, 35.10908833761981640, 30.00000000000000711 ) ) ;
#4406 = CARTESIAN_POINT ( 'NONE',  ( 12.19487754643540889, 16.70186475391800940, 11.86785961437152714 ) ) ;
#4407 = CARTESIAN_POINT ( 'NONE',  ( 11.96257290927038142, 16.41727985235558762, 28.64465379160144920 ) ) ;
#4408 = CARTESIAN_POINT ( 'NONE',  ( -10.55207394090444595, 17.17843455287225396, 10.01941551029566568 ) ) ;
#4409 = CARTESIAN_POINT ( 'NONE',  ( 11.80140869362998934, 15.99564238147093498, 9.999999999999991118 ) ) ;
#4410 = CARTESIAN_POINT ( 'NONE',  ( 0.02745833999857273666, 35.10613567908353616, 30.00000000000000000 ) ) ;
#4411 = CARTESIAN_POINT ( 'NONE',  ( 2.280627612045812214, 35.70602864586202685, 11.99999999999999822 ) ) ;
#4412 = CARTESIAN_POINT ( 'NONE',  ( 0.1851507861141222233, 36.09804584414870732, 29.73592238271242394 ) ) ;
#4413 = CARTESIAN_POINT ( 'NONE',  ( 0.03318665137306412577, 35.10421866150984016, 9.999999999999992895 ) ) ;
#4414 = CARTESIAN_POINT ( 'NONE',  ( 11.76967568581356183, 16.24111810574220627, 11.17384825617304855 ) ) ;
#4415 = CARTESIAN_POINT ( 'NONE',  ( -11.80741598353608168, 16.02099974858878539, 28.26259670769025334 ) ) ;
#4416 = CARTESIAN_POINT ( 'NONE',  ( 9.937822173508918056, 18.50000000000000000, 30.00000000000000000 ) ) ;
#4417 = CARTESIAN_POINT ( 'NONE',  ( 0.1266698925923007424, 36.42957714928025581, 10.49407359042911381 ) ) ;
#4418 = CARTESIAN_POINT ( 'NONE',  ( -2.233312895668897902, 35.76924618523387522, 30.00000000000000000 ) ) ;
#4419 = CARTESIAN_POINT ( 'NONE',  ( 11.39467413372425142, 16.58114778951991397, 29.50579310605141714 ) ) ;
#4420 = CARTESIAN_POINT ( 'NONE',  ( -12.18203435065487916, 16.66761273313862546, 28.00000000000000355 ) ) ;
#4421 = CARTESIAN_POINT ( 'NONE',  ( -10.71283753720190468, 17.14990234570325356, 29.94890108765919479 ) ) ;
#4422 = CARTESIAN_POINT ( 'NONE',  ( 12.15205638274057165, 16.58523500081436808, 10.00000000000000000 ) ) ;
#4423 = MANIFOLD_SOLID_BREP ( 'Stock-SuperDexCube-1', #802 ) ;
#4424 = CARTESIAN_POINT ( 'NONE',  ( 10.12520057332473478, 17.19054475938196447, 29.99999999999999645 ) ) ;
#4425 = CARTESIAN_POINT ( 'NONE',  ( 0.5433712142077693485, 37.03878972357365740, 11.86790966669689062 ) ) ;
#4426 = CARTESIAN_POINT ( 'NONE',  ( 10.75480958820394939, 16.81627397457220852, 10.11683060748434748 ) ) ;
#4427 = CARTESIAN_POINT ( 'NONE',  ( -0.01489319198955734933, 35.29296823121275395, 29.99468594827525436 ) ) ;
#4428 = CARTESIAN_POINT ( 'NONE',  ( 10.28536144541316411, 17.30328876857512910, 30.00000000000000000 ) ) ;
#4429 = DIRECTION ( 'NONE',  ( -1.000000000000000000, -1.821459649775649027E-14, 0.000000000000000000 ) ) ;
#4430 = CARTESIAN_POINT ( 'NONE',  ( 0.1913123697884598073, 35.01965942554870992, 30.00000000000000000 ) ) ;
#4431 = CARTESIAN_POINT ( 'NONE',  ( 12.20608346723066440, 16.79207438273214592, 11.73724977128525815 ) ) ;
#4432 = CARTESIAN_POINT ( 'NONE',  ( -10.29670075613719327, 17.28935053670192801, 10.00000000000000000 ) ) ;
#4433 = CARTESIAN_POINT ( 'NONE',  ( 0.2861547747230246408, 37.09234430139287753, 27.99999999999999645 ) ) ;
#4434 = CARTESIAN_POINT ( 'NONE',  ( -12.06692987456723642, 16.38884044633983095, 11.99999999998544986 ) ) ;
#4435 = CARTESIAN_POINT ( 'NONE',  ( 0.2790689177634486651, 36.30064041626194893, 29.59130396703204369 ) ) ;
#4436 = CARTESIAN_POINT ( 'NONE',  ( 0.2701436187207411632, 37.09458574110312412, 12.00000000000000178 ) ) ;
#4437 = CARTESIAN_POINT ( 'NONE',  ( -12.18867768830592446, 16.72458894911762428, 28.26275276952467408 ) ) ;
#4438 = CARTESIAN_POINT ( 'NONE',  ( -12.14633113824626420, 18.42172342964610365, 11.99999999999999822 ) ) ;
#4439 = CARTESIAN_POINT ( 'NONE',  ( -0.06708261149570089732, 36.81185467518163534, 10.94305482691800613 ) ) ;
#4440 = CARTESIAN_POINT ( 'NONE',  ( -0.8675136604688427067, 36.92342989470439107, 27.99999999999999645 ) ) ;
#4441 = ORIENTED_EDGE ( 'NONE', *, *, #465, .T. ) ;
#4442 = CARTESIAN_POINT ( 'NONE',  ( 11.42871262665638987, 16.31841935375233277, 29.32200197029946409 ) ) ;
#4443 = CARTESIAN_POINT ( 'NONE',  ( -12.20563581731725478, 16.74207949386724081, 29.99999999999999645 ) ) ;
#4444 = CARTESIAN_POINT ( 'NONE',  ( -9.656469620558215894, 17.04723433503467334, 30.00000000000000000 ) ) ;
#4445 = CARTESIAN_POINT ( 'NONE',  ( 12.15346872718779103, 16.58897273305699116, 10.00000000000000000 ) ) ;
#4446 = CARTESIAN_POINT ( 'NONE',  ( -11.79447481517722629, 16.91674397687438258, 29.25652201172387734 ) ) ;
#4447 = CARTESIAN_POINT ( 'NONE',  ( 0.3489714790928440946, 36.97672627046607374, 11.35485653384981930 ) ) ;
#4448 = CARTESIAN_POINT ( 'NONE',  ( 0.5433712142077693485, 37.03878972357365740, 11.99999999998544631 ) ) ;
#4449 = CARTESIAN_POINT ( 'NONE',  ( 0.003688807676176713256, 35.12905112830198107, 30.00000000000000000 ) ) ;
#4450 = CARTESIAN_POINT ( 'NONE',  ( 11.99836830360903761, 16.76355787866971880, 11.11403017188661835 ) ) ;
#4451 = CARTESIAN_POINT ( 'NONE',  ( 10.92281057434439262, 17.00035023844153770, 10.12765054575920054 ) ) ;
#4452 = CARTESIAN_POINT ( 'NONE',  ( 0.5086428879181488227, 36.91554982627558701, 28.70709821730406119 ) ) ;
#4453 = CARTESIAN_POINT ( 'NONE',  ( -2.598076211353320009, 35.21281292110202088, 30.00000000000000000 ) ) ;
#4454 = CARTESIAN_POINT ( 'NONE',  ( 9.071796769724482346, 17.00000000000000355, 10.00000000000000000 ) ) ;
#4455 = CARTESIAN_POINT ( 'NONE',  ( -10.28455231187830421, 17.30055473308395619, 10.00000000000000000 ) ) ;
#4456 = CARTESIAN_POINT ( 'NONE',  ( 12.10182569139547759, 16.63884970356969717, 28.52014390639662977 ) ) ;
#4457 = CARTESIAN_POINT ( 'NONE',  ( -10.75513347135806441, 17.08576340365560853, 10.06711349158594970 ) ) ;
#4458 = CIRCLE ( 'NONE', #2465, 2.000000000000000000 ) ;
#4459 = CARTESIAN_POINT ( 'NONE',  ( 0.4215028974751037216, 37.06838436863471742, 29.99999999999996803 ) ) ;
#4460 = CARTESIAN_POINT ( 'NONE',  ( -11.69416440405240643, 15.88039255814201844, 11.99999999998544631 ) ) ;
#4461 = CARTESIAN_POINT ( 'NONE',  ( 0.09610951531239446399, 36.11045036179901047, 29.73553654946907798 ) ) ;
#4462 = B_SPLINE_CURVE_WITH_KNOTS ( 'NONE', 3,
 ( #1307, #2358, #3448, #2736, #1642, #4560, #4200, #931, #2760, #4224, #4454 ),
 .UNSPECIFIED., .F., .F.,
 ( 4, 2, 1, 2, 2, 4 ),
 ( 0.000000000000000000, 8.040786971206087790E-05, 0.0001608157394241217558, 0.0003216314788482339164, 0.0006432629576964593761, 0.001286525915392915283 ),
 .UNSPECIFIED. ) ;
#4463 = CARTESIAN_POINT ( 'NONE',  ( 9.634173521117697092, 15.04624967968201155, 9.999999999999987566 ) ) ;
#4464 = CARTESIAN_POINT ( 'NONE',  ( 10.79833998476300749, 16.81633920198299847, 10.12712849925575931 ) ) ;
#4465 = CARTESIAN_POINT ( 'NONE',  ( -12.15158474898496799, 16.73581715081312637, 28.45649644500947417 ) ) ;
#4466 = CARTESIAN_POINT ( 'NONE',  ( 0.3772752248748835746, 36.44936986467197215, 10.55964955618269308 ) ) ;
#4467 = CARTESIAN_POINT ( 'NONE',  ( -0.2955699116956969075, 36.78705689791767952, 10.94245145560094024 ) ) ;
#4468 = CARTESIAN_POINT ( 'NONE',  ( -1.010177313989663039, 36.85873881063735524, 27.99999999999985079 ) ) ;
#4469 = ORIENTED_EDGE ( 'NONE', *, *, #4379, .T. ) ;
#4470 = CARTESIAN_POINT ( 'NONE',  ( 10.33117860299733337, 17.28470616845483931, 29.99959400276446786 ) ) ;
#4471 = CARTESIAN_POINT ( 'NONE',  ( -12.15080463608422434, 16.58130114299508762, 29.99999999999998934 ) ) ;
#4472 = CARTESIAN_POINT ( 'NONE',  ( 11.20662078534688888, 16.35266926549479649, 10.49276244184326679 ) ) ;
#4473 = CARTESIAN_POINT ( 'NONE',  ( -10.83716698439437742, 15.31614094486492128, 27.99999999999999645 ) ) ;
#4474 = CARTESIAN_POINT ( 'NONE',  ( 12.16147926730396733, 16.61032579008888632, 12.00000000000000000 ) ) ;
#4475 = CARTESIAN_POINT ( 'NONE',  ( -11.42597906862156698, 17.01038211092058816, 29.62243152184723272 ) ) ;
#4476 = CARTESIAN_POINT ( 'NONE',  ( 0.3560880390003983709, 37.01418987257660120, 11.47982072338830228 ) ) ;
#4477 = CARTESIAN_POINT ( 'NONE',  ( 11.82561067926535614, 19.21822962386870870, 27.99999999999999645 ) ) ;
#4478 = CARTESIAN_POINT ( 'NONE',  ( -0.09898719826811541722, 35.55582015017007791, 29.94900818339533188 ) ) ;
#4479 =( BOUNDED_SURFACE ( )  B_SPLINE_SURFACE ( 3, 2, ( 
 ( #4, #766, #1164 ),
 ( #2242, #1882, #52 ),
 ( #3284, #838, #1498 ),
 ( #2950, #1142, #4369 ),
 ( #2549, #2594, #1548 ),
 ( #3693, #3331, #1452 ),
 ( #433, #3721, #4438 ),
 ( #2618, #4088, #4015 ),
 ( #2265, #3359, #1474 ),
 ( #458, #742, #103 ),
 ( #2926, #2196, #3000 ),
 ( #1835, #4393, #1119 ),
 ( #4040, #864, #2759 ),
 ( #4158, #4581, #2314 ),
 ( #2692, #1306, #3765 ),
 ( #1573, #3863, #956 ),
 ( #217, #3381, #3048 ),
 ( #3813, #1958, #4223 ),
 ( #3028, #2402, #4559 ),
 ( #3116, #4491, #1235 ),
 ( #1213, #596, #127 ),
 ( #2669, #502, #571 ),
 ( #4199, #909, #1999 ),
 ( #930, #3402, #888 ),
 ( #4137, #2335, #149 ),
 ( #4178, #3447, #3069 ),
 ( #1663, #1595, #194 ),
 ( #524, #4513, #3790 ),
 ( #1282, #1979, #3092 ),
 ( #3427, #547, #171 ),
 ( #2735, #1618, #4537 ),
 ( #1258, #2714, #2357 ),
 ( #1641, #2378, #3836 ),
 ( #2024, #3470, #4290 ),
 ( #4696, #1709, #2448 ),
 ( #2826, #310, #1375 ),
 ( #241, #1045, #2114 ),
 ( #2093, #2874, #4246 ),
 ( #3563, #3886, #3517 ),
 ( #641, #3954, #1022 ),
 ( #3907, #2468, #4603 ),
 ( #1422, #4267, #2805 ),
 ( #979, #1332, #1354 ),
 ( #2427, #620, #1687 ),
 ( #4339, #1001, #3588 ),
 ( #3160, #1068, #3931 ) ),
 .UNSPECIFIED., .F., .F., .F. ) 
 B_SPLINE_SURFACE_WITH_KNOTS ( ( 4, 1, 1, 1, 1, 1, 1, 1, 1, 1, 1, 1, 1, 1, 1, 1, 1, 1, 1, 1, 1, 1, 1, 1, 1, 1, 1, 1, 1, 1, 1, 1, 1, 1, 1, 1, 1, 1, 1, 1, 1, 1, 1, 4 ),
 ( 3, 3 ),
 ( -2.406928822917819843E-17, 0.0001600121110864145748, 0.0003200242221728532188, 0.0004800363332592918900, 0.0006400484443457305070, 0.0007200544998889498154, 0.0008000605554321692323, 0.0008800666109753885408, 0.0009600726665186078493, 0.001000075694290217558, 0.001040078722061827266, 0.001080081749833436758, 0.001120084777605046466, 0.001160087805376656175, 0.001180089319262460920, 0.001200090833148265666, 0.001210091590091168148, 0.001220092347034070629, 0.001230093103976973110, 0.001240093860919875375, 0.001245094239391326615, 0.001250094617862777639, 0.001255094996334228880, 0.001260095374805680121, 0.001262595564041405632, 0.001263845658659268605, 0.001264470705968199875, 0.001265095753277131361, 0.001266345847894994117, 0.001267595942512857090, 0.001268846037130719846, 0.001269471084439651332, 0.001270096131748582602, 0.001270408655403048237, 0.001270721179057513871, 0.001270799309971130334, 0.001270877440884746797, 0.001271033702711979723, 0.001271346226366445358, 0.001271971273675376844, 0.001272596320984308114, 0.001273846415602171087, 0.001275096510220033843, 0.001280096888691485083 ),
 ( 0.000000000000000000, 1.000000000000000000 ),
 .UNSPECIFIED. ) 
 GEOMETRIC_REPRESENTATION_ITEM ( )  RATIONAL_B_SPLINE_SURFACE ( (
 ( 1.000000000000000000, 0.7071067811865477948, 1.000000000000000000),
 ( 1.000000000000000000, 0.7071067811865476838, 1.000000000000000000),
 ( 1.000000000000000000, 0.7071067811865477948, 1.000000000000000000),
 ( 1.000000000000000000, 0.7071067811865479058, 1.000000000000000000),
 ( 1.000000000000000000, 0.7071067811865480168, 1.000000000000000000),
 ( 1.000000000000000000, 0.7071067811865466846, 1.000000000000000000),
 ( 1.000000000000000000, 0.7071067811865477948, 1.000000000000000000),
 ( 1.000000000000000000, 0.7071067811865485719, 1.000000000000000000),
 ( 1.000000000000000000, 0.7071067811865476838, 1.000000000000000000),
 ( 1.000000000000000000, 0.7071067811865475727, 1.000000000000000000),
 ( 1.000000000000000000, 0.7071067811865479058, 1.000000000000000000),
 ( 1.000000000000000000, 0.7071067811865476838, 1.000000000000000000),
 ( 1.000000000000000000, 0.7071067811865477948, 1.000000000000000000),
 ( 1.000000000000000000, 0.7071067811865477948, 1.000000000000000000),
 ( 1.000000000000000000, 0.7071067811865479058, 1.000000000000000000),
 ( 1.000000000000000000, 0.7071067811865477948, 1.000000000000000000),
 ( 1.000000000000000000, 0.7071067811865477948, 1.000000000000000000),
 ( 1.000000000000000000, 0.7071067811865481278, 1.000000000000000000),
 ( 1.000000000000000000, 0.7071067811865482389, 1.000000000000000000),
 ( 1.000000000000000000, 0.7071067811865476838, 1.000000000000000000),
 ( 1.000000000000000000, 0.7071067811865477948, 1.000000000000000000),
 ( 1.000000000000000000, 0.7071067811865476838, 1.000000000000000000),
 ( 1.000000000000000000, 0.7071067811865475727, 1.000000000000000000),
 ( 1.000000000000000000, 0.7071067811865482389, 1.000000000000000000),
 ( 1.000000000000000000, 0.7071067811865464625, 1.000000000000000000),
 ( 1.000000000000000000, 0.7071067811865496822, 1.000000000000000000),
 ( 1.000000000000000000, 0.7071067811865456854, 1.000000000000000000),
 ( 1.000000000000000000, 0.7071067811865481278, 1.000000000000000000),
 ( 1.000000000000000000, 0.7071067811865476838, 1.000000000000000000),
 ( 1.000000000000000000, 0.7071067811865479058, 1.000000000000000000),
 ( 1.000000000000000000, 0.7071067811865474617, 1.000000000000000000),
 ( 1.000000000000000000, 0.7071067811865490160, 1.000000000000000000),
 ( 1.000000000000000000, 0.7071067811865461294, 1.000000000000000000),
 ( 1.000000000000000000, 0.7071067811865481278, 1.000000000000000000),
 ( 1.000000000000000000, 0.7071067811865477948, 1.000000000000000000),
 ( 1.000000000000000000, 0.7071067811865480168, 1.000000000000000000),
 ( 1.000000000000000000, 0.7071067811865477948, 1.000000000000000000),
 ( 1.000000000000000000, 0.7071067811865476838, 1.000000000000000000),
 ( 1.000000000000000000, 0.7071067811865479058, 1.000000000000000000),
 ( 1.000000000000000000, 0.7071067811865479058, 1.000000000000000000),
 ( 1.000000000000000000, 0.7071067811865477948, 1.000000000000000000),
 ( 1.000000000000000000, 0.7071067811865481278, 1.000000000000000000),
 ( 1.000000000000000000, 0.7071067811865476838, 1.000000000000000000),
 ( 1.000000000000000000, 0.7071067811865480168, 1.000000000000000000),
 ( 1.000000000000000000, 0.7071067811865477948, 1.000000000000000000),
 ( 1.000000000000000000, 0.7071067811865477948, 1.000000000000000000) ) ) 
 REPRESENTATION_ITEM ( '' )  SURFACE ( )  );
#4480 = CARTESIAN_POINT ( 'NONE',  ( 11.79219146691475650, 16.32382889508775747, 11.11509778308061769 ) ) ;
#4481 = CARTESIAN_POINT ( 'NONE',  ( 10.77210324768525318, 16.88077038650041573, 10.10501373022945870 ) ) ;
#4482 = CARTESIAN_POINT ( 'NONE',  ( 10.28360914188056441, 17.29905779119354037, 30.00000000000001066 ) ) ;
#4483 = CARTESIAN_POINT ( 'NONE',  ( 9.543841734798279575, 15.00000000000001243, 27.99999999999999645 ) ) ;
#4484 = FACE_OUTER_BOUND ( 'NONE', #4671, .T. ) ;
#4485 = CARTESIAN_POINT ( 'NONE',  ( -10.77663504869757460, 16.88647939766605788, 10.10504898961402809 ) ) ;
#4486 =( LENGTH_UNIT ( ) NAMED_UNIT ( * ) SI_UNIT ( .MILLI., .METRE. ) );
#4487 = ADVANCED_FACE ( 'NONE', ( #1572 ), #4675, .T. ) ;
#4488 = CARTESIAN_POINT ( 'NONE',  ( 0.3505236690611827077, 37.08212235978675864, 30.00000000000000711 ) ) ;
#4489 = CARTESIAN_POINT ( 'NONE',  ( -12.16075640584559459, 16.63976219278907109, 11.73739193715388396 ) ) ;
#4490 = CARTESIAN_POINT ( 'NONE',  ( 0.2784593505779951461, 37.09342348900472075, 10.00000000000000711 ) ) ;
#4491 = CARTESIAN_POINT ( 'NONE',  ( -12.26850175737327575, 17.01599529139632949, 9.999999999999996447 ) ) ;
#4492 = CARTESIAN_POINT ( 'NONE',  ( -0.008413279358814126918, 35.11118742794789682, 30.00000000000001421 ) ) ;
#4493 = EDGE_LOOP ( 'NONE', ( #1446, #3928, #4360, #2095 ) ) ;
#4494 = EDGE_CURVE ( 'NONE', #3252, #4201, #4023, .T. ) ;
#4495 = CARTESIAN_POINT ( 'NONE',  ( 10.88855321181094737, 17.08032658458494168, 29.89495091579686914 ) ) ;
#4496 = CARTESIAN_POINT ( 'NONE',  ( -12.18850014765682133, 18.27234408237007202, 28.00000000000000355 ) ) ;
#4497 = CARTESIAN_POINT ( 'NONE',  ( 11.74063362515864917, 16.91493324899088435, 10.67713617058050701 ) ) ;
#4498 = CARTESIAN_POINT ( 'NONE',  ( -11.40561685361503130, 15.63400628823945304, 29.99999999999998934 ) ) ;
#4499 = CARTESIAN_POINT ( 'NONE',  ( 12.28218892198168355, 17.02151252819254168, 27.99999999999999289 ) ) ;
#4500 = CARTESIAN_POINT ( 'NONE',  ( -10.38014258664203204, 17.27625464744565065, 30.00000714911923794 ) ) ;
#4501 = CARTESIAN_POINT ( 'NONE',  ( 0.3448900703036044124, 36.95506216451904891, 11.29358454783007737 ) ) ;
#4502 = CARTESIAN_POINT ( 'NONE',  ( -0.5244500735342090270, 37.04365363142145640, 12.00000000000000000 ) ) ;
#4503 = CARTESIAN_POINT ( 'NONE',  ( -0.3270369118062879665, 37.08578662607039433, 10.00000000000000000 ) ) ;
#4504 = CARTESIAN_POINT ( 'NONE',  ( 0.5433714391124674359, 37.03878966209563117, 28.13209036055037515 ) ) ;
#4505 = CARTESIAN_POINT ( 'NONE',  ( 9.071796769724482346, 15.00000000000000355, 28.00000000000000000 ) ) ;
#4506 = CARTESIAN_POINT ( 'NONE',  ( 0.1918249216920321076, 37.10561514545860007, 27.99999999990997068 ) ) ;
#4507 = CARTESIAN_POINT ( 'NONE',  ( 12.11701782411145878, 16.63340727235964778, 28.45617836906558296 ) ) ;
#4508 = CARTESIAN_POINT ( 'NONE',  ( -10.74490081917754836, 17.06471313233569020, 10.06716182265051174 ) ) ;
#4509 = CARTESIAN_POINT ( 'NONE',  ( 0.01287833812549075800, 35.11040339069346317, 30.00000000000001421 ) ) ;
#4510 = CARTESIAN_POINT ( 'NONE',  ( -12.17300609410984791, 16.63559390830354445, 11.86790984347033273 ) ) ;
#4511 = CARTESIAN_POINT ( 'NONE',  ( 9.150699463000513845, 15.00000000000000888, 12.00000000000000000 ) ) ;
#4512 =( LENGTH_UNIT ( ) NAMED_UNIT ( * ) SI_UNIT ( .MILLI., .METRE. ) );
#4513 = CARTESIAN_POINT ( 'NONE',  ( -12.19181351577806183, 16.69743153918348355, 10.00000000000001776 ) ) ;
#4514 = CARTESIAN_POINT ( 'NONE',  ( -0.6640543433313458310, 34.52684257485653774, 30.00000000000000000 ) ) ;
#4515 = ORIENTED_EDGE ( 'NONE', *, *, #1532, .T. ) ;
#4516 = CARTESIAN_POINT ( 'NONE',  ( 10.29945045133119308, 17.29382784353888880, 29.99999999999999289 ) ) ;
#4517 = CARTESIAN_POINT ( 'NONE',  ( -12.28586623115562304, 17.73786589682432080, 28.00000000000000000 ) ) ;
#4518 = CARTESIAN_POINT ( 'NONE',  ( 11.01472524127041375, 16.61326524162264207, 10.26371369935089994 ) ) ;
#4519 = CARTESIAN_POINT ( 'NONE',  ( -9.813287497715412755, 17.07846065763941823, 30.00000000000000000 ) ) ;
#4520 = CARTESIAN_POINT ( 'NONE',  ( 12.26372266483356910, 16.98619572058476379, 10.00000000000000000 ) ) ;
#4521 = B_SPLINE_CURVE_WITH_KNOTS ( 'NONE', 3,
 ( #3878, #1723, #2084, #3534, #634, #3900, #278, #3649, #1916, #1504, #3035, #3289 ),
 .UNSPECIFIED., .F., .F.,
 ( 4, 2, 2, 2, 2, 4 ),
 ( 0.000000000000000000, 0.0006350376996192857613, 0.0009525565494289286962, 0.001111315974333750055, 0.001190695686786165776, 0.001270075399238581714 ),
 .UNSPECIFIED. ) ;
#4522 = CARTESIAN_POINT ( 'NONE',  ( -10.28455110024960817, 17.30055256842695499, 30.00000000000000000 ) ) ;
#4523 = CARTESIAN_POINT ( 'NONE',  ( -0.4908504842476015817, 36.92010261187505193, 11.29290752964836386 ) ) ;
#4524 = CARTESIAN_POINT ( 'NONE',  ( 11.23510723210088535, 16.32344178214642128, 10.53508636093097373 ) ) ;
#4525 = CARTESIAN_POINT ( 'NONE',  ( -0.3208175200688640483, 37.08681073465475464, 10.00000000000000000 ) ) ;
#4526 = CARTESIAN_POINT ( 'NONE',  ( 0.4707644710616629147, 36.78113218678359431, 29.00167907809086287 ) ) ;
#4527 = CARTESIAN_POINT ( 'NONE',  ( 12.15480648373024053, 16.53765438495380735, 28.00000000000000000 ) ) ;
#4528 = CARTESIAN_POINT ( 'NONE',  ( -0.4141970365224046935, 36.96307946222533758, 28.64553617038707500 ) ) ;
#4529 = CARTESIAN_POINT ( 'NONE',  ( 11.55626008453613807, 15.99391018556638855, 28.82735648325391509 ) ) ;
#4530 = ADVANCED_FACE ( 'NONE', ( #2054 ), #723, .T. ) ;
#4531 = CARTESIAN_POINT ( 'NONE',  ( -11.48157745164061971, 16.09457911053436519, 29.05844844589459086 ) ) ;
#4532 = DIRECTION ( 'NONE',  ( 0.000000000000000000, 1.000000000000000000, 0.000000000000000000 ) ) ;
#4533 = CARTESIAN_POINT ( 'NONE',  ( 1.288697317911384088, 36.69116651249521510, 27.99999999999999289 ) ) ;
#4534 = CARTESIAN_POINT ( 'NONE',  ( -12.00397444593230745, 16.78061606735555245, 11.11399637715218169 ) ) ;
#4535 = CARTESIAN_POINT ( 'NONE',  ( 0.2738171291559873266, 37.09407209578279208, 11.99999999999999822 ) ) ;
#4536 = CARTESIAN_POINT ( 'NONE',  ( -11.75096107385993527, 16.37418851931581898, 29.00019671377209818 ) ) ;
#4537 = CARTESIAN_POINT ( 'NONE',  ( -12.17260735335434063, 16.64019386089533370, 12.00000000000000178 ) ) ;
#4538 = CIRCLE ( 'NONE', #2626, 2.000000000000000444 ) ;
#4539 = CARTESIAN_POINT ( 'NONE',  ( -0.002785188749419341761, 35.11225141087016510, 30.00000000000000000 ) ) ;
#4540 = ORIENTED_EDGE ( 'NONE', *, *, #793, .F. ) ;
#4541 = CARTESIAN_POINT ( 'NONE',  ( 10.55027738159107642, 17.17482552895951287, 29.98057389321689215 ) ) ;
#4542 = CARTESIAN_POINT ( 'NONE',  ( -10.17945458171483786, 17.99611193836041068, 30.00000000000000711 ) ) ;
#4543 = CARTESIAN_POINT ( 'NONE',  ( -9.393685923584886410, 15.00601237351153472, 30.00000000000000000 ) ) ;
#4544 = CARTESIAN_POINT ( 'NONE',  ( 10.29537175353784129, 17.34437103853822393, 10.00000000000000000 ) ) ;
#4545 = CARTESIAN_POINT ( 'NONE',  ( -10.76606521925604731, 17.17814087721048821, 29.93773749910914006 ) ) ;
#4546 = CARTESIAN_POINT ( 'NONE',  ( 0.4568038767286978219, 37.06245302646325257, 11.86786309120790150 ) ) ;
#4547 = CARTESIAN_POINT ( 'NONE',  ( 11.26945674333515868, 16.28819433438038899, 10.58267995428811759 ) ) ;
#4548 = CARTESIAN_POINT ( 'NONE',  ( -0.3308670840296188409, 37.08515933922732444, 12.00000000000000000 ) ) ;
#4549 = CARTESIAN_POINT ( 'NONE',  ( 0.1749448951511958505, 35.73136895987637729, 29.89537257937762149 ) ) ;
#4550 = CARTESIAN_POINT ( 'NONE',  ( 11.67083389931115711, 15.85054525564236982, 28.00000000000000000 ) ) ;
#4551 = CARTESIAN_POINT ( 'NONE',  ( -0.4371150366903608919, 37.06660197550164781, 27.99999999990996358 ) ) ;
#4552 = CARTESIAN_POINT ( 'NONE',  ( -10.28455231187830421, 17.30055473308395619, 10.00000000000000000 ) ) ;
#4553 = SHAPE_DEFINITION_REPRESENTATION ( #4055, #3801 ) ;
#4554 = CARTESIAN_POINT ( 'NONE',  ( 0.2790694179558980137, 36.30064055867050143, 10.40869621563227199 ) ) ;
#4555 = CARTESIAN_POINT ( 'NONE',  ( 1.904389971960037897, 36.16253799001083991, 30.00000000000001776 ) ) ;
#4556 = CARTESIAN_POINT ( 'NONE',  ( -11.56877372992697239, 16.00672170462993549, 11.17265021374607414 ) ) ;
#4557 = CARTESIAN_POINT ( 'NONE',  ( 10.27534165106296271, 17.28966738716945173, 9.999999999999998224 ) ) ;
#4558 = CARTESIAN_POINT ( 'NONE',  ( -11.93138452947827943, 16.88193224502559886, 29.05845716875883511 ) ) ;
#4559 = CARTESIAN_POINT ( 'NONE',  ( -12.27809061701063698, 17.07992845268851667, 12.00000000000000711 ) ) ;
#4560 = CARTESIAN_POINT ( 'NONE',  ( 10.05987782265511754, 17.16018935138000856, 10.00000000000000178 ) ) ;
#4561 = ORIENTED_EDGE ( 'NONE', *, *, #465, .F. ) ;
#4562 = CARTESIAN_POINT ( 'NONE',  ( 10.61491544523279984, 16.98860387084792833, 10.05097057560392670 ) ) ;
#4563 = CARTESIAN_POINT ( 'NONE',  ( -12.22386278016674588, 16.80758487395407030, 11.99999999998545341 ) ) ;
#4564 = CARTESIAN_POINT ( 'NONE',  ( -12.14551600147573929, 18.42438721950358271, 29.99999999999999289 ) ) ;
#4565 = CARTESIAN_POINT ( 'NONE',  ( -11.76230619098340213, 15.95212885077768128, 30.00000000000000000 ) ) ;
#4566 = CARTESIAN_POINT ( 'NONE',  ( 12.22028228694298413, 18.17212266392847297, 10.00000000000000000 ) ) ;
#4567 = DIRECTION ( 'NONE',  ( -0.000000000000000000, -0.000000000000000000, -1.000000000000000000 ) ) ;
#4568 = CARTESIAN_POINT ( 'NONE',  ( -0.07189864496155415341, 36.93567190861045191, 11.17399237154951130 ) ) ;
#4569 = CARTESIAN_POINT ( 'NONE',  ( 12.22038986745038081, 18.17156935329935052, 30.00000000000000000 ) ) ;
#4570 = CARTESIAN_POINT ( 'NONE',  ( -0.3149073768280273300, 37.08777849581804276, 10.00000000000000000 ) ) ;
#4571 = CARTESIAN_POINT ( 'NONE',  ( 11.93512974639755519, 19.00156167459807577, 12.00000000000000000 ) ) ;
#4572 = CARTESIAN_POINT ( 'NONE',  ( -10.04397364959637251, 18.31614025011812785, 10.00000000000000178 ) ) ;
#4573 = CARTESIAN_POINT ( 'NONE',  ( 11.93940381183779387, 16.78208211539814343, 29.00134182693635410 ) ) ;
#4574 = CYLINDRICAL_SURFACE ( 'NONE', #3151, 2.000000000000000000 ) ;
#4575 = CARTESIAN_POINT ( 'NONE',  ( -10.99019152567746360, 15.37423206056966407, 27.99999999999999645 ) ) ;
#4576 = CARTESIAN_POINT ( 'NONE',  ( 0.3193138863318819021, 36.81770868937578456, 10.99914896839021949 ) ) ;
#4577 = CARTESIAN_POINT ( 'NONE',  ( 2.558701598303199987, 35.28101175143319068, 28.00000000000111200 ) ) ;
#4578 = CARTESIAN_POINT ( 'NONE',  ( -11.67955823066020571, 16.32853161154739396, 10.94294262992382905 ) ) ;
#4579 = CARTESIAN_POINT ( 'NONE',  ( 10.27733294558546717, 17.29174840776451205, 10.00000000000000178 ) ) ;
#4580 = CARTESIAN_POINT ( 'NONE',  ( -11.67951164530750852, 16.01616157347782377, 28.64553617047875989 ) ) ;
#4581 = CARTESIAN_POINT ( 'NONE',  ( -12.30148798407997823, 17.50054801473630306, 10.00000000000000355 ) ) ;
#4582 = CARTESIAN_POINT ( 'NONE',  ( -9.071796769724489451, 17.00000000000000000, 27.99999999999999645 ) ) ;
#4583 = ORIENTED_EDGE ( 'NONE', *, *, #1728, .T. ) ;
#4584 = CARTESIAN_POINT ( 'NONE',  ( 10.45865571763896540, 17.25332062836024960, 10.00521688822811406 ) ) ;
#4585 = CARTESIAN_POINT ( 'NONE',  ( 10.29645063113167858, 17.28868629524277978, 30.00000000000000000 ) ) ;
#4586 = CARTESIAN_POINT ( 'NONE',  ( -12.23111332056272360, 16.83546783473662600, 27.99999999999998934 ) ) ;
#4587 = CARTESIAN_POINT ( 'NONE',  ( 0.8660254037844343777, 34.21281292110202088, 10.00000000000000000 ) ) ;
#4588 = CARTESIAN_POINT ( 'NONE',  ( 12.21861250420193201, 16.78875950693173991, 28.13208924084956308 ) ) ;
#4589 = CARTESIAN_POINT ( 'NONE',  ( 10.18867064591070637, 17.97165778962320815, 10.00000000000000000 ) ) ;
#4590 = CARTESIAN_POINT ( 'NONE',  ( -11.66987298107780369, 19.49999999999999645, 30.00000000000000000 ) ) ;
#4591 = CARTESIAN_POINT ( 'NONE',  ( 0.0006379209085109772146, 35.11281269567290053, 30.00000000000000000 ) ) ;
#4592 = CARTESIAN_POINT ( 'NONE',  ( 11.86087387279807714, 16.06932650794793105, 27.99999999999998579 ) ) ;
#4593 = CARTESIAN_POINT ( 'NONE',  ( 9.496202713427660314, 17.01577444973647602, 30.00000000000000355 ) ) ;
#4594 = CARTESIAN_POINT ( 'NONE',  ( -0.3790556933275615603, 36.80519241017511689, 29.00134182697880192 ) ) ;
#4595 = CARTESIAN_POINT ( 'NONE',  ( 11.91001757025802377, 16.53649377726365088, 28.88498347080698991 ) ) ;
#4596 = DIRECTION ( 'NONE',  ( -0.4999999999999999445, 0.8660254037844387076, 0.000000000000000000 ) ) ;
#4597 = CARTESIAN_POINT ( 'NONE',  ( -12.30353652726131486, 17.66729418421361686, 12.00000000000000355 ) ) ;
#4598 = CARTESIAN_POINT ( 'NONE',  ( -0.3192611412539955729, 36.28914137930402717, 10.40838738668537111 ) ) ;
#4599 = CARTESIAN_POINT ( 'NONE',  ( 2.598076211353312015, 35.21281292110202088, 27.99999999999999645 ) ) ;
#4600 = CARTESIAN_POINT ( 'NONE',  ( -12.05211201511584207, 16.67755894061313882, 11.29358454782904353 ) ) ;
#4601 = CARTESIAN_POINT ( 'NONE',  ( 10.90878682459211646, 15.34891924461078005, 11.99999999999998934 ) ) ;
#4602 = CARTESIAN_POINT ( 'NONE',  ( -11.71959593911757835, 16.09527724115104519, 28.70636453059544380 ) ) ;
#4603 = CARTESIAN_POINT ( 'NONE',  ( -12.13854493507980514, 16.55041361386651033, 11.99999999999999645 ) ) ;
#4604 = CARTESIAN_POINT ( 'NONE',  ( -0.3309041530289055788, 37.08515797045688345, 29.99999999999998579 ) ) ;
#4605 = ORIENTED_EDGE ( 'NONE', *, *, #255, .T. ) ;
#4606 = CARTESIAN_POINT ( 'NONE',  ( 10.60054129334941742, 16.97455737155832622, 10.05085112197442143 ) ) ;
#4607 = CARTESIAN_POINT ( 'NONE',  ( -11.28348648220735484, 16.29414415666218474, 10.58863441276242945 ) ) ;
#4608 = CARTESIAN_POINT ( 'NONE',  ( -11.79885671799628000, 15.99380657626606528, 12.00000000000000000 ) ) ;
#4609 = CARTESIAN_POINT ( 'NONE',  ( 11.94088741773532192, 16.17059813046644123, 11.99999999998544631 ) ) ;
#4610 = PRODUCT_DEFINITION_FORMATION_WITH_SPECIFIED_SOURCE ( 'ANY', '', #2045, .NOT_KNOWN. ) ;
#4611 = CARTESIAN_POINT ( 'NONE',  ( 9.071796769724482346, 15.00000000000000355, 30.00000000000000000 ) ) ;
#4612 = CARTESIAN_POINT ( 'NONE',  ( 12.22858112241493345, 16.81967845465671374, 12.00000000000000711 ) ) ;
#4613 = CARTESIAN_POINT ( 'NONE',  ( -0.02893783597059591817, 35.22157937117282955, 10.00315049990187077 ) ) ;
#4614 = CARTESIAN_POINT ( 'NONE',  ( -2.598076211353319120, 35.21281292110202799, 10.00000000000000000 ) ) ;
#4615 = CARTESIAN_POINT ( 'NONE',  ( 11.86062192441405294, 16.06900481740713005, 28.00000000000000355 ) ) ;
#4616 = CARTESIAN_POINT ( 'NONE',  ( -10.30173393955357675, 17.43259863311733682, 29.99999999999999289 ) ) ;
#4617 = CARTESIAN_POINT ( 'NONE',  ( -0.06841189278037979049, 36.84594300803853173, 29.00019671387154574 ) ) ;
#4618 = CARTESIAN_POINT ( 'NONE',  ( -11.61949997926058842, 15.95562568869711129, 28.64575825029271172 ) ) ;
#4619 = CARTESIAN_POINT ( 'NONE',  ( -12.26304061114378463, 16.96269525746223650, 12.00000000000000355 ) ) ;
#4620 = CARTESIAN_POINT ( 'NONE',  ( -0.05978481390432205389, 35.81566277945337617, 10.12765054578815338 ) ) ;
#4621 = CARTESIAN_POINT ( 'NONE',  ( 0.08770256141532918603, 35.08073393642270332, 30.00000000000001421 ) ) ;
#4622 = CARTESIAN_POINT ( 'NONE',  ( -11.96442157192613465, 16.87353444622226561, 10.99832111090907993 ) ) ;
#4623 = EDGE_CURVE ( 'NONE', #4721, #1024, #1256, .T. ) ;
#4624 = CARTESIAN_POINT ( 'NONE',  ( 11.60416316863874719, 15.79419861617420473, 12.00000000000000888 ) ) ;
#4625 = CARTESIAN_POINT ( 'NONE',  ( -11.66327721828866792, 16.03108326692951380, 28.70683836950157541 ) ) ;
#4626 = CARTESIAN_POINT ( 'NONE',  ( -11.88948644209900074, 19.08454567083594000, 12.00000000000001066 ) ) ;
#4627 = CARTESIAN_POINT ( 'NONE',  ( -0.002575979737926067849, 35.11228621424715612, 30.00000000000000000 ) ) ;
#4628 = ORIENTED_EDGE ( 'NONE', *, *, #2967, .T. ) ;
#4629 = CARTESIAN_POINT ( 'NONE',  ( 10.72254363218878659, 17.18366549676400368, 10.05086191113828598 ) ) ;
#4630 = CARTESIAN_POINT ( 'NONE',  ( -11.82046846435375365, 16.00792580899821971, 11.99999999998545341 ) ) ;
#4631 = CARTESIAN_POINT ( 'NONE',  ( -10.08741827790590406, 18.21694176855590541, 30.00000000000000355 ) ) ;
#4632 = CARTESIAN_POINT ( 'NONE',  ( 0.1734343486896796904, 35.03039724091750884, 10.00000000000000178 ) ) ;
#4633 = CARTESIAN_POINT ( 'NONE',  ( 12.15300695931314401, 16.80607691327135811, 28.52064720667261355 ) ) ;
#4634 = CARTESIAN_POINT ( 'NONE',  ( 0.1605422337261065979, 35.68030447847378639, 10.08833149106917837 ) ) ;
#4635 = CARTESIAN_POINT ( 'NONE',  ( -0.05703852630696464032, 35.32491373831419423, 10.01202672150902906 ) ) ;
#4636 = CARTESIAN_POINT ( 'NONE',  ( -0.7179826871105138286, 36.98400397297321263, 9.999999999999982236 ) ) ;
#4637 = CARTESIAN_POINT ( 'NONE',  ( 11.72810740777257443, 15.91497602647869414, 29.99999999999998579 ) ) ;
#4638 = CARTESIAN_POINT ( 'NONE',  ( 11.68049140026598742, 15.86643815954198722, 27.99999999999999645 ) ) ;
#4639 = CARTESIAN_POINT ( 'NONE',  ( 0.4100718333782710223, 36.86184505195529226, 28.88600375112268992 ) ) ;
#4640 = CARTESIAN_POINT ( 'NONE',  ( -11.23850900402367614, 15.50437568179839154, 27.99999999999999645 ) ) ;
#4641 = CARTESIAN_POINT ( 'NONE',  ( 0.02656983752834270879, 35.62940696487675041, 10.06716182265238757 ) ) ;
#4642 = CARTESIAN_POINT ( 'NONE',  ( -10.25657236829810692, 17.27244462380385315, 10.00000000000000000 ) ) ;
#4643 = CYLINDRICAL_SURFACE ( 'NONE', #4083, 2.000000000000000000 ) ;
#4644 = CARTESIAN_POINT ( 'NONE',  ( -10.86302576057636315, 16.89679990308527380, 10.12765054576299129 ) ) ;
#4645 = CARTESIAN_POINT ( 'NONE',  ( 10.00422325062139528, 17.13891398480089379, 10.00000000000000711 ) ) ;
#4646 = CARTESIAN_POINT ( 'NONE',  ( -11.78468794477432091, 16.77198760089351737, 29.22139966589264759 ) ) ;
#4647 = CARTESIAN_POINT ( 'NONE',  ( -11.72804593525965622, 19.39924036115392525, 12.00000000000000000 ) ) ;
#4648 = DIRECTION ( 'NONE',  ( -0.5000000000000005551, -0.8660254037844384856, 0.000000000000000000 ) ) ;
#4649 = ORIENTED_EDGE ( 'NONE', *, *, #3995, .F. ) ;
#4650 = CARTESIAN_POINT ( 'NONE',  ( 10.28391191050745945, 17.29944552537243752, 10.00000000000000000 ) ) ;
#4651 = CARTESIAN_POINT ( 'NONE',  ( -10.82779482820651218, 16.75324644624705428, 10.15428016297823532 ) ) ;
#4652 = CARTESIAN_POINT ( 'NONE',  ( -10.28275773391833958, 17.29836183749516465, 10.00000000000000000 ) ) ;
#4653 = CARTESIAN_POINT ( 'NONE',  ( 2.336779319847757108, 35.62831258215328489, 10.00000000000000000 ) ) ;
#4654 = CARTESIAN_POINT ( 'NONE',  ( -0.5244428301486389055, 37.04365553472236883, 27.99999999990996358 ) ) ;
#4655 = CARTESIAN_POINT ( 'NONE',  ( -11.25530193762090292, 17.05374055868826844, 10.26343499483705557 ) ) ;
#4656 = CARTESIAN_POINT ( 'NONE',  ( -0.05263092119160685950, 35.30870029972052748, 10.01026587175039495 ) ) ;
#4657 = CARTESIAN_POINT ( 'NONE',  ( -1.874868071685892978, 36.19858667628245996, 10.00000000000000533 ) ) ;
#4658 = CARTESIAN_POINT ( 'NONE',  ( 11.86074551919239717, 16.06916263911659470, 29.99999999999999289 ) ) ;
#4659 = CARTESIAN_POINT ( 'NONE',  ( -10.29466248272353113, 17.32551471271269250, 30.00000000000000000 ) ) ;
#4660 = CARTESIAN_POINT ( 'NONE',  ( 0.4875223832729742024, 36.84060032693297870, 28.88628020247401551 ) ) ;
#4661 = CARTESIAN_POINT ( 'NONE',  ( 0.02338357296088680246, 35.56608832678496412, 10.05128895529040278 ) ) ;
#4662 = ADVANCED_FACE ( 'NONE', ( #480 ), #2616, .F. ) ;
#4663 = CARTESIAN_POINT ( 'NONE',  ( -11.62818106216801262, 15.81556169491317476, 12.00000000000000000 ) ) ;
#4664 = CARTESIAN_POINT ( 'NONE',  ( 11.68049140026599098, 15.86643815954198722, 28.13209036055039647 ) ) ;
#4665 = CARTESIAN_POINT ( 'NONE',  ( -11.70654622322714822, 16.79964083622539661, 10.67799811705656765 ) ) ;
#4666 = EDGE_LOOP ( 'NONE', ( #4649, #336, #526, #4628 ) ) ;
#4667 = CARTESIAN_POINT ( 'NONE',  ( 11.86028384071534170, 16.06782396454327255, 9.999999999999998224 ) ) ;
#4668 = CARTESIAN_POINT ( 'NONE',  ( -11.80714224360860776, 16.84035329302116324, 29.22194244669245577 ) ) ;
#4669 = CARTESIAN_POINT ( 'NONE',  ( -12.14830701162478022, 18.43582081789821814, 12.00000000000000000 ) ) ;
#4670 = CARTESIAN_POINT ( 'NONE',  ( 0.4314494767746952508, 34.81137727666601478, 29.99999999999999645 ) ) ;
#4671 = EDGE_LOOP ( 'NONE', ( #2316, #3449, #3745 ) ) ;
#4672 = CARTESIAN_POINT ( 'NONE',  ( 1.915687020747898428, 36.15923853664181564, 11.99999999999999822 ) ) ;
#4673 = CARTESIAN_POINT ( 'NONE',  ( -11.82936343172274896, 16.03028743367301701, 12.00000000000000000 ) ) ;
#4674 = CARTESIAN_POINT ( 'NONE',  ( 0.6044036073708758394, 37.02131420143603435, 12.00000000000000000 ) ) ;
#4675 = B_SPLINE_SURFACE_WITH_KNOTS ( 'NONE', 3, 3, ( 
 ( #386, #789, #2593, #2264, #2691, #2241, #3692, #1497, #3789, #887 ),
 ( #148, #51, #2974, #2334, #1933, #1881, #4157, #3027, #1594, #523 ),
 ( #4136, #2949, #4415, #1163, #3330, #1141, #4063, #432, #4437, #2645 ),
 ( #102, #3720, #1908, #3358, #1547, #2999, #501, #863, #4465, #4112 ),
 ( #837, #2291, #1212, #2668, #2313, #3764, #1957, #3401, #3446, #1000 ),
 ( #193, #4580, #4245, #2783, #1353, #1662, #2804, #1998, #1978, #216 ),
 ( #1305, #4625, #4602, #1331, #3159, #2047, #4266, #3426, #2734, #3138 ),
 ( #4222, #1257, #2447, #595, #2069, #3906, #570, #4198, #929, #3835 ),
 ( #3885, #262, #1708, #2401, #908, #170, #3494, #1616, #2758, #3068 ),
 ( #3516, #1640, #1686, #2713, #4536, #2023, #4177, #978, #3469, #2377 ),
 ( #2356, #240, #3812, #3091, #546, #3115, #619, #955, #2426, #4558 ),
 ( #3862, #1281, #21, #2847, #1395, #1829, #2825, #4646, #4668, #3276 ),
 ( #4289, #3540, #1113, #2918, #4313, #2189, #640, #309, #4386, #1067 ),
 ( #1467, #710, #3638, #2564, #3201, #1445, #380, #1730, #1044, #663 ),
 ( #2092, #285, #1374, #4695, #1021, #2139, #2467, #3180, #2490, #3930 ),
 ( #2541, #2897, #2113, #3953, #685, #3562, #3587, #1752, #333, #1776 ),
 ( #3226, #1421, #2514, #2873, #4338, #3979, #2164, #1089, #3613, #357 ),
 ( #1805, #4008, #3250, #4720, #4362, #735, #1852, #3660, #4031, #404 ),
 ( #759, #2212, #2152, #3648, #4682, #56, #2527, #1409, #2930, #1077 ),
 ( #2859, #3575, #4019, #1056, #698, #2955, #3993, #1123, #2885, #3288 ),
 ( #4396, #1765, #4350, #4373, #2501, #2575, #721, #4421, #3672, #3311 ),
 ( #675, #4044, #1433, #4707, #2906, #2176, #747, #1503, #3600, #1817 ),
 ( #1147, #3943, #770, #3626, #2223, #2126, #415, #323, #391, #3215 ),
 ( #368, #32, #3263, #2200, #1864, #4326, #3965, #345, #1480, #1456 ),
 ( #1102, #1790, #3238, #9, #2553, #1840, #2832, #3122, #1693, #316 ),
 ( #2120, #3869, #3569, #2765, #1759, #4205, #4229, #3892, #3547, #2099 ) ),
 .UNSPECIFIED., .F., .F., .F.,
 ( 4, 2, 2, 2, 2, 2, 2, 2, 2, 2, 2, 1, 1, 4 ),
 ( 4, 2, 2, 2, 4 ),
 ( 0.000000000000000000, 0.1250000000000000000, 0.1875000000000000000, 0.2500000000000000000, 0.3125000000000000000, 0.3750000000000000000, 0.5000000000000000000, 0.6250000000000000000, 0.7500000000000000000, 0.8125000000000000000, 0.8750000000000000000, 0.9687500000000000000, 0.9843750000000000000, 1.000000000000000000 ),
 ( 0.000000000000000000, 0.2500000000000000000, 0.5000000000000000000, 0.7500000000000000000, 1.000000000000000000 ),
 .UNSPECIFIED. ) ;
#4676 = CARTESIAN_POINT ( 'NONE',  ( -1.910099474054363533, 36.16538484243915264, 28.00000000000000000 ) ) ;
#4677 = CARTESIAN_POINT ( 'NONE',  ( 0.02963051476981291496, 35.21754749044919208, 10.00282321967893573 ) ) ;
#4678 = CARTESIAN_POINT ( 'NONE',  ( -0.5546712040612953309, 37.05338110283984321, 28.00000000000000000 ) ) ;
#4679 = CARTESIAN_POINT ( 'NONE',  ( 11.69655205911292661, 16.29319293980136862, 29.00035529427217540 ) ) ;
#4680 = CARTESIAN_POINT ( 'NONE',  ( -1.101379896686264681, 36.80781400016245897, 12.00000000000000000 ) ) ;
#4681 = VECTOR ( 'NONE', #100, 999.9999999999998863 ) ;
#4682 = CARTESIAN_POINT ( 'NONE',  ( -10.82791122079858503, 16.95684216887337215, 29.89467796511657838 ) ) ;
#4683 = CARTESIAN_POINT ( 'NONE',  ( 10.15484792788462975, 17.20585205181103561, 30.00000000000000711 ) ) ;
#4684 = CARTESIAN_POINT ( 'NONE',  ( 11.27420389488749208, 16.28332411267525259, 29.41051657611869175 ) ) ;
#4685 = VECTOR ( 'NONE', #287, 999.9999999999998863 ) ;
#4686 = CARTESIAN_POINT ( 'NONE',  ( -0.3477019397823907232, 36.66477081002952332, 29.22190053853978142 ) ) ;
#4687 = CARTESIAN_POINT ( 'NONE',  ( 10.67666533257347083, 16.96260047270038385, 10.06693662269616851 ) ) ;
#4688 = CARTESIAN_POINT ( 'NONE',  ( -0.03512004406959898239, 35.99927385062556340, 10.20310494421193148 ) ) ;
#4689 = ADVANCED_FACE ( 'NONE', ( #2332 ), #2672, .T. ) ;
#4690 = CARTESIAN_POINT ( 'NONE',  ( -11.20145627275864975, 15.49867668787627117, 10.00000000000000000 ) ) ;
#4691 = FACE_OUTER_BOUND ( 'NONE', #1755, .T. ) ;
#4692 = CARTESIAN_POINT ( 'NONE',  ( -11.25531430101280961, 17.05378846803376192, 10.26343468493779731 ) ) ;
#4693 = ORIENTED_EDGE ( 'NONE', *, *, #3039, .F. ) ;
#4694 = CARTESIAN_POINT ( 'NONE',  ( 11.77555420737993863, 15.96663637098817290, 10.00000000000000000 ) ) ;
#4695 = CARTESIAN_POINT ( 'NONE',  ( -11.28507286703507972, 16.60286049603498171, 29.59034375265624561 ) ) ;
#4696 = CARTESIAN_POINT ( 'NONE',  ( -10.28530998772534488, 17.30242940594006740, 10.00000000000001066 ) ) ;
#4697 = ORIENTED_EDGE ( 'NONE', *, *, #503, .F. ) ;
#4698 = CARTESIAN_POINT ( 'NONE',  ( -0.5043812006571865014, 36.96967970777496504, 28.60774137525078231 ) ) ;
#4699 = CARTESIAN_POINT ( 'NONE',  ( -11.66987298107780369, 19.49999999999999645, 30.00000000000000000 ) ) ;
#4700 = CARTESIAN_POINT ( 'NONE',  ( 0.007587741033642714759, 35.11163319753146084, 9.999999999999973355 ) ) ;
#4701 = CARTESIAN_POINT ( 'NONE',  ( 11.75282905780808029, 16.04093023643166660, 11.47982072331680570 ) ) ;
#4702 = PLANE ( 'NONE',  #1249 ) ;
#4703 = CARTESIAN_POINT ( 'NONE',  ( 0.09748679545112523548, 35.45649445346833062, 10.03195174578445226 ) ) ;
#4704 = CARTESIAN_POINT ( 'NONE',  ( 0.2887497554325191840, 37.09665517568006265, 12.00000000000000000 ) ) ;
#4705 = CARTESIAN_POINT ( 'NONE',  ( 10.90856527867253511, 16.97170806122596431, 29.87229293459665058 ) ) ;
#4706 = CARTESIAN_POINT ( 'NONE',  ( -0.8127197209848304738, 34.30514108159047737, 10.00000000000000000 ) ) ;
#4707 = CARTESIAN_POINT ( 'NONE',  ( -10.52565913017452282, 17.13218546663480168, 29.98057389329644806 ) ) ;
#4708 = CARTESIAN_POINT ( 'NONE',  ( 10.55598951391841211, 15.21295213365048937, 27.99999999999998224 ) ) ;
#4709 = CARTESIAN_POINT ( 'NONE',  ( -0.09937472879252598479, 35.07539085842336135, 29.99999999999998224 ) ) ;
#4710 = CARTESIAN_POINT ( 'NONE',  ( 10.62950414436893354, 16.94485934708793806, 10.06093822178930353 ) ) ;
#4711 = B_SPLINE_CURVE_WITH_KNOTS ( 'NONE', 3,
 ( #1909, #816, #28, #411, #2570, #1097, #3307, #1934, #2975, #790, #76, #4416 ),
 .UNSPECIFIED., .F., .F.,
 ( 4, 2, 2, 2, 2, 4 ),
 ( 0.000000000000000000, 8.124605527222111367E-05, 0.0001624921105444422273, 0.0003249842210888846173, 0.0006499684421777590431, 0.001299936884355497486 ),
 .UNSPECIFIED. ) ;
#4712 = CARTESIAN_POINT ( 'NONE',  ( 12.26374855740802872, 16.98633724331247308, 30.00000000000000000 ) ) ;
#4713 = CARTESIAN_POINT ( 'NONE',  ( -0.0007840697165235694039, 35.12926605850357475, 10.00000000000000000 ) ) ;
#4714 = CARTESIAN_POINT ( 'NONE',  ( 11.77881452057325440, 16.75645136114886569, 10.77866756858189845 ) ) ;
#4715 = CARTESIAN_POINT ( 'NONE',  ( -11.62818009760982640, 15.81556278501615154, 10.00000000000000000 ) ) ;
#4716 = CARTESIAN_POINT ( 'NONE',  ( 11.79427614971297977, 16.00500033866298821, 28.26260808565137594 ) ) ;
#4717 = CARTESIAN_POINT ( 'NONE',  ( -11.02165674072333701, 16.62116690038847011, 10.26375228343768775 ) ) ;
#4718 = EDGE_LOOP ( 'NONE', ( #355, #4340, #4540, #2116 ) ) ;
#4719 = CARTESIAN_POINT ( 'NONE',  ( 10.28475036494727490, 17.30052026001551368, 10.00000000000000355 ) ) ;
#4720 = CARTESIAN_POINT ( 'NONE',  ( -10.86302600235061000, 16.89679998382019832, 29.87234941734361371 ) ) ;
#4721 = VERTEX_POINT ( 'NONE', #4385 ) ;
#4722 = CARTESIAN_POINT ( 'NONE',  ( 0.06206749778381774607, 36.33103066124208880, 29.59026542402504845 ) ) ;
#4723 = NEXT_ASSEMBLY_USAGE_OCCURRENCE ( 'NAUO1', ' ', ' ', #3984, #608, $ ) ;
ENDSEC;
END-ISO-10303-21;
