ISO-10303-21;
HEADER;
FILE_DESCRIPTION (( 'STEP AP214' ),
    '1' );
FILE_NAME ('SM_PuzzleCube_Center.stp',
    '2026-08-22T01:08:28',
    ( '' ),
    ( '' ),
    'SwSTEP 2.0',
    'SolidWorks 2025',
    '' );
FILE_SCHEMA (( 'AUTOMOTIVE_DESIGN' ));
ENDSEC;

DATA;
#1 = CARTESIAN_POINT ( 'NONE',  ( 0.000000000000000000, 0.000000000000000000, 0.000000000000000000 ) ) ;
#2 = VERTEX_POINT ( 'NONE', #3962 ) ;
#3 = DIRECTION ( 'NONE',  ( 0.000000000000000000, -3.491481338843132961E-15, 1.000000000000000000 ) ) ;
#4 = CARTESIAN_POINT ( 'NONE',  ( 0.000000000000000000, -3.633180424916988116, -0.7000000000000121680 ) ) ;
#5 = CIRCLE ( 'NONE', #3537, 1.962141687034858695 ) ;
#6 = CIRCLE ( 'NONE', #3335, 3.633180424916990336 ) ;
#7 = EDGE_CURVE ( 'NONE', #3908, #2423, #689, .T. ) ;
#8 = AXIS2_PLACEMENT_3D ( 'NONE', #3565, #642, #1942 ) ;
#9 = DIRECTION ( 'NONE',  ( 0.000000000000000000, 0.000000000000000000, -1.000000000000000000 ) ) ;
#10 = DIRECTION ( 'NONE',  ( 0.000000000000000000, -1.000000000000000000, -3.491481338843133355E-15 ) ) ;
#11 = PLANE ( 'NONE',  #1304 ) ;
#12 = CARTESIAN_POINT ( 'NONE',  ( -0.7488049375311710554, 0.9820220972479356547, -2.734242061544442937 ) ) ;
#13 = ORIENTED_EDGE ( 'NONE', *, *, #410, .T. ) ;
#14 = CARTESIAN_POINT ( 'NONE',  ( 3.498973458826135641, -0.8021954603231647996, -0.8966317885524514031 ) ) ;
#15 = ORIENTED_EDGE ( 'NONE', *, *, #878, .T. ) ;
#16 = CARTESIAN_POINT ( 'NONE',  ( 0.7646441775280548026, -0.9518631059113050741, -3.492906083066881440 ) ) ;
#17 = EDGE_LOOP ( 'NONE', ( #900, #2533, #3475, #1674 ) ) ;
#18 = VECTOR ( 'NONE', #26, 100.0000000000000000 ) ;
#19 = DIRECTION ( 'NONE',  ( 0.000000000000000000, 0.000000000000000000, 1.000000000000000000 ) ) ;
#20 = CARTESIAN_POINT ( 'NONE',  ( 3.429285639896451077, 0.6999999999999992895, -1.199999999999995515 ) ) ;
#21 = DIRECTION ( 'NONE',  ( 0.000000000000000000, 1.000000000000000000, 3.470020556479638621E-15 ) ) ;
#22 = CARTESIAN_POINT ( 'NONE',  ( 1.200000000000003730, 0.6999999999999992895, -3.429285639896448412 ) ) ;
#23 = B_SPLINE_CURVE_WITH_KNOTS ( 'NONE', 3,
 ( #3428, #1145, #2102, #4080, #3743, #464, #487, #3400, #3102, #826, #511, #195, #2129, #1497, #1791, #3078, #2779, #149, #1475, #1173 ),
 .UNSPECIFIED., .F., .F.,
 ( 4, 2, 2, 2, 2, 2, 2, 2, 2, 4 ),
 ( 0.000000000000000000, 0.0009981962494525638795, 0.001996392498905127759, 0.002994588748357691205, 0.003493686873083976397, 0.003992784997810261589, 0.004990981247262831107, 0.005989177496715403226, 0.006987373746167974478, 0.007985569995620545730 ),
 .UNSPECIFIED. ) ;
#24 = VERTEX_POINT ( 'NONE', #2411 ) ;
#25 = CARTESIAN_POINT ( 'NONE',  ( -0.9526136721971322219, 2.740383200956574061, -0.7641852220287138620 ) ) ;
#26 = DIRECTION ( 'NONE',  ( -1.000000000000000000, -1.224646799147353700E-16, -0.000000000000000000 ) ) ;
#27 = DIRECTION ( 'NONE',  ( 0.000000000000000000, 1.000000000000000000, 3.491481338843133355E-15 ) ) ;
#28 = FACE_OUTER_BOUND ( 'NONE', #2507, .T. ) ;
#29 = FACE_OUTER_BOUND ( 'NONE', #2660, .T. ) ;
#30 = DIRECTION ( 'NONE',  ( -0.000000000000000000, 3.491481338843133355E-15, -1.000000000000000000 ) ) ;
#31 = DIRECTION ( 'NONE',  ( 0.000000000000000000, 0.000000000000000000, -1.000000000000000000 ) ) ;
#32 = ORIENTED_EDGE ( 'NONE', *, *, #4062, .F. ) ;
#33 = DIRECTION ( 'NONE',  ( -1.000000000000000000, 0.000000000000000000, 0.000000000000000000 ) ) ;
#34 = CARTESIAN_POINT ( 'NONE',  ( 0.7152111868044856990, -1.073467834008649202, -3.468032308652854834 ) ) ;
#35 = ORIENTED_EDGE ( 'NONE', *, *, #2865, .F. ) ;
#36 = FACE_BOUND ( 'NONE', #583, .T. ) ;
#37 = DIRECTION ( 'NONE',  ( 0.000000000000000000, -3.491481338843133355E-15, 1.000000000000000000 ) ) ;
#38 = ADVANCED_FACE ( 'NONE', ( #440 ), #79, .T. ) ;
#39 = DIRECTION ( 'NONE',  ( 0.000000000000000000, 0.000000000000000000, 1.000000000000000000 ) ) ;
#40 = CARTESIAN_POINT ( 'NONE',  ( 0.000000000000000000, -1.199999999999999512, 1.199999999999995515 ) ) ;
#41 = VERTEX_POINT ( 'NONE', #1379 ) ;
#42 = CARTESIAN_POINT ( 'NONE',  ( -0.7156703023464416891, -1.074747213296237014, 2.707955253434290110 ) ) ;
#43 = CARTESIAN_POINT ( 'NONE',  ( -1.199999999999999734, 9.599986513664650830E-15, 1.199999999999999956 ) ) ;
#44 = DIRECTION ( 'NONE',  ( -1.000000000000000000, -0.000000000000000000, -0.000000000000000000 ) ) ;
#45 = CARTESIAN_POINT ( 'NONE',  ( 2.707955253434291887, -1.074747213296234349, 0.7156703023464340285 ) ) ;
#46 = EDGE_CURVE ( 'NONE', #4182, #2058, #1723, .T. ) ;
#47 = CARTESIAN_POINT ( 'NONE',  ( -2.750284062755302461, -0.8712373316117895117, 0.8229037976738495797 ) ) ;
#48 = DIRECTION ( 'NONE',  ( 0.000000000000000000, 0.000000000000000000, -1.000000000000000000 ) ) ;
#49 = CARTESIAN_POINT ( 'NONE',  ( -0.7000000000000031752, -1.200000000000001066, -2.658947160061664761 ) ) ;
#50 = ORIENTED_EDGE ( 'NONE', *, *, #54, .T. ) ;
#51 = CARTESIAN_POINT ( 'NONE',  ( -0.9534278788828145501, 2.740226201904106595, 0.7637296482633919581 ) ) ;
#52 = EDGE_LOOP ( 'NONE', ( #1877, #2681, #2704, #297, #668, #2760 ) ) ;
#53 = CARTESIAN_POINT ( 'NONE',  ( 0.5000000000000000000, 3.146446609406727823, 3.499999999999999556 ) ) ;
#54 = EDGE_CURVE ( 'NONE', #1426, #503, #3375, .T. ) ;
#55 = DIRECTION ( 'NONE',  ( 0.000000000000000000, 0.000000000000000000, -1.000000000000000000 ) ) ;
#56 = CARTESIAN_POINT ( 'NONE',  ( 0.8704689564911127775, 0.8235754288369929732, -2.750326265220428557 ) ) ;
#57 = PLANE ( 'NONE',  #1378 ) ;
#58 = CARTESIAN_POINT ( 'NONE',  ( 0.000000000000000000, -0.7000000000000000666, 0.000000000000000000 ) ) ;
#59 = EDGE_CURVE ( 'NONE', #2093, #4152, #1116, .T. ) ;
#60 = LINE ( 'NONE', #2586, #2848 ) ;
#61 = ORIENTED_EDGE ( 'NONE', *, *, #1244, .F. ) ;
#62 = CARTESIAN_POINT ( 'NONE',  ( 0.000000000000000000, 1.199999999999999956, 2.749545416973503631 ) ) ;
#63 = LINE ( 'NONE', #1040, #2520 ) ;
#64 = PLANE ( 'NONE',  #744 ) ;
#65 = CARTESIAN_POINT ( 'NONE',  ( 2.702700218583834690, -1.090358579216443413, 0.7119094202025398888 ) ) ;
#66 = VECTOR ( 'NONE', #1478, 100.0000000000000000 ) ;
#67 = EDGE_CURVE ( 'NONE', #2344, #3771, #619, .T. ) ;
#68 = CIRCLE ( 'NONE', #3131, 2.749545416973504075 ) ;
#69 = CARTESIAN_POINT ( 'NONE',  ( -2.746646347997238724, -0.7920233494385235939, 0.9104508995573872276 ) ) ;
#70 = EDGE_CURVE ( 'NONE', #453, #2039, #4094, .T. ) ;
#71 = CARTESIAN_POINT ( 'NONE',  ( 0.9113003331823296138, 2.746537397795608015, -0.7914233119002966887 ) ) ;
#72 = AXIS2_PLACEMENT_3D ( 'NONE', #1989, #693, #2328 ) ;
#73 = CARTESIAN_POINT ( 'NONE',  ( 1.178982612255159435, 0.5000000000000001110, 4.000000000000000000 ) ) ;
#74 = ORIENTED_EDGE ( 'NONE', *, *, #3396, .F. ) ;
#75 = DIRECTION ( 'NONE',  ( -0.000000000000000000, 3.491481338843133355E-15, -1.000000000000000000 ) ) ;
#76 = DIRECTION ( 'NONE',  ( 0.000000000000000000, 0.000000000000000000, 1.000000000000000000 ) ) ;
#77 = ORIENTED_EDGE ( 'NONE', *, *, #70, .T. ) ;
#78 = CARTESIAN_POINT ( 'NONE',  ( -2.746537397795607571, 0.7914233119003067918, 0.9113003331823235076 ) ) ;
#79 = PLANE ( 'NONE',  #3344 ) ;
#80 = CARTESIAN_POINT ( 'NONE',  ( 0.7484781268556163214, 0.9827337150847020864, -2.734073076233905386 ) ) ;
#81 = CARTESIAN_POINT ( 'NONE',  ( 3.500000000000000444, 0.5000000000000004441, 3.146446609406726491 ) ) ;
#82 = DIRECTION ( 'NONE',  ( 0.000000000000000000, -1.000000000000000000, -0.000000000000000000 ) ) ;
#83 = EDGE_CURVE ( 'NONE', #3691, #2527, #3883, .T. ) ;
#84 = LINE ( 'NONE', #1057, #882 ) ;
#85 = EDGE_LOOP ( 'NONE', ( #2607, #2476, #2921, #3838, #2937, #77 ) ) ;
#86 = DIRECTION ( 'NONE',  ( 0.000000000000000000, 0.000000000000000000, -1.000000000000000000 ) ) ;
#87 = AXIS2_PLACEMENT_3D ( 'NONE', #2707, #1054, #3672 ) ;
#88 = DIRECTION ( 'NONE',  ( -3.491481338843133355E-15, -1.000000000000000000, -3.491481338843133355E-15 ) ) ;
#89 = DIRECTION ( 'NONE',  ( 0.000000000000000000, 1.000000000000000000, 0.000000000000000000 ) ) ;
#90 = DIRECTION ( 'NONE',  ( -1.000000000000000000, 0.000000000000000000, 0.000000000000000000 ) ) ;
#91 = VECTOR ( 'NONE', #1814, 100.0000000000000000 ) ;
#92 = EDGE_LOOP ( 'NONE', ( #1785, #2391, #614, #2526 ) ) ;
#93 = LINE ( 'NONE', #1393, #2784 ) ;
#94 = EDGE_CURVE ( 'NONE', #3026, #1002, #3816, .T. ) ;
#95 = CARTESIAN_POINT ( 'NONE',  ( 0.9102475412644502883, -0.7921763061704760744, 3.497740036437985367 ) ) ;
#96 = ORIENTED_EDGE ( 'NONE', *, *, #59, .F. ) ;
#97 = DIRECTION ( 'NONE',  ( 0.000000000000000000, 1.000000000000000000, 0.000000000000000000 ) ) ;
#98 = ORIENTED_EDGE ( 'NONE', *, *, #2490, .T. ) ;
#99 = CARTESIAN_POINT ( 'NONE',  ( 0.2500000000000000000, 1.000000000000000222, 4.000000000000000000 ) ) ;
#100 = ORIENTED_EDGE ( 'NONE', *, *, #936, .T. ) ;
#101 = ADVANCED_FACE ( 'NONE', ( #3749 ), #1878, .T. ) ;
#102 = EDGE_CURVE ( 'NONE', #563, #1026, #3686, .T. ) ;
#103 = CARTESIAN_POINT ( 'NONE',  ( 3.450406064323202848, -1.136478762161001299, -0.7030111863766745905 ) ) ;
#104 = DIRECTION ( 'NONE',  ( 0.000000000000000000, 1.000000000000000000, 3.447978095064731183E-15 ) ) ;
#105 = EDGE_LOOP ( 'NONE', ( #1964, #1400, #1134 ) ) ;
#106 = CARTESIAN_POINT ( 'NONE',  ( 0.7647538390662826924, -3.492943933819796065, -0.9516432843292861321 ) ) ;
#107 = CARTESIAN_POINT ( 'NONE',  ( 0.6999999999999997335, 1.443092232366940483E-14, -1.199999999999999734 ) ) ;
#108 = DIRECTION ( 'NONE',  ( 0.000000000000000000, 0.000000000000000000, -1.000000000000000000 ) ) ;
#109 = CARTESIAN_POINT ( 'NONE',  ( -0.8704689564911055610, 0.8235754288369920850, 2.750326265220431665 ) ) ;
#110 = ORIENTED_EDGE ( 'NONE', *, *, #2015, .F. ) ;
#111 = ORIENTED_EDGE ( 'NONE', *, *, #1743, .F. ) ;
#112 = CARTESIAN_POINT ( 'NONE',  ( 3.501012827520903592, -0.8230273097198420595, 0.8698515159295530097 ) ) ;
#113 = EDGE_CURVE ( 'NONE', #264, #1944, #3750, .T. ) ;
#114 = CARTESIAN_POINT ( 'NONE',  ( 4.000000000000000000, 0.2500000000000005551, 1.000000000000000222 ) ) ;
#115 = ORIENTED_EDGE ( 'NONE', *, *, #1410, .T. ) ;
#116 = CARTESIAN_POINT ( 'NONE',  ( 2.708142634298068785, 0.7147643742422475910, -1.075273134213845738 ) ) ;
#117 = ORIENTED_EDGE ( 'NONE', *, *, #1440, .F. ) ;
#118 = B_SPLINE_CURVE_WITH_KNOTS ( 'NONE', 3,
 ( #2618, #1597, #2941, #1616, #3285, #1337, #1295, #2580, #370, #1946, #1668, #3595, #3656, #1062, #3274, #3248, #2314, #2359, #45, #65, #402, #338, #1687 ),
 .UNSPECIFIED., .F., .F.,
 ( 4, 2, 2, 2, 2, 1, 2, 2, 2, 2, 2, 4 ),
 ( 0.000000000000000000, 0.001010924964096734588, 0.002021849928193469176, 0.003032774892290204197, 0.003538237374338571058, 0.004043699856386938352, 0.004549162338435305646, 0.005054624820483672940, 0.006065549784580408395, 0.006571012266628773087, 0.007076474748677138646, 0.008087399712773874969 ),
 .UNSPECIFIED. ) ;
#119 = DIRECTION ( 'NONE',  ( 0.000000000000000000, 1.000000000000000000, 3.447978095064730000E-15 ) ) ;
#120 = ORIENTED_EDGE ( 'NONE', *, *, #4147, .T. ) ;
#121 = CARTESIAN_POINT ( 'NONE',  ( 0.5000000000000000000, 4.000000000000000000, 3.146446609406724271 ) ) ;
#122 = DIRECTION ( 'NONE',  ( 0.000000000000000000, 1.000000000000000000, 3.447978095064730000E-15 ) ) ;
#123 = ADVANCED_FACE ( 'NONE', ( #4126 ), #3725, .T. ) ;
#124 = ORIENTED_EDGE ( 'NONE', *, *, #4001, .F. ) ;
#125 = CARTESIAN_POINT ( 'NONE',  ( 0.1280401198953535213, 0.5057995998176021413, 2.241069659126950331 ) ) ;
#126 = CARTESIAN_POINT ( 'NONE',  ( -1.199999999999995293, 1.199999999999999734, 3.633180424916990336 ) ) ;
#127 = DIRECTION ( 'NONE',  ( 0.000000000000000000, 0.000000000000000000, 1.000000000000000000 ) ) ;
#128 = DIRECTION ( 'NONE',  ( 0.000000000000000000, 1.000000000000000000, 3.485508533455236383E-15 ) ) ;
#129 = CARTESIAN_POINT ( 'NONE',  ( -0.7000000000000082823, -2.658947160061668313, 1.199999999999990630 ) ) ;
#130 = ORIENTED_EDGE ( 'NONE', *, *, #1454, .T. ) ;
#131 = ORIENTED_EDGE ( 'NONE', *, *, #3622, .T. ) ;
#132 = AXIS2_PLACEMENT_3D ( 'NONE', #3069, #230, #2157 ) ;
#133 = LINE ( 'NONE', #1109, #3124 ) ;
#134 = APPLICATION_CONTEXT ( 'automotive_design' ) ;
#135 = AXIS2_PLACEMENT_3D ( 'NONE', #1579, #1178, #894 ) ;
#136 = CARTESIAN_POINT ( 'NONE',  ( -2.473863375370598305, 1.199999999999999956, -1.199999999999995959 ) ) ;
#137 = EDGE_LOOP ( 'NONE', ( #787, #845, #2026, #1503, #2723, #3153, #290, #3703 ) ) ;
#138 = CARTESIAN_POINT ( 'NONE',  ( 0.000000000000000000, 0.000000000000000000, 0.000000000000000000 ) ) ;
#139 = ORIENTED_EDGE ( 'NONE', *, *, #4144, .F. ) ;
#140 = DIRECTION ( 'NONE',  ( -1.000000000000000000, 0.000000000000000000, 1.224646799147353207E-16 ) ) ;
#141 = AXIS2_PLACEMENT_3D ( 'NONE', #1811, #3763, #2375 ) ;
#142 = CARTESIAN_POINT ( 'NONE',  ( -1.073467834008663413, -3.468032308652851725, 0.7152111868044778165 ) ) ;
#143 = DIRECTION ( 'NONE',  ( -0.000000000000000000, -1.000000000000000000, -0.000000000000000000 ) ) ;
#144 = CARTESIAN_POINT ( 'NONE',  ( 0.9808294216839372748, 3.488193259832887527, -0.7493981969133135523 ) ) ;
#145 = AXIS2_PLACEMENT_3D ( 'NONE', #3976, #2113, #3999 ) ;
#146 = CARTESIAN_POINT ( 'NONE',  ( -3.488170272401590388, -0.7493371374504139704, 0.9809573058348444174 ) ) ;
#147 = CARTESIAN_POINT ( 'NONE',  ( -1.073467834008638766, 3.468032308652861051, -0.7152111868044775944 ) ) ;
#148 = CARTESIAN_POINT ( 'NONE',  ( 1.041733405160856218, -3.475758479492302655, -0.7245755554175519197 ) ) ;
#149 = CARTESIAN_POINT ( 'NONE',  ( -3.450406064323201072, 0.7030111863766704827, 1.136478762161003964 ) ) ;
#150 = CARTESIAN_POINT ( 'NONE',  ( 0.6999999999999908518, -2.658947160061664317, -1.200000000000008837 ) ) ;
#151 = CARTESIAN_POINT ( 'NONE',  ( -3.468056583719420605, 1.073376102004333754, -0.7152328218828025719 ) ) ;
#152 = AXIS2_PLACEMENT_3D ( 'NONE', #3990, #3315, #1388 ) ;
#153 = CARTESIAN_POINT ( 'NONE',  ( 3.146446609406726491, 4.000000000000000888, 0.5000000000000000000 ) ) ;
#154 = VERTEX_POINT ( 'NONE', #809 ) ;
#155 = VERTEX_POINT ( 'NONE', #3807 ) ;
#156 = EDGE_CURVE ( 'NONE', #4000, #503, #1981, .T. ) ;
#157 = TOROIDAL_SURFACE ( 'NONE', #281, 0.7500000000000000000, 0.2500000000000000000 ) ;
#158 = DIRECTION ( 'NONE',  ( 1.224646799147353700E-16, -1.000000000000000000, 0.000000000000000000 ) ) ;
#159 = VECTOR ( 'NONE', #2464, 100.0000000000000000 ) ;
#160 = AXIS2_PLACEMENT_3D ( 'NONE', #3736, #799, #3443 ) ;
#161 = DIRECTION ( 'NONE',  ( 0.000000000000000000, 0.000000000000000000, -1.000000000000000000 ) ) ;
#162 = ORIENTED_EDGE ( 'NONE', *, *, #703, .T. ) ;
#163 = FACE_OUTER_BOUND ( 'NONE', #1194, .T. ) ;
#164 = ORIENTED_EDGE ( 'NONE', *, *, #1812, .F. ) ;
#165 = CARTESIAN_POINT ( 'NONE',  ( 0.9113003331823101849, -2.746537397795614677, 0.7914233119002975769 ) ) ;
#166 = ORIENTED_EDGE ( 'NONE', *, *, #515, .T. ) ;
#167 = EDGE_CURVE ( 'NONE', #3026, #2917, #2258, .T. ) ;
#168 = DIRECTION ( 'NONE',  ( -0.000000000000000000, 3.491481338843133355E-15, -1.000000000000000000 ) ) ;
#169 = CARTESIAN_POINT ( 'NONE',  ( -0.9102475412644571717, -0.7921763061704771847, -3.497740036437985367 ) ) ;
#170 = CARTESIAN_POINT ( 'NONE',  ( -3.500601796891553708, -0.8233965398369602617, 0.8706816778592270101 ) ) ;
#171 = EDGE_CURVE ( 'NONE', #2039, #3815, #2929, .T. ) ;
#172 = CARTESIAN_POINT ( 'NONE',  ( 0.2470429238222222323, 0.3410532136154283966, 2.261373980183027488 ) ) ;
#173 = SPHERICAL_SURFACE ( 'NONE', #3818, 3.700000000000000622 ) ;
#174 = DIRECTION ( 'NONE',  ( 1.000000000000000000, 0.000000000000000000, 0.000000000000000000 ) ) ;
#175 = CARTESIAN_POINT ( 'NONE',  ( 1.199999999999999956, -4.189777606611760026E-15, 0.000000000000000000 ) ) ;
#176 = CARTESIAN_POINT ( 'NONE',  ( -3.500601796891552375, 0.8233965398369603728, -0.8706816778592267880 ) ) ;
#177 = CARTESIAN_POINT ( 'NONE',  ( 0.8712373316118000588, 2.750284062755301129, -0.8229037976738436955 ) ) ;
#178 = VERTEX_POINT ( 'NONE', #1646 ) ;
#179 = ORIENTED_EDGE ( 'NONE', *, *, #113, .F. ) ;
#180 = CARTESIAN_POINT ( 'NONE',  ( 0.000000000000000000, -0.6999999999999995115, 3.633180424916990781 ) ) ;
#181 = ADVANCED_FACE ( 'NONE', ( #3272 ), #1307, .T. ) ;
#182 = CARTESIAN_POINT ( 'NONE',  ( 0.7030111863766663749, -1.136478762160997746, 3.450406064323203292 ) ) ;
#183 = ORIENTED_EDGE ( 'NONE', *, *, #3684, .F. ) ;
#184 = FACE_OUTER_BOUND ( 'NONE', #3364, .T. ) ;
#185 = ORIENTED_EDGE ( 'NONE', *, *, #3574, .T. ) ;
#186 = CARTESIAN_POINT ( 'NONE',  ( 0.7920233494385149342, -2.746646347997243165, 0.9104508995573818986 ) ) ;
#187 = ORIENTED_EDGE ( 'NONE', *, *, #7, .T. ) ;
#188 = DIRECTION ( 'NONE',  ( 0.000000000000000000, 0.000000000000000000, -1.000000000000000000 ) ) ;
#189 = CARTESIAN_POINT ( 'NONE',  ( -0.7647538390662985686, -0.9516432843292744748, -3.492943933819796953 ) ) ;
#190 = ORIENTED_EDGE ( 'NONE', *, *, #2408, .T. ) ;
#191 = DIRECTION ( 'NONE',  ( 0.000000000000000000, 0.7071067811865502373, 0.7071067811865447972 ) ) ;
#192 = PRODUCT_DEFINITION_CONTEXT ( 'detailed design', #344, 'design' ) ;
#193 = CARTESIAN_POINT ( 'NONE',  ( 0.03109880210698779540, 0.7504373359243338149, 2.174173251824863762 ) ) ;
#194 = CARTESIAN_POINT ( 'NONE',  ( 0.7637296482633727512, -2.740226201904106151, -0.9534278788828339790 ) ) ;
#195 = CARTESIAN_POINT ( 'NONE',  ( -3.501012827520900927, 0.8230273097198432808, 0.8698515159295606702 ) ) ;
#196 = DIRECTION ( 'NONE',  ( 1.387778780781446464E-15, -1.000000000000000000, 0.000000000000000000 ) ) ;
#197 = CARTESIAN_POINT ( 'NONE',  ( -0.9516432843292695898, 0.7647538390662951269, -3.492943933819799174 ) ) ;
#198 = EDGE_CURVE ( 'NONE', #207, #3239, #2259, .T. ) ;
#199 = CIRCLE ( 'NONE', #2560, 3.633180424916990781 ) ;
#200 = CARTESIAN_POINT ( 'NONE',  ( 0.7920233494385340300, 2.746646347997238280, -0.9104508995573811214 ) ) ;
#201 = ORIENTED_EDGE ( 'NONE', *, *, #3294, .T. ) ;
#202 = VERTEX_POINT ( 'NONE', #2589 ) ;
#203 = DIRECTION ( 'NONE',  ( 0.000000000000000000, 1.000000000000000000, 0.000000000000000000 ) ) ;
#204 = CIRCLE ( 'NONE', #2565, 3.633180424916990781 ) ;
#205 = ADVANCED_FACE ( 'NONE', ( #3187 ), #2292, .T. ) ;
#206 = CARTESIAN_POINT ( 'NONE',  ( 0.2924732860502374243, 0.2909011687335867347, 2.263459456886845800 ) ) ;
#207 = VERTEX_POINT ( 'NONE', #2528 ) ;
#208 = CARTESIAN_POINT ( 'NONE',  ( -0.7647538390662916852, 0.9516432843292723653, 3.492943933819799174 ) ) ;
#209 = CIRCLE ( 'NONE', #1153, 1.280624847486570017 ) ;
#210 = CIRCLE ( 'NONE', #1565, 2.749545416973504075 ) ;
#211 = CARTESIAN_POINT ( 'NONE',  ( 0.7488049375311649491, -2.734242061544447377, 0.9820220972479273280 ) ) ;
#212 = ORIENTED_EDGE ( 'NONE', *, *, #2519, .F. ) ;
#213 = CARTESIAN_POINT ( 'NONE',  ( -3.501012827520899595, -0.8230273097198429477, -0.8698515159295596710 ) ) ;
#214 = CARTESIAN_POINT ( 'NONE',  ( 0.000000000000000000, 1.000000000000000222, 3.750000000000000000 ) ) ;
#215 = ORIENTED_EDGE ( 'NONE', *, *, #3373, .F. ) ;
#216 = CARTESIAN_POINT ( 'NONE',  ( 0.7000000000000039524, 1.200000000000001510, 3.633180424916990336 ) ) ;
#217 = CIRCLE ( 'NONE', #405, 1.000000000000000000 ) ;
#218 = AXIS2_PLACEMENT_3D ( 'NONE', #923, #3178, #2498 ) ;
#219 = CIRCLE ( 'NONE', #890, 2.917190429162964449 ) ;
#220 = DIRECTION ( 'NONE',  ( 3.491481338843133355E-15, 1.000000000000000000, 3.491481338843133355E-15 ) ) ;
#221 = CARTESIAN_POINT ( 'NONE',  ( 1.199999999999987077, -3.633180424916992113, -0.7000000000000121680 ) ) ;
#222 = CARTESIAN_POINT ( 'NONE',  ( -3.497740036437985367, 0.7921763061704760744, -0.9102475412644500663 ) ) ;
#223 = EDGE_CURVE ( 'NONE', #739, #516, #3870, .T. ) ;
#224 = DIRECTION ( 'NONE',  ( 0.000000000000000000, 0.000000000000000000, -1.000000000000000000 ) ) ;
#225 = ORIENTED_EDGE ( 'NONE', *, *, #2913, .T. ) ;
#226 = EDGE_LOOP ( 'NONE', ( #1760, #2432, #2838, #3226 ) ) ;
#227 = CARTESIAN_POINT ( 'NONE',  ( -0.8966317885524602849, -3.498973458826136973, 0.8021954603231524761 ) ) ;
#228 = ADVANCED_FACE ( 'NONE', ( #2847 ), #639, .T. ) ;
#229 = CARTESIAN_POINT ( 'NONE',  ( 0.8021637118668047961, -0.8966644527001212950, -2.748238252951913374 ) ) ;
#230 = DIRECTION ( 'NONE',  ( -0.000000000000000000, 3.491481338843133355E-15, -1.000000000000000000 ) ) ;
#231 = VERTEX_POINT ( 'NONE', #3247 ) ;
#232 = CIRCLE ( 'NONE', #1657, 2.749545416973504075 ) ;
#233 = CARTESIAN_POINT ( 'NONE',  ( -3.440422514028318446, -0.6999999999999997335, -1.168173731221875622 ) ) ;
#234 = DIRECTION ( 'NONE',  ( 1.000000000000000000, 0.000000000000000000, -0.000000000000000000 ) ) ;
#235 = VERTEX_POINT ( 'NONE', #4165 ) ;
#236 = LINE ( 'NONE', #3880, #1163 ) ;
#237 = EDGE_CURVE ( 'NONE', #307, #748, #1624, .T. ) ;
#238 = DIRECTION ( 'NONE',  ( 0.000000000000000000, 0.000000000000000000, 1.000000000000000000 ) ) ;
#239 = DIRECTION ( 'NONE',  ( 1.000000000000000000, 0.000000000000000000, -0.000000000000000000 ) ) ;
#240 = CARTESIAN_POINT ( 'NONE',  ( 0.6999999999999992895, -2.444036937190190982E-15, 0.000000000000000000 ) ) ;
#241 = CARTESIAN_POINT ( 'NONE',  ( 0.000000000000000000, -1.199999999999999512, -1.200000000000003730 ) ) ;
#242 = ORIENTED_EDGE ( 'NONE', *, *, #1939, .F. ) ;
#243 = ORIENTED_EDGE ( 'NONE', *, *, #3253, .F. ) ;
#244 = DIRECTION ( 'NONE',  ( -1.000000000000000000, 3.491481338843133355E-15, -0.000000000000000000 ) ) ;
#245 = CARTESIAN_POINT ( 'NONE',  ( -0.8230273097198392840, 0.8698515159295560073, 3.501012827520904480 ) ) ;
#246 = ADVANCED_FACE ( 'NONE', ( #3826 ), #299, .T. ) ;
#247 = CARTESIAN_POINT ( 'NONE',  ( -2.672993740378476701, 1.168875737631703826, 0.6999999999999949596 ) ) ;
#248 = EDGE_LOOP ( 'NONE', ( #131, #3465, #1006 ) ) ;
#249 = DIRECTION ( 'NONE',  ( 0.000000000000000000, 1.000000000000000000, 3.491481338843133355E-15 ) ) ;
#250 = DIRECTION ( 'NONE',  ( -0.000000000000000000, -0.000000000000000000, 1.000000000000000000 ) ) ;
#251 = ORIENTED_EDGE ( 'NONE', *, *, #1066, .T. ) ;
#252 = CARTESIAN_POINT ( 'NONE',  ( -3.450406064323203292, -1.136478762160997302, 0.7030111863766663749 ) ) ;
#253 = ADVANCED_FACE ( 'NONE', ( #2909 ), #157, .T. ) ;
#254 = CARTESIAN_POINT ( 'NONE',  ( 0.6999999999999872990, -3.429285639896456850, 1.199999999999987965 ) ) ;
#255 = DIRECTION ( 'NONE',  ( 1.000000000000000000, -0.000000000000000000, -0.000000000000000000 ) ) ;
#256 = CARTESIAN_POINT ( 'NONE',  ( 0.9526136721971383281, -0.7641852220287228548, 2.740383200956570064 ) ) ;
#257 = CARTESIAN_POINT ( 'NONE',  ( 4.000000000000000000, 0.2500000000000004996, 3.146446609406726491 ) ) ;
#258 = VERTEX_POINT ( 'NONE', #677 ) ;
#259 = ORIENTED_EDGE ( 'NONE', *, *, #703, .F. ) ;
#260 = CARTESIAN_POINT ( 'NONE',  ( -0.7493981969133379772, -3.488193259832891080, 0.9808294216839130719 ) ) ;
#261 = CARTESIAN_POINT ( 'NONE',  ( -1.136503287331124046, 0.7030103120685297080, 3.450397818404772554 ) ) ;
#262 = ADVANCED_FACE ( 'NONE', ( #3536 ), #914, .T. ) ;
#263 = DIRECTION ( 'NONE',  ( -0.000000000000000000, -1.000000000000000000, -0.000000000000000000 ) ) ;
#264 = VERTEX_POINT ( 'NONE', #3513 ) ;
#265 = CARTESIAN_POINT ( 'NONE',  ( 1.552417469626005797, -1.199999999999999512, 1.199999999999995959 ) ) ;
#266 = CARTESIAN_POINT ( 'NONE',  ( 1.199999999999994627, -1.552417469626002688, -1.200000000000004841 ) ) ;
#267 = ORIENTED_EDGE ( 'NONE', *, *, #3184, .F. ) ;
#268 = AXIS2_PLACEMENT_3D ( 'NONE', #303, #1608, #4187 ) ;
#269 = DIRECTION ( 'NONE',  ( 0.000000000000000000, 0.000000000000000000, 1.000000000000000000 ) ) ;
#270 = CARTESIAN_POINT ( 'NONE',  ( 3.429285639896451965, 1.199999999999997957, -0.6999999999999958478 ) ) ;
#271 = LINE ( 'NONE', #1889, #626 ) ;
#272 = CARTESIAN_POINT ( 'NONE',  ( -0.8966644527001315090, -2.748238252951911598, 0.8021637118667990229 ) ) ;
#273 = CARTESIAN_POINT ( 'NONE',  ( -0.8974892388242176056, -2.748152273501603293, -0.8015358519171726925 ) ) ;
#274 =( GEOMETRIC_REPRESENTATION_CONTEXT ( 3 ) GLOBAL_UNCERTAINTY_ASSIGNED_CONTEXT ( ( #1851 ) ) GLOBAL_UNIT_ASSIGNED_CONTEXT ( ( #3378, #3696, #1168 ) ) REPRESENTATION_CONTEXT ( 'NONE', 'WORKASPACE' ) );
#275 = VERTEX_POINT ( 'NONE', #592 ) ;
#276 = CARTESIAN_POINT ( 'NONE',  ( 3.429285639896451965, -0.7000000000000000666, 1.199999999999995515 ) ) ;
#277 = CARTESIAN_POINT ( 'NONE',  ( -1.224646799147353700E-16, 1.000000000000000000, 0.000000000000000000 ) ) ;
#278 = EDGE_CURVE ( 'NONE', #3805, #154, #2568, .T. ) ;
#279 = EDGE_CURVE ( 'NONE', #732, #1094, #616, .T. ) ;
#280 = DIRECTION ( 'NONE',  ( 0.000000000000000000, 0.000000000000000000, 1.000000000000000000 ) ) ;
#281 = AXIS2_PLACEMENT_3D ( 'NONE', #2548, #996, #2890 ) ;
#282 = ORIENTED_EDGE ( 'NONE', *, *, #3436, .F. ) ;
#283 = VECTOR ( 'NONE', #1009, 100.0000000000000000 ) ;
#284 = CARTESIAN_POINT ( 'NONE',  ( -0.8345815409959208564, -0.8583189242775522976, 3.501005410357116432 ) ) ;
#285 = DIRECTION ( 'NONE',  ( 1.000000000000000000, -0.000000000000000000, -0.000000000000000000 ) ) ;
#286 = ORIENTED_EDGE ( 'NONE', *, *, #428, .T. ) ;
#287 = CIRCLE ( 'NONE', #1183, 2.749545416973503631 ) ;
#288 = CARTESIAN_POINT ( 'NONE',  ( -3.475783170872855710, -1.041627764527115696, 0.7246096736620631917 ) ) ;
#289 = CARTESIAN_POINT ( 'NONE',  ( -0.7000000000000036193, -1.200000000000001288, 3.633180424916990781 ) ) ;
#290 = ORIENTED_EDGE ( 'NONE', *, *, #2938, .T. ) ;
#291 = AXIS2_PLACEMENT_3D ( 'NONE', #2042, #3653, #2355 ) ;
#292 = CARTESIAN_POINT ( 'NONE',  ( -0.7000000000000036193, -1.200000000000001288, 3.633180424916990781 ) ) ;
#293 = CARTESIAN_POINT ( 'NONE',  ( -1.200000000000012168, -3.633180424916989004, 0.6999999999999870770 ) ) ;
#294 = CARTESIAN_POINT ( 'NONE',  ( 1.043595226183972491, -0.7248147063157277525, 2.717690168901802039 ) ) ;
#295 = ADVANCED_FACE ( 'NONE', ( #2870 ), #1282, .T. ) ;
#296 = DIRECTION ( 'NONE',  ( 0.000000000000000000, 0.000000000000000000, -1.000000000000000000 ) ) ;
#297 = ORIENTED_EDGE ( 'NONE', *, *, #1585, .T. ) ;
#298 = CARTESIAN_POINT ( 'NONE',  ( -0.7029269523404891862, -1.137286315334726350, 2.685817350106697088 ) ) ;
#299 = PLANE ( 'NONE',  #1098 ) ;
#300 = ADVANCED_FACE ( 'NONE', ( #2379 ), #3928, .T. ) ;
#301 = ADVANCED_FACE ( 'NONE', ( #1406 ), #2970, .T. ) ;
#302 = DIRECTION ( 'NONE',  ( 0.000000000000000000, 0.000000000000000000, 1.000000000000000000 ) ) ;
#303 = CARTESIAN_POINT ( 'NONE',  ( 1.000000000000000000, 3.750000000000000000, 0.2500000000000001665 ) ) ;
#304 = ORIENTED_EDGE ( 'NONE', *, *, #1148, .T. ) ;
#305 = CARTESIAN_POINT ( 'NONE',  ( -3.488193259832889748, -0.7493981969133262089, -0.9808294216839288371 ) ) ;
#306 = CARTESIAN_POINT ( 'NONE',  ( -0.8235754288369891984, 0.8704689564911086697, -2.750326265220432997 ) ) ;
#307 = VERTEX_POINT ( 'NONE', #1102 ) ;
#308 = CARTESIAN_POINT ( 'NONE',  ( 3.440420720113988917, -0.6999999999999992895, -1.168178857759079481 ) ) ;
#309 = LINE ( 'NONE', #289, #3858 ) ;
#310 = B_SPLINE_CURVE_WITH_KNOTS ( 'NONE', 3,
 ( #2935, #2002, #2343, #684, #2025, #1373, #1982, #1351, #2633, #3299, #1716, #2614, #1691, #2979, #2655, #3955, #3640, #3006, #3876, #2915, #1289, #2264, #2575 ),
 .UNSPECIFIED., .F., .F.,
 ( 4, 2, 2, 2, 2, 1, 2, 2, 2, 2, 2, 4 ),
 ( 0.000000000000000000, 0.001010924964096732203, 0.002021849928193464405, 0.003032774892290196391, 0.003538237374338562384, 0.004043699856386928811, 0.004549162338435294370, 0.005054624820483660796, 0.006065549784580399721, 0.006571012266628769617, 0.007076474748677138646, 0.008087399712773873234 ),
 .UNSPECIFIED. ) ;
#311 = ORIENTED_EDGE ( 'NONE', *, *, #1556, .F. ) ;
#312 = CARTESIAN_POINT ( 'NONE',  ( 3.475783170872855710, 0.7246096736620668555, -1.041627764527113920 ) ) ;
#313 = CARTESIAN_POINT ( 'NONE',  ( -2.702700218583831582, -1.090358579216446300, -0.7119094202025474383 ) ) ;
#314 = CARTESIAN_POINT ( 'NONE',  ( 0.8704689564911060051, -0.8235754288369919740, 2.750326265220432553 ) ) ;
#315 = PRODUCT_RELATED_PRODUCT_CATEGORY ( 'part', '', ( #448 ) ) ;
#316 = FACE_OUTER_BOUND ( 'NONE', #876, .T. ) ;
#317 = ORIENTED_EDGE ( 'NONE', *, *, #3114, .F. ) ;
#318 = DIRECTION ( 'NONE',  ( 0.000000000000000000, 0.000000000000000000, -1.000000000000000000 ) ) ;
#319 = DIRECTION ( 'NONE',  ( 1.000000000000000000, -3.491481338843133355E-15, 0.000000000000000000 ) ) ;
#320 = SPHERICAL_SURFACE ( 'NONE', #1706, 3.000000000000000000 ) ;
#321 = DIRECTION ( 'NONE',  ( -1.000000000000000000, -1.224646799147354193E-16, -0.000000000000000000 ) ) ;
#322 = AXIS2_PLACEMENT_3D ( 'NONE', #1126, #3035, #4016 ) ;
#323 = CARTESIAN_POINT ( 'NONE',  ( -0.8704689564911126665, -0.8235754288369929732, -2.750326265220429445 ) ) ;
#324 = CARTESIAN_POINT ( 'NONE',  ( -0.6999999999999858558, 1.168875737631700051, -2.672993740378479810 ) ) ;
#325 = ORIENTED_EDGE ( 'NONE', *, *, #3739, .F. ) ;
#326 = FACE_OUTER_BOUND ( 'NONE', #2795, .T. ) ;
#327 = CARTESIAN_POINT ( 'NONE',  ( 0.000000000000000000, -2.749545416973500078, -1.200000000000009281 ) ) ;
#328 = AXIS2_PLACEMENT_3D ( 'NONE', #1986, #3196, #2247 ) ;
#329 = VERTEX_POINT ( 'NONE', #3948 ) ;
#330 = DIRECTION ( 'NONE',  ( -0.000000000000000000, -1.000000000000000000, -0.000000000000000000 ) ) ;
#331 = CARTESIAN_POINT ( 'NONE',  ( 1.199999999999990408, -2.658947160061668313, -0.7000000000000082823 ) ) ;
#332 = DIRECTION ( 'NONE',  ( 0.7071067811865482389, -0.7071067811865467956, 0.000000000000000000 ) ) ;
#333 = CARTESIAN_POINT ( 'NONE',  ( -1.136478762161011513, -3.450406064323197075, -0.7030111863766826952 ) ) ;
#334 = ORIENTED_EDGE ( 'NONE', *, *, #711, .F. ) ;
#335 = DIRECTION ( 'NONE',  ( -0.000000000000000000, -1.000000000000000000, 0.000000000000000000 ) ) ;
#336 = CARTESIAN_POINT ( 'NONE',  ( 1.000000000000000222, 1.224646799147353947E-16, 3.750000000000000000 ) ) ;
#337 = EDGE_CURVE ( 'NONE', #3484, #3771, #3549, .T. ) ;
#338 = CARTESIAN_POINT ( 'NONE',  ( 2.672993740378481586, -1.168875737631700718, 0.6999999999999864109 ) ) ;
#339 = CIRCLE ( 'NONE', #3872, 2.749545416973504075 ) ;
#340 = AXIS2_PLACEMENT_3D ( 'NONE', #1517, #2120, #2706 ) ;
#341 = CARTESIAN_POINT ( 'NONE',  ( 0.000000000000000000, 2.444036937190193349E-15, -0.7000000000000000666 ) ) ;
#342 = CARTESIAN_POINT ( 'NONE',  ( -2.473863375370594753, -1.199999999999999734, -1.200000000000004174 ) ) ;
#343 = EDGE_CURVE ( 'NONE', #207, #1239, #2312, .T. ) ;
#344 = APPLICATION_CONTEXT ( 'automotive_design' ) ;
#345 = DIRECTION ( 'NONE',  ( 0.000000000000000000, 0.000000000000000000, -1.000000000000000000 ) ) ;
#346 = CARTESIAN_POINT ( 'NONE',  ( -0.7239568038548971352, 2.718072220769946590, -1.043604616779524763 ) ) ;
#347 = ORIENTED_EDGE ( 'NONE', *, *, #2740, .T. ) ;
#348 = CARTESIAN_POINT ( 'NONE',  ( -1.137725361817270464, 2.685643923445223180, 0.7028759983740923145 ) ) ;
#349 = ORIENTED_EDGE ( 'NONE', *, *, #2051, .F. ) ;
#350 = CARTESIAN_POINT ( 'NONE',  ( 1.168173731221866962, -0.6999999999999994005, -3.440422514028321110 ) ) ;
#351 = ORIENTED_EDGE ( 'NONE', *, *, #198, .T. ) ;
#352 = CIRCLE ( 'NONE', #2650, 2.299999999999999822 ) ;
#353 = CARTESIAN_POINT ( 'NONE',  ( 0.8966644527001261800, 0.8021637118668087929, -2.748238252951910265 ) ) ;
#354 = CARTESIAN_POINT ( 'NONE',  ( 3.468032308652855278, 1.073467834008649646, -0.7152111868044861431 ) ) ;
#355 = EDGE_CURVE ( 'NONE', #275, #563, #352, .T. ) ;
#356 = CARTESIAN_POINT ( 'NONE',  ( 0.2500000000000000000, 3.146446609406726935, 3.999999999999999556 ) ) ;
#357 = CYLINDRICAL_SURFACE ( 'NONE', #2301, 0.5000000000000001110 ) ;
#358 = AXIS2_PLACEMENT_3D ( 'NONE', #545, #285, #964 ) ;
#359 = VERTEX_POINT ( 'NONE', #1709 ) ;
#360 = CARTESIAN_POINT ( 'NONE',  ( -0.7920233494385275907, -0.9104508995573914465, 2.746646347997236504 ) ) ;
#361 = DIRECTION ( 'NONE',  ( -3.491481338843133355E-15, -1.000000000000000000, -3.491481338843133355E-15 ) ) ;
#362 = DIRECTION ( 'NONE',  ( 0.000000000000000000, 0.000000000000000000, 1.000000000000000000 ) ) ;
#363 = CARTESIAN_POINT ( 'NONE',  ( -1.074747213296231907, 0.7156703023464379143, 2.707955253434291887 ) ) ;
#364 = CIRCLE ( 'NONE', #2200, 2.917190429162964449 ) ;
#365 = DIRECTION ( 'NONE',  ( 0.000000000000000000, 0.000000000000000000, 1.000000000000000000 ) ) ;
#366 = DIRECTION ( 'NONE',  ( 0.000000000000000000, 0.000000000000000000, 1.000000000000000000 ) ) ;
#367 = CARTESIAN_POINT ( 'NONE',  ( -1.074747213296239456, -0.7156703023464378033, -2.707955253434289222 ) ) ;
#368 = VERTEX_POINT ( 'NONE', #2994 ) ;
#369 = CARTESIAN_POINT ( 'NONE',  ( -0.8712373316117809630, 2.750284062755302017, 0.8229037976738629023 ) ) ;
#370 = CARTESIAN_POINT ( 'NONE',  ( 2.748152273501609955, -0.8015358519171622564, 0.8974892388242048380 ) ) ;
#371 = ORIENTED_EDGE ( 'NONE', *, *, #1920, .F. ) ;
#372 = CARTESIAN_POINT ( 'NONE',  ( 0.000000000000000000, 0.6999999999999997335, 3.633180424916990336 ) ) ;
#373 = DIRECTION ( 'NONE',  ( -0.000000000000000000, 3.491481338843133355E-15, -1.000000000000000000 ) ) ;
#374 = DIRECTION ( 'NONE',  ( -0.000000000000000000, 1.000000000000000000, 0.000000000000000000 ) ) ;
#376 = EDGE_CURVE ( 'NONE', #2537, #4163, #63, .T. ) ;
#375 = SPHERICAL_SURFACE ( 'NONE', #3798, 3.000000000000000000 ) ;
#377 = EDGE_CURVE ( 'NONE', #1089, #3370, #1584, .T. ) ;
#378 = ORIENTED_EDGE ( 'NONE', *, *, #924, .T. ) ;
#379 = DIRECTION ( 'NONE',  ( -1.000000000000000000, 3.491481338843133355E-15, -0.000000000000000000 ) ) ;
#380 = CARTESIAN_POINT ( 'NONE',  ( -1.200000000000011724, -3.429285639896448412, 0.6999999999999872990 ) ) ;
#381 = CARTESIAN_POINT ( 'NONE',  ( -1.200000000000008837, -2.658947160061664761, 0.6999999999999908518 ) ) ;
#382 = CARTESIAN_POINT ( 'NONE',  ( -0.7028759983740784367, 1.137725361817278458, 2.685643923445222736 ) ) ;
#383 = CARTESIAN_POINT ( 'NONE',  ( 3.492943933819798286, -0.7647538390662947938, 0.9516432843292689236 ) ) ;
#384 = FACE_OUTER_BOUND ( 'NONE', #436, .T. ) ;
#385 = CARTESIAN_POINT ( 'NONE',  ( -0.8966644527001259579, -0.8021637118668085709, -2.748238252951910709 ) ) ;
#386 = ORIENTED_EDGE ( 'NONE', *, *, #2251, .F. ) ;
#387 = CARTESIAN_POINT ( 'NONE',  ( 3.146446609406726935, 0.5000000000000003331, 4.000000000000000000 ) ) ;
#388 = EDGE_CURVE ( 'NONE', #2488, #3908, #2336, .T. ) ;
#389 = CARTESIAN_POINT ( 'NONE',  ( -0.8974892388241983987, 2.748152273501609066, 0.8015358519171726925 ) ) ;
#390 = ORIENTED_EDGE ( 'NONE', *, *, #1099, .T. ) ;
#391 = CARTESIAN_POINT ( 'NONE',  ( 1.199999999999999734, 1.268518165424783658E-14, -1.199999999999999734 ) ) ;
#392 = VERTEX_POINT ( 'NONE', #1365 ) ;
#393 = CARTESIAN_POINT ( 'NONE',  ( -0.7152111868044773724, 3.468032308652851725, 1.073467834008663857 ) ) ;
#394 = CARTESIAN_POINT ( 'NONE',  ( 0.7000000000000117240, 3.440420720113992914, -1.168178857759063272 ) ) ;
#395 = FACE_OUTER_BOUND ( 'NONE', #3773, .T. ) ;
#396 = DIRECTION ( 'NONE',  ( -1.000000000000000000, 0.000000000000000000, 0.000000000000000000 ) ) ;
#397 = ORIENTED_EDGE ( 'NONE', *, *, #2449, .T. ) ;
#398 = ADVANCED_FACE ( 'NONE', ( #3635 ), #719, .T. ) ;
#399 = CARTESIAN_POINT ( 'NONE',  ( 3.146446609406726491, 4.000000000000000888, 0.5000000000000000000 ) ) ;
#400 = CARTESIAN_POINT ( 'NONE',  ( 3.750000000000000000, 4.898587196589414801E-16, 0.2500000000000002220 ) ) ;
#401 = CARTESIAN_POINT ( 'NONE',  ( -1.199999999999990186, 2.658947160061668313, 0.7000000000000093925 ) ) ;
#402 = CARTESIAN_POINT ( 'NONE',  ( 2.685817350106700196, -1.137286315334723463, 0.7029269523404815256 ) ) ;
#403 = AXIS2_PLACEMENT_3D ( 'NONE', #3616, #2951, #701 ) ;
#404 = VECTOR ( 'NONE', #596, 100.0000000000000000 ) ;
#405 = AXIS2_PLACEMENT_3D ( 'NONE', #2954, #4186, #682 ) ;
#406 = CARTESIAN_POINT ( 'NONE',  ( 3.475758479492302655, -1.041733405160867321, 0.7245755554175359325 ) ) ;
#407 = AXIS2_PLACEMENT_3D ( 'NONE', #3941, #330, #1700 ) ;
#408 = EDGE_CURVE ( 'NONE', #2173, #574, #2671, .T. ) ;
#409 = CARTESIAN_POINT ( 'NONE',  ( 0.6999999999999951816, -1.199999999999997735, 3.429285639896451077 ) ) ;
#410 = EDGE_CURVE ( 'NONE', #1226, #264, #2626, .T. ) ;
#411 = AXIS2_PLACEMENT_3D ( 'NONE', #3588, #713, #2010 ) ;
#412 = CARTESIAN_POINT ( 'NONE',  ( -0.9820220972479405397, -0.7488049375311749412, -2.734242061544440272 ) ) ;
#413 = EDGE_LOOP ( 'NONE', ( #597, #3122, #243, #3270 ) ) ;
#414 = CARTESIAN_POINT ( 'NONE',  ( 2.702700218583833802, 1.090358579216443413, -0.7119094202025397777 ) ) ;
#415 = CARTESIAN_POINT ( 'NONE',  ( 3.475783170872853489, -1.041627764527117916, -0.7246096736620706302 ) ) ;
#416 = ORIENTED_EDGE ( 'NONE', *, *, #3630, .T. ) ;
#417 = FACE_OUTER_BOUND ( 'NONE', #1683, .T. ) ;
#418 = DIRECTION ( 'NONE',  ( -1.000000000000000000, 3.491481338843133355E-15, -0.000000000000000000 ) ) ;
#419 = CARTESIAN_POINT ( 'NONE',  ( 0.7637296482633858519, 0.9534278788828256523, -2.740226201904104819 ) ) ;
#420 = CARTESIAN_POINT ( 'NONE',  ( 0.8958473998712634945, 3.499400235513105084, -0.8017394387323674154 ) ) ;
#421 = DIRECTION ( 'NONE',  ( 1.000000000000000000, 0.000000000000000000, -0.000000000000000000 ) ) ;
#422 = ORIENTED_EDGE ( 'NONE', *, *, #822, .F. ) ;
#423 = CARTESIAN_POINT ( 'NONE',  ( 1.136503287331115386, -3.450397818404772554, -0.7030103120685418094 ) ) ;
#424 = AXIS2_PLACEMENT_3D ( 'NONE', #1967, #3819, #3200 ) ;
#425 = CARTESIAN_POINT ( 'NONE',  ( -2.658947160061668313, -1.199999999999997735, 0.6999999999999959588 ) ) ;
#426 = CARTESIAN_POINT ( 'NONE',  ( 0.5000000000000000000, 3.146446609406726935, 3.999999999999999556 ) ) ;
#427 = CARTESIAN_POINT ( 'NONE',  ( -1.168875737631697831, 0.6999999999999904077, 2.672993740378481142 ) ) ;
#428 = EDGE_CURVE ( 'NONE', #739, #3659, #1996, .T. ) ;
#429 = VECTOR ( 'NONE', #2475, 100.0000000000000000 ) ;
#430 = VERTEX_POINT ( 'NONE', #3654 ) ;
#431 = VERTEX_POINT ( 'NONE', #425 ) ;
#432 = DIRECTION ( 'NONE',  ( 1.224646799147353700E-16, -1.000000000000000000, -0.000000000000000000 ) ) ;
#433 = ADVANCED_FACE ( 'NONE', ( #1732 ), #3016, .T. ) ;
#434 = PRODUCT_DEFINITION_FORMATION_WITH_SPECIFIED_SOURCE ( 'ANY', '', #448, .NOT_KNOWN. ) ;
#435 = CARTESIAN_POINT ( 'NONE',  ( -0.6999999999999989564, 2.444036937190189799E-15, 0.000000000000000000 ) ) ;
#436 = EDGE_LOOP ( 'NONE', ( #187, #3325, #3092, #773 ) ) ;
#437 = CARTESIAN_POINT ( 'NONE',  ( 0.8230273097198462784, 0.8698515159295578947, -3.501012827520900927 ) ) ;
#438 = ORIENTED_EDGE ( 'NONE', *, *, #3852, .F. ) ;
#439 = CARTESIAN_POINT ( 'NONE',  ( 1.199999999999995515, -0.7000000000000000666, -3.429285639896451965 ) ) ;
#440 = FACE_OUTER_BOUND ( 'NONE', #1535, .T. ) ;
#441 = DIRECTION ( 'NONE',  ( 0.000000000000000000, 0.000000000000000000, 1.000000000000000000 ) ) ;
#442 = CARTESIAN_POINT ( 'NONE',  ( 3.146446609406726935, 0.5000000000000003331, 4.000000000000000000 ) ) ;
#443 = ORIENTED_EDGE ( 'NONE', *, *, #1244, .T. ) ;
#444 = DIRECTION ( 'NONE',  ( -0.000000000000000000, 3.491481338843133355E-15, -1.000000000000000000 ) ) ;
#445 = FACE_OUTER_BOUND ( 'NONE', #1078, .T. ) ;
#446 = CARTESIAN_POINT ( 'NONE',  ( -1.200000000000003730, -0.6999999999999995115, 3.633180424916990781 ) ) ;
#447 = CARTESIAN_POINT ( 'NONE',  ( 0.9999999999999998890, 4.000000000000000888, 1.000000000000000222 ) ) ;
#448 = PRODUCT ( 'SM_PuzzleCube_Center', 'SM_PuzzleCube_Center', '', ( #631 ) ) ;
#449 = ORIENTED_EDGE ( 'NONE', *, *, #2099, .F. ) ;
#450 = ORIENTED_EDGE ( 'NONE', *, *, #4174, .F. ) ;
#451 = DIRECTION ( 'NONE',  ( -0.000000000000000000, 3.491481338843133355E-15, -1.000000000000000000 ) ) ;
#452 = CARTESIAN_POINT ( 'NONE',  ( 0.7515881895818415925, 0.03079691223841862432, 2.173783100554570691 ) ) ;
#453 = VERTEX_POINT ( 'NONE', #380 ) ;
#454 = CARTESIAN_POINT ( 'NONE',  ( 2.672993740378481142, 1.168875737631700718, -0.6999999999999864109 ) ) ;
#455 = ORIENTED_EDGE ( 'NONE', *, *, #2382, .T. ) ;
#456 = ADVANCED_BREP_SHAPE_REPRESENTATION ( 'SM_PuzzleCube_Center', ( #3416, #1110 ), #906 ) ;
#457 = CARTESIAN_POINT ( 'NONE',  ( 2.194333114259655826, 0.04929803891861458259, 0.6882038554198195435 ) ) ;
#458 = CARTESIAN_POINT ( 'NONE',  ( 0.000000000000000000, -1.200000000000001066, -0.7000000000000036193 ) ) ;
#459 = CARTESIAN_POINT ( 'NONE',  ( 2.658947160061664761, -0.6999999999999989564, -1.200000000000003730 ) ) ;
#460 = CARTESIAN_POINT ( 'NONE',  ( 0.7000000000000112799, 3.429285639896451077, -1.199999999999987299 ) ) ;
#461 = EDGE_CURVE ( 'NONE', #853, #231, #1685, .T. ) ;
#462 = FACE_OUTER_BOUND ( 'NONE', #1907, .T. ) ;
#463 = DIRECTION ( 'NONE',  ( 0.000000000000000000, 0.000000000000000000, -1.000000000000000000 ) ) ;
#464 = CARTESIAN_POINT ( 'NONE',  ( -3.488170272401586836, 0.9809573058348490804, 0.7493371374504184113 ) ) ;
#465 = DIRECTION ( 'NONE',  ( -1.000000000000000000, -0.000000000000000000, -0.000000000000000000 ) ) ;
#466 = CARTESIAN_POINT ( 'NONE',  ( -0.7646441775280546915, 0.9518631059113047410, -3.492906083066880996 ) ) ;
#467 = ORIENTED_EDGE ( 'NONE', *, *, #1910, .T. ) ;
#468 = VERTEX_POINT ( 'NONE', #3361 ) ;
#469 = CIRCLE ( 'NONE', #3044, 2.749545416973504075 ) ;
#470 = CARTESIAN_POINT ( 'NONE',  ( -2.734242061544443381, -0.7488049375311743860, 0.9820220972479332122 ) ) ;
#471 = ADVANCED_FACE ( 'NONE', ( #445 ), #2318, .T. ) ;
#472 = AXIS2_PLACEMENT_3D ( 'NONE', #3632, #1035, #716 ) ;
#473 = DIRECTION ( 'NONE',  ( 0.000000000000000000, 1.000000000000000000, 0.000000000000000000 ) ) ;
#474 = VERTEX_POINT ( 'NONE', #1429 ) ;
#475 = CARTESIAN_POINT ( 'NONE',  ( 2.734073076233909383, 0.7484781268556124356, -0.9827337150846972014 ) ) ;
#476 = EDGE_LOOP ( 'NONE', ( #2645, #3067, #3353, #556, #3917, #3779 ) ) ;
#477 = CARTESIAN_POINT ( 'NONE',  ( 0.9534278788828148832, -2.740226201904111925, 0.7637296482633731953 ) ) ;
#478 = AXIS2_PLACEMENT_3D ( 'NONE', #2435, #3446, #3029 ) ;
#479 = ORIENTED_EDGE ( 'NONE', *, *, #2099, .T. ) ;
#480 = CARTESIAN_POINT ( 'NONE',  ( -1.073376102004323318, 3.468056583719420161, 0.7152328218828186701 ) ) ;
#481 = DIRECTION ( 'NONE',  ( -0.000000000000000000, -1.000000000000000000, -0.000000000000000000 ) ) ;
#482 = LINE ( 'NONE', #3423, #3804 ) ;
#483 = VECTOR ( 'NONE', #1215, 100.0000000000000000 ) ;
#484 = EDGE_CURVE ( 'NONE', #1261, #2786, #2754, .T. ) ;
#485 = LINE ( 'NONE', #2482, #2736 ) ;
#486 = CARTESIAN_POINT ( 'NONE',  ( 0.000000000000000000, 0.000000000000000000, 0.000000000000000000 ) ) ;
#487 = CARTESIAN_POINT ( 'NONE',  ( -3.492906083066879663, 0.9518631059113069615, 0.7646441775280622410 ) ) ;
#488 = CARTESIAN_POINT ( 'NONE',  ( -2.685643923445219627, -0.7028759983740824335, -1.137725361817284009 ) ) ;
#489 = CARTESIAN_POINT ( 'NONE',  ( -1.199999999999995293, 0.6999999999999992895, -3.429285639896451077 ) ) ;
#490 = AXIS2_PLACEMENT_3D ( 'NONE', #3292, #3033, #2043 ) ;
#491 = DIRECTION ( 'NONE',  ( -0.000000000000000000, -1.000000000000000000, -0.000000000000000000 ) ) ;
#492 = ORIENTED_EDGE ( 'NONE', *, *, #784, .T. ) ;
#493 = EDGE_LOOP ( 'NONE', ( #1881, #538, #1291, #2384, #4019, #1465 ) ) ;
#494 = CARTESIAN_POINT ( 'NONE',  ( 0.05980042771832832366, 2.203377771812741415, 0.6577967572087385362 ) ) ;
#495 = CARTESIAN_POINT ( 'NONE',  ( 0.5000000000000000000, 3.500000000000000444, 3.146446609406724271 ) ) ;
#496 = AXIS2_PLACEMENT_3D ( 'NONE', #126, #3338, #1364 ) ;
#497 = CIRCLE ( 'NONE', #160, 2.917190429162964449 ) ;
#498 = CARTESIAN_POINT ( 'NONE',  ( 0.6999999999999955147, -1.168173731221868961, 3.440422514028319778 ) ) ;
#499 = ORIENTED_EDGE ( 'NONE', *, *, #2198, .T. ) ;
#500 = DIRECTION ( 'NONE',  ( -1.000000000000000000, 0.000000000000000000, 0.000000000000000000 ) ) ;
#501 = ORIENTED_EDGE ( 'NONE', *, *, #1099, .F. ) ;
#502 = CARTESIAN_POINT ( 'NONE',  ( -0.7000000000000082823, -2.658947160061659876, -1.200000000000008837 ) ) ;
#503 = VERTEX_POINT ( 'NONE', #4055 ) ;
#504 = EDGE_CURVE ( 'NONE', #1511, #3794, #23, .T. ) ;
#505 = CARTESIAN_POINT ( 'NONE',  ( -3.500601796891551043, -0.8706816778592310069, -0.8233965398369647026 ) ) ;
#506 = CARTESIAN_POINT ( 'NONE',  ( -0.9518631059113094040, -0.7646441775280586883, -3.492906083066879663 ) ) ;
#507 = ORIENTED_EDGE ( 'NONE', *, *, #1821, .T. ) ;
#508 = PLANE ( 'NONE',  #478 ) ;
#509 = CARTESIAN_POINT ( 'NONE',  ( -0.8583189242775391969, 3.501005410357121761, -0.8345815409959048692 ) ) ;
#510 = FACE_OUTER_BOUND ( 'NONE', #476, .T. ) ;
#511 = CARTESIAN_POINT ( 'NONE',  ( -3.501005410357114211, 0.8583189242775522976, 0.8345815409959215225 ) ) ;
#512 = CARTESIAN_POINT ( 'NONE',  ( -2.672983723821729551, -0.6999999999999996225, -1.168897932210963164 ) ) ;
#513 = DIRECTION ( 'NONE',  ( 1.000000000000000000, 0.000000000000000000, 0.000000000000000000 ) ) ;
#514 = CARTESIAN_POINT ( 'NONE',  ( 1.075273134213859061, 2.708142634298066120, -0.7147643742422381541 ) ) ;
#515 = EDGE_CURVE ( 'NONE', #3901, #1261, #2733, .T. ) ;
#516 = VERTEX_POINT ( 'NONE', #3055 ) ;
#517 = ORIENTED_EDGE ( 'NONE', *, *, #3765, .F. ) ;
#518 = CARTESIAN_POINT ( 'NONE',  ( -0.9102475412644660535, -3.497740036437984479, 0.7921763061704646391 ) ) ;
#519 = B_SPLINE_CURVE_WITH_KNOTS ( 'NONE', 3,
 ( #3259, #3302, #348, #1654, #2898, #2939, #51, #4192, #389, #369, #3568, #2302, #2346, #1336, #1694, #1376, #2598, #2658, #1945, #2006, #3218, #2959, #1675 ),
 .UNSPECIFIED., .F., .F.,
 ( 4, 2, 2, 2, 2, 1, 2, 2, 2, 2, 2, 4 ),
 ( 0.000000000000000000, 0.001010924964096733721, 0.002021849928193467441, 0.003032774892290200728, 0.003538237374338566721, 0.004043699856386932280, 0.004549162338435297839, 0.005054624820483665133, 0.006065549784580404925, 0.006571012266628777423, 0.007076474748677149922, 0.008087399712773892316 ),
 .UNSPECIFIED. ) ;
#520 = CARTESIAN_POINT ( 'NONE',  ( 1.073467834008647204, -0.7152111868044894738, 3.468032308652855278 ) ) ;
#521 = EDGE_LOOP ( 'NONE', ( #467, #2634, #1354, #3542 ) ) ;
#522 = CARTESIAN_POINT ( 'NONE',  ( 0.000000000000000000, 1.199999999999999956, -1.199999999999995071 ) ) ;
#523 = CARTESIAN_POINT ( 'NONE',  ( -2.685817350106696644, 1.137286315334726350, 0.7029269523404895192 ) ) ;
#524 = EDGE_LOOP ( 'NONE', ( #2699, #4092, #1444, #3545 ) ) ;
#525 = EDGE_CURVE ( 'NONE', #3043, #1089, #287, .T. ) ;
#526 = CARTESIAN_POINT ( 'NONE',  ( -3.501005410357112879, -0.8583189242775519645, -0.8345815409959208564 ) ) ;
#527 = CARTESIAN_POINT ( 'NONE',  ( -0.8966317885524514031, -0.8021954603231650216, -3.498973458826136529 ) ) ;
#528 = VERTEX_POINT ( 'NONE', #3718 ) ;
#529 = DIRECTION ( 'NONE',  ( 0.000000000000000000, 0.000000000000000000, -1.000000000000000000 ) ) ;
#530 = CARTESIAN_POINT ( 'NONE',  ( -0.6999999999999880762, 3.429285639896457294, -1.199999999999987743 ) ) ;
#531 = CARTESIAN_POINT ( 'NONE',  ( 1.041627764527105482, -3.475783170872861483, 0.7246096736620554202 ) ) ;
#532 = CARTESIAN_POINT ( 'NONE',  ( -2.748152273501608178, -0.8015358519171632556, -0.8974892388242119434 ) ) ;
#533 = CARTESIAN_POINT ( 'NONE',  ( -3.440422514028319778, 1.168173731221868961, -0.6999999999999954037 ) ) ;
#534 = AXIS2_PLACEMENT_3D ( 'NONE', #2308, #3906, #39 ) ;
#535 = FACE_OUTER_BOUND ( 'NONE', #1458, .T. ) ;
#536 = ADVANCED_FACE ( 'NONE', ( #803 ), #2986, .T. ) ;
#537 = VERTEX_POINT ( 'NONE', #2103 ) ;
#538 = ORIENTED_EDGE ( 'NONE', *, *, #2764, .T. ) ;
#539 = CARTESIAN_POINT ( 'NONE',  ( -0.8583189242775633998, -3.501005410357115100, 0.8345815409959052023 ) ) ;
#540 = CARTESIAN_POINT ( 'NONE',  ( 1.043604616779530536, -0.7239568038549064610, -2.718072220769942149 ) ) ;
#541 = ADVANCED_FACE ( 'NONE', ( #2441 ), #1541, .T. ) ;
#542 = VECTOR ( 'NONE', #720, 100.0000000000000000 ) ;
#543 = CARTESIAN_POINT ( 'NONE',  ( -2.746646347997236504, 0.9104508995573917796, 0.7920233494385284789 ) ) ;
#544 = ORIENTED_EDGE ( 'NONE', *, *, #1196, .T. ) ;
#545 = CARTESIAN_POINT ( 'NONE',  ( 4.000000000000000000, 0.000000000000000000, 0.000000000000000000 ) ) ;
#546 = VERTEX_POINT ( 'NONE', #827 ) ;
#547 = FACE_BOUND ( 'NONE', #1442, .T. ) ;
#548 = CIRCLE ( 'NONE', #2240, 3.633180424916990781 ) ;
#549 = AXIS2_PLACEMENT_3D ( 'NONE', #2765, #4063, #1158 ) ;
#550 = CARTESIAN_POINT ( 'NONE',  ( -0.6999999999999875211, 3.440422514028325995, -1.168173731221858969 ) ) ;
#551 = CARTESIAN_POINT ( 'NONE',  ( 0.7028759983740731077, -2.685643923445219627, -1.137725361817289560 ) ) ;
#552 = DIRECTION ( 'NONE',  ( 1.000000000000000000, 0.000000000000000000, 0.000000000000000000 ) ) ;
#553 = CARTESIAN_POINT ( 'NONE',  ( 3.429285639896451965, 1.199999999999997957, -0.6999999999999958478 ) ) ;
#554 = CARTESIAN_POINT ( 'NONE',  ( -0.7920233494385334749, -2.746646347997232063, -0.9104508995574004393 ) ) ;
#555 = ORIENTED_EDGE ( 'NONE', *, *, #428, .F. ) ;
#556 = ORIENTED_EDGE ( 'NONE', *, *, #504, .T. ) ;
#557 = CARTESIAN_POINT ( 'NONE',  ( 0.9999999999999998890, 2.071231517720797388, 0.000000000000000000 ) ) ;
#558 = EDGE_CURVE ( 'NONE', #258, #1580, #1125, .T. ) ;
#559 = EDGE_CURVE ( 'NONE', #3825, #2537, #4120, .T. ) ;
#560 = CARTESIAN_POINT ( 'NONE',  ( 0.6999999999999959588, -1.199999999999997735, -2.658947160061668313 ) ) ;
#561 = EDGE_CURVE ( 'NONE', #1026, #2093, #1174, .T. ) ;
#562 = DIRECTION ( 'NONE',  ( 0.000000000000000000, 0.000000000000000000, -1.000000000000000000 ) ) ;
#563 = VERTEX_POINT ( 'NONE', #3079 ) ;
#564 = CIRCLE ( 'NONE', #1457, 2.299999999999999822 ) ;
#565 = CARTESIAN_POINT ( 'NONE',  ( -0.7000000000000041744, -1.200000000000001288, 3.429285639896448856 ) ) ;
#566 = DIRECTION ( 'NONE',  ( 0.000000000000000000, 0.000000000000000000, -1.000000000000000000 ) ) ;
#567 = ORIENTED_EDGE ( 'NONE', *, *, #3398, .T. ) ;
#568 = CARTESIAN_POINT ( 'NONE',  ( -3.429285639896451077, -1.199999999999997735, 0.6999999999999951816 ) ) ;
#569 = CARTESIAN_POINT ( 'NONE',  ( 0.7484781268556028877, -2.734073076233906274, -0.9827337150847098579 ) ) ;
#570 = DIRECTION ( 'NONE',  ( -0.000000000000000000, -0.000000000000000000, -1.000000000000000000 ) ) ;
#571 = CARTESIAN_POINT ( 'NONE',  ( 0.6999999999999956257, -1.168897932210956947, 2.672983723821732216 ) ) ;
#572 = CARTESIAN_POINT ( 'NONE',  ( -0.7000000000000000666, 2.444036937190193349E-15, 0.000000000000000000 ) ) ;
#573 = ORIENTED_EDGE ( 'NONE', *, *, #3184, .T. ) ;
#574 = VERTEX_POINT ( 'NONE', #1834 ) ;
#575 = CARTESIAN_POINT ( 'NONE',  ( 0.03079691223841854106, 2.173783100554571579, 0.7515881895818419256 ) ) ;
#576 = EDGE_CURVE ( 'NONE', #2917, #2427, #834, .T. ) ;
#577 = AXIS2_PLACEMENT_3D ( 'NONE', #2004, #3301, #1276 ) ;
#578 = CARTESIAN_POINT ( 'NONE',  ( 0.000000000000000000, 0.000000000000000000, 0.000000000000000000 ) ) ;
#579 = CARTESIAN_POINT ( 'NONE',  ( 0.000000000000000000, 0.000000000000000000, 0.000000000000000000 ) ) ;
#580 = ORIENTED_EDGE ( 'NONE', *, *, #658, .F. ) ;
#581 = CARTESIAN_POINT ( 'NONE',  ( -0.7152111868044932486, -1.073467834008652311, 3.468032308652852613 ) ) ;
#582 = CARTESIAN_POINT ( 'NONE',  ( 2.658947160061664761, -0.6999999999999989564, -1.200000000000003730 ) ) ;
#583 = EDGE_LOOP ( 'NONE', ( #926, #2829, #2320 ) ) ;
#584 = CARTESIAN_POINT ( 'NONE',  ( 1.199999999999995959, -1.199999999999999734, 2.749545416973504075 ) ) ;
#585 = CARTESIAN_POINT ( 'NONE',  ( 1.137286315334715470, -2.685817350106700196, -0.7029269523404947373 ) ) ;
#586 = CARTESIAN_POINT ( 'NONE',  ( -2.658947160061664317, 0.7000000000000000666, 1.200000000000004174 ) ) ;
#587 = CARTESIAN_POINT ( 'NONE',  ( 0.9820220972479332122, -0.7488049375311743860, 2.734242061544443381 ) ) ;
#588 = ADVANCED_FACE ( 'NONE', ( #2130 ), #3103, .T. ) ;
#589 = CARTESIAN_POINT ( 'NONE',  ( -0.7030103120685413653, -3.450397818404765005, -1.136503287331140477 ) ) ;
#590 = ORIENTED_EDGE ( 'NONE', *, *, #2143, .T. ) ;
#591 = ORIENTED_EDGE ( 'NONE', *, *, #687, .T. ) ;
#592 = CARTESIAN_POINT ( 'NONE',  ( 0.000000000000000000, 1.000000000000000222, 2.071231517720797388 ) ) ;
#593 = ORIENTED_EDGE ( 'NONE', *, *, #3852, .T. ) ;
#594 = B_SPLINE_CURVE_WITH_KNOTS ( 'NONE', 3,
 ( #1973, #3271, #1937, #3535, #2231, #2625, #2928, #2311, #2547, #699, #3186, #615, #1281, #360, #2257, #932, #1664, #2889, #42, #1914, #298, #2567, #3869 ),
 .UNSPECIFIED., .F., .F.,
 ( 4, 2, 2, 2, 2, 1, 2, 2, 2, 2, 2, 4 ),
 ( 0.000000000000000000, 0.001010924964096742828, 0.002021849928193485656, 0.003032774892290228050, 0.003538237374338597079, 0.004043699856386965240, 0.004549162338435334269, 0.005054624820483703297, 0.006065549784580443089, 0.006571012266628810383, 0.007076474748677178545, 0.008087399712773913132 ),
 .UNSPECIFIED. ) ;
#595 = CARTESIAN_POINT ( 'NONE',  ( 0.7920233494385211515, -0.9104508995573903363, -2.746646347997239612 ) ) ;
#596 = DIRECTION ( 'NONE',  ( 1.000000000000000000, -0.000000000000000000, -0.000000000000000000 ) ) ;
#597 = ORIENTED_EDGE ( 'NONE', *, *, #1368, .T. ) ;
#598 = CARTESIAN_POINT ( 'NONE',  ( -3.475783170872853489, -0.7246096736620670775, -1.041627764527121025 ) ) ;
#599 = CARTESIAN_POINT ( 'NONE',  ( -1.200000000000003730, -1.199999999999999512, 1.552417469626000024 ) ) ;
#600 = ORIENTED_EDGE ( 'NONE', *, *, #2947, .F. ) ;
#601 = VECTOR ( 'NONE', #108, 100.0000000000000000 ) ;
#602 = ADVANCED_FACE ( 'NONE', ( #1499 ), #1524, .T. ) ;
#603 = VECTOR ( 'NONE', #321, 100.0000000000000000 ) ;
#604 = DIRECTION ( 'NONE',  ( 0.000000000000000000, 0.000000000000000000, -1.000000000000000000 ) ) ;
#605 = DIRECTION ( 'NONE',  ( 1.224646799147353700E-16, -1.000000000000000000, 0.000000000000000000 ) ) ;
#606 = ORIENTED_EDGE ( 'NONE', *, *, #2910, .F. ) ;
#607 = CARTESIAN_POINT ( 'NONE',  ( 0.000000000000000000, -0.7000000000000000666, 0.000000000000000000 ) ) ;
#608 = AXIS2_PLACEMENT_3D ( 'NONE', #3581, #1956, #365 ) ;
#609 = CARTESIAN_POINT ( 'NONE',  ( -2.748238252951910265, -0.8966644527001228493, -0.8021637118668120126 ) ) ;
#610 = CARTESIAN_POINT ( 'NONE',  ( 0.7914233119003025729, -0.9113003331823182895, 2.746537397795609792 ) ) ;
#612 = EDGE_CURVE ( 'NONE', #3776, #1604, #3783, .T. ) ;
#611 = CARTESIAN_POINT ( 'NONE',  ( -0.8462056414676548677, -2.751351093213592502, -0.8454887732159718228 ) ) ;
#613 = CIRCLE ( 'NONE', #2178, 2.917190429162964449 ) ;
#614 = ORIENTED_EDGE ( 'NONE', *, *, #1894, .F. ) ;
#615 = CARTESIAN_POINT ( 'NONE',  ( -0.8235754288369959708, -0.8704689564911098909, 2.750326265220429001 ) ) ;
#616 = LINE ( 'NONE', #277, #2998 ) ;
#617 = CARTESIAN_POINT ( 'NONE',  ( 0.5000000000000000000, 0.000000000000000000, 0.000000000000000000 ) ) ;
#618 = DIRECTION ( 'NONE',  ( -1.000000000000000000, -1.247963029039124144E-16, 0.000000000000000000 ) ) ;
#619 = CIRCLE ( 'NONE', #2392, 2.749545416973503631 ) ;
#620 = EDGE_LOOP ( 'NONE', ( #2269, #115, #1398, #4129 ) ) ;
#621 = CIRCLE ( 'NONE', #1529, 2.749545416973504075 ) ;
#622 = ADVANCED_FACE ( 'NONE', ( #2484 ), #1476, .T. ) ;
#623 = CARTESIAN_POINT ( 'NONE',  ( -3.429285639896448856, -0.7000000000000000666, -1.200000000000003730 ) ) ;
#624 = CARTESIAN_POINT ( 'NONE',  ( -0.8462056370444384079, 0.8454887688046139882, -2.751351097438615945 ) ) ;
#625 = VERTEX_POINT ( 'NONE', #3767 ) ;
#626 = VECTOR ( 'NONE', #255, 100.0000000000000000 ) ;
#627 = DIRECTION ( 'NONE',  ( 0.000000000000000000, 0.000000000000000000, 1.000000000000000000 ) ) ;
#628 = DIRECTION ( 'NONE',  ( 0.000000000000000000, -1.000000000000000000, -3.491481338843133355E-15 ) ) ;
#629 = VERTEX_POINT ( 'NONE', #3699 ) ;
#630 = EDGE_CURVE ( 'NONE', #1305, #1511, #3382, .T. ) ;
#631 = PRODUCT_CONTEXT ( 'NONE', #134, 'mechanical' ) ;
#632 = DIRECTION ( 'NONE',  ( -1.000000000000000000, 0.000000000000000000, -0.000000000000000000 ) ) ;
#633 = DIRECTION ( 'NONE',  ( 0.000000000000000000, 0.000000000000000000, 1.000000000000000000 ) ) ;
#634 = CARTESIAN_POINT ( 'NONE',  ( 0.7028759983740786588, -1.137725361817278236, 2.685643923445222736 ) ) ;
#635 = DIRECTION ( 'NONE',  ( 0.000000000000000000, 0.000000000000000000, 1.000000000000000000 ) ) ;
#636 = AXIS2_PLACEMENT_3D ( 'NONE', #2463, #220, #3468 ) ;
#637 = ORIENTED_EDGE ( 'NONE', *, *, #1425, .F. ) ;
#638 = FACE_OUTER_BOUND ( 'NONE', #3261, .T. ) ;
#639 = PLANE ( 'NONE',  #1650 ) ;
#640 = FACE_BOUND ( 'NONE', #105, .T. ) ;
#641 = FACE_OUTER_BOUND ( 'NONE', #2927, .T. ) ;
#642 = DIRECTION ( 'NONE',  ( -0.000000000000000000, -1.000000000000000000, -0.000000000000000000 ) ) ;
#643 = CARTESIAN_POINT ( 'NONE',  ( 2.707955253434288778, -0.7156703023464380253, -1.074747213296239456 ) ) ;
#644 = EDGE_LOOP ( 'NONE', ( #3444, #517, #2854, #2617 ) ) ;
#645 = CARTESIAN_POINT ( 'NONE',  ( 3.146446609406726935, 3.500000000000000888, 0.5000000000000000000 ) ) ;
#646 = DIRECTION ( 'NONE',  ( -1.000000000000000000, 0.000000000000000000, 0.000000000000000000 ) ) ;
#647 = ADVANCED_FACE ( 'NONE', ( #3401 ), #1773, .T. ) ;
#648 = VERTEX_POINT ( 'NONE', #150 ) ;
#649 = CARTESIAN_POINT ( 'NONE',  ( 0.7000000000000038414, 1.168897932210960944, -2.672983723821729996 ) ) ;
#650 = CARTESIAN_POINT ( 'NONE',  ( 1.090358579216435420, -2.702700218583833802, -0.7119094202025533225 ) ) ;
#651 = CARTESIAN_POINT ( 'NONE',  ( -2.707955253434288778, -1.074747213296237236, -0.7156703023464416891 ) ) ;
#652 = CARTESIAN_POINT ( 'NONE',  ( 0.000000000000000000, 0.000000000000000000, 1.000000000000000222 ) ) ;
#653 = CARTESIAN_POINT ( 'NONE',  ( 1.200000000000003730, 0.6999999999999997335, 3.633180424916990336 ) ) ;
#654 = ORIENTED_EDGE ( 'NONE', *, *, #2873, .T. ) ;
#655 = CARTESIAN_POINT ( 'NONE',  ( -0.9104508995573806773, 2.746646347997244497, -0.7920233494385152673 ) ) ;
#656 = DIRECTION ( 'NONE',  ( 0.000000000000000000, -2.775557561562888984E-15, 1.000000000000000000 ) ) ;
#657 = CARTESIAN_POINT ( 'NONE',  ( -0.6999999999999956257, 1.168178857759073486, -3.440420720113993802 ) ) ;
#658 = EDGE_CURVE ( 'NONE', #1849, #1426, #1550, .T. ) ;
#659 = DIRECTION ( 'NONE',  ( -0.000000000000000000, 3.491481338843133355E-15, -1.000000000000000000 ) ) ;
#660 = SPHERICAL_SURFACE ( 'NONE', #1508, 2.299999999999999822 ) ;
#661 = EDGE_CURVE ( 'NONE', #1219, #2185, #2462, .T. ) ;
#662 = CARTESIAN_POINT ( 'NONE',  ( 0.000000000000000000, -0.6999999999999989564, 0.000000000000000000 ) ) ;
#663 = DIRECTION ( 'NONE',  ( 1.000000000000000000, 0.000000000000000000, 0.000000000000000000 ) ) ;
#664 = ORIENTED_EDGE ( 'NONE', *, *, #2490, .F. ) ;
#665 = LINE ( 'NONE', #1962, #3188 ) ;
#666 = ORIENTED_EDGE ( 'NONE', *, *, #3081, .T. ) ;
#667 = DIRECTION ( 'NONE',  ( -1.000000000000000000, 3.491481338843133355E-15, -0.000000000000000000 ) ) ;
#668 = ORIENTED_EDGE ( 'NONE', *, *, #3561, .F. ) ;
#669 = B_SPLINE_CURVE_WITH_KNOTS ( 'NONE', 3,
 ( #129, #2713, #1104, #2420, #3720, #2104, #1578, #2864, #1933, #1216, #2503, #3509, #272, #1602, #909, #1854, #2170, #2253, #2886, #1259, #4161, #1559, #872 ),
 .UNSPECIFIED., .F., .F.,
 ( 4, 2, 2, 2, 2, 1, 2, 2, 2, 2, 2, 4 ),
 ( 0.000000000000000000, 0.001010924964096733287, 0.002021849928193466574, 0.003032774892290200294, 0.003538237374338570624, 0.004043699856386940954, 0.004549162338435310850, 0.005054624820483680746, 0.006065549784580424007, 0.006571012266628793903, 0.007076474748677163799, 0.008087399712773894050 ),
 .UNSPECIFIED. ) ;
#670 = CARTESIAN_POINT ( 'NONE',  ( 0.7147643742422514768, 1.075273134213851511, -2.708142634298065676 ) ) ;
#671 = CYLINDRICAL_SURFACE ( 'NONE', #424, 0.2500000000000002220 ) ;
#672 = DIRECTION ( 'NONE',  ( 0.000000000000000000, 0.000000000000000000, -1.000000000000000000 ) ) ;
#673 = CIRCLE ( 'NONE', #3458, 2.917190429162964449 ) ;
#674 = CARTESIAN_POINT ( 'NONE',  ( -1.168173731221883171, -3.440422514028313117, -0.7000000000000117240 ) ) ;
#675 = ORIENTED_EDGE ( 'NONE', *, *, #410, .F. ) ;
#676 = CARTESIAN_POINT ( 'NONE',  ( -0.7000000000000119460, -3.429285639896451965, 1.199999999999987743 ) ) ;
#677 = CARTESIAN_POINT ( 'NONE',  ( 3.146446609406726491, 4.000000000000000888, 0.2500000000000002220 ) ) ;
#678 = CARTESIAN_POINT ( 'NONE',  ( 1.199999999999987743, -3.429285639896456850, 0.6999999999999872990 ) ) ;
#679 = LINE ( 'NONE', #2045, #3994 ) ;
#680 = MECHANICAL_DESIGN_GEOMETRIC_PRESENTATION_REPRESENTATION (  '', ( #3331 ), #274 ) ;
#681 = AXIS2_PLACEMENT_3D ( 'NONE', #798, #143, #188 ) ;
#682 = DIRECTION ( 'NONE',  ( 1.000000000000000000, 6.938893903907228378E-16, 0.000000000000000000 ) ) ;
#683 = DIRECTION ( 'NONE',  ( 1.000000000000000000, -1.776356839400250465E-15, 0.000000000000000000 ) ) ;
#684 = CARTESIAN_POINT ( 'NONE',  ( -2.708142634298067897, 1.075273134213847959, -0.7147643742422439272 ) ) ;
#685 = ORIENTED_EDGE ( 'NONE', *, *, #2298, .F. ) ;
#686 = CYLINDRICAL_SURFACE ( 'NONE', #3132, 0.5000000000000001110 ) ;
#687 = EDGE_CURVE ( 'NONE', #840, #431, #271, .T. ) ;
#688 = ORIENTED_EDGE ( 'NONE', *, *, #3574, .F. ) ;
#689 = CIRCLE ( 'NONE', #2799, 3.633180424916990336 ) ;
#690 = CARTESIAN_POINT ( 'NONE',  ( 0.8233965398369574862, -0.8706816778592295636, -3.500601796891552375 ) ) ;
#691 = VERTEX_POINT ( 'NONE', #586 ) ;
#692 = VECTOR ( 'NONE', #2065, 100.0000000000000000 ) ;
#693 = DIRECTION ( 'NONE',  ( -1.000000000000000000, -0.000000000000000000, 0.000000000000000000 ) ) ;
#694 = DIRECTION ( 'NONE',  ( -0.000000000000000000, 0.000000000000000000, 1.000000000000000000 ) ) ;
#695 = LINE ( 'NONE', #652, #1625 ) ;
#696 = CIRCLE ( 'NONE', #1722, 3.633180424916990781 ) ;
#697 = CIRCLE ( 'NONE', #3424, 2.917190429162964449 ) ;
#698 = ORIENTED_EDGE ( 'NONE', *, *, #2143, .F. ) ;
#699 = CARTESIAN_POINT ( 'NONE',  ( -0.8712373316117936195, -0.8229037976738535765, 2.750284062755299797 ) ) ;
#700 = DIRECTION ( 'NONE',  ( 0.000000000000000000, 1.776356839400250465E-15, -1.000000000000000000 ) ) ;
#701 = DIRECTION ( 'NONE',  ( 0.000000000000000000, 0.000000000000000000, -1.000000000000000000 ) ) ;
#702 = DIRECTION ( 'NONE',  ( -0.000000000000000000, -1.000000000000000000, -0.000000000000000000 ) ) ;
#703 = EDGE_CURVE ( 'NONE', #708, #2527, #1601, .T. ) ;
#704 = CIRCLE ( 'NONE', #2814, 2.749545416973504075 ) ;
#705 = SPHERICAL_SURFACE ( 'NONE', #608, 3.000000000000000000 ) ;
#706 = CARTESIAN_POINT ( 'NONE',  ( 0.8462056370444517306, 2.751351097438613724, -0.8454887688046048844 ) ) ;
#707 = CARTESIAN_POINT ( 'NONE',  ( -0.9526136721971457666, -0.7641852220287232988, -2.740383200956566956 ) ) ;
#708 = VERTEX_POINT ( 'NONE', #2903 ) ;
#709 = CARTESIAN_POINT ( 'NONE',  ( 3.450397818404769890, -0.7030103120685294860, -1.136503287331131817 ) ) ;
#710 = DIRECTION ( 'NONE',  ( 0.000000000000000000, -1.000000000000000000, 0.000000000000000000 ) ) ;
#711 = EDGE_CURVE ( 'NONE', #1226, #1927, #3951, .T. ) ;
#712 = EDGE_LOOP ( 'NONE', ( #654, #590, #1058, #4096, #2453, #130, #941, #185 ) ) ;
#713 = DIRECTION ( 'NONE',  ( 0.000000000000000000, -1.000000000000000000, -0.000000000000000000 ) ) ;
#714 = CARTESIAN_POINT ( 'NONE',  ( 1.200000000000011946, 3.429285639896448856, -0.6999999999999880762 ) ) ;
#715 = CARTESIAN_POINT ( 'NONE',  ( -1.200000000000003730, -0.6999999999999995115, 3.633180424916990781 ) ) ;
#716 = DIRECTION ( 'NONE',  ( 0.000000000000000000, 0.000000000000000000, -1.000000000000000000 ) ) ;
#717 = ORIENTED_EDGE ( 'NONE', *, *, #812, .T. ) ;
#718 = DIRECTION ( 'NONE',  ( 0.000000000000000000, 0.000000000000000000, 1.000000000000000000 ) ) ;
#719 = PLANE ( 'NONE',  #1242 ) ;
#720 = DIRECTION ( 'NONE',  ( 0.000000000000000000, 1.387778780781446464E-15, -1.000000000000000000 ) ) ;
#721 = EDGE_CURVE ( 'NONE', #3682, #1516, #2543, .T. ) ;
#722 = CARTESIAN_POINT ( 'NONE',  ( 1.199999999999991296, -2.473863375370604079, 1.199999999999991296 ) ) ;
#723 = EDGE_CURVE ( 'NONE', #1313, #453, #1558, .T. ) ;
#724 = CARTESIAN_POINT ( 'NONE',  ( 0.000000000000000000, -4.189777606611760815E-15, 1.200000000000000178 ) ) ;
#725 = CARTESIAN_POINT ( 'NONE',  ( 0.7641852220287327357, 2.740383200956569620, -0.9526136721971325549 ) ) ;
#726 = CARTESIAN_POINT ( 'NONE',  ( 0.000000000000000000, 2.444036937190193349E-15, -0.7000000000000000666 ) ) ;
#727 = ORIENTED_EDGE ( 'NONE', *, *, #1758, .T. ) ;
#728 = CARTESIAN_POINT ( 'NONE',  ( 0.8017394387323828475, 0.8958473998712523922, -3.499400235513104640 ) ) ;
#729 = CARTESIAN_POINT ( 'NONE',  ( 3.501012827520900483, -0.8698515159295573396, -0.8230273097198459453 ) ) ;
#730 = VECTOR ( 'NONE', #421, 100.0000000000000000 ) ;
#731 = CARTESIAN_POINT ( 'NONE',  ( 2.163252714963676215, 0.02361860684123383985, 0.7816192738129054129 ) ) ;
#732 = VERTEX_POINT ( 'NONE', #892 ) ;
#733 = ADVANCED_FACE ( 'NONE', ( #3572 ), #4179, .T. ) ;
#734 = CARTESIAN_POINT ( 'NONE',  ( 3.468056583719416608, -1.073376102004336419, -0.7152328218828100104 ) ) ;
#735 = FACE_OUTER_BOUND ( 'NONE', #85, .T. ) ;
#736 = CARTESIAN_POINT ( 'NONE',  ( 3.429285639896451077, 0.6999999999999992895, -1.199999999999995515 ) ) ;
#737 = AXIS2_PLACEMENT_3D ( 'NONE', #3263, #2222, #3902 ) ;
#738 = B_SPLINE_CURVE_WITH_KNOTS ( 'NONE', 3,
 ( #4103, #869, #551, #3449, #3101, #569, #194, #2778, #2521, #2167, #1144, #1172, #1833, #3469, #1321, #1949, #2561, #3179, #3507, #650, #585, #948, #331 ),
 .UNSPECIFIED., .F., .F.,
 ( 4, 2, 2, 2, 2, 1, 2, 2, 2, 2, 2, 4 ),
 ( 0.000000000000000000, 0.001010924964096741527, 0.002021849928193483054, 0.003032774892290224580, 0.003538237374338592742, 0.004043699856386961770, 0.004549162338435330799, 0.005054624820483698960, 0.006065549784580435283, 0.006571012266628799975, 0.007076474748677163799, 0.008087399712773892316 ),
 .UNSPECIFIED. ) ;
#739 = VERTEX_POINT ( 'NONE', #4160 ) ;
#740 = CARTESIAN_POINT ( 'NONE',  ( -0.7000000000000031752, -1.200000000000001066, -2.658947160061664761 ) ) ;
#741 = DIRECTION ( 'NONE',  ( 0.000000000000000000, 1.387778780781446464E-15, -1.000000000000000000 ) ) ;
#742 = CARTESIAN_POINT ( 'NONE',  ( 1.199999999999999734, 4.305626441024318100E-15, 1.199999999999999956 ) ) ;
#743 = CARTESIAN_POINT ( 'NONE',  ( 0.000000000000000000, -2.749545416973508072, 1.199999999999990408 ) ) ;
#744 = AXIS2_PLACEMENT_3D ( 'NONE', #1975, #1103, #1017 ) ;
#745 = AXIS2_PLACEMENT_3D ( 'NONE', #1247, #3190, #1898 ) ;
#746 = EDGE_CURVE ( 'NONE', #747, #2406, #1577, .T. ) ;
#747 = VERTEX_POINT ( 'NONE', #3841 ) ;
#748 = VERTEX_POINT ( 'NONE', #951 ) ;
#749 = CIRCLE ( 'NONE', #1899, 3.633180424916990781 ) ;
#750 = DIRECTION ( 'NONE',  ( 1.000000000000000000, 0.000000000000000000, 0.000000000000000000 ) ) ;
#751 = AXIS2_PLACEMENT_3D ( 'NONE', #1984, #2578, #1294 ) ;
#752 = AXIS2_PLACEMENT_3D ( 'NONE', #3777, #1227, #903 ) ;
#753 = CARTESIAN_POINT ( 'NONE',  ( 0.8583189242775481897, -0.8345815409959168596, 3.501005410357117764 ) ) ;
#754 = ORIENTED_EDGE ( 'NONE', *, *, #4017, .F. ) ;
#755 = CARTESIAN_POINT ( 'NONE',  ( 2.748238252951913374, 0.8966644527001210729, -0.8021637118668051292 ) ) ;
#756 = VERTEX_POINT ( 'NONE', #2188 ) ;
#757 = CARTESIAN_POINT ( 'NONE',  ( 0.000000000000000000, 0.000000000000000000, 0.000000000000000000 ) ) ;
#758 = ORIENTED_EDGE ( 'NONE', *, *, #3396, .T. ) ;
#759 = CARTESIAN_POINT ( 'NONE',  ( -3.499400235513103752, -0.8017394387323797389, -0.8958473998712546127 ) ) ;
#760 = CARTESIAN_POINT ( 'NONE',  ( 0.9516432843292853549, 3.492943933819795621, -0.7647538390662826924 ) ) ;
#761 = FACE_OUTER_BOUND ( 'NONE', #1903, .T. ) ;
#762 = VECTOR ( 'NONE', #2662, 100.0000000000000000 ) ;
#763 = VERTEX_POINT ( 'NONE', #3180 ) ;
#764 = CARTESIAN_POINT ( 'NONE',  ( 0.7493981969133137744, -3.488193259832888415, -0.9808294216839374968 ) ) ;
#765 = DIRECTION ( 'NONE',  ( -3.491481338843133355E-15, -1.000000000000000000, -3.491481338843133355E-15 ) ) ;
#766 = FACE_OUTER_BOUND ( 'NONE', #1837, .T. ) ;
#767 = CARTESIAN_POINT ( 'NONE',  ( 1.200000000000008615, 2.473863375370596529, -1.199999999999991296 ) ) ;
#768 = CIRCLE ( 'NONE', #1037, 2.299999999999999822 ) ;
#769 = VERTEX_POINT ( 'NONE', #2252 ) ;
#770 = ORIENTED_EDGE ( 'NONE', *, *, #723, .T. ) ;
#771 = CARTESIAN_POINT ( 'NONE',  ( 0.2500000000000000000, 3.750000000000000000, 3.146446609406724271 ) ) ;
#772 = CARTESIAN_POINT ( 'NONE',  ( 1.000000000000000222, 1.224646799147353947E-16, 2.071231517720797388 ) ) ;
#773 = ORIENTED_EDGE ( 'NONE', *, *, #388, .T. ) ;
#774 = FACE_OUTER_BOUND ( 'NONE', #3878, .T. ) ;
#775 = ORIENTED_EDGE ( 'NONE', *, *, #1910, .F. ) ;
#776 = CARTESIAN_POINT ( 'NONE',  ( -2.718072220769938152, 0.7239568038549066831, 1.043604616779538530 ) ) ;
#777 = ORIENTED_EDGE ( 'NONE', *, *, #795, .T. ) ;
#778 = CARTESIAN_POINT ( 'NONE',  ( 1.199999999999991296, -2.473863375370596529, -1.200000000000008615 ) ) ;
#779 = DIRECTION ( 'NONE',  ( 1.000000000000000000, 0.000000000000000000, 0.000000000000000000 ) ) ;
#780 = VECTOR ( 'NONE', #1693, 100.0000000000000000 ) ;
#781 =( NAMED_UNIT ( * ) PLANE_ANGLE_UNIT ( ) SI_UNIT ( $, .RADIAN. ) );
#782 = FACE_OUTER_BOUND ( 'NONE', #1805, .T. ) ;
#783 = CARTESIAN_POINT ( 'NONE',  ( -1.199999999999999512, 2.106473686747135821E-14, -1.199999999999999734 ) ) ;
#784 = EDGE_CURVE ( 'NONE', #264, #1352, #2953, .T. ) ;
#785 = CARTESIAN_POINT ( 'NONE',  ( 3.146446609406726491, 4.000000000000000888, 0.5000000000000000000 ) ) ;
#786 = CARTESIAN_POINT ( 'NONE',  ( 0.000000000000000000, -2.749545416973500078, -1.200000000000009281 ) ) ;
#787 = ORIENTED_EDGE ( 'NONE', *, *, #3139, .T. ) ;
#788 = ORIENTED_EDGE ( 'NONE', *, *, #70, .F. ) ;
#789 = CARTESIAN_POINT ( 'NONE',  ( 3.450397818404772554, -1.136503287331126266, 0.7030103120685257112 ) ) ;
#790 = EDGE_CURVE ( 'NONE', #2423, #3959, #2522, .T. ) ;
#791 = DIRECTION ( 'NONE',  ( 1.000000000000000000, 3.469446951953614189E-16, 0.000000000000000000 ) ) ;
#792 = ORIENTED_EDGE ( 'NONE', *, *, #4008, .T. ) ;
#793 = CARTESIAN_POINT ( 'NONE',  ( 2.748152273501609510, 0.8015358519171622564, -0.8974892388242046160 ) ) ;
#794 = ORIENTED_EDGE ( 'NONE', *, *, #630, .F. ) ;
#795 = EDGE_CURVE ( 'NONE', #2469, #3043, #2863, .T. ) ;
#796 = CARTESIAN_POINT ( 'NONE',  ( 2.128001743998885864, 0.005768686730278348510, 0.8753117422505628520 ) ) ;
#797 = ORIENTED_EDGE ( 'NONE', *, *, #2519, .T. ) ;
#798 = CARTESIAN_POINT ( 'NONE',  ( 0.000000000000000000, -0.7000000000000000666, 0.000000000000000000 ) ) ;
#799 = DIRECTION ( 'NONE',  ( -0.000000000000000000, -1.000000000000000000, -0.000000000000000000 ) ) ;
#800 = PRESENTATION_STYLE_ASSIGNMENT (( #3357 ) ) ;
#801 = LINE ( 'NONE', #3031, #1256 ) ;
#802 = CARTESIAN_POINT ( 'NONE',  ( 1.199999999999999956, -4.189777606611760026E-15, 2.749545416973503631 ) ) ;
#803 = FACE_OUTER_BOUND ( 'NONE', #712, .T. ) ;
#804 = DIRECTION ( 'NONE',  ( 0.000000000000000000, 0.000000000000000000, -1.000000000000000000 ) ) ;
#805 = CARTESIAN_POINT ( 'NONE',  ( -3.492906083066881440, 0.7646441775280583553, -0.9518631059113026316 ) ) ;
#806 = DIRECTION ( 'NONE',  ( 0.000000000000000000, 1.000000000000000000, -0.000000000000000000 ) ) ;
#807 = ORIENTED_EDGE ( 'NONE', *, *, #1169, .F. ) ;
#808 = ORIENTED_EDGE ( 'NONE', *, *, #2762, .F. ) ;
#809 = CARTESIAN_POINT ( 'NONE',  ( 0.2499999999999999167, 4.000000000000000000, 3.146446609406724271 ) ) ;
#810 = AXIS2_PLACEMENT_3D ( 'NONE', #852, #1875, #224 ) ;
#811 = CARTESIAN_POINT ( 'NONE',  ( 3.750000000000000000, 0.2500000000000004996, 3.146446609406726491 ) ) ;
#812 = EDGE_CURVE ( 'NONE', #2759, #1604, #3162, .T. ) ;
#813 = CARTESIAN_POINT ( 'NONE',  ( 0.7493981969133223231, -0.9808294216839238411, 3.488193259832890636 ) ) ;
#814 = ORIENTED_EDGE ( 'NONE', *, *, #2663, .T. ) ;
#815 = DIRECTION ( 'NONE',  ( -1.000000000000000000, 0.000000000000000000, 0.000000000000000000 ) ) ;
#816 = VERTEX_POINT ( 'NONE', #2225 ) ;
#817 = CARTESIAN_POINT ( 'NONE',  ( 0.8974892388241987318, -2.748152273501614840, 0.8015358519171537077 ) ) ;
#818 = AXIS2_PLACEMENT_3D ( 'NONE', #3237, #1353, #627 ) ;
#819 = ORIENTED_EDGE ( 'NONE', *, *, #4166, .F. ) ;
#820 = CARTESIAN_POINT ( 'NONE',  ( -3.488170272401589500, -0.9809573058348495245, -0.7493371374504181892 ) ) ;
#821 = CARTESIAN_POINT ( 'NONE',  ( -1.387778780781445676E-15, 4.000000000000000000, 0.000000000000000000 ) ) ;
#822 = EDGE_CURVE ( 'NONE', #748, #1838, #3504, .T. ) ;
#823 = PLANE ( 'NONE',  #1640 ) ;
#824 = CARTESIAN_POINT ( 'NONE',  ( -0.9809573058348360908, 3.488170272401596606, -0.7493371374504023130 ) ) ;
#825 = FACE_BOUND ( 'NONE', #2693, .T. ) ;
#826 = CARTESIAN_POINT ( 'NONE',  ( -3.500601796891549711, 0.8706816778592310069, 0.8233965398369649247 ) ) ;
#827 = CARTESIAN_POINT ( 'NONE',  ( 0.5000000000000000000, 1.178982612255159657, 4.000000000000000000 ) ) ;
#828 = CARTESIAN_POINT ( 'NONE',  ( -3.501005410357116432, 0.8345815409959166375, -0.8583189242775478567 ) ) ;
#829 = VECTOR ( 'NONE', #2690, 100.0000000000000000 ) ;
#830 = CARTESIAN_POINT ( 'NONE',  ( 0.9534278788828339790, 2.740226201904106151, -0.7637296482633727512 ) ) ;
#831 = ORIENTED_EDGE ( 'NONE', *, *, #4166, .T. ) ;
#832 = ORIENTED_EDGE ( 'NONE', *, *, #3665, .T. ) ;
#833 = CARTESIAN_POINT ( 'NONE',  ( 0.2909011184371371184, 2.263459508017287458, 0.2924732371705018874 ) ) ;
#834 = CIRCLE ( 'NONE', #1789, 2.749545416973503631 ) ;
#835 = ADVANCED_FACE ( 'NONE', ( #3165, #4024 ), #1761, .F. ) ;
#836 = AXIS2_PLACEMENT_3D ( 'NONE', #3989, #379, #86 ) ;
#837 = CARTESIAN_POINT ( 'NONE',  ( 0.8966317885524445197, -0.8021954603231641334, 3.498973458826138749 ) ) ;
#838 = ORIENTED_EDGE ( 'NONE', *, *, #972, .F. ) ;
#839 = CARTESIAN_POINT ( 'NONE',  ( 0.7641852220287195241, -0.9526136721971412147, -2.740383200956569620 ) ) ;
#840 = VERTEX_POINT ( 'NONE', #2407 ) ;
#841 = CARTESIAN_POINT ( 'NONE',  ( 4.000000000000000000, 0.5000000000000005551, 1.178982612255159435 ) ) ;
#842 = EDGE_LOOP ( 'NONE', ( #2446, #2638, #4124, #1753 ) ) ;
#843 = CARTESIAN_POINT ( 'NONE',  ( -0.9808294216839127388, 3.488193259832891080, 0.7493981969133383103 ) ) ;
#844 = CARTESIAN_POINT ( 'NONE',  ( -1.073467834008655197, -0.7152111868044893628, -3.468032308652852613 ) ) ;
#845 = ORIENTED_EDGE ( 'NONE', *, *, #3765, .T. ) ;
#846 = DIRECTION ( 'NONE',  ( -0.000000000000000000, -1.000000000000000000, -0.000000000000000000 ) ) ;
#847 = ADVANCED_FACE ( 'NONE', ( #774 ), #3066, .T. ) ;
#848 = CARTESIAN_POINT ( 'NONE',  ( -1.199999999999995293, 0.7000000000000000666, 2.658947160061668313 ) ) ;
#849 = CARTESIAN_POINT ( 'NONE',  ( 1.136478762160987754, -3.450406064323209510, 0.7030111863766589364 ) ) ;
#850 = CARTESIAN_POINT ( 'NONE',  ( -2.658947160061664761, -0.6999999999999989564, -1.200000000000003730 ) ) ;
#851 = CARTESIAN_POINT ( 'NONE',  ( -0.8345815409959138620, 0.8583189242775509653, -3.501005410357117320 ) ) ;
#852 = CARTESIAN_POINT ( 'NONE',  ( 0.000000000000000000, 0.6999999999999992895, 0.000000000000000000 ) ) ;
#853 = VERTEX_POINT ( 'NONE', #3042 ) ;
#854 = ORIENTED_EDGE ( 'NONE', *, *, #3797, .F. ) ;
#855 = EDGE_CURVE ( 'NONE', #763, #4141, #1199, .T. ) ;
#856 = DIRECTION ( 'NONE',  ( -1.000000000000000000, 3.491481338843133355E-15, -0.000000000000000000 ) ) ;
#857 = ADVANCED_FACE ( 'NONE', ( #2428 ), #3371, .T. ) ;
#858 = ORIENTED_EDGE ( 'NONE', *, *, #2974, .F. ) ;
#859 = CARTESIAN_POINT ( 'NONE',  ( -1.073467834008647648, 0.7152111868044894738, 3.468032308652853946 ) ) ;
#860 = DIRECTION ( 'NONE',  ( 1.000000000000000000, 0.000000000000000000, 0.000000000000000000 ) ) ;
#861 = ORIENTED_EDGE ( 'NONE', *, *, #2068, .F. ) ;
#862 = ADVANCED_FACE ( 'NONE', ( #163 ), #2092, .T. ) ;
#863 = CARTESIAN_POINT ( 'NONE',  ( -0.7030103120685333717, -1.136503287331129153, 3.450397818404769890 ) ) ;
#864 = CARTESIAN_POINT ( 'NONE',  ( 0.000000000000000000, 3.146446609406726935, 3.750000000000000000 ) ) ;
#865 = ORIENTED_EDGE ( 'NONE', *, *, #3106, .F. ) ;
#866 = CARTESIAN_POINT ( 'NONE',  ( -3.492943933819799174, -0.9516432843292722543, 0.7647538390662914631 ) ) ;
#867 = EDGE_CURVE ( 'NONE', #2489, #4047, #1464, .T. ) ;
#868 = CARTESIAN_POINT ( 'NONE',  ( -0.7493981969133138854, 3.488193259832896853, -0.9808294216839128499 ) ) ;
#869 = CARTESIAN_POINT ( 'NONE',  ( 0.6999999999999905187, -2.672983723821729551, -1.168897932210968715 ) ) ;
#870 = DIRECTION ( 'NONE',  ( -0.000000000000000000, 1.000000000000000000, -0.000000000000000000 ) ) ;
#871 = B_SPLINE_CURVE_WITH_KNOTS ( 'NONE', 3,
 ( #3265, #649, #3333, #670, #3287, #80, #419, #2373, #2963, #2602, #2987, #56, #353, #1948, #2306, #2286, #3983, #2664, #1725, #2922, #1339, #2639, #3608 ),
 .UNSPECIFIED., .F., .F.,
 ( 4, 2, 2, 2, 2, 1, 2, 2, 2, 2, 2, 4 ),
 ( 0.000000000000000000, 0.001010924964096736323, 0.002021849928193472645, 0.003032774892290208534, 0.003538237374338577129, 0.004043699856386945291, 0.004549162338435312584, 0.005054624820483680746, 0.006065549784580427477, 0.006571012266628798240, 0.007076474748677169871, 0.008087399712773914867 ),
 .UNSPECIFIED. ) ;
#872 = CARTESIAN_POINT ( 'NONE',  ( -1.200000000000008837, -2.658947160061664761, 0.6999999999999908518 ) ) ;
#873 = CIRCLE ( 'NONE', #2021, 3.633180424916990336 ) ;
#874 = CARTESIAN_POINT ( 'NONE',  ( -1.199999999999991296, 2.473863375370596529, 1.200000000000008615 ) ) ;
#875 = ORIENTED_EDGE ( 'NONE', *, *, #1678, .T. ) ;
#876 = EDGE_LOOP ( 'NONE', ( #2716, #3290, #2738, #3037 ) ) ;
#877 = CARTESIAN_POINT ( 'NONE',  ( 0.1825858929285390786, 2.253646586832277698, 0.4229619143570682582 ) ) ;
#878 = EDGE_CURVE ( 'NONE', #2694, #1136, #2353, .T. ) ;
#879 = CIRCLE ( 'NONE', #3244, 2.749545416973504075 ) ;
#880 = AXIS2_PLACEMENT_3D ( 'NONE', #2834, #1534, #1162 ) ;
#881 = CARTESIAN_POINT ( 'NONE',  ( 1.199999999999995515, -0.6999999999999989564, -2.658947160061668313 ) ) ;
#882 = VECTOR ( 'NONE', #1384, 100.0000000000000000 ) ;
#883 = DIRECTION ( 'NONE',  ( 1.000000000000000000, 3.469446951953614189E-16, 0.000000000000000000 ) ) ;
#884 = ORIENTED_EDGE ( 'NONE', *, *, #1757, .F. ) ;
#885 = CARTESIAN_POINT ( 'NONE',  ( 0.6999999999999872990, -3.429285639896456850, 1.199999999999987965 ) ) ;
#886 = LINE ( 'NONE', #3713, #1249 ) ;
#887 = ORIENTED_EDGE ( 'NONE', *, *, #2126, .T. ) ;
#888 = DIRECTION ( 'NONE',  ( -0.000000000000000000, -0.000000000000000000, 1.000000000000000000 ) ) ;
#889 = VECTOR ( 'NONE', #944, 100.0000000000000000 ) ;
#890 = AXIS2_PLACEMENT_3D ( 'NONE', #435, #3022, #2366 ) ;
#891 = CARTESIAN_POINT ( 'NONE',  ( 0.8021954603231523651, -3.498973458826143634, 0.8966317885524359710 ) ) ;
#892 = CARTESIAN_POINT ( 'NONE',  ( 3.750000000000000000, 1.000000000000000444, 0.000000000000000000 ) ) ;
#893 = FACE_OUTER_BOUND ( 'NONE', #1129, .T. ) ;
#894 = DIRECTION ( 'NONE',  ( 3.469446951953611231E-16, -1.000000000000000000, 0.000000000000000000 ) ) ;
#895 = ORIENTED_EDGE ( 'NONE', *, *, #3540, .T. ) ;
#896 = ORIENTED_EDGE ( 'NONE', *, *, #1133, .T. ) ;
#897 = CARTESIAN_POINT ( 'NONE',  ( 0.000000000000000000, 2.444036937190193349E-15, -0.7000000000000000666 ) ) ;
#898 = CARTESIAN_POINT ( 'NONE',  ( -1.041733405160865100, 0.7245755554175393742, 3.475758479492302655 ) ) ;
#899 = CARTESIAN_POINT ( 'NONE',  ( 1.137725361817270464, -2.685643923445226733, 0.7028759983740733297 ) ) ;
#900 = ORIENTED_EDGE ( 'NONE', *, *, #1607, .F. ) ;
#901 = VECTOR ( 'NONE', #1676, 100.0000000000000000 ) ;
#902 = EDGE_CURVE ( 'NONE', #574, #3112, #3117, .T. ) ;
#903 = DIRECTION ( 'NONE',  ( -3.613946018757868503E-15, 1.000000000000000000, 0.000000000000000000 ) ) ;
#904 = CARTESIAN_POINT ( 'NONE',  ( 2.708142634298065232, -1.075273134213851067, -0.7147643742422515878 ) ) ;
#905 = ORIENTED_EDGE ( 'NONE', *, *, #3863, .T. ) ;
#906 =( GEOMETRIC_REPRESENTATION_CONTEXT ( 3 ) GLOBAL_UNCERTAINTY_ASSIGNED_CONTEXT ( ( #1213 ) ) GLOBAL_UNIT_ASSIGNED_CONTEXT ( ( #1790, #781, #2082 ) ) REPRESENTATION_CONTEXT ( 'NONE', 'WORKASPACE' ) );
#907 = FACE_OUTER_BOUND ( 'NONE', #2389, .T. ) ;
#908 = CARTESIAN_POINT ( 'NONE',  ( -2.740383200956566512, -0.9526136721971433241, -0.7641852220287267405 ) ) ;
#909 = CARTESIAN_POINT ( 'NONE',  ( -0.9526136721971518728, -2.740383200956567844, 0.7641852220287139730 ) ) ;
#910 = CARTESIAN_POINT ( 'NONE',  ( 1.199999999999999956, -4.189777606611760026E-15, 2.749545416973503631 ) ) ;
#911 = ORIENTED_EDGE ( 'NONE', *, *, #1425, .T. ) ;
#912 = ADVANCED_FACE ( 'NONE', ( #184 ), #3498, .T. ) ;
#913 = ORIENTED_EDGE ( 'NONE', *, *, #2790, .F. ) ;
#914 = PLANE ( 'NONE',  #3485 ) ;
#915 = AXIS2_PLACEMENT_3D ( 'NONE', #3708, #500, #1416 ) ;
#916 = EDGE_CURVE ( 'NONE', #2058, #4071, #1394, .T. ) ;
#917 = CARTESIAN_POINT ( 'NONE',  ( -0.7030111863766663749, 1.136478762160997524, 3.450406064323204181 ) ) ;
#918 = FACE_BOUND ( 'NONE', #2770, .T. ) ;
#919 = VERTEX_POINT ( 'NONE', #3774 ) ;
#920 = LINE ( 'NONE', #3813, #3478 ) ;
#921 = CARTESIAN_POINT ( 'NONE',  ( -0.9113003331823158470, 0.7914233119003056816, -2.746537397795609792 ) ) ;
#922 = EDGE_LOOP ( 'NONE', ( #2116, #1114, #895, #2095 ) ) ;
#923 = CARTESIAN_POINT ( 'NONE',  ( 0.000000000000000000, 1.199999999999999734, -1.199999999999995515 ) ) ;
#924 = EDGE_CURVE ( 'NONE', #3370, #629, #2156, .T. ) ;
#925 = DIRECTION ( 'NONE',  ( 0.000000000000000000, 0.000000000000000000, -1.000000000000000000 ) ) ;
#926 = ORIENTED_EDGE ( 'NONE', *, *, #972, .T. ) ;
#927 = CARTESIAN_POINT ( 'NONE',  ( 3.497740036437984479, 0.9102475412644526198, -0.7921763061704729658 ) ) ;
#928 = DIRECTION ( 'NONE',  ( -0.000000000000000000, 3.491481338843133355E-15, -1.000000000000000000 ) ) ;
#929 = LINE ( 'NONE', #4180, #2695 ) ;
#930 = CARTESIAN_POINT ( 'NONE',  ( -0.7921763061704887310, -3.497740036437978262, -0.9102475412644657204 ) ) ;
#931 = ORIENTED_EDGE ( 'NONE', *, *, #2762, .T. ) ;
#932 = CARTESIAN_POINT ( 'NONE',  ( -0.7488049375311780498, -0.9820220972479378752, 2.734242061544439828 ) ) ;
#933 = DIRECTION ( 'NONE',  ( 0.000000000000000000, -1.000000000000000000, -3.491481338843133355E-15 ) ) ;
#934 = AXIS2_PLACEMENT_3D ( 'NONE', #2288, #82, #1992 ) ;
#935 = CARTESIAN_POINT ( 'NONE',  ( -2.751351097438615945, -0.8462056370444415165, 0.8454887688046111016 ) ) ;
#936 = EDGE_CURVE ( 'NONE', #2406, #1248, #2440, .T. ) ;
#937 = CARTESIAN_POINT ( 'NONE',  ( -3.429285639896451965, -0.7000000000000000666, 1.199999999999995515 ) ) ;
#938 = EDGE_LOOP ( 'NONE', ( #2114, #2283, #2248, #1181 ) ) ;
#939 = FACE_OUTER_BOUND ( 'NONE', #1819, .T. ) ;
#940 = CARTESIAN_POINT ( 'NONE',  ( 2.734073076233906274, -0.9827337150847017533, -0.7484781268556163214 ) ) ;
#941 = ORIENTED_EDGE ( 'NONE', *, *, #1324, .F. ) ;
#942 = CIRCLE ( 'NONE', #3422, 3.633180424916990336 ) ;
#943 = CIRCLE ( 'NONE', #3323, 2.917190429162964449 ) ;
#944 = DIRECTION ( 'NONE',  ( -1.000000000000000000, 0.000000000000000000, 0.000000000000000000 ) ) ;
#945 = DIRECTION ( 'NONE',  ( -0.000000000000000000, 3.491481338843133355E-15, -1.000000000000000000 ) ) ;
#946 = ORIENTED_EDGE ( 'NONE', *, *, #2629, .F. ) ;
#947 = CARTESIAN_POINT ( 'NONE',  ( 0.000000000000000000, 0.000000000000000000, 0.000000000000000000 ) ) ;
#948 = CARTESIAN_POINT ( 'NONE',  ( 1.168875737631692946, -2.672993740378480254, -0.6999999999999999556 ) ) ;
#949 = CIRCLE ( 'NONE', #3329, 2.299999999999999822 ) ;
#950 = ADVANCED_FACE ( 'NONE', ( #3459 ), #4111, .T. ) ;
#951 = CARTESIAN_POINT ( 'NONE',  ( 1.000000000000000222, 1.224646799147353947E-16, 3.750000000000000000 ) ) ;
#952 = AXIS2_PLACEMENT_3D ( 'NONE', #3610, #1950, #2330 ) ;
#953 = DIRECTION ( 'NONE',  ( 0.000000000000000000, -0.000000000000000000, 1.000000000000000000 ) ) ;
#954 = DIRECTION ( 'NONE',  ( 0.000000000000000000, 1.000000000000000000, -0.000000000000000000 ) ) ;
#955 = AXIS2_PLACEMENT_3D ( 'NONE', #3706, #4022, #791 ) ;
#956 = ORIENTED_EDGE ( 'NONE', *, *, #484, .T. ) ;
#957 = CARTESIAN_POINT ( 'NONE',  ( -0.7637296482633725292, 2.740226201904112813, -0.9534278788828154383 ) ) ;
#958 = DIRECTION ( 'NONE',  ( 0.000000000000000000, -0.000000000000000000, 1.000000000000000000 ) ) ;
#959 = CARTESIAN_POINT ( 'NONE',  ( -1.199999999999999734, 4.189777606611759237E-15, 2.749545416973504075 ) ) ;
#960 = EDGE_CURVE ( 'NONE', #2517, #4059, #2591, .T. ) ;
#961 = DIRECTION ( 'NONE',  ( -1.000000000000000000, 3.491481338843133355E-15, -0.000000000000000000 ) ) ;
#962 = CIRCLE ( 'NONE', #2124, 1.962141687034858029 ) ;
#963 = DIRECTION ( 'NONE',  ( 0.000000000000000000, -1.387778780781446662E-15, 1.000000000000000000 ) ) ;
#964 = DIRECTION ( 'NONE',  ( 0.000000000000000000, 0.000000000000000000, 1.000000000000000000 ) ) ;
#965 = ORIENTED_EDGE ( 'NONE', *, *, #2322, .T. ) ;
#966 = DIRECTION ( 'NONE',  ( 0.000000000000000000, 1.000000000000000000, -2.205311186009788766E-16 ) ) ;
#967 = CARTESIAN_POINT ( 'NONE',  ( 1.136478762160995304, -0.7030111863766703717, -3.450406064323203292 ) ) ;
#968 = CIRCLE ( 'NONE', #4097, 1.962141687034858695 ) ;
#969 = ORIENTED_EDGE ( 'NONE', *, *, #4001, .T. ) ;
#970 = CARTESIAN_POINT ( 'NONE',  ( 0.000000000000000000, -2.749545416973500078, -1.200000000000009281 ) ) ;
#971 = CARTESIAN_POINT ( 'NONE',  ( 0.000000000000000000, -4.189777606611760026E-15, 1.199999999999999956 ) ) ;
#972 = EDGE_CURVE ( 'NONE', #3043, #3370, #68, .T. ) ;
#973 = CARTESIAN_POINT ( 'NONE',  ( 0.000000000000000000, 4.189777606611760026E-15, -1.199999999999999956 ) ) ;
#974 = DIRECTION ( 'NONE',  ( -1.000000000000000000, -0.000000000000000000, 0.000000000000000000 ) ) ;
#975 = EDGE_LOOP ( 'NONE', ( #3729, #1504, #2587, #282 ) ) ;
#976 = CARTESIAN_POINT ( 'NONE',  ( -1.199999999999999956, 4.189777606611760026E-15, 0.000000000000000000 ) ) ;
#977 = DIRECTION ( 'NONE',  ( 0.000000000000000000, -1.000000000000000000, -3.491481338843133355E-15 ) ) ;
#978 = EDGE_CURVE ( 'NONE', #2748, #3731, #1669, .T. ) ;
#979 = DIRECTION ( 'NONE',  ( -0.000000000000000000, 3.491481338843133355E-15, -1.000000000000000000 ) ) ;
#980 = DIRECTION ( 'NONE',  ( -0.000000000000000000, 3.491481338843133355E-15, -1.000000000000000000 ) ) ;
#981 = CARTESIAN_POINT ( 'NONE',  ( -1.027965369110694027, -0.7302373754800324246, -2.722192048079896676 ) ) ;
#982 = CARTESIAN_POINT ( 'NONE',  ( 2.685643923445218739, -1.137725361817281344, -0.7028759983740866524 ) ) ;
#983 = ORIENTED_EDGE ( 'NONE', *, *, #1283, .F. ) ;
#984 = CARTESIAN_POINT ( 'NONE',  ( 3.500601796891549711, -0.8233965398369609279, -0.8706816778592337824 ) ) ;
#985 = ORIENTED_EDGE ( 'NONE', *, *, #1886, .F. ) ;
#986 = LINE ( 'NONE', #3569, #3119 ) ;
#987 = ORIENTED_EDGE ( 'NONE', *, *, #2873, .F. ) ;
#988 = DIRECTION ( 'NONE',  ( 0.7071067811865482389, 8.659560562354945184E-17, 0.7071067811865467956 ) ) ;
#989 = CARTESIAN_POINT ( 'NONE',  ( 3.501012827520903592, 0.8230273097198419485, -0.8698515159295532317 ) ) ;
#990 = CARTESIAN_POINT ( 'NONE',  ( 1.000000000000000222, 1.224646799147353947E-16, 2.071231517720797388 ) ) ;
#991 = ADVANCED_FACE ( 'NONE', ( #28 ), #3539, .F. ) ;
#992 = ADVANCED_FACE ( 'NONE', ( #640, #1021 ), #320, .F. ) ;
#993 = CARTESIAN_POINT ( 'NONE',  ( 0.000000000000000000, 0.000000000000000000, 0.000000000000000000 ) ) ;
#994 = ORIENTED_EDGE ( 'NONE', *, *, #3229, .F. ) ;
#995 = CARTESIAN_POINT ( 'NONE',  ( -0.8704689564910996769, 2.750326265220436106, -0.8235754288369833143 ) ) ;
#996 = DIRECTION ( 'NONE',  ( -1.000000000000000000, 0.000000000000000000, 0.000000000000000000 ) ) ;
#997 = CARTESIAN_POINT ( 'NONE',  ( -0.8966644527001182974, 0.8021637118668076827, 2.748238252951913374 ) ) ;
#998 = EDGE_CURVE ( 'NONE', #1305, #1338, #3667, .T. ) ;
#999 = DIRECTION ( 'NONE',  ( -1.000000000000000000, -0.000000000000000000, 0.000000000000000000 ) ) ;
#1000 = CARTESIAN_POINT ( 'NONE',  ( 3.429285639896451077, -1.199999999999997735, 0.6999999999999951816 ) ) ;
#1001 = CARTESIAN_POINT ( 'NONE',  ( 2.658947160061664761, -1.200000000000001066, -0.7000000000000031752 ) ) ;
#1002 = VERTEX_POINT ( 'NONE', #3619 ) ;
#1003 = CARTESIAN_POINT ( 'NONE',  ( 3.475758479492300435, -0.7245755554175398183, -1.041733405160872428 ) ) ;
#1004 = EDGE_LOOP ( 'NONE', ( #2566, #794, #2601, #2047 ) ) ;
#1005 = DIRECTION ( 'NONE',  ( 0.000000000000000000, 1.000000000000000000, 3.478734961219568627E-15 ) ) ;
#1006 = ORIENTED_EDGE ( 'NONE', *, *, #1391, .F. ) ;
#1007 = CIRCLE ( 'NONE', #810, 3.633180424916990336 ) ;
#1008 = FACE_OUTER_BOUND ( 'NONE', #3236, .T. ) ;
#1009 = DIRECTION ( 'NONE',  ( 0.000000000000000000, 0.000000000000000000, -1.000000000000000000 ) ) ;
#1010 = SPHERICAL_SURFACE ( 'NONE', #534, 3.000000000000000000 ) ;
#1012 = ADVANCED_FACE ( 'NONE', ( #3278, #1940 ), #705, .F. ) ;
#1011 = AXIS2_PLACEMENT_3D ( 'NONE', #1362, #4181, #635 ) ;
#1013 = DIRECTION ( 'NONE',  ( -1.000000000000000000, 0.000000000000000000, 0.000000000000000000 ) ) ;
#1014 = VERTEX_POINT ( 'NONE', #2316 ) ;
#1015 = DIRECTION ( 'NONE',  ( 0.000000000000000000, 0.000000000000000000, -1.000000000000000000 ) ) ;
#1016 = CARTESIAN_POINT ( 'NONE',  ( 0.000000000000000000, -1.199999999999999734, 2.749545416973504075 ) ) ;
#1017 = DIRECTION ( 'NONE',  ( 0.000000000000000000, -0.000000000000000000, 1.000000000000000000 ) ) ;
#1018 = CARTESIAN_POINT ( 'NONE',  ( -1.090358579216440971, 0.7119094202025434415, 2.702700218583833358 ) ) ;
#1019 = AXIS2_PLACEMENT_3D ( 'NONE', #3523, #3856, #4101 ) ;
#1020 = VECTOR ( 'NONE', #196, 100.0000000000000000 ) ;
#1021 = FACE_OUTER_BOUND ( 'NONE', #2367, .T. ) ;
#1022 = CARTESIAN_POINT ( 'NONE',  ( 1.199999999999999956, 9.599986513664647675E-15, -1.199999999999999289 ) ) ;
#1023 = CARTESIAN_POINT ( 'NONE',  ( -0.7028759983740864303, -1.137725361817281566, -2.685643923445219627 ) ) ;
#1024 = ORIENTED_EDGE ( 'NONE', *, *, #4123, .T. ) ;
#1025 = CARTESIAN_POINT ( 'NONE',  ( 3.429285639896448856, -0.7000000000000000666, -1.200000000000003730 ) ) ;
#1026 = VERTEX_POINT ( 'NONE', #2892 ) ;
#1027 = VECTOR ( 'NONE', #361, 100.0000000000000000 ) ;
#1028 = CARTESIAN_POINT ( 'NONE',  ( 2.228507113323309863, 0.09724228806365566025, 0.5647734377795601279 ) ) ;
#1029 = ORIENTED_EDGE ( 'NONE', *, *, #1454, .F. ) ;
#1030 = EDGE_CURVE ( 'NONE', #1692, #2093, #217, .T. ) ;
#1031 = EDGE_CURVE ( 'NONE', #1876, #3107, #749, .T. ) ;
#1032 = LINE ( 'NONE', #3628, #4077 ) ;
#1033 = FACE_OUTER_BOUND ( 'NONE', #3500, .T. ) ;
#1034 = CARTESIAN_POINT ( 'NONE',  ( -1.199999999999999956, 4.189777606611760026E-15, 0.000000000000000000 ) ) ;
#1035 = DIRECTION ( 'NONE',  ( 0.000000000000000000, -1.000000000000000000, 0.000000000000000000 ) ) ;
#1036 = VECTOR ( 'NONE', #1731, 100.0000000000000000 ) ;
#1037 = AXIS2_PLACEMENT_3D ( 'NONE', #3898, #663, #31 ) ;
#1038 = ORIENTED_EDGE ( 'NONE', *, *, #1934, .F. ) ;
#1039 = CARTESIAN_POINT ( 'NONE',  ( 1.199999999999995959, -1.199999999999999512, -1.552417469626005797 ) ) ;
#1040 = CARTESIAN_POINT ( 'NONE',  ( 3.146446609406726935, 3.500000000000000888, 0.5000000000000000000 ) ) ;
#1041 = LINE ( 'NONE', #3340, #3661 ) ;
#1042 = CARTESIAN_POINT ( 'NONE',  ( -0.7239568038549029083, 1.043604616779532979, 2.718072220769942593 ) ) ;
#1043 = CARTESIAN_POINT ( 'NONE',  ( 0.000000000000000000, 4.189777606611758449E-15, -1.199999999999999512 ) ) ;
#1044 = DIRECTION ( 'NONE',  ( 0.000000000000000000, 0.000000000000000000, -1.000000000000000000 ) ) ;
#1045 = ADVANCED_FACE ( 'NONE', ( #3189 ), #2571, .T. ) ;
#1046 = CARTESIAN_POINT ( 'NONE',  ( -0.7914233119003095673, -0.9113003331823203990, -2.746537397795607127 ) ) ;
#1047 = ORIENTED_EDGE ( 'NONE', *, *, #223, .T. ) ;
#1048 = CARTESIAN_POINT ( 'NONE',  ( 0.9518631059113096260, 0.7646441775280589104, -3.492906083066879663 ) ) ;
#1049 = CARTESIAN_POINT ( 'NONE',  ( 2.658947160061668313, -0.6999999999999989564, 1.199999999999995515 ) ) ;
#1050 = EDGE_LOOP ( 'NONE', ( #3286, #591, #2679, #770 ) ) ;
#1051 = CARTESIAN_POINT ( 'NONE',  ( 2.203377771812741415, 0.6577967572087386472, 0.05980042771832844162 ) ) ;
#1052 = CARTESIAN_POINT ( 'NONE',  ( 1.199999999999999956, -4.189777606611760026E-15, 0.000000000000000000 ) ) ;
#1053 = CARTESIAN_POINT ( 'NONE',  ( -0.6999999999999880762, 3.429285639896448856, 1.200000000000012390 ) ) ;
#1054 = DIRECTION ( 'NONE',  ( 1.000000000000000000, -3.491481338843133355E-15, 0.000000000000000000 ) ) ;
#1055 = EDGE_CURVE ( 'NONE', #3794, #691, #1348, .T. ) ;
#1056 = CARTESIAN_POINT ( 'NONE',  ( 3.146446609406726935, 0.2500000000000003886, 3.750000000000000000 ) ) ;
#1057 = CARTESIAN_POINT ( 'NONE',  ( 1.199999999999987077, -3.633180424916992113, -0.7000000000000121680 ) ) ;
#1058 = ORIENTED_EDGE ( 'NONE', *, *, #661, .T. ) ;
#1059 = CARTESIAN_POINT ( 'NONE',  ( 0.6999999999999874101, -3.440422514028317558, -1.168173731221883394 ) ) ;
#1060 = DIRECTION ( 'NONE',  ( 3.491481338843133355E-15, 1.000000000000000000, 3.491481338843133355E-15 ) ) ;
#1061 = CARTESIAN_POINT ( 'NONE',  ( -1.200000000000008393, -2.473863375370596085, 1.199999999999991296 ) ) ;
#1062 = CARTESIAN_POINT ( 'NONE',  ( 2.746646347997239168, -0.9104508995573903363, 0.7920233494385210404 ) ) ;
#1063 = ORIENTED_EDGE ( 'NONE', *, *, #3434, .F. ) ;
#1064 = EDGE_LOOP ( 'NONE', ( #2830, #1573, #2581, #4044 ) ) ;
#1065 = CARTESIAN_POINT ( 'NONE',  ( 2.071231517720797388, 1.000000000000000222, 0.000000000000000000 ) ) ;
#1066 = EDGE_CURVE ( 'NONE', #431, #4100, #3209, .T. ) ;
#1067 = CARTESIAN_POINT ( 'NONE',  ( 0.000000000000000000, 0.000000000000000000, 1.000000000000000222 ) ) ;
#1068 = ORIENTED_EDGE ( 'NONE', *, *, #612, .F. ) ;
#1069 = CARTESIAN_POINT ( 'NONE',  ( 1.168178857759079481, 0.6999999999999997335, -3.440420720113988917 ) ) ;
#1070 = ORIENTED_EDGE ( 'NONE', *, *, #156, .F. ) ;
#1071 = AXIS2_PLACEMENT_3D ( 'NONE', #1034, #3267, #1727 ) ;
#1072 = CARTESIAN_POINT ( 'NONE',  ( 2.253646586832278587, 0.4229619143570682582, 0.1825858929285391896 ) ) ;
#1073 = ORIENTED_EDGE ( 'NONE', *, *, #3797, .T. ) ;
#1074 = CARTESIAN_POINT ( 'NONE',  ( 3.429285639896448856, -1.200000000000001288, -0.7000000000000041744 ) ) ;
#1075 = SPHERICAL_SURFACE ( 'NONE', #2057, 3.700000000000000622 ) ;
#1076 = CARTESIAN_POINT ( 'NONE',  ( 0.000000000000000000, -0.6999999999999995115, 1.199999999999995515 ) ) ;
#1077 = CIRCLE ( 'NONE', #1498, 1.962141687034858029 ) ;
#1078 = EDGE_LOOP ( 'NONE', ( #2333, #2204, #1736, #422 ) ) ;
#1079 = CARTESIAN_POINT ( 'NONE',  ( 0.6999999999999872990, -3.429285639896448412, -1.200000000000011946 ) ) ;
#1080 = DIRECTION ( 'NONE',  ( 0.000000000000000000, 1.000000000000000000, -0.000000000000000000 ) ) ;
#1081 = CARTESIAN_POINT ( 'NONE',  ( -1.199999999999995959, 1.199999999999999956, -2.473863375370598305 ) ) ;
#1082 = CARTESIAN_POINT ( 'NONE',  ( -1.552417469625998470, 1.200000000000000400, 1.200000000000004396 ) ) ;
#1083 = VERTEX_POINT ( 'NONE', #1412 ) ;
#1084 = EDGE_LOOP ( 'NONE', ( #1858, #3384, #3070, #1063 ) ) ;
#1085 = CARTESIAN_POINT ( 'NONE',  ( 3.500601796891553708, -0.8706816778592295636, 0.8233965398369572641 ) ) ;
#1086 = AXIS2_PLACEMENT_3D ( 'NONE', #973, #3310, #21 ) ;
#1087 = CIRCLE ( 'NONE', #340, 2.917190429162964449 ) ;
#1088 = CARTESIAN_POINT ( 'NONE',  ( 0.000000000000000000, 0.000000000000000000, 0.000000000000000000 ) ) ;
#1089 = VERTEX_POINT ( 'NONE', #1131 ) ;
#1090 = CARTESIAN_POINT ( 'NONE',  ( 0.9102475412644571717, 0.7921763061704769626, -3.497740036437983591 ) ) ;
#1091 = ADVANCED_FACE ( 'NONE', ( #2049 ), #3997, .T. ) ;
#1092 = EDGE_LOOP ( 'NONE', ( #1038, #3406, #1775, #1900 ) ) ;
#1093 = CARTESIAN_POINT ( 'NONE',  ( -2.708142634298065676, 0.7147643742422475910, 1.075273134213853732 ) ) ;
#1094 = VERTEX_POINT ( 'NONE', #1065 ) ;
#1095 = LINE ( 'NONE', #2749, #1971 ) ;
#1096 = CARTESIAN_POINT ( 'NONE',  ( 0.7245755554175516977, 3.475758479492302655, -1.041733405160856440 ) ) ;
#1097 = LINE ( 'NONE', #1076, #1968 ) ;
#1098 = AXIS2_PLACEMENT_3D ( 'NONE', #1606, #319, #1327 ) ;
#1099 = EDGE_CURVE ( 'NONE', #3901, #2517, #2719, .T. ) ;
#1100 = CARTESIAN_POINT ( 'NONE',  ( 3.146446609406726491, 3.750000000000001332, 0.000000000000000000 ) ) ;
#1101 = LINE ( 'NONE', #2732, #1985 ) ;
#1102 = CARTESIAN_POINT ( 'NONE',  ( 3.146446609406726935, 3.853285768897992294E-16, 3.750000000000000000 ) ) ;
#1103 = DIRECTION ( 'NONE',  ( -0.000000000000000000, 1.000000000000000000, 0.000000000000000000 ) ) ;
#1104 = CARTESIAN_POINT ( 'NONE',  ( -0.7028759983740919814, -2.685643923445220960, 1.137725361817270908 ) ) ;
#1105 = CIRCLE ( 'NONE', #1796, 0.2500000000000000000 ) ;
#1106 = ORIENTED_EDGE ( 'NONE', *, *, #721, .T. ) ;
#1107 = ORIENTED_EDGE ( 'NONE', *, *, #1871, .T. ) ;
#1108 = EDGE_CURVE ( 'NONE', #2980, #708, #2574, .T. ) ;
#1109 = CARTESIAN_POINT ( 'NONE',  ( 3.500000000000000888, 3.146446609406727823, 0.5000000000000000000 ) ) ;
#1110 = AXIS2_PLACEMENT_3D ( 'NONE', #947, #2582, #1574 ) ;
#1111 = CARTESIAN_POINT ( 'NONE',  ( 1.136503287331124046, -0.7030103120685295970, 3.450397818404773442 ) ) ;
#1112 = ORIENTED_EDGE ( 'NONE', *, *, #4110, .F. ) ;
#1113 = DIRECTION ( 'NONE',  ( 0.000000000000000000, 0.000000000000000000, 1.000000000000000000 ) ) ;
#1114 = ORIENTED_EDGE ( 'NONE', *, *, #1757, .T. ) ;
#1115 = CARTESIAN_POINT ( 'NONE',  ( 2.261373980183027488, 0.2470429238222225099, 0.3410532136154285077 ) ) ;
#1116 = LINE ( 'NONE', #2962, #3612 ) ;
#1117 = CARTESIAN_POINT ( 'NONE',  ( -0.6999999999999995115, 2.444036937190191771E-15, 3.633180424916990781 ) ) ;
#1118 = DIRECTION ( 'NONE',  ( -0.000000000000000000, -1.000000000000000000, -0.000000000000000000 ) ) ;
#1119 = CARTESIAN_POINT ( 'NONE',  ( -3.492906083066880996, -0.7646441775280580222, 0.9518631059113021875 ) ) ;
#1120 = EDGE_CURVE ( 'NONE', #24, #4059, #1156, .T. ) ;
#1121 = AXIS2_PLACEMENT_3D ( 'NONE', #3800, #928, #3488 ) ;
#1122 = DIRECTION ( 'NONE',  ( -1.000000000000000000, 3.491481338843133355E-15, -0.000000000000000000 ) ) ;
#1123 = CARTESIAN_POINT ( 'NONE',  ( -2.658947160061664761, -1.200000000000001066, -0.7000000000000031752 ) ) ;
#1124 = CARTESIAN_POINT ( 'NONE',  ( 1.199999999999999956, -4.189777606611760026E-15, 0.000000000000000000 ) ) ;
#1125 = LINE ( 'NONE', #2826, #3068 ) ;
#1126 = CARTESIAN_POINT ( 'NONE',  ( 0.000000000000000000, 0.000000000000000000, 4.000000000000000000 ) ) ;
#1127 = CARTESIAN_POINT ( 'NONE',  ( 0.000000000000000000, -1.199999999999999512, 0.000000000000000000 ) ) ;
#1128 = ORIENTED_EDGE ( 'NONE', *, *, #355, .T. ) ;
#1129 = EDGE_LOOP ( 'NONE', ( #994, #3624, #3094, #3453 ) ) ;
#1130 = CARTESIAN_POINT ( 'NONE',  ( 0.04903683215322112571, 2.194097814154805093, 0.6889821447559166812 ) ) ;
#1131 = CARTESIAN_POINT ( 'NONE',  ( 1.200000000000004174, 1.199999999999999956, -2.473863375370593864 ) ) ;
#1132 = EDGE_CURVE ( 'NONE', #2406, #2007, #1501, .T. ) ;
#1133 = EDGE_CURVE ( 'NONE', #2469, #629, #5, .T. ) ;
#1134 = ORIENTED_EDGE ( 'NONE', *, *, #3253, .T. ) ;
#1135 = CARTESIAN_POINT ( 'NONE',  ( 0.000000000000000000, 1.199999999999999956, -1.199999999999995071 ) ) ;
#1136 = VERTEX_POINT ( 'NONE', #2696 ) ;
#1137 = CARTESIAN_POINT ( 'NONE',  ( 1.199999999999995515, -0.6999999999999989564, 2.658947160061668313 ) ) ;
#1138 = ORIENTED_EDGE ( 'NONE', *, *, #113, .T. ) ;
#1139 = CARTESIAN_POINT ( 'NONE',  ( -3.429285639896448856, -1.200000000000001288, -0.7000000000000041744 ) ) ;
#1140 = DIRECTION ( 'NONE',  ( 0.000000000000000000, 0.000000000000000000, -1.000000000000000000 ) ) ;
#1141 = EDGE_CURVE ( 'NONE', #1261, #1083, #93, .T. ) ;
#1142 = CARTESIAN_POINT ( 'NONE',  ( -3.501012827520903592, -0.8698515159295561183, 0.8230273097198391730 ) ) ;
#1143 = CYLINDRICAL_SURFACE ( 'NONE', #636, 0.5000000000000001110 ) ;
#1144 = CARTESIAN_POINT ( 'NONE',  ( 0.8454887688046048844, -2.751351097438613724, -0.8462056370444517306 ) ) ;
#1145 = CARTESIAN_POINT ( 'NONE',  ( -3.440420720113991138, 1.168178857759077038, 0.7000000000000039524 ) ) ;
#1146 = CARTESIAN_POINT ( 'NONE',  ( 0.000000000000000000, 1.199999999999999734, -1.199999999999995515 ) ) ;
#1147 = CARTESIAN_POINT ( 'NONE',  ( -3.492943933819799174, 0.9516432843292722543, -0.7647538390662914631 ) ) ;
#1148 = EDGE_CURVE ( 'NONE', #359, #3264, #949, .T. ) ;
#1149 = CARTESIAN_POINT ( 'NONE',  ( 0.000000000000000000, 3.500000000000000444, 3.146446609406724271 ) ) ;
#1150 = EDGE_LOOP ( 'NONE', ( #4177, #13, #1138, #3418 ) ) ;
#1151 = ORIENTED_EDGE ( 'NONE', *, *, #2757, .T. ) ;
#1152 = DIRECTION ( 'NONE',  ( 0.000000000000000000, 1.000000000000000000, 3.470020556479639409E-15 ) ) ;
#1153 = AXIS2_PLACEMENT_3D ( 'NONE', #1407, #1751, #3316 ) ;
#1154 = VECTOR ( 'NONE', #48, 100.0000000000000000 ) ;
#1155 = AXIS2_PLACEMENT_3D ( 'NONE', #578, #2214, #3810 ) ;
#1156 = CIRCLE ( 'NONE', #1841, 0.2500000000000002220 ) ;
#1157 = EDGE_CURVE ( 'NONE', #154, #3946, #3530, .T. ) ;
#1158 = DIRECTION ( 'NONE',  ( 0.000000000000000000, 1.000000000000000000, 3.447978095064730000E-15 ) ) ;
#1159 = ORIENTED_EDGE ( 'NONE', *, *, #2382, .F. ) ;
#1160 = DIRECTION ( 'NONE',  ( -1.000000000000000000, 0.000000000000000000, 0.000000000000000000 ) ) ;
#1161 = EDGE_LOOP ( 'NONE', ( #479, #884, #1884, #2107 ) ) ;
#1162 = DIRECTION ( 'NONE',  ( 0.000000000000000000, 0.000000000000000000, -1.000000000000000000 ) ) ;
#1163 = VECTOR ( 'NONE', #966, 100.0000000000000000 ) ;
#1164 = ORIENTED_EDGE ( 'NONE', *, *, #3220, .T. ) ;
#1165 = DIRECTION ( 'NONE',  ( -0.000000000000000000, 3.491481338843133355E-15, -1.000000000000000000 ) ) ;
#1166 = DIRECTION ( 'NONE',  ( 1.000000000000000000, 0.000000000000000000, 0.000000000000000000 ) ) ;
#1167 = ORIENTED_EDGE ( 'NONE', *, *, #2817, .F. ) ;
#1168 =( NAMED_UNIT ( * ) SI_UNIT ( $, .STERADIAN. ) SOLID_ANGLE_UNIT ( ) );
#1169 = EDGE_CURVE ( 'NONE', #4163, #2362, #133, .T. ) ;
#1170 = EDGE_CURVE ( 'NONE', #2766, #2517, #2233, .T. ) ;
#1171 = DIRECTION ( 'NONE',  ( 0.000000000000000000, 0.000000000000000000, 1.000000000000000000 ) ) ;
#1172 = CARTESIAN_POINT ( 'NONE',  ( 0.8704689564910996769, -2.750326265220431221, -0.8235754288370027432 ) ) ;
#1173 = CARTESIAN_POINT ( 'NONE',  ( -3.429285639896447524, 0.6999999999999992895, 1.200000000000003730 ) ) ;
#1174 = LINE ( 'NONE', #2419, #3415 ) ;
#1175 = DIRECTION ( 'NONE',  ( 3.491481338843133355E-15, 1.000000000000000000, 3.491481338843133355E-15 ) ) ;
#1176 = EDGE_CURVE ( 'NONE', #1762, #3805, #3408, .T. ) ;
#1177 = AXIS2_PLACEMENT_3D ( 'NONE', #4, #1241, #977 ) ;
#1178 = DIRECTION ( 'NONE',  ( -1.000000000000000000, -3.469446951953614189E-16, 0.000000000000000000 ) ) ;
#1179 = ORIENTED_EDGE ( 'NONE', *, *, #1031, .T. ) ;
#1180 = VECTOR ( 'NONE', #2011, 100.0000000000000000 ) ;
#1181 = ORIENTED_EDGE ( 'NONE', *, *, #2014, .F. ) ;
#1182 = CARTESIAN_POINT ( 'NONE',  ( 0.5647734377795597949, 2.228507113323310307, 0.09724228806365554922 ) ) ;
#1183 = AXIS2_PLACEMENT_3D ( 'NONE', #1124, #2439, #2417 ) ;
#1184 = AXIS2_PLACEMENT_3D ( 'NONE', #2413, #481, #3793 ) ;
#1185 = CARTESIAN_POINT ( 'NONE',  ( 0.3952615506187371897, 0.2028546513324925860, 2.256938703689999492 ) ) ;
#1186 = ORIENTED_EDGE ( 'NONE', *, *, #3622, .F. ) ;
#1187 = CARTESIAN_POINT ( 'NONE',  ( -0.8017394387323760752, 0.8958473998712502828, 3.499400235513106860 ) ) ;
#1188 = ADVANCED_FACE ( 'NONE', ( #3929 ), #64, .T. ) ;
#1189 = B_SPLINE_CURVE_WITH_KNOTS ( 'NONE', 3,
 ( #4122, #1217, #589, #2545, #2505, #3802, #3843, #930, #2191, #2229, #3532, #3556, #3243, #1662, #3225, #1951, #1303, #333, #674, #2289 ),
 .UNSPECIFIED., .F., .F.,
 ( 4, 2, 2, 2, 2, 2, 2, 2, 2, 4 ),
 ( 0.000000000000000000, 0.0009981962494525625784, 0.001996392498905125157, 0.002994588748357687302, 0.003493686873083969458, 0.003992784997810252048, 0.004990981247262819831, 0.005989177496715386746, 0.006987373746167955396, 0.007985569995620523179 ),
 .UNSPECIFIED. ) ;
#1190 = LINE ( 'NONE', #4048, #1987 ) ;
#1191 = ORIENTED_EDGE ( 'NONE', *, *, #2425, .T. ) ;
#1192 = DIRECTION ( 'NONE',  ( 1.000000000000000000, -3.491481338843133355E-15, 0.000000000000000000 ) ) ;
#1193 = LINE ( 'NONE', #864, #3620 ) ;
#1194 = EDGE_LOOP ( 'NONE', ( #4113, #2636, #1994, #887 ) ) ;
#1195 = FACE_BOUND ( 'NONE', #1622, .T. ) ;
#1196 = EDGE_CURVE ( 'NONE', #2619, #1239, #1346, .T. ) ;
#1197 = CARTESIAN_POINT ( 'NONE',  ( 0.02361860684123363516, 0.7816192738129054129, 2.163252714963677104 ) ) ;
#1198 = CARTESIAN_POINT ( 'NONE',  ( 0.7493371374504023130, -3.488170272401595717, 0.9809573058348367569 ) ) ;
#1199 = B_SPLINE_CURVE_WITH_KNOTS ( 'NONE', 3,
 ( #2054, #4045, #3690, #116, #3730, #475, #3389, #3413, #793, #2075, #2657, #1741, #755, #1718, #3008, #1397, #2680, #2390, #2345, #414, #2027, #454, #3350 ),
 .UNSPECIFIED., .F., .F.,
 ( 4, 2, 2, 2, 2, 1, 2, 2, 2, 2, 2, 4 ),
 ( 0.000000000000000000, 0.001010924964096729384, 0.002021849928193458767, 0.003032774892290188151, 0.003538237374338555445, 0.004043699856386922739, 0.004549162338435290033, 0.005054624820483657327, 0.006065549784580398854, 0.006571012266628766148, 0.007076474748677133442, 0.008087399712773874969 ),
 .UNSPECIFIED. ) ;
#1200 = CARTESIAN_POINT ( 'NONE',  ( -2.750284062755300685, -0.8229037976738535765, -0.8712373316117939526 ) ) ;
#1201 = CARTESIAN_POINT ( 'NONE',  ( 0.8966644527001186304, -0.8021637118668076827, 2.748238252951913818 ) ) ;
#1202 = DIRECTION ( 'NONE',  ( -0.000000000000000000, 3.491481338843133355E-15, -1.000000000000000000 ) ) ;
#1203 = VERTEX_POINT ( 'NONE', #1081 ) ;
#1204 = ORIENTED_EDGE ( 'NONE', *, *, #171, .F. ) ;
#1205 = DIRECTION ( 'NONE',  ( -0.000000000000000000, 3.491481338843133355E-15, -1.000000000000000000 ) ) ;
#1206 = CARTESIAN_POINT ( 'NONE',  ( 0.7156703023464341396, -1.074747213296234349, -2.707955253434291887 ) ) ;
#1207 = PLANE ( 'NONE',  #1769 ) ;
#1208 = ORIENTED_EDGE ( 'NONE', *, *, #102, .F. ) ;
#1209 = LINE ( 'NONE', #1568, #2789 ) ;
#1210 = FACE_OUTER_BOUND ( 'NONE', #1319, .T. ) ;
#1211 = ORIENTED_EDGE ( 'NONE', *, *, #1268, .F. ) ;
#1212 = FACE_OUTER_BOUND ( 'NONE', #2812, .T. ) ;
#1213 = UNCERTAINTY_MEASURE_WITH_UNIT (LENGTH_MEASURE( 1.000000000000000082E-05 ), #1790, 'distance_accuracy_value', 'NONE');
#1214 = CARTESIAN_POINT ( 'NONE',  ( 0.000000000000000000, 1.199999999999997513, -0.6999999999999952927 ) ) ;
#1215 = DIRECTION ( 'NONE',  ( -3.491481338843133355E-15, -1.000000000000000000, -3.491481338843133355E-15 ) ) ;
#1216 = CARTESIAN_POINT ( 'NONE',  ( -0.8229037976738626803, -2.750284062755302017, 0.8712373316117809630 ) ) ;
#1217 = CARTESIAN_POINT ( 'NONE',  ( -0.7000000000000118350, -3.440420720113984920, -1.168178857759087030 ) ) ;
#1218 = ORIENTED_EDGE ( 'NONE', *, *, #3809, .T. ) ;
#1219 = VERTEX_POINT ( 'NONE', #2995 ) ;
#1220 = DIRECTION ( 'NONE',  ( 3.491481338843133355E-15, 1.000000000000000000, 3.491481338843133355E-15 ) ) ;
#1221 = EDGE_CURVE ( 'NONE', #1826, #3967, #1840, .T. ) ;
#1222 = VECTOR ( 'NONE', #1806, 100.0000000000000000 ) ;
#1223 = CARTESIAN_POINT ( 'NONE',  ( 0.7302373754800286498, -1.027965369110688698, -2.722192048079899784 ) ) ;
#1224 = CIRCLE ( 'NONE', #2168, 2.917190429162964449 ) ;
#1225 = CARTESIAN_POINT ( 'NONE',  ( 1.199999999999990408, -2.658947160061673198, 0.6999999999999908518 ) ) ;
#1226 = VERTEX_POINT ( 'NONE', #1061 ) ;
#1227 = DIRECTION ( 'NONE',  ( 1.000000000000000000, 3.613946018757868503E-15, 0.000000000000000000 ) ) ;
#1228 = CARTESIAN_POINT ( 'NONE',  ( 2.746646347997237392, -0.7920233494385247042, -0.9104508995573946661 ) ) ;
#1229 = ORIENTED_EDGE ( 'NONE', *, *, #2255, .F. ) ;
#1230 = LINE ( 'NONE', #3546, #2850 ) ;
#1231 = VECTOR ( 'NONE', #1885, 100.0000000000000000 ) ;
#1232 = ADVANCED_FACE ( 'NONE', ( #1733 ), #1389, .T. ) ;
#1233 = AXIS2_PLACEMENT_3D ( 'NONE', #1088, #2405, #1739 ) ;
#1234 = SPHERICAL_SURFACE ( 'NONE', #4158, 3.000000000000000000 ) ;
#1235 = CARTESIAN_POINT ( 'NONE',  ( -1.199999999999999734, 9.599986513664650830E-15, 1.199999999999999956 ) ) ;
#1236 = CARTESIAN_POINT ( 'NONE',  ( 1.090358579216440749, -0.7119094202025434415, 2.702700218583833358 ) ) ;
#1237 = B_SPLINE_CURVE_WITH_KNOTS ( 'NONE', 3,
 ( #3403, #1795, #3082, #514, #2631, #2975, #830, #71, #1817, #177, #706, #2133, #2317, #200, #725, #3621, #3105, #1502, #2001, #1980, #3639, #2783, #2023 ),
 .UNSPECIFIED., .F., .F.,
 ( 4, 2, 2, 2, 2, 1, 2, 2, 2, 2, 2, 4 ),
 ( 0.000000000000000000, 0.001010924964096741744, 0.002021849928193483487, 0.003032774892290225014, 0.003538237374338593609, 0.004043699856386962638, 0.004549162338435331666, 0.005054624820483699828, 0.006065549784580437018, 0.006571012266628801710, 0.007076474748677165534, 0.008087399712773894050 ),
 .UNSPECIFIED. ) ;
#1238 = DIRECTION ( 'NONE',  ( -1.000000000000000000, 0.000000000000000000, 0.000000000000000000 ) ) ;
#1239 = VERTEX_POINT ( 'NONE', #1366 ) ;
#1240 = EDGE_LOOP ( 'NONE', ( #969, #499, #3675, #1823 ) ) ;
#1241 = DIRECTION ( 'NONE',  ( 0.000000000000000000, -3.491481338843133355E-15, 1.000000000000000000 ) ) ;
#1242 = AXIS2_PLACEMENT_3D ( 'NONE', #2711, #3678, #4014 ) ;
#1243 = AXIS2_PLACEMENT_3D ( 'NONE', #1146, #2085, #2780 ) ;
#1244 = EDGE_CURVE ( 'NONE', #2721, #3702, #2033, .T. ) ;
#1245 = CARTESIAN_POINT ( 'NONE',  ( -0.9809573058348447505, 0.7493371374504144145, 3.488170272401590388 ) ) ;
#1246 = CIRCLE ( 'NONE', #291, 1.962141687034858695 ) ;
#1247 = CARTESIAN_POINT ( 'NONE',  ( 0.000000000000000000, -3.633180424916988116, -0.7000000000000121680 ) ) ;
#1248 = VERTEX_POINT ( 'NONE', #678 ) ;
#1249 = VECTOR ( 'NONE', #3121, 100.0000000000000000 ) ;
#1250 = CARTESIAN_POINT ( 'NONE',  ( -1.136478762161003297, -0.7030111863766703717, 3.450406064323202848 ) ) ;
#1251 = CARTESIAN_POINT ( 'NONE',  ( 2.734242061544440272, -0.7488049375311748301, -0.9820220972479407617 ) ) ;
#1252 = ORIENTED_EDGE ( 'NONE', *, *, #3879, .T. ) ;
#1253 = DIRECTION ( 'NONE',  ( -0.000000000000000000, 3.491481338843133355E-15, -1.000000000000000000 ) ) ;
#1254 = CARTESIAN_POINT ( 'NONE',  ( 0.8021954603231608028, -0.8966317885524470732, -3.498973458826139193 ) ) ;
#1255 = ORIENTED_EDGE ( 'NONE', *, *, #3714, .T. ) ;
#1256 = VECTOR ( 'NONE', #1171, 100.0000000000000000 ) ;
#1257 = CARTESIAN_POINT ( 'NONE',  ( 0.000000000000000000, -1.199999999999999512, 1.199999999999995515 ) ) ;
#1258 = CARTESIAN_POINT ( 'NONE',  ( -2.685817350106697532, -1.137286315334726350, -0.7029269523404892972 ) ) ;
#1259 = CARTESIAN_POINT ( 'NONE',  ( -1.090358579216454737, -2.702700218583832026, 0.7119094202025346707 ) ) ;
#1260 = CARTESIAN_POINT ( 'NONE',  ( -0.8712373316117998368, -2.750284062755296244, -0.8229037976738631244 ) ) ;
#1261 = VERTEX_POINT ( 'NONE', #1666 ) ;
#1262 = FACE_OUTER_BOUND ( 'NONE', #92, .T. ) ;
#1263 = CARTESIAN_POINT ( 'NONE',  ( 1.199999999999999956, 1.220431300441130186E-15, 1.199999999999999956 ) ) ;
#1264 = EDGE_CURVE ( 'NONE', #4132, #2619, #3636, .T. ) ;
#1265 = CARTESIAN_POINT ( 'NONE',  ( 0.000000000000000000, 0.000000000000000000, 0.000000000000000000 ) ) ;
#1266 = CARTESIAN_POINT ( 'NONE',  ( 0.6999999999999809708, -2.672993740378484251, 1.168875737631693390 ) ) ;
#1267 = ORIENTED_EDGE ( 'NONE', *, *, #1799, .F. ) ;
#1268 = EDGE_CURVE ( 'NONE', #3112, #3830, #1041, .T. ) ;
#1269 = CARTESIAN_POINT ( 'NONE',  ( -1.200000000000003730, -0.7000000000000000666, 3.429285639896448856 ) ) ;
#1270 = CARTESIAN_POINT ( 'NONE',  ( 0.000000000000000000, 1.200000000000000178, 0.000000000000000000 ) ) ;
#1271 = VERTEX_POINT ( 'NONE', #1997 ) ;
#1272 = CARTESIAN_POINT ( 'NONE',  ( 2.473863375370594753, -1.199999999999999734, -1.200000000000004174 ) ) ;
#1273 = CYLINDRICAL_SURFACE ( 'NONE', #3462, 0.4999999999999999445 ) ;
#1274 = ORIENTED_EDGE ( 'NONE', *, *, #2499, .T. ) ;
#1275 = CARTESIAN_POINT ( 'NONE',  ( 0.000000000000000000, 0.000000000000000000, 0.5000000000000000000 ) ) ;
#1276 = DIRECTION ( 'NONE',  ( 0.000000000000000000, 0.000000000000000000, -1.000000000000000000 ) ) ;
#1277 = DIRECTION ( 'NONE',  ( -1.000000000000000000, 3.491481338843133355E-15, -0.000000000000000000 ) ) ;
#1278 = CARTESIAN_POINT ( 'NONE',  ( 3.429285639896448856, -1.200000000000001288, -0.7000000000000041744 ) ) ;
#1279 = EDGE_LOOP ( 'NONE', ( #3645, #2385, #3170, #1274, #3899, #304, #2063, #3030 ) ) ;
#1280 = B_SPLINE_CURVE_WITH_KNOTS ( 'NONE', 3,
 ( #3234, #3751, #1111, #520, #1822, #1414, #2137, #95, #837, #3728, #753, #3411, #3387, #2698, #813, #1395, #1462, #182, #498, #2720 ),
 .UNSPECIFIED., .F., .F.,
 ( 4, 2, 2, 2, 2, 2, 2, 2, 2, 4 ),
 ( 0.000000000000000000, 0.0009981962494525651805, 0.001996392498905130361, 0.002994588748357695542, 0.003493686873083978565, 0.003992784997810260722, 0.004990981247262821566, 0.005989177496715382409, 0.006987373746167943253, 0.007985569995620504097 ),
 .UNSPECIFIED. ) ;
#1281 = CARTESIAN_POINT ( 'NONE',  ( -0.8021637118668119015, -0.8966644527001230713, 2.748238252951909377 ) ) ;
#1282 = PLANE ( 'NONE',  #3945 ) ;
#1283 = EDGE_CURVE ( 'NONE', #2361, #3691, #3322, .T. ) ;
#1284 = AXIS2_PLACEMENT_3D ( 'NONE', #3886, #2012, #2925 ) ;
#1285 = CARTESIAN_POINT ( 'NONE',  ( -2.718072220769942149, -1.043604616779532757, 0.7239568038549029083 ) ) ;
#1286 = AXIS2_PLACEMENT_3D ( 'NONE', #3579, #2692, #3993 ) ;
#1287 = FACE_OUTER_BOUND ( 'NONE', #2798, .T. ) ;
#1288 = ADVANCED_FACE ( 'NONE', ( #2648 ), #3970, .T. ) ;
#1289 = CARTESIAN_POINT ( 'NONE',  ( -2.685817350106700196, 0.7029269523404853004, -1.137286315334720577 ) ) ;
#1290 = CARTESIAN_POINT ( 'NONE',  ( -0.7156703023464341396, 1.074747213296234793, -2.707955253434291887 ) ) ;
#1291 = ORIENTED_EDGE ( 'NONE', *, *, #223, .F. ) ;
#1292 = AXIS2_PLACEMENT_3D ( 'NONE', #2627, #3679, #2971 ) ;
#1293 = CIRCLE ( 'NONE', #3987, 1.000000000000000222 ) ;
#1294 = DIRECTION ( 'NONE',  ( 0.000000000000000000, 0.000000000000000000, -1.000000000000000000 ) ) ;
#1295 = CARTESIAN_POINT ( 'NONE',  ( 2.740226201904108372, -0.7637296482633819661, 0.9534278788828207674 ) ) ;
#1296 = ORIENTED_EDGE ( 'NONE', *, *, #2111, .F. ) ;
#1297 = CARTESIAN_POINT ( 'NONE',  ( 0.2499999999999999167, 4.000000000000000000, 1.000000000000000222 ) ) ;
#1298 = AXIS2_PLACEMENT_3D ( 'NONE', #724, #451, #3704 ) ;
#1299 = DIRECTION ( 'NONE',  ( 0.000000000000000000, 1.000000000000000000, 3.470020556479639409E-15 ) ) ;
#1300 = CIRCLE ( 'NONE', #751, 1.962141687034858029 ) ;
#1301 = DIRECTION ( 'NONE',  ( 0.000000000000000000, 0.000000000000000000, 1.000000000000000000 ) ) ;
#1302 = ADVANCED_FACE ( 'NONE', ( #766 ), #2691, .T. ) ;
#1303 = CARTESIAN_POINT ( 'NONE',  ( -1.073376102004347077, -3.468056583719412167, -0.7152328218828182260 ) ) ;
#1304 = AXIS2_PLACEMENT_3D ( 'NONE', #1311, #3281, #963 ) ;
#1305 = VERTEX_POINT ( 'NONE', #3949 ) ;
#1306 = CARTESIAN_POINT ( 'NONE',  ( -1.074747213296225912, 2.707955253434296772, -0.7156703023464286995 ) ) ;
#1307 = CYLINDRICAL_SURFACE ( 'NONE', #2190, 0.2500000000000000000 ) ;
#1308 = B_SPLINE_CURVE_WITH_KNOTS ( 'NONE', 3,
 ( #3380, #3314, #423, #3054, #148, #3015, #1387, #3291, #3717, #2335, #3634, #3947, #1428, #106, #764, #1450, #2670, #3968, #1059, #1079 ),
 .UNSPECIFIED., .F., .F.,
 ( 4, 2, 2, 2, 2, 2, 2, 2, 2, 4 ),
 ( 1.734723475976807094E-18, 0.0009981962494525662647, 0.001996392498905130795, 0.002994588748357695542, 0.003493686873083977698, 0.003992784997810259855, 0.004990981247262828505, 0.005989177496715395420, 0.006987373746167963202, 0.007985569995620530118 ),
 .UNSPECIFIED. ) ;
#1309 = CARTESIAN_POINT ( 'NONE',  ( -1.199999999999999956, 4.189777606611760026E-15, 0.000000000000000000 ) ) ;
#1310 = VECTOR ( 'NONE', #3594, 100.0000000000000000 ) ;
#1311 = CARTESIAN_POINT ( 'NONE',  ( 0.5000000000000000000, 3.146446609406726935, 3.999999999999999556 ) ) ;
#1312 = CARTESIAN_POINT ( 'NONE',  ( 0.2499999999999999167, 4.000000000000000000, 4.000000000000000000 ) ) ;
#1313 = VERTEX_POINT ( 'NONE', #381 ) ;
#1314 = EDGE_CURVE ( 'NONE', #1271, #3118, #1686, .T. ) ;
#1315 = EDGE_CURVE ( 'NONE', #2223, #3901, #2337, .T. ) ;
#1316 = CARTESIAN_POINT ( 'NONE',  ( -2.473863375370593864, 1.199999999999999956, 1.200000000000004174 ) ) ;
#1317 = ORIENTED_EDGE ( 'NONE', *, *, #1264, .F. ) ;
#1318 = LINE ( 'NONE', #2600, #2697 ) ;
#1319 = EDGE_LOOP ( 'NONE', ( #2119, #4157, #3177, #2897, #3158, #1972, #3972, #758 ) ) ;
#1320 = CARTESIAN_POINT ( 'NONE',  ( -1.200000000000004174, -1.199999999999999734, -2.473863375370594753 ) ) ;
#1321 = CARTESIAN_POINT ( 'NONE',  ( 0.9526136721971325549, -2.740383200956569620, -0.7641852220287327357 ) ) ;
#1322 = CARTESIAN_POINT ( 'NONE',  ( 3.750000000000000000, 3.146446609406727823, 0.2500000000000002220 ) ) ;
#1324 = EDGE_CURVE ( 'NONE', #546, #4003, #209, .T. ) ;
#1323 = DIRECTION ( 'NONE',  ( -1.000000000000000000, 3.491481338843133355E-15, -0.000000000000000000 ) ) ;
#1325 = ORIENTED_EDGE ( 'NONE', *, *, #3497, .T. ) ;
#1326 = CARTESIAN_POINT ( 'NONE',  ( -0.7484781268556031097, 2.734073076233913824, -0.9827337150846907621 ) ) ;
#1327 = DIRECTION ( 'NONE',  ( 0.000000000000000000, 0.000000000000000000, 1.000000000000000000 ) ) ;
#1328 = CARTESIAN_POINT ( 'NONE',  ( -0.7914233119003024619, 0.9113003331823185116, 2.746537397795610236 ) ) ;
#1329 = DIRECTION ( 'NONE',  ( 0.000000000000000000, 1.000000000000000000, 3.485508533455235988E-15 ) ) ;
#1330 = VECTOR ( 'NONE', #3379, 100.0000000000000000 ) ;
#1331 = CARTESIAN_POINT ( 'NONE',  ( 1.000000000000000222, 0.2500000000000001110, 3.750000000000000000 ) ) ;
#1332 = AXIS2_PLACEMENT_3D ( 'NONE', #3508, #75, #4137 ) ;
#1333 = CARTESIAN_POINT ( 'NONE',  ( -1.090358579216448742, -0.7119094202025436635, -2.702700218583830694 ) ) ;
#1334 = CARTESIAN_POINT ( 'NONE',  ( -0.7028759983740731077, 2.685643923445226733, -1.137725361817270686 ) ) ;
#1335 = ORIENTED_EDGE ( 'NONE', *, *, #723, .F. ) ;
#1336 = CARTESIAN_POINT ( 'NONE',  ( -0.7920233494385148232, 2.746646347997238280, 0.9104508995574011054 ) ) ;
#1337 = CARTESIAN_POINT ( 'NONE',  ( 2.734073076233909383, -0.7484781268556124356, 0.9827337150846972014 ) ) ;
#1338 = VERTEX_POINT ( 'NONE', #401 ) ;
#1339 = CARTESIAN_POINT ( 'NONE',  ( 1.137286315334729236, 0.7029269523404855224, -2.685817350106696644 ) ) ;
#1340 = CARTESIAN_POINT ( 'NONE',  ( 3.501005410357117320, 0.8583189242775509653, -0.8345815409959140840 ) ) ;
#1341 = DIRECTION ( 'NONE',  ( 0.000000000000000000, 0.000000000000000000, -1.000000000000000000 ) ) ;
#1342 = DIRECTION ( 'NONE',  ( 0.000000000000000000, 0.000000000000000000, 1.000000000000000000 ) ) ;
#1343 = ORIENTED_EDGE ( 'NONE', *, *, #4088, .F. ) ;
#1344 = CYLINDRICAL_SURFACE ( 'NONE', #3149, 0.5000000000000000000 ) ;
#1345 = DIRECTION ( 'NONE',  ( 0.000000000000000000, 3.491481338843129411E-15, -1.000000000000000000 ) ) ;
#1346 = LINE ( 'NONE', #2313, #1506 ) ;
#1347 = CARTESIAN_POINT ( 'NONE',  ( -0.6999999999999954037, 1.168897932210957169, 2.672983723821732660 ) ) ;
#1348 = LINE ( 'NONE', #3932, #2984 ) ;
#1349 = EDGE_CURVE ( 'NONE', #453, #840, #942, .T. ) ;
#1350 = CARTESIAN_POINT ( 'NONE',  ( 4.000000000000000000, 1.000000000000000444, 1.000000000000000222 ) ) ;
#1351 = CARTESIAN_POINT ( 'NONE',  ( -2.746537397795610236, 0.9113003331823191777, -0.7914233119003025729 ) ) ;
#1352 = VERTEX_POINT ( 'NONE', #2712 ) ;
#1353 = DIRECTION ( 'NONE',  ( -1.000000000000000000, 0.000000000000000000, 0.000000000000000000 ) ) ;
#1354 = ORIENTED_EDGE ( 'NONE', *, *, #2408, .F. ) ;
#1355 = CARTESIAN_POINT ( 'NONE',  ( 2.240724659425429088, 0.5075896144691844913, 0.1270239916761929100 ) ) ;
#1356 = ORIENTED_EDGE ( 'NONE', *, *, #3714, .F. ) ;
#1357 = AXIS2_PLACEMENT_3D ( 'NONE', #1923, #961, #4148 ) ;
#1358 = PLANE ( 'NONE',  #2448 ) ;
#1359 = PLANE ( 'NONE',  #3887 ) ;
#1360 = DIRECTION ( 'NONE',  ( 1.000000000000000000, 1.224646799147353700E-16, -0.000000000000000000 ) ) ;
#1361 = EDGE_CURVE ( 'NONE', #2759, #3982, #4015, .T. ) ;
#1362 = CARTESIAN_POINT ( 'NONE',  ( -1.199999999999999734, 4.189777606611759237E-15, 2.749545416973504075 ) ) ;
#1363 = ORIENTED_EDGE ( 'NONE', *, *, #2213, .T. ) ;
#1364 = DIRECTION ( 'NONE',  ( 1.000000000000000000, 0.000000000000000000, 0.000000000000000000 ) ) ;
#1365 = CARTESIAN_POINT ( 'NONE',  ( -1.200000000000004174, -1.199999999999999734, 2.473863375370594753 ) ) ;
#1366 = CARTESIAN_POINT ( 'NONE',  ( 0.000000000000000000, 3.146446609406727823, 3.499999999999999556 ) ) ;
#1367 = DIRECTION ( 'NONE',  ( -0.000000000000000000, 3.491481338843133355E-15, -1.000000000000000000 ) ) ;
#1368 = EDGE_CURVE ( 'NONE', #2748, #537, #1246, .T. ) ;
#1369 = AXIS2_PLACEMENT_3D ( 'NONE', #3938, #2616, #2918 ) ;
#1370 = CARTESIAN_POINT ( 'NONE',  ( 3.468056583719420161, -0.7152328218828062356, 1.073376102004331312 ) ) ;
#1371 = DIRECTION ( 'NONE',  ( 1.000000000000000000, 1.224646799147353700E-16, -0.000000000000000000 ) ) ;
#1372 = ADVANCED_FACE ( 'NONE', ( #782 ), #2398, .T. ) ;
#1373 = CARTESIAN_POINT ( 'NONE',  ( -2.734073076233909383, 0.9827337150846996439, -0.7484781268556089939 ) ) ;
#1374 = ORIENTED_EDGE ( 'NONE', *, *, #2611, .F. ) ;
#1375 = CARTESIAN_POINT ( 'NONE',  ( 0.8706816778592335604, 0.8233965398369612609, -3.500601796891550599 ) ) ;
#1376 = CARTESIAN_POINT ( 'NONE',  ( -0.7488049375311649491, 2.734242061544440272, 0.9820220972479466459 ) ) ;
#1377 = CARTESIAN_POINT ( 'NONE',  ( 3.146446609406726491, 4.000000000000000888, 0.000000000000000000 ) ) ;
#1378 = AXIS2_PLACEMENT_3D ( 'NONE', #1787, #3483, #234 ) ;
#1379 = CARTESIAN_POINT ( 'NONE',  ( -1.199999999999989964, 2.658947160061673198, -0.6999999999999897415 ) ) ;
#1380 = AXIS2_PLACEMENT_3D ( 'NONE', #3381, #1665, #174 ) ;
#1381 = CARTESIAN_POINT ( 'NONE',  ( -0.7245755554175271618, 3.475758479492299102, 1.041733405160881087 ) ) ;
#1382 = CARTESIAN_POINT ( 'NONE',  ( 0.000000000000000000, 0.000000000000000000, 0.000000000000000000 ) ) ;
#1383 = FACE_OUTER_BOUND ( 'NONE', #1050, .T. ) ;
#1384 = DIRECTION ( 'NONE',  ( -3.491481338843133355E-15, -1.000000000000000000, -3.491481338843133355E-15 ) ) ;
#1385 = VECTOR ( 'NONE', #2438, 100.0000000000000000 ) ;
#1386 = ORIENTED_EDGE ( 'NONE', *, *, #1688, .T. ) ;
#1387 = CARTESIAN_POINT ( 'NONE',  ( 0.9518631059112934167, -3.492906083066880996, -0.7646441775280711228 ) ) ;
#1388 = DIRECTION ( 'NONE',  ( 0.000000000000000000, 1.000000000000000000, 3.470020556479638621E-15 ) ) ;
#1389 = PLANE ( 'NONE',  #4067 ) ;
#1390 = DIRECTION ( 'NONE',  ( 0.000000000000000000, 0.000000000000000000, -1.000000000000000000 ) ) ;
#1391 = EDGE_CURVE ( 'NONE', #1420, #708, #2132, .T. ) ;
#1392 = VERTEX_POINT ( 'NONE', #1039 ) ;
#1393 = CARTESIAN_POINT ( 'NONE',  ( 3.500000000000000444, 0.5000000000000004441, 3.146446609406726491 ) ) ;
#1394 = B_SPLINE_CURVE_WITH_KNOTS ( 'NONE', 3,
 ( #2793, #1863, #261, #859, #898, #1245, #4146, #3156, #1824, #4093, #2452, #245, #1187, #208, #1485, #2531, #2816, #917, #1548, #4065 ),
 .UNSPECIFIED., .F., .F.,
 ( 4, 2, 2, 2, 2, 2, 2, 2, 2, 4 ),
 ( 0.000000000000000000, 0.0009981962494525625784, 0.001996392498905125157, 0.002994588748357687735, 0.003493686873083969024, 0.003992784997810250314, 0.004990981247262812892, 0.005989177496715375471, 0.006987373746167938049, 0.007985569995620500627 ),
 .UNSPECIFIED. ) ;
#1395 = CARTESIAN_POINT ( 'NONE',  ( 0.7246096736620631917, -1.041627764527115696, 3.475783170872856598 ) ) ;
#1396 = EDGE_LOOP ( 'NONE', ( #212, #15, #3723, #2880, #1179, #2088 ) ) ;
#1397 = CARTESIAN_POINT ( 'NONE',  ( 2.734242061544443381, 0.9820220972479355437, -0.7488049375311712774 ) ) ;
#1398 = ORIENTED_EDGE ( 'NONE', *, *, #998, .F. ) ;
#1399 = CARTESIAN_POINT ( 'NONE',  ( -0.7000000000000041744, -1.200000000000001288, 3.429285639896448856 ) ) ;
#1400 = ORIENTED_EDGE ( 'NONE', *, *, #2974, .T. ) ;
#1401 = CARTESIAN_POINT ( 'NONE',  ( 3.146446609406726935, 0.5000000000000003331, 3.500000000000000444 ) ) ;
#1402 = DIRECTION ( 'NONE',  ( -3.491481338843133355E-15, -1.000000000000000000, -3.491481338843133355E-15 ) ) ;
#1403 = CARTESIAN_POINT ( 'NONE',  ( -3.429285639896451965, -0.7000000000000000666, 1.199999999999995515 ) ) ;
#1404 = ORIENTED_EDGE ( 'NONE', *, *, #2322, .F. ) ;
#1405 = CARTESIAN_POINT ( 'NONE',  ( 0.000000000000000000, 2.444036937190189799E-15, -0.6999999999999989564 ) ) ;
#1406 = FACE_OUTER_BOUND ( 'NONE', #524, .T. ) ;
#1407 = CARTESIAN_POINT ( 'NONE',  ( 0.000000000000000000, 0.000000000000000000, 4.000000000000000000 ) ) ;
#1408 = DIRECTION ( 'NONE',  ( 0.000000000000000000, 0.000000000000000000, -1.000000000000000000 ) ) ;
#1409 = ORIENTED_EDGE ( 'NONE', *, *, #2339, .F. ) ;
#1410 = EDGE_CURVE ( 'NONE', #1014, #1338, #1771, .T. ) ;
#1411 = ORIENTED_EDGE ( 'NONE', *, *, #525, .T. ) ;
#1412 = CARTESIAN_POINT ( 'NONE',  ( 3.500000000000000444, 4.286263797015738074E-16, 3.146446609406726491 ) ) ;
#1413 = B_SPLINE_CURVE_WITH_KNOTS ( 'NONE', 3,
 ( #1569, #1594, #2242, #2879, #3544, #2536, #3833, #921, #2219, #2576, #624, #306, #1959, #1612, #2596, #12, #2896, #4190, #1290, #3583, #1943, #324, #1632 ),
 .UNSPECIFIED., .F., .F.,
 ( 4, 2, 2, 2, 2, 1, 2, 2, 2, 2, 2, 4 ),
 ( 0.000000000000000000, 0.001010924964096742177, 0.002021849928193484355, 0.003032774892290226749, 0.003538237374338594043, 0.004043699856386960903, 0.004549162338435328197, 0.005054624820483693756, 0.006065549784580421405, 0.006571012266628783495, 0.007076474748677144717, 0.008087399712773871499 ),
 .UNSPECIFIED. ) ;
#1414 = CARTESIAN_POINT ( 'NONE',  ( 0.9809573058348444174, -0.7493371374504139704, 3.488170272401590388 ) ) ;
#1415 = VERTEX_POINT ( 'NONE', #740 ) ;
#1416 = DIRECTION ( 'NONE',  ( 0.000000000000000000, 1.000000000000000000, 0.000000000000000000 ) ) ;
#1417 = EDGE_LOOP ( 'NONE', ( #3755, #4149, #956, #3217 ) ) ;
#1418 = CARTESIAN_POINT ( 'NONE',  ( -2.685643923445218739, 0.7028759983740824335, 1.137725361817284231 ) ) ;
#1419 = ADVANCED_FACE ( 'NONE', ( #2416 ), #3697, .T. ) ;
#1420 = VERTEX_POINT ( 'NONE', #4013 ) ;
#1421 = CARTESIAN_POINT ( 'NONE',  ( -1.136478762160987310, 3.450406064323204181, 0.7030111863766829172 ) ) ;
#1422 = CARTESIAN_POINT ( 'NONE',  ( 1.199999999999999956, -4.189777606611760026E-15, 2.749545416973503631 ) ) ;
#1423 = CYLINDRICAL_SURFACE ( 'NONE', #141, 0.2500000000000000000 ) ;
#1424 = AXIS2_PLACEMENT_3D ( 'NONE', #1331, #2912, #280 ) ;
#1425 = EDGE_CURVE ( 'NONE', #3812, #1426, #1794, .T. ) ;
#1426 = VERTEX_POINT ( 'NONE', #1123 ) ;
#1427 = CARTESIAN_POINT ( 'NONE',  ( -8.809142651444715823E-18, 0.9383127857033021213, 2.101014385434484044 ) ) ;
#1428 = CARTESIAN_POINT ( 'NONE',  ( 0.8017394387323670824, -3.499400235513104640, -0.8958473998712640496 ) ) ;
#1429 = CARTESIAN_POINT ( 'NONE',  ( -1.200000000000008393, -2.473863375370588091, -1.200000000000008615 ) ) ;
#1430 = DIRECTION ( 'NONE',  ( 0.000000000000000000, 0.000000000000000000, -1.000000000000000000 ) ) ;
#1431 = DIRECTION ( 'NONE',  ( -3.469446951953614189E-16, 1.000000000000000000, -0.000000000000000000 ) ) ;
#1432 = AXIS2_PLACEMENT_3D ( 'NONE', #1, #3591, #1993 ) ;
#1433 = ORIENTED_EDGE ( 'NONE', *, *, #2803, .F. ) ;
#1434 = ORIENTED_EDGE ( 'NONE', *, *, #1513, .F. ) ;
#1435 = DIRECTION ( 'NONE',  ( -0.000000000000000000, 0.000000000000000000, 1.000000000000000000 ) ) ;
#1436 = VECTOR ( 'NONE', #888, 100.0000000000000000 ) ;
#1437 = VECTOR ( 'NONE', #4189, 100.0000000000000000 ) ;
#1438 = DIRECTION ( 'NONE',  ( 0.000000000000000000, 0.000000000000000000, -1.000000000000000000 ) ) ;
#1439 = ORIENTED_EDGE ( 'NONE', *, *, #2425, .F. ) ;
#1440 = EDGE_CURVE ( 'NONE', #1604, #155, #1308, .T. ) ;
#1441 = CARTESIAN_POINT ( 'NONE',  ( 1.200000000000003730, 1.199999999999999734, 3.633180424916990336 ) ) ;
#1442 = EDGE_LOOP ( 'NONE', ( #1609, #1409, #3868 ) ) ;
#1443 = CARTESIAN_POINT ( 'NONE',  ( 2.263459508017287458, 0.2924732371705019429, 0.2909011184371373404 ) ) ;
#1444 = ORIENTED_EDGE ( 'NONE', *, *, #3562, .F. ) ;
#1445 = DIRECTION ( 'NONE',  ( 0.000000000000000000, 0.000000000000000000, -1.000000000000000000 ) ) ;
#1446 = DIRECTION ( 'NONE',  ( -0.7071067811865467956, -8.659560562354921765E-17, 0.7071067811865482389 ) ) ;
#1447 = DIRECTION ( 'NONE',  ( 1.000000000000000000, 0.000000000000000000, -0.000000000000000000 ) ) ;
#1448 = AXIS2_PLACEMENT_3D ( 'NONE', #3911, #3228, #656 ) ;
#1449 = CARTESIAN_POINT ( 'NONE',  ( -0.9518631059112938608, 3.492906083066887213, -0.7646441775280465869 ) ) ;
#1450 = CARTESIAN_POINT ( 'NONE',  ( 0.7246096736620549761, -3.475783170872853489, -1.041627764527129685 ) ) ;
#1451 = CARTESIAN_POINT ( 'NONE',  ( 3.146446609406726935, 0.5000000000000003331, 3.500000000000000444 ) ) ;
#1452 = CARTESIAN_POINT ( 'NONE',  ( -2.708142634298065676, -0.7147643742422475910, -1.075273134213853510 ) ) ;
#1453 = CARTESIAN_POINT ( 'NONE',  ( 1.200000000000003730, 0.7000000000000000666, -2.658947160061664317 ) ) ;
#1454 = EDGE_CURVE ( 'NONE', #3682, #4003, #1101, .T. ) ;
#1455 = AXIS2_PLACEMENT_3D ( 'NONE', #802, #2825, #3164 ) ;
#1456 = DIRECTION ( 'NONE',  ( -0.000000000000000000, -1.000000000000000000, -0.000000000000000000 ) ) ;
#1457 = AXIS2_PLACEMENT_3D ( 'NONE', #757, #140, #3374 ) ;
#1458 = EDGE_LOOP ( 'NONE', ( #1644, #3441, #580, #1562 ) ) ;
#1459 = ORIENTED_EDGE ( 'NONE', *, *, #1391, .T. ) ;
#1460 = CARTESIAN_POINT ( 'NONE',  ( 3.750000000000000000, 0.2500000000000004996, 1.000000000000000222 ) ) ;
#1461 = ADVANCED_FACE ( 'NONE', ( #2689 ), #2378, .T. ) ;
#1462 = CARTESIAN_POINT ( 'NONE',  ( 0.7152328218828026829, -1.073376102004333754, 3.468056583719419272 ) ) ;
#1463 = ORIENTED_EDGE ( 'NONE', *, *, #3764, .F. ) ;
#1464 = LINE ( 'NONE', #1135, #3835 ) ;
#1465 = ORIENTED_EDGE ( 'NONE', *, *, #559, .F. ) ;
#1466 = CARTESIAN_POINT ( 'NONE',  ( -2.750326265220429445, 0.8704689564911102240, 0.8235754288369965259 ) ) ;
#1467 = ORIENTED_EDGE ( 'NONE', *, *, #198, .F. ) ;
#1468 = EDGE_CURVE ( 'NONE', #2489, #178, #2659, .T. ) ;
#1469 = CARTESIAN_POINT ( 'NONE',  ( 0.000000000000000000, 4.189777606611760026E-15, -1.199999999999999956 ) ) ;
#1470 = CARTESIAN_POINT ( 'NONE',  ( -1.041733405160872206, -0.7245755554175394852, -3.475758479492299546 ) ) ;
#1471 = CARTESIAN_POINT ( 'NONE',  ( -3.501005410357117764, -0.8345815409959168596, 0.8583189242775481897 ) ) ;
#1472 = AXIS2_PLACEMENT_3D ( 'NONE', #1441, #2700, #3664 ) ;
#1473 = CARTESIAN_POINT ( 'NONE',  ( 0.2040388987668873000, 0.3936987950065471975, 2.257106370018316266 ) ) ;
#1474 = DIRECTION ( 'NONE',  ( 0.000000000000000000, 1.000000000000000000, 0.000000000000000000 ) ) ;
#1475 = CARTESIAN_POINT ( 'NONE',  ( -3.440422514028317558, 0.6999999999999996225, 1.168173731221875622 ) ) ;
#1476 = PLANE ( 'NONE',  #2853 ) ;
#1477 = CARTESIAN_POINT ( 'NONE',  ( -3.501012827520902260, 0.8698515159295557853, -0.8230273097198392840 ) ) ;
#1478 = DIRECTION ( 'NONE',  ( 3.491481338843133355E-15, 1.000000000000000000, 3.491481338843133355E-15 ) ) ;
#1479 = ADVANCED_FACE ( 'NONE', ( #3360 ), #2646, .T. ) ;
#1480 = ORIENTED_EDGE ( 'NONE', *, *, #2251, .T. ) ;
#1481 = VERTEX_POINT ( 'NONE', #1708 ) ;
#1482 = CARTESIAN_POINT ( 'NONE',  ( -0.8017394387323916183, -3.499400235513105972, 0.8958473998712391806 ) ) ;
#1483 = CARTESIAN_POINT ( 'NONE',  ( 0.6889821447559163481, 0.04903683215322120204, 2.194097814154805093 ) ) ;
#1484 = ORIENTED_EDGE ( 'NONE', *, *, #878, .F. ) ;
#1485 = CARTESIAN_POINT ( 'NONE',  ( -0.7493981969133223231, 0.9808294216839236190, 3.488193259832890636 ) ) ;
#1486 = EDGE_CURVE ( 'NONE', #275, #1838, #2993, .T. ) ;
#1487 = ORIENTED_EDGE ( 'NONE', *, *, #7, .F. ) ;
#1488 = LINE ( 'NONE', #2747, #429 ) ;
#1489 = EDGE_LOOP ( 'NONE', ( #2174, #96, #190, #3313 ) ) ;
#1490 = FACE_OUTER_BOUND ( 'NONE', #620, .T. ) ;
#1491 = CARTESIAN_POINT ( 'NONE',  ( -0.7030111863766742575, -1.136478762161000633, -3.450406064323201960 ) ) ;
#1492 = ORIENTED_EDGE ( 'NONE', *, *, #3004, .T. ) ;
#1493 = CIRCLE ( 'NONE', #2901, 2.917190429162964449 ) ;
#1494 = FILL_AREA_STYLE_COLOUR ( '', #2914 ) ;
#1495 = CARTESIAN_POINT ( 'NONE',  ( -0.6999999999999995115, 1.931899619804978837E-14, -1.199999999999999734 ) ) ;
#1496 = CARTESIAN_POINT ( 'NONE',  ( 0.8233965398369491595, -3.500601796891557260, 0.8706816778592181283 ) ) ;
#1497 = CARTESIAN_POINT ( 'NONE',  ( -3.492943933819795621, 0.7647538390662953489, 0.9516432843292775834 ) ) ;
#1498 = AXIS2_PLACEMENT_3D ( 'NONE', #3586, #667, #2882 ) ;
#1499 = FACE_OUTER_BOUND ( 'NONE', #3393, .T. ) ;
#1500 = CARTESIAN_POINT ( 'NONE',  ( -3.475783170872855710, 1.041627764527115474, -0.7246096736620631917 ) ) ;
#1501 = B_SPLINE_CURVE_WITH_KNOTS ( 'NONE', 3,
 ( #2364, #3021, #789, #3345, #406, #1713, #3297, #2089, #2999, #1085, #2973, #112, #4042, #383, #1777, #1689, #1370, #2071, #3061, #2651 ),
 .UNSPECIFIED., .F., .F.,
 ( 4, 2, 2, 2, 2, 2, 2, 2, 2, 4 ),
 ( 0.000000000000000000, 0.0009981962494525601932, 0.001996392498905120386, 0.002994588748357680363, 0.003493686873083961218, 0.003992784997810242507, 0.004990981247262807688, 0.005989177496715372868, 0.006987373746167938049, 0.007985569995620504097 ),
 .UNSPECIFIED. ) ;
#1502 = CARTESIAN_POINT ( 'NONE',  ( 0.7248147063157371894, 2.717690168901800707, -1.043595226183966718 ) ) ;
#1503 = ORIENTED_EDGE ( 'NONE', *, *, #1897, .T. ) ;
#1504 = ORIENTED_EDGE ( 'NONE', *, *, #746, .F. ) ;
#1505 = CARTESIAN_POINT ( 'NONE',  ( 0.02335182111656815621, 2.162817957087859178, 0.7828263957070791257 ) ) ;
#1506 = VECTOR ( 'NONE', #2380, 100.0000000000000000 ) ;
#1507 = EDGE_CURVE ( 'NONE', #1782, #1570, #1852, .T. ) ;
#1508 = AXIS2_PLACEMENT_3D ( 'NONE', #579, #1957, #2573 ) ;
#1509 = AXIS2_PLACEMENT_3D ( 'NONE', #617, #3212, #302 ) ;
#1510 = CARTESIAN_POINT ( 'NONE',  ( 0.5075896144691843803, 0.1270239916761931598, 2.240724659425429088 ) ) ;
#1511 = VERTEX_POINT ( 'NONE', #1557 ) ;
#1512 = CARTESIAN_POINT ( 'NONE',  ( 0.7119094202025397777, -1.090358579216443413, -2.702700218583834246 ) ) ;
#1513 = EDGE_CURVE ( 'NONE', #235, #756, #1523, .T. ) ;
#1514 = CYLINDRICAL_SURFACE ( 'NONE', #3182, 0.5000000000000000000 ) ;
#1515 = CIRCLE ( 'NONE', #2383, 2.749545416973504075 ) ;
#1516 = VERTEX_POINT ( 'NONE', #1540 ) ;
#1517 = CARTESIAN_POINT ( 'NONE',  ( -0.6999999999999989564, 2.444036937190189799E-15, 0.000000000000000000 ) ) ;
#1518 = CARTESIAN_POINT ( 'NONE',  ( -0.7000000000000032863, -1.168173731221872291, -3.440422514028316225 ) ) ;
#1519 = B_SPLINE_CURVE_WITH_KNOTS ( 'NONE', 3,
 ( #460, #394, #1766, #3984, #1096, #3964, #2351, #3050, #1990, #3334, #2988, #4010, #420, #760, #144, #2060, #2640, #2329, #3629, #714 ),
 .UNSPECIFIED., .F., .F.,
 ( 4, 2, 2, 2, 2, 2, 2, 2, 2, 4 ),
 ( 0.000000000000000000, 0.0009981962494525662647, 0.001996392498905132529, 0.002994588748357698577, 0.003493686873083982902, 0.003992784997810266794, 0.004990981247262831974, 0.005989177496715395420, 0.006987373746167960600, 0.007985569995620524913 ),
 .UNSPECIFIED. ) ;
#1520 = ORIENTED_EDGE ( 'NONE', *, *, #658, .T. ) ;
#1521 = DIRECTION ( 'NONE',  ( 0.000000000000000000, 0.000000000000000000, -1.000000000000000000 ) ) ;
#1522 = CARTESIAN_POINT ( 'NONE',  ( -1.199999999999987521, 3.429285639896457294, -0.6999999999999880762 ) ) ;
#1523 = LINE ( 'NONE', #4119, #1385 ) ;
#1524 = CYLINDRICAL_SURFACE ( 'NONE', #1586, 0.5000000000000000000 ) ;
#1525 = CARTESIAN_POINT ( 'NONE',  ( -0.7000000000000000666, 2.444036937190193349E-15, 0.000000000000000000 ) ) ;
#1526 = CARTESIAN_POINT ( 'NONE',  ( -0.9534278788828339790, -2.740226201904100378, -0.7637296482633918471 ) ) ;
#1527 = ADVANCED_FACE ( 'NONE', ( #3077 ), #3742, .T. ) ;
#1528 = ORIENTED_EDGE ( 'NONE', *, *, #2213, .F. ) ;
#1529 = AXIS2_PLACEMENT_3D ( 'NONE', #2862, #2206, #3571 ) ;
#1530 = ORIENTED_EDGE ( 'NONE', *, *, #1141, .T. ) ;
#1531 = CARTESIAN_POINT ( 'NONE',  ( 0.2028546513324925582, 2.256938703690000825, 0.3952615506187375227 ) ) ;
#1532 = AXIS2_PLACEMENT_3D ( 'NONE', #2728, #1166, #3072 ) ;
#1533 = CARTESIAN_POINT ( 'NONE',  ( 0.7246096736620706302, 1.041627764527118583, -3.475783170872852157 ) ) ;
#1534 = DIRECTION ( 'NONE',  ( -1.000000000000000000, 3.491481338843133355E-15, -0.000000000000000000 ) ) ;
#1535 = EDGE_LOOP ( 'NONE', ( #2868, #2370, #1343, #2835 ) ) ;
#1536 = CARTESIAN_POINT ( 'NONE',  ( -0.7921763061704800712, -0.9102475412644543962, 3.497740036437985367 ) ) ;
#1537 = PLANE ( 'NONE',  #1532 ) ;
#1538 = ORIENTED_EDGE ( 'NONE', *, *, #343, .F. ) ;
#1539 = CARTESIAN_POINT ( 'NONE',  ( -3.440422514028319778, -1.168173731221869183, 0.6999999999999955147 ) ) ;
#1540 = CARTESIAN_POINT ( 'NONE',  ( 3.146446609406726935, 0.2500000000000003886, 4.000000000000000000 ) ) ;
#1541 = CYLINDRICAL_SURFACE ( 'NONE', #1724, 0.5000000000000001110 ) ;
#1542 = DIRECTION ( 'NONE',  ( -3.491481338843133355E-15, -1.000000000000000000, -3.491481338843133355E-15 ) ) ;
#1543 = DIRECTION ( 'NONE',  ( -1.000000000000000000, 3.491481338843133355E-15, -0.000000000000000000 ) ) ;
#1544 = EDGE_LOOP ( 'NONE', ( #1073, #2135, #61, #3786 ) ) ;
#1545 = ORIENTED_EDGE ( 'NONE', *, *, #1120, .F. ) ;
#1546 = B_SPLINE_CURVE_WITH_KNOTS ( 'NONE', 3,
 ( #49, #1673, #1023, #2595, #1631, #3897, #3623, #1046, #2299, #3324, #3936, #323, #385, #3601, #707, #412, #981, #2319, #367, #1333, #1958, #2279, #3582 ),
 .UNSPECIFIED., .F., .F.,
 ( 4, 2, 2, 2, 2, 1, 2, 2, 2, 2, 2, 4 ),
 ( 0.000000000000000000, 0.001010924964096740876, 0.002021849928193481753, 0.003032774892290222846, 0.003538237374338593175, 0.004043699856386962638, 0.004549162338435332534, 0.005054624820483701562, 0.006065549784580437018, 0.006571012266628806914, 0.007076474748677175075, 0.008087399712773911398 ),
 .UNSPECIFIED. ) ;
#1547 = DIRECTION ( 'NONE',  ( 0.000000000000000000, 0.000000000000000000, -1.000000000000000000 ) ) ;
#1548 = CARTESIAN_POINT ( 'NONE',  ( -0.6999999999999954037, 1.168173731221869627, 3.440422514028321999 ) ) ;
#1549 = CARTESIAN_POINT ( 'NONE',  ( -2.707955253434288778, 1.074747213296237458, 0.7156703023464422442 ) ) ;
#1550 = B_SPLINE_CURVE_WITH_KNOTS ( 'NONE', 3,
 ( #850, #512, #488, #1452, #2734, #2149, #1792, #3470, #532, #1200, #2755, #2584, #609, #3223, #908, #3820, #1932, #3885, #651, #313, #1258, #1619, #4198 ),
 .UNSPECIFIED., .F., .F.,
 ( 4, 2, 2, 2, 2, 1, 2, 2, 2, 2, 2, 4 ),
 ( 0.000000000000000000, 0.001010924964096737407, 0.002021849928193474814, 0.003032774892290212004, 0.003538237374338581900, 0.004043699856386952229, 0.004549162338435322125, 0.005054624820483692889, 0.006065549784580430946, 0.006571012266628801710, 0.007076474748677172473, 0.008087399712773913132 ),
 .UNSPECIFIED. ) ;
#1551 = ORIENTED_EDGE ( 'NONE', *, *, #3269, .F. ) ;
#1552 = CARTESIAN_POINT ( 'NONE',  ( -0.7000000000000036193, -1.168178857759076150, 3.440420720113991138 ) ) ;
#1553 = CARTESIAN_POINT ( 'NONE',  ( 2.740226201904105263, -0.9534278788828254303, -0.7637296482633859629 ) ) ;
#1554 = ORIENTED_EDGE ( 'NONE', *, *, #1196, .F. ) ;
#1555 = LINE ( 'NONE', #584, #2110 ) ;
#1556 = EDGE_CURVE ( 'NONE', #3908, #1248, #2471, .T. ) ;
#1557 = CARTESIAN_POINT ( 'NONE',  ( -3.429285639896448412, 1.200000000000001510, 0.7000000000000035083 ) ) ;
#1558 = LINE ( 'NONE', #293, #2125 ) ;
#1559 = CARTESIAN_POINT ( 'NONE',  ( -1.168875737631711820, -2.672993740378478034, 0.6999999999999815259 ) ) ;
#1561 = ADVANCED_FACE ( 'NONE', ( #825, #2753 ), #1234, .F. ) ;
#1560 = CARTESIAN_POINT ( 'NONE',  ( -0.8021637118668178967, -2.748238252951904492, -0.8966644527001315090 ) ) ;
#1562 = ORIENTED_EDGE ( 'NONE', *, *, #3198, .F. ) ;
#1563 = EDGE_LOOP ( 'NONE', ( #164, #3300, #797, #2192 ) ) ;
#1564 = CARTESIAN_POINT ( 'NONE',  ( 0.6569949843654516730, 2.203614080306001366, 0.06008193390049430122 ) ) ;
#1565 = AXIS2_PLACEMENT_3D ( 'NONE', #1309, #2594, #2613 ) ;
#1566 = PLANE ( 'NONE',  #745 ) ;
#1567 = EDGE_LOOP ( 'NONE', ( #2266, #1480, #267, #1930 ) ) ;
#1568 = CARTESIAN_POINT ( 'NONE',  ( 0.000000000000000000, 3.500000000000000444, 3.146446609406724271 ) ) ;
#1569 = CARTESIAN_POINT ( 'NONE',  ( -1.199999999999995293, 0.7000000000000000666, -2.658947160061668313 ) ) ;
#1570 = VERTEX_POINT ( 'NONE', #1872 ) ;
#1571 = CARTESIAN_POINT ( 'NONE',  ( 0.000000000000000000, 0.6999999999999997335, 3.633180424916990336 ) ) ;
#1572 = CIRCLE ( 'NONE', #2246, 1.962141687034858695 ) ;
#1573 = ORIENTED_EDGE ( 'NONE', *, *, #46, .T. ) ;
#1574 = DIRECTION ( 'NONE',  ( 1.000000000000000000, 0.000000000000000000, 0.000000000000000000 ) ) ;
#1575 = CARTESIAN_POINT ( 'NONE',  ( 3.499400235513105972, 0.8017394387323791838, -0.8958473998712475073 ) ) ;
#1576 = VECTOR ( 'NONE', #2981, 100.0000000000000000 ) ;
#1577 = LINE ( 'NONE', #2562, #2077 ) ;
#1578 = CARTESIAN_POINT ( 'NONE',  ( -0.7637296482633916250, -2.740226201904106595, 0.9534278788828151052 ) ) ;
#1579 = CARTESIAN_POINT ( 'NONE',  ( 8.673617379884035472E-17, 3.750000000000000000, 0.2500000000000002220 ) ) ;
#1580 = VERTEX_POINT ( 'NONE', #2501 ) ;
#1581 = DIRECTION ( 'NONE',  ( 0.000000000000000000, 0.000000000000000000, 1.000000000000000000 ) ) ;
#1582 = DIRECTION ( 'NONE',  ( -1.000000000000000000, -1.224646799147353700E-16, 0.000000000000000000 ) ) ;
#1583 = ADVANCED_FACE ( 'NONE', ( #510 ), #173, .T. ) ;
#1584 = CIRCLE ( 'NONE', #490, 2.749545416973503631 ) ;
#1585 = EDGE_CURVE ( 'NONE', #648, #3776, #738, .T. ) ;
#1586 = AXIS2_PLACEMENT_3D ( 'NONE', #3148, #2465, #552 ) ;
#1587 = DIRECTION ( 'NONE',  ( 0.000000000000000000, 0.000000000000000000, 1.000000000000000000 ) ) ;
#1588 = EDGE_CURVE ( 'NONE', #2683, #3825, #1639, .T. ) ;
#1589 = VECTOR ( 'NONE', #44, 100.0000000000000000 ) ;
#1590 = CARTESIAN_POINT ( 'NONE',  ( -1.199999999999995959, 1.199999999999999956, 2.473863375370598305 ) ) ;
#1591 = ORIENTED_EDGE ( 'NONE', *, *, #1264, .T. ) ;
#1592 = VECTOR ( 'NONE', #335, 100.0000000000000000 ) ;
#1593 = CARTESIAN_POINT ( 'NONE',  ( -0.8698515159295600041, -0.8230273097198431698, 3.501012827520900927 ) ) ;
#1594 = CARTESIAN_POINT ( 'NONE',  ( -1.168897932210954949, 0.6999999999999997335, -2.672983723821732216 ) ) ;
#1595 = VERTEX_POINT ( 'NONE', #1297 ) ;
#1596 = CARTESIAN_POINT ( 'NONE',  ( -1.199999999999999512, 4.189777606611758449E-15, 0.000000000000000000 ) ) ;
#1597 = CARTESIAN_POINT ( 'NONE',  ( 2.672983723821733104, -0.6999999999999996225, 1.168897932210955171 ) ) ;
#1598 = EDGE_CURVE ( 'NONE', #3107, #3194, #2609, .T. ) ;
#1599 = ORIENTED_EDGE ( 'NONE', *, *, #3924, .F. ) ;
#1600 = DIRECTION ( 'NONE',  ( -0.000000000000000000, -0.000000000000000000, 1.000000000000000000 ) ) ;
#1601 = LINE ( 'NONE', #1235, #1576 ) ;
#1602 = CARTESIAN_POINT ( 'NONE',  ( -0.9104508995574002173, -2.746646347997236948, 0.7920233494385151563 ) ) ;
#1603 = FACE_OUTER_BOUND ( 'NONE', #1084, .T. ) ;
#1604 = VERTEX_POINT ( 'NONE', #1618 ) ;
#1605 = CARTESIAN_POINT ( 'NONE',  ( -1.200000000000003730, -1.199999999999999512, 3.633180424916990781 ) ) ;
#1606 = CARTESIAN_POINT ( 'NONE',  ( -1.199999999999999734, 4.189777606611759237E-15, 2.749545416973504075 ) ) ;
#1607 = EDGE_CURVE ( 'NONE', #1271, #2394, #696, .T. ) ;
#1608 = DIRECTION ( 'NONE',  ( 1.000000000000000000, -0.000000000000000000, 0.000000000000000000 ) ) ;
#1609 = ORIENTED_EDGE ( 'NONE', *, *, #1758, .F. ) ;
#1610 = ADVANCED_FACE ( 'NONE', ( #3905 ), #1908, .T. ) ;
#1611 = DIRECTION ( 'NONE',  ( 1.000000000000000000, 1.224646799147353700E-16, -0.000000000000000000 ) ) ;
#1612 = CARTESIAN_POINT ( 'NONE',  ( -0.7920233494385208184, 0.9104508995573894481, -2.746646347997239168 ) ) ;
#1613 = ORIENTED_EDGE ( 'NONE', *, *, #1031, .F. ) ;
#1614 = EDGE_CURVE ( 'NONE', #1226, #392, #621, .T. ) ;
#1615 = DIRECTION ( 'NONE',  ( -1.000000000000000000, 0.000000000000000000, 0.000000000000000000 ) ) ;
#1616 = CARTESIAN_POINT ( 'NONE',  ( 2.708142634298069673, -0.7147643742422474800, 1.075273134213845516 ) ) ;
#1617 = EDGE_LOOP ( 'NONE', ( #3481, #2822, #3359 ) ) ;
#1618 = CARTESIAN_POINT ( 'NONE',  ( 1.199999999999987299, -3.429285639896451965, -0.7000000000000119460 ) ) ;
#1619 = CARTESIAN_POINT ( 'NONE',  ( -2.672993740378477590, -1.168875737631703826, -0.6999999999999942935 ) ) ;
#1620 = CARTESIAN_POINT ( 'NONE',  ( 0.7239568038549030193, -1.043604616779532979, 2.718072220769942593 ) ) ;
#1621 = CARTESIAN_POINT ( 'NONE',  ( 0.6999999999999997335, -2.444036937190192560E-15, 3.633180424916990336 ) ) ;
#1622 = EDGE_LOOP ( 'NONE', ( #1829, #4018, #1913 ) ) ;
#1623 = CARTESIAN_POINT ( 'NONE',  ( 2.071231517720797388, 1.000000000000000222, 0.000000000000000000 ) ) ;
#1624 = LINE ( 'NONE', #336, #18 ) ;
#1625 = VECTOR ( 'NONE', #1360, 100.0000000000000000 ) ;
#1626 = AXIS2_PLACEMENT_3D ( 'NONE', #1621, #1323, #2946 ) ;
#1627 = ADVANCED_FACE ( 'NONE', ( #1887 ), #671, .T. ) ;
#1628 = CARTESIAN_POINT ( 'NONE',  ( -2.734073076233909383, -0.9827337150846995328, 0.7484781268556089939 ) ) ;
#1629 = AXIS2_PLACEMENT_3D ( 'NONE', #447, #1431, #513 ) ;
#1630 = DIRECTION ( 'NONE',  ( 0.000000000000000000, 1.000000000000000000, 3.491481338843133355E-15 ) ) ;
#1631 = CARTESIAN_POINT ( 'NONE',  ( -0.7239568038549102358, -1.043604616779535421, -2.718072220769939484 ) ) ;
#1632 = CARTESIAN_POINT ( 'NONE',  ( -0.6999999999999948486, 1.199999999999997957, -2.658947160061668313 ) ) ;
#1633 = ORIENTED_EDGE ( 'NONE', *, *, #2764, .F. ) ;
#1634 = CARTESIAN_POINT ( 'NONE',  ( 3.146446609406726935, 0.5000000000000003331, 4.000000000000000000 ) ) ;
#1635 = ADVANCED_FACE ( 'NONE', ( #907 ), #4159, .T. ) ;
#1636 = CARTESIAN_POINT ( 'NONE',  ( 0.7921763061704729658, -0.9102475412644528419, -3.497740036437985367 ) ) ;
#1637 = EDGE_LOOP ( 'NONE', ( #838, #3221, #896, #2479 ) ) ;
#1638 = FACE_OUTER_BOUND ( 'NONE', #1417, .T. ) ;
#1639 = LINE ( 'NONE', #2270, #3073 ) ;
#1640 = AXIS2_PLACEMENT_3D ( 'NONE', #2061, #191, #1748 ) ;
#1641 = DIRECTION ( 'NONE',  ( 0.000000000000000000, 1.000000000000000000, 0.000000000000000000 ) ) ;
#1642 = SPHERICAL_SURFACE ( 'NONE', #1432, 3.700000000000000622 ) ;
#1643 = AXIS2_PLACEMENT_3D ( 'NONE', #1117, #1192, #441 ) ;
#1644 = ORIENTED_EDGE ( 'NONE', *, *, #3863, .F. ) ;
#1645 = CARTESIAN_POINT ( 'NONE',  ( -0.8229037976738434734, 2.750284062755307790, -0.8712373316117811850 ) ) ;
#1646 = CARTESIAN_POINT ( 'NONE',  ( -1.199999999999995293, 1.199999999999999956, -1.552417469626005797 ) ) ;
#1647 = CARTESIAN_POINT ( 'NONE',  ( -0.6999999999999948486, 1.199999999999997957, 2.658947160061668313 ) ) ;
#1648 = CARTESIAN_POINT ( 'NONE',  ( -2.740226201904109260, -0.9534278788828234319, 0.7637296482633789685 ) ) ;
#1649 = CARTESIAN_POINT ( 'NONE',  ( 0.6999999999999908518, -2.658947160061672754, 1.199999999999990630 ) ) ;
#1650 = AXIS2_PLACEMENT_3D ( 'NONE', #1954, #3893, #1938 ) ;
#1651 = CARTESIAN_POINT ( 'NONE',  ( 3.146446609406726935, 3.500000000000000888, 0.000000000000000000 ) ) ;
#1652 = CARTESIAN_POINT ( 'NONE',  ( -0.6999999999999904077, 2.672983723821738433, -1.168897932210949842 ) ) ;
#1653 = EDGE_LOOP ( 'NONE', ( #3519, #1810, #501, #166, #1530 ) ) ;
#1654 = CARTESIAN_POINT ( 'NONE',  ( -1.075273134213839743, 2.708142634298067897, 0.7147643742422574720 ) ) ;
#1655 = ORIENTED_EDGE ( 'NONE', *, *, #559, .T. ) ;
#1656 = CARTESIAN_POINT ( 'NONE',  ( 0.8698515159295528987, -0.8230273097198419485, -3.501012827520903592 ) ) ;
#1657 = AXIS2_PLACEMENT_3D ( 'NONE', #976, #3227, #318 ) ;
#1658 = ORIENTED_EDGE ( 'NONE', *, *, #1507, .T. ) ;
#1659 = CARTESIAN_POINT ( 'NONE',  ( -0.6999999999999872990, 3.440420720113990249, 1.168178857759087474 ) ) ;
#1660 = CARTESIAN_POINT ( 'NONE',  ( 3.492906083066880996, 0.9518631059113047410, -0.7646441775280548026 ) ) ;
#1661 = CARTESIAN_POINT ( 'NONE',  ( -1.199999999999991074, 2.473863375370604967, -1.199999999999991296 ) ) ;
#1662 = CARTESIAN_POINT ( 'NONE',  ( -0.9516432843292853549, -3.492943933819792957, -0.7647538390663072283 ) ) ;
#1663 = EDGE_LOOP ( 'NONE', ( #865, #1797, #754, #3919 ) ) ;
#1664 = CARTESIAN_POINT ( 'NONE',  ( -0.7302373754800359773, -1.027965369110691363, 2.722192048079897120 ) ) ;
#1665 = DIRECTION ( 'NONE',  ( 0.000000000000000000, 0.000000000000000000, 1.000000000000000000 ) ) ;
#1666 = CARTESIAN_POINT ( 'NONE',  ( 3.500000000000000444, 0.5000000000000004441, 3.146446609406726491 ) ) ;
#1667 = EDGE_CURVE ( 'NONE', #769, #1415, #2224, .T. ) ;
#1668 = CARTESIAN_POINT ( 'NONE',  ( 2.751351097438615945, -0.8454887688046135441, 0.8462056370444387410 ) ) ;
#1669 = LINE ( 'NONE', #3254, #3871 ) ;
#1670 = DIRECTION ( 'NONE',  ( -0.000000000000000000, -1.000000000000000000, -0.000000000000000000 ) ) ;
#1671 = AXIS2_PLACEMENT_3D ( 'NONE', #3528, #570, #1873 ) ;
#1672 = ADVANCED_FACE ( 'NONE', ( #2884 ), #4178, .F. ) ;
#1673 = CARTESIAN_POINT ( 'NONE',  ( -0.7000000000000036193, -1.168897932210960500, -2.672983723821729107 ) ) ;
#1674 = ORIENTED_EDGE ( 'NONE', *, *, #3373, .T. ) ;
#1675 = CARTESIAN_POINT ( 'NONE',  ( -0.6999999999999897415, 2.658947160061664761, 1.200000000000009504 ) ) ;
#1676 = DIRECTION ( 'NONE',  ( 0.000000000000000000, 0.000000000000000000, -1.000000000000000000 ) ) ;
#1677 = CARTESIAN_POINT ( 'NONE',  ( -1.199999999999995293, 0.6999999999999997335, 3.633180424916990336 ) ) ;
#1678 = EDGE_CURVE ( 'NONE', #329, #2917, #2260, .T. ) ;
#1679 = CARTESIAN_POINT ( 'NONE',  ( 3.440422514028319778, -1.168173731221873402, -0.7000000000000039524 ) ) ;
#1680 = PLANE ( 'NONE',  #1917 ) ;
#1681 = CARTESIAN_POINT ( 'NONE',  ( 0.000000000000000000, -3.633180424916993001, 0.6999999999999870770 ) ) ;
#1682 = FACE_OUTER_BOUND ( 'NONE', #922, .T. ) ;
#1683 = EDGE_LOOP ( 'NONE', ( #117, #1068, #2717, #3707 ) ) ;
#1684 = DIRECTION ( 'NONE',  ( 1.000000000000000000, -3.491481338843133355E-15, 0.000000000000000000 ) ) ;
#1685 = LINE ( 'NONE', #107, #692 ) ;
#1686 = LINE ( 'NONE', #446, #601 ) ;
#1687 = CARTESIAN_POINT ( 'NONE',  ( 2.658947160061668313, -1.199999999999997735, 0.6999999999999959588 ) ) ;
#1688 = EDGE_CURVE ( 'NONE', #2786, #3682, #2036, .T. ) ;
#1689 = CARTESIAN_POINT ( 'NONE',  ( 3.475783170872855710, -0.7246096736620666334, 1.041627764527113476 ) ) ;
#1690 = CARTESIAN_POINT ( 'NONE',  ( 1.199999999999995959, -1.199999999999999734, 2.473863375370598305 ) ) ;
#1691 = CARTESIAN_POINT ( 'NONE',  ( -2.748238252951912930, 0.8021637118668079047, -0.8966644527001185194 ) ) ;
#1692 = VERTEX_POINT ( 'NONE', #3609 ) ;
#1693 = DIRECTION ( 'NONE',  ( -0.000000000000000000, -0.000000000000000000, -1.000000000000000000 ) ) ;
#1694 = CARTESIAN_POINT ( 'NONE',  ( -0.7641852220287131958, 2.740383200956567844, 0.9526136721971522059 ) ) ;
#1695 = ORIENTED_EDGE ( 'NONE', *, *, #2255, .T. ) ;
#1696 = LINE ( 'NONE', #3045, #4021 ) ;
#1697 = VERTEX_POINT ( 'NONE', #3028 ) ;
#1698 = AXIS2_PLACEMENT_3D ( 'NONE', #771, #3367, #1756 ) ;
#1699 = CIRCLE ( 'NONE', #2570, 4.170131892398607931 ) ;
#1700 = DIRECTION ( 'NONE',  ( 0.000000000000000000, 0.000000000000000000, -1.000000000000000000 ) ) ;
#1701 = PLANE ( 'NONE',  #87 ) ;
#1702 = CARTESIAN_POINT ( 'NONE',  ( 0.000000000000000000, -0.6999999999999995115, -1.200000000000003730 ) ) ;
#1703 = AXIS2_PLACEMENT_3D ( 'NONE', #2139, #3439, #3113 ) ;
#1704 = EDGE_CURVE ( 'NONE', #3903, #3026, #962, .T. ) ;
#1705 = CARTESIAN_POINT ( 'NONE',  ( 1.178982612255156104, 4.000000000000000888, 0.5000000000000000000 ) ) ;
#1706 = AXIS2_PLACEMENT_3D ( 'NONE', #2550, #999, #2277 ) ;
#1707 = ORIENTED_EDGE ( 'NONE', *, *, #936, .F. ) ;
#1708 = CARTESIAN_POINT ( 'NONE',  ( -0.6999999999999880762, 3.429285639896457294, -1.199999999999987743 ) ) ;
#1709 = CARTESIAN_POINT ( 'NONE',  ( 2.071231517720797388, 2.536527048469890343E-16, 1.000000000000000222 ) ) ;
#1710 = DIRECTION ( 'NONE',  ( -0.000000000000000000, 3.491481338843133355E-15, -1.000000000000000000 ) ) ;
#1711 = CARTESIAN_POINT ( 'NONE',  ( -0.9104508995573872276, 0.7920233494385240380, 2.746646347997239612 ) ) ;
#1712 = PRESENTATION_LAYER_ASSIGNMENT (  '', '', ( #3331 ) ) ;
#1713 = CARTESIAN_POINT ( 'NONE',  ( 3.488170272401590832, -0.9809573058348475261, 0.7493371374504108617 ) ) ;
#1714 = ADVANCED_FACE ( 'NONE', ( #3649 ), #1359, .T. ) ;
#1715 = LINE ( 'NONE', #153, #1154 ) ;
#1716 = CARTESIAN_POINT ( 'NONE',  ( -2.751351097438616389, 0.8462056370444415165, -0.8454887688046107685 ) ) ;
#1717 = VERTEX_POINT ( 'NONE', #3922 ) ;
#1718 = CARTESIAN_POINT ( 'NONE',  ( 2.746646347997238724, 0.9104508995573902252, -0.7920233494385208184 ) ) ;
#1719 = CARTESIAN_POINT ( 'NONE',  ( 3.501005410357116432, -0.8345815409959180808, -0.8583189242775547401 ) ) ;
#1720 = ORIENTED_EDGE ( 'NONE', *, *, #1965, .F. ) ;
#1721 = CARTESIAN_POINT ( 'NONE',  ( 0.000000000000000000, 4.189777606611758449E-15, -1.199999999999999512 ) ) ;
#1722 = AXIS2_PLACEMENT_3D ( 'NONE', #607, #3884, #2944 ) ;
#1723 = LINE ( 'NONE', #1677, #762 ) ;
#1724 = AXIS2_PLACEMENT_3D ( 'NONE', #4035, #1815, #3744 ) ;
#1725 = CARTESIAN_POINT ( 'NONE',  ( 1.074747213296239901, 0.7156703023464379143, -2.707955253434288778 ) ) ;
#1726 = LINE ( 'NONE', #2621, #283 ) ;
#1727 = DIRECTION ( 'NONE',  ( 0.000000000000000000, 0.000000000000000000, -1.000000000000000000 ) ) ;
#1728 = VECTOR ( 'NONE', #2637, 100.0000000000000000 ) ;
#1729 = ADVANCED_FACE ( 'NONE', ( #735 ), #1075, .T. ) ;
#1730 = ORIENTED_EDGE ( 'NONE', *, *, #2481, .T. ) ;
#1731 = DIRECTION ( 'NONE',  ( -3.491481338843133355E-15, -1.000000000000000000, -3.491481338843133355E-15 ) ) ;
#1732 = FACE_OUTER_BOUND ( 'NONE', #226, .T. ) ;
#1733 = FACE_OUTER_BOUND ( 'NONE', #3303, .T. ) ;
#1734 = CARTESIAN_POINT ( 'NONE',  ( -0.7637296482633784134, 0.9534278788828229878, 2.740226201904108372 ) ) ;
#1735 = EDGE_LOOP ( 'NONE', ( #2540, #2743, #3060 ) ) ;
#1736 = ORIENTED_EDGE ( 'NONE', *, *, #2481, .F. ) ;
#1737 = CARTESIAN_POINT ( 'NONE',  ( -2.702700218583834690, -0.7119094202025435525, 1.090358579216440971 ) ) ;
#1738 = ADVANCED_FACE ( 'NONE', ( #1033 ), #1701, .T. ) ;
#1739 = DIRECTION ( 'NONE',  ( 0.000000000000000000, 0.000000000000000000, -1.000000000000000000 ) ) ;
#1740 = EDGE_LOOP ( 'NONE', ( #1356, #3185, #1484, #2792 ) ) ;
#1741 = CARTESIAN_POINT ( 'NONE',  ( 2.750326265220432553, 0.8704689564911084476, -0.8235754288369891984 ) ) ;
#1742 = ORIENTED_EDGE ( 'NONE', *, *, #3540, .F. ) ;
#1743 = EDGE_CURVE ( 'NONE', #231, #1876, #1519, .T. ) ;
#1744 = CARTESIAN_POINT ( 'NONE',  ( -2.672983723821729551, 0.6999999999999998446, 1.168897932210963386 ) ) ;
#1745 = CARTESIAN_POINT ( 'NONE',  ( -1.168178857759087030, -3.440420720113989361, 0.6999999999999878542 ) ) ;
#1746 = CARTESIAN_POINT ( 'NONE',  ( -3.497740036437983591, -0.9102475412644543962, -0.7921763061704799602 ) ) ;
#1747 = FACE_OUTER_BOUND ( 'NONE', #938, .T. ) ;
#1748 = DIRECTION ( 'NONE',  ( 0.000000000000000000, -0.7071067811865447972, 0.7071067811865502373 ) ) ;
#1749 = ORIENTED_EDGE ( 'NONE', *, *, #2159, .T. ) ;
#1750 = DIRECTION ( 'NONE',  ( 1.000000000000000000, 1.387778780781446662E-15, 0.000000000000000000 ) ) ;
#1751 = DIRECTION ( 'NONE',  ( -0.000000000000000000, -0.000000000000000000, -1.000000000000000000 ) ) ;
#1752 = FACE_OUTER_BOUND ( 'NONE', #137, .T. ) ;
#1753 = ORIENTED_EDGE ( 'NONE', *, *, #1361, .T. ) ;
#1754 = EDGE_CURVE ( 'NONE', #3946, #1692, #1726, .T. ) ;
#1755 = ORIENTED_EDGE ( 'NONE', *, *, #2418, .F. ) ;
#1756 = DIRECTION ( 'NONE',  ( 1.000000000000000000, 0.000000000000000000, 0.000000000000000000 ) ) ;
#1757 = EDGE_CURVE ( 'NONE', #3161, #202, #3288, .T. ) ;
#1758 = EDGE_CURVE ( 'NONE', #2, #1960, #3752, .T. ) ;
#1759 = CARTESIAN_POINT ( 'NONE',  ( 0.000000000000000000, -1.199999999999999956, 0.000000000000000000 ) ) ;
#1760 = ORIENTED_EDGE ( 'NONE', *, *, #4185, .F. ) ;
#1761 = SPHERICAL_SURFACE ( 'NONE', #4041, 3.000000000000000000 ) ;
#1762 = VERTEX_POINT ( 'NONE', #2685 ) ;
#1763 = CARTESIAN_POINT ( 'NONE',  ( 2.101014385434484488, 1.251914696041856148E-16, 0.9383127857033022323 ) ) ;
#1764 = DIRECTION ( 'NONE',  ( -1.000000000000000000, -0.000000000000000000, -0.000000000000000000 ) ) ;
#1765 = CARTESIAN_POINT ( 'NONE',  ( 3.750000000000000000, 4.592425496802575944E-16, 4.000000000000000000 ) ) ;
#1766 = CARTESIAN_POINT ( 'NONE',  ( 0.7030103120685415874, 3.450397818404772110, -1.136503287331115608 ) ) ;
#1767 = ADVANCED_FACE ( 'NONE', ( #1747 ), #1680, .T. ) ;
#1768 = CARTESIAN_POINT ( 'NONE',  ( -3.468032308652855278, -0.7152111868044894738, 1.073467834008646760 ) ) ;
#1769 = AXIS2_PLACEMENT_3D ( 'NONE', #3811, #3460, #883 ) ;
#1770 = CARTESIAN_POINT ( 'NONE',  ( 0.1837282879394750712, 0.4213485426416717639, 2.253855475171163025 ) ) ;
#1771 = LINE ( 'NONE', #2064, #1036 ) ;
#1772 = DIRECTION ( 'NONE',  ( -1.000000000000000000, -1.224646799147354193E-16, -0.000000000000000000 ) ) ;
#1773 = PLANE ( 'NONE',  #3404 ) ;
#1774 = CARTESIAN_POINT ( 'NONE',  ( -0.7493371374504106397, 0.9809573058348470820, -3.488170272401590388 ) ) ;
#1775 = ORIENTED_EDGE ( 'NONE', *, *, #3701, .F. ) ;
#1776 = ORIENTED_EDGE ( 'NONE', *, *, #558, .T. ) ;
#1777 = CARTESIAN_POINT ( 'NONE',  ( 3.488193259832891080, -0.7493981969133256538, 0.9808294216839215096 ) ) ;
#1778 = AXIS2_PLACEMENT_3D ( 'NONE', #1571, #2480, #604 ) ;
#1779 = ADVANCED_FACE ( 'NONE', ( #2081 ), #57, .F. ) ;
#1780 = VECTOR ( 'NONE', #3543, 100.0000000000000000 ) ;
#1781 = CARTESIAN_POINT ( 'NONE',  ( -0.6999999999999958478, 1.199999999999997957, 3.429285639896451965 ) ) ;
#1782 = VERTEX_POINT ( 'NONE', #1828 ) ;
#1783 = ORIENTED_EDGE ( 'NONE', *, *, #3803, .T. ) ;
#1784 = CARTESIAN_POINT ( 'NONE',  ( -2.734242061544439828, 0.9820220972479380972, 0.7488049375311787159 ) ) ;
#1785 = ORIENTED_EDGE ( 'NONE', *, *, #3992, .F. ) ;
#1786 = CARTESIAN_POINT ( 'NONE',  ( -1.199999999999987299, 3.429285639896451077, 0.7000000000000112799 ) ) ;
#1787 = CARTESIAN_POINT ( 'NONE',  ( 0.000000000000000000, 0.000000000000000000, 0.000000000000000000 ) ) ;
#1788 = LINE ( 'NONE', #3985, #3538 ) ;
#1789 = AXIS2_PLACEMENT_3D ( 'NONE', #175, #3719, #804 ) ;
#1790 =( LENGTH_UNIT ( ) NAMED_UNIT ( * ) SI_UNIT ( .CENTI., .METRE. ) );
#1791 = CARTESIAN_POINT ( 'NONE',  ( -3.488193259832887527, 0.7493981969133262089, 0.9808294216839291702 ) ) ;
#1792 = CARTESIAN_POINT ( 'NONE',  ( -2.740226201904105707, -0.7637296482633824102, -0.9534278788828280948 ) ) ;
#1793 = CARTESIAN_POINT ( 'NONE',  ( -3.440420720113993802, 0.6999999999999998446, -1.168178857759071043 ) ) ;
#1794 = CIRCLE ( 'NONE', #2871, 2.917190429162964449 ) ;
#1795 = CARTESIAN_POINT ( 'NONE',  ( 1.168897932210968715, 2.672983723821730440, -0.6999999999999905187 ) ) ;
#1796 = AXIS2_PLACEMENT_3D ( 'NONE', #2772, #2821, #3761 ) ;
#1797 = ORIENTED_EDGE ( 'NONE', *, *, #790, .F. ) ;
#1798 = ORIENTED_EDGE ( 'NONE', *, *, #156, .T. ) ;
#1799 = EDGE_CURVE ( 'NONE', #1944, #1352, #2461, .T. ) ;
#1800 = CARTESIAN_POINT ( 'NONE',  ( -1.199999999999999512, 1.268518165424783815E-14, 1.199999999999999956 ) ) ;
#1801 = DIRECTION ( 'NONE',  ( 0.000000000000000000, 1.000000000000000000, 0.000000000000000000 ) ) ;
#1802 = CARTESIAN_POINT ( 'NONE',  ( 0.7828263957070789036, 0.02335182111656844764, 2.162817957087859622 ) ) ;
#1803 = ORIENTED_EDGE ( 'NONE', *, *, #2227, .T. ) ;
#1804 = CARTESIAN_POINT ( 'NONE',  ( 1.041733405160872428, 0.7245755554175399293, -3.475758479492300435 ) ) ;
#1805 = EDGE_LOOP ( 'NONE', ( #2009, #3658, #1186, #4125 ) ) ;
#1806 = DIRECTION ( 'NONE',  ( -0.000000000000000000, -0.000000000000000000, -1.000000000000000000 ) ) ;
#1807 = ORIENTED_EDGE ( 'NONE', *, *, #46, .F. ) ;
#1808 = CARTESIAN_POINT ( 'NONE',  ( -1.168173731221859191, 3.440422514028321110, 0.7000000000000121680 ) ) ;
#1809 = CARTESIAN_POINT ( 'NONE',  ( -0.8706816778592335604, -0.8233965398369612609, -3.500601796891550599 ) ) ;
#1810 = ORIENTED_EDGE ( 'NONE', *, *, #1170, .T. ) ;
#1811 = CARTESIAN_POINT ( 'NONE',  ( -3.061616997868384251E-17, 0.2500000000000000000, 3.750000000000000000 ) ) ;
#1812 = EDGE_CURVE ( 'NONE', #3041, #763, #497, .T. ) ;
#1813 = CARTESIAN_POINT ( 'NONE',  ( 1.168173731221859635, -3.440422514028326884, 0.6999999999999880762 ) ) ;
#1814 = DIRECTION ( 'NONE',  ( -0.7071067811865467956, -8.659560562354921765E-17, 0.7071067811865482389 ) ) ;
#1815 = DIRECTION ( 'NONE',  ( -3.491481338843133355E-15, -1.000000000000000000, -3.491481338843133355E-15 ) ) ;
#1816 = CARTESIAN_POINT ( 'NONE',  ( -3.488170272401590388, 0.7493371374504141924, -0.9809573058348444174 ) ) ;
#1817 = CARTESIAN_POINT ( 'NONE',  ( 0.8974892388242179386, 2.748152273501609955, -0.8015358519171535967 ) ) ;
#1818 = ORIENTED_EDGE ( 'NONE', *, *, #3992, .T. ) ;
#1819 = EDGE_LOOP ( 'NONE', ( #1538, #351, #987, #1591, #544 ) ) ;
#1820 = CARTESIAN_POINT ( 'NONE',  ( 0.7816192738129050799, 2.163252714963676659, 0.02361860684123384332 ) ) ;
#1821 = EDGE_CURVE ( 'NONE', #4182, #691, #697, .T. ) ;
#1822 = CARTESIAN_POINT ( 'NONE',  ( 1.041733405160864656, -0.7245755554175393742, 3.475758479492301767 ) ) ;
#1823 = ORIENTED_EDGE ( 'NONE', *, *, #3436, .T. ) ;
#1824 = CARTESIAN_POINT ( 'NONE',  ( -0.8966317885524442977, 0.8021954603231639114, 3.498973458826138749 ) ) ;
#1825 = CARTESIAN_POINT ( 'NONE',  ( 0.7641852220287133068, -2.740383200956574061, 0.9526136721971331101 ) ) ;
#1826 = VERTEX_POINT ( 'NONE', #4073 ) ;
#1827 = CARTESIAN_POINT ( 'NONE',  ( -3.475758479492300435, -1.041733405160869763, -0.7245755554175433710 ) ) ;
#1828 = CARTESIAN_POINT ( 'NONE',  ( -3.429285639896451965, 1.199999999999997957, -0.6999999999999958478 ) ) ;
#1829 = ORIENTED_EDGE ( 'NONE', *, *, #1871, .F. ) ;
#1830 = AXIS2_PLACEMENT_3D ( 'NONE', #3529, #1911, #953 ) ;
#1831 = DIRECTION ( 'NONE',  ( 0.000000000000000000, 0.000000000000000000, -1.000000000000000000 ) ) ;
#1832 = CARTESIAN_POINT ( 'NONE',  ( -1.168178857759063272, 3.440420720113999131, -0.6999999999999874101 ) ) ;
#1833 = CARTESIAN_POINT ( 'NONE',  ( 0.8966644527001124132, -2.748238252951911154, -0.8021637118668178967 ) ) ;
#1834 = CARTESIAN_POINT ( 'NONE',  ( 1.199999999999995515, -0.6999999999999989564, -2.658947160061668313 ) ) ;
#1835 = CARTESIAN_POINT ( 'NONE',  ( -3.429285639896451077, 0.6999999999999992895, -1.199999999999995515 ) ) ;
#1836 = CARTESIAN_POINT ( 'NONE',  ( -0.7302373754800420835, -2.722192048079891791, -1.027965369110699356 ) ) ;
#1837 = EDGE_LOOP ( 'NONE', ( #1229, #819, #311, #2211 ) ) ;
#1838 = VERTEX_POINT ( 'NONE', #214 ) ;
#1839 = CARTESIAN_POINT ( 'NONE',  ( -0.7647538390663074503, -3.492943933819798286, 0.9516432843292614852 ) ) ;
#1840 = CIRCLE ( 'NONE', #1292, 2.917190429162964449 ) ;
#1841 = AXIS2_PLACEMENT_3D ( 'NONE', #1460, #1435, #750 ) ;
#1842 = CIRCLE ( 'NONE', #407, 3.633180424916990336 ) ;
#1843 = CARTESIAN_POINT ( 'NONE',  ( 0.9827337150846970903, -0.7484781268556122136, -2.734073076233909383 ) ) ;
#1844 = CARTESIAN_POINT ( 'NONE',  ( 1.200000000000000178, -4.189777606611760815E-15, 0.000000000000000000 ) ) ;
#1845 = CIRCLE ( 'NONE', #8, 3.633180424916990781 ) ;
#1846 = ORIENTED_EDGE ( 'NONE', *, *, #2663, .F. ) ;
#1847 = CARTESIAN_POINT ( 'NONE',  ( -0.7493371374504178561, -0.9809573058348493024, 3.488170272401588168 ) ) ;
#1848 = DIRECTION ( 'NONE',  ( -0.000000000000000000, -1.000000000000000000, -0.000000000000000000 ) ) ;
#1849 = VERTEX_POINT ( 'NONE', #4115 ) ;
#1850 = LINE ( 'NONE', #3817, #4005 ) ;
#1851 = UNCERTAINTY_MEASURE_WITH_UNIT (LENGTH_MEASURE( 1.000000000000000082E-05 ), #3378, 'distance_accuracy_value', 'NONE');
#1852 = LINE ( 'NONE', #1214, #3277 ) ;
#1853 = CARTESIAN_POINT ( 'NONE',  ( 0.000000000000000000, 0.000000000000000000, 4.000000000000000000 ) ) ;
#1854 = CARTESIAN_POINT ( 'NONE',  ( -0.9820220972479460908, -2.734242061544439828, 0.7488049375311655043 ) ) ;
#1855 = ADVANCED_FACE ( 'NONE', ( #1210 ), #1537, .F. ) ;
#1856 = AXIS2_PLACEMENT_3D ( 'NONE', #1800, #1220, #2508 ) ;
#1857 = PLANE ( 'NONE',  #3597 ) ;
#1858 = ORIENTED_EDGE ( 'NONE', *, *, #94, .F. ) ;
#1859 = ORIENTED_EDGE ( 'NONE', *, *, #377, .T. ) ;
#1860 = CARTESIAN_POINT ( 'NONE',  ( -0.7030111863766822511, -3.450406064323204181, 1.136478762160987532 ) ) ;
#1861 = VECTOR ( 'NONE', #1581, 100.0000000000000000 ) ;
#1862 = EDGE_CURVE ( 'NONE', #3197, #2683, #2530, .T. ) ;
#1863 = CARTESIAN_POINT ( 'NONE',  ( -1.168178857759071265, 0.6999999999999997335, 3.440420720113992914 ) ) ;
#1864 = CARTESIAN_POINT ( 'NONE',  ( -2.748152273501607734, 0.8015358519171634777, 0.8974892388242120544 ) ) ;
#1865 = VECTOR ( 'NONE', #3089, 100.0000000000000000 ) ;
#1866 = ORIENTED_EDGE ( 'NONE', *, *, #1894, .T. ) ;
#1867 = CARTESIAN_POINT ( 'NONE',  ( -0.7646441775280619080, -0.9518631059113066284, 3.492906083066879663 ) ) ;
#1868 = CARTESIAN_POINT ( 'NONE',  ( -1.200000000000003730, -0.7000000000000000666, -3.429285639896448856 ) ) ;
#1869 = ORIENTED_EDGE ( 'NONE', *, *, #3088, .F. ) ;
#1870 = FACE_OUTER_BOUND ( 'NONE', #1279, .T. ) ;
#1871 = EDGE_CURVE ( 'NONE', #3903, #1002, #3687, .T. ) ;
#1872 = CARTESIAN_POINT ( 'NONE',  ( -2.658947160061668313, 1.199999999999997957, -0.6999999999999948486 ) ) ;
#1873 = DIRECTION ( 'NONE',  ( 1.000000000000000000, 0.000000000000000000, 0.000000000000000000 ) ) ;
#1874 = DIRECTION ( 'NONE',  ( 0.7071067811865467956, 0.7071067811865482389, 0.000000000000000000 ) ) ;
#1875 = DIRECTION ( 'NONE',  ( -0.000000000000000000, -1.000000000000000000, -0.000000000000000000 ) ) ;
#1876 = VERTEX_POINT ( 'NONE', #2097 ) ;
#1877 = ORIENTED_EDGE ( 'NONE', *, *, #3398, .F. ) ;
#1878 = PLANE ( 'NONE',  #2590 ) ;
#1879 = CARTESIAN_POINT ( 'NONE',  ( 0.8712373316117868471, -0.8229037976738526883, -2.750284062755302905 ) ) ;
#1880 = FACE_BOUND ( 'NONE', #248, .T. ) ;
#1881 = ORIENTED_EDGE ( 'NONE', *, *, #1588, .F. ) ;
#1882 = CARTESIAN_POINT ( 'NONE',  ( -1.073376102004338861, -0.7152328218828062356, 3.468056583719417052 ) ) ;
#1883 = DIRECTION ( 'NONE',  ( -0.000000000000000000, -1.000000000000000000, -0.000000000000000000 ) ) ;
#1884 = ORIENTED_EDGE ( 'NONE', *, *, #3847, .F. ) ;
#1885 = DIRECTION ( 'NONE',  ( -1.000000000000000000, 0.000000000000000000, 0.000000000000000000 ) ) ;
#1886 = EDGE_CURVE ( 'NONE', #3118, #4100, #3075, .T. ) ;
#1887 = FACE_OUTER_BOUND ( 'NONE', #644, .T. ) ;
#1888 = EDGE_CURVE ( 'NONE', #155, #648, #886, .T. ) ;
#1889 = CARTESIAN_POINT ( 'NONE',  ( 0.000000000000000000, -1.199999999999997513, 0.6999999999999956257 ) ) ;
#1890 = CARTESIAN_POINT ( 'NONE',  ( 1.168875737631698275, -0.6999999999999900746, 2.672993740378480698 ) ) ;
#1891 = DIRECTION ( 'NONE',  ( -1.000000000000000000, 3.491481338843133355E-15, -0.000000000000000000 ) ) ;
#1892 = ORIENTED_EDGE ( 'NONE', *, *, #3232, .T. ) ;
#1893 = DIRECTION ( 'NONE',  ( -2.205311186009788520E-16, -1.000000000000000000, -0.000000000000000000 ) ) ;
#1894 = EDGE_CURVE ( 'NONE', #2451, #769, #3894, .T. ) ;
#1895 = CIRCLE ( 'NONE', #2843, 3.633180424916990781 ) ;
#1896 = CARTESIAN_POINT ( 'NONE',  ( 0.7029269523404814146, -1.137286315334723241, -2.685817350106701529 ) ) ;
#1897 = EDGE_CURVE ( 'NONE', #1083, #3390, #3778, .T. ) ;
#1898 = DIRECTION ( 'NONE',  ( 0.000000000000000000, -1.000000000000000000, -3.491481338843133355E-15 ) ) ;
#1899 = AXIS2_PLACEMENT_3D ( 'NONE', #341, #659, #1329 ) ;
#1900 = ORIENTED_EDGE ( 'NONE', *, *, #3318, .F. ) ;
#1901 = PLANE ( 'NONE',  #3873 ) ;
#1902 = CARTESIAN_POINT ( 'NONE',  ( 2.748238252951909821, -0.8021637118668087929, -0.8966644527001256249 ) ) ;
#1903 = EDGE_LOOP ( 'NONE', ( #74, #1554, #3020, #1325 ) ) ;
#1904 = CARTESIAN_POINT ( 'NONE',  ( 0.000000000000000000, 2.444036937190189799E-15, -0.6999999999999989564 ) ) ;
#1905 = AXIS2_PLACEMENT_3D ( 'NONE', #1401, #988, #2620 ) ;
#1906 = PLANE ( 'NONE',  #328 ) ;
#1907 = EDGE_LOOP ( 'NONE', ( #788, #1335, #2030, #1204 ) ) ;
#1908 = PLANE ( 'NONE',  #4091 ) ;
#1909 = DIRECTION ( 'NONE',  ( -0.000000000000000000, 3.491481338843133355E-15, -1.000000000000000000 ) ) ;
#1910 = EDGE_CURVE ( 'NONE', #1692, #1595, #1105, .T. ) ;
#1911 = DIRECTION ( 'NONE',  ( 0.000000000000000000, 1.000000000000000000, 0.000000000000000000 ) ) ;
#1912 = CARTESIAN_POINT ( 'NONE',  ( -1.168897932210968493, -2.672983723821725555, -0.7000000000000087264 ) ) ;
#1913 = ORIENTED_EDGE ( 'NONE', *, *, #94, .T. ) ;
#1914 = CARTESIAN_POINT ( 'NONE',  ( -0.7119094202025474383, -1.090358579216446522, 2.702700218583831582 ) ) ;
#1915 = DIRECTION ( 'NONE',  ( 0.000000000000000000, 1.000000000000000000, 0.000000000000000000 ) ) ;
#1916 = B_SPLINE_CURVE_WITH_KNOTS ( 'NONE', 3,
 ( #3692, #1744, #1418, #1093, #776, #2961, #3304, #78, #1864, #3790, #3480, #1466, #4112, #543, #2431, #1784, #4095, #3758, #1549, #2180, #523, #247, #3775 ),
 .UNSPECIFIED., .F., .F.,
 ( 4, 2, 2, 2, 2, 1, 2, 2, 2, 2, 2, 4 ),
 ( 0.000000000000000000, 0.001010924964096742828, 0.002021849928193485656, 0.003032774892290228050, 0.003538237374338598380, 0.004043699856386967842, 0.004549162338435337738, 0.005054624820483707634, 0.006065549784580443089, 0.006571012266628809516, 0.007076474748677176810, 0.008087399712773913132 ),
 .UNSPECIFIED. ) ;
#1917 = AXIS2_PLACEMENT_3D ( 'NONE', #1422, #3695, #2964 ) ;
#1918 = EDGE_CURVE ( 'NONE', #1838, #207, #1193, .T. ) ;
#1919 = AXIS2_PLACEMENT_3D ( 'NONE', #1853, #4056, #239 ) ;
#1920 = EDGE_CURVE ( 'NONE', #516, #2223, #2196, .T. ) ;
#1921 = DIRECTION ( 'NONE',  ( 1.000000000000000000, -3.491481338843133355E-15, 0.000000000000000000 ) ) ;
#1922 = ADVANCED_FACE ( 'NONE', ( #3521 ), #2203, .T. ) ;
#1923 = CARTESIAN_POINT ( 'NONE',  ( 0.6999999999999992895, -2.444036937190190982E-15, 0.000000000000000000 ) ) ;
#1924 = ORIENTED_EDGE ( 'NONE', *, *, #2611, .T. ) ;
#1925 = CARTESIAN_POINT ( 'NONE',  ( 0.000000000000000000, -3.633180424916993001, 0.6999999999999870770 ) ) ;
#1926 = DIRECTION ( 'NONE',  ( 0.000000000000000000, 0.000000000000000000, 1.000000000000000000 ) ) ;
#1927 = VERTEX_POINT ( 'NONE', #3235 ) ;
#1928 = CARTESIAN_POINT ( 'NONE',  ( 0.000000000000000000, -1.199999999999999734, 1.199999999999995959 ) ) ;
#1929 = FACE_OUTER_BOUND ( 'NONE', #1947, .T. ) ;
#1930 = ORIENTED_EDGE ( 'NONE', *, *, #2172, .T. ) ;
#1931 = CARTESIAN_POINT ( 'NONE',  ( 0.000000000000000000, -4.189777606611760026E-15, 1.199999999999999956 ) ) ;
#1932 = CARTESIAN_POINT ( 'NONE',  ( -2.722192048079897564, -1.027965369110691363, -0.7302373754800363104 ) ) ;
#1933 = CARTESIAN_POINT ( 'NONE',  ( -0.8015358519171724705, -2.748152273501609066, 0.8974892388241990648 ) ) ;
#1934 = EDGE_CURVE ( 'NONE', #3982, #3787, #2876, .T. ) ;
#1935 = CARTESIAN_POINT ( 'NONE',  ( 4.000000000000000000, 4.898587196589414801E-16, 0.2500000000000002220 ) ) ;
#1936 = ORIENTED_EDGE ( 'NONE', *, *, #1588, .T. ) ;
#1937 = CARTESIAN_POINT ( 'NONE',  ( -1.137725361817284009, -0.7028759983740824335, 2.685643923445219183 ) ) ;
#1938 = DIRECTION ( 'NONE',  ( 1.000000000000000000, 0.000000000000000000, -0.000000000000000000 ) ) ;
#1939 = EDGE_CURVE ( 'NONE', #3328, #629, #3890, .T. ) ;
#1940 = FACE_OUTER_BOUND ( 'NONE', #2857, .T. ) ;
#1941 = PLANE ( 'NONE',  #3795 ) ;
#1942 = DIRECTION ( 'NONE',  ( 0.000000000000000000, 0.000000000000000000, -1.000000000000000000 ) ) ;
#1943 = CARTESIAN_POINT ( 'NONE',  ( -0.7029269523404814146, 1.137286315334723463, -2.685817350106700196 ) ) ;
#1944 = VERTEX_POINT ( 'NONE', #599 ) ;
#1945 = CARTESIAN_POINT ( 'NONE',  ( -0.7156703023464282554, 2.707955253434288334, 1.074747213296245452 ) ) ;
#1946 = CARTESIAN_POINT ( 'NONE',  ( 2.750284062755303349, -0.8229037976738523552, 0.8712373316117867361 ) ) ;
#1947 = EDGE_LOOP ( 'NONE', ( #3613, #606, #3641, #2032 ) ) ;
#1948 = CARTESIAN_POINT ( 'NONE',  ( 0.9104508995573948882, 0.7920233494385247042, -2.746646347997236948 ) ) ;
#1949 = CARTESIAN_POINT ( 'NONE',  ( 0.9820220972479273280, -2.734242061544441604, -0.7488049375311843781 ) ) ;
#1950 = DIRECTION ( 'NONE',  ( 0.000000000000000000, 0.000000000000000000, -1.000000000000000000 ) ) ;
#1951 = CARTESIAN_POINT ( 'NONE',  ( -1.041627764527129463, -3.475783170872849048, -0.7246096736620794010 ) ) ;
#1952 = ORIENTED_EDGE ( 'NONE', *, *, #1108, .F. ) ;
#1953 = CARTESIAN_POINT ( 'NONE',  ( -1.199999999999989964, 2.658947160061673198, -0.6999999999999897415 ) ) ;
#1954 = CARTESIAN_POINT ( 'NONE',  ( 0.5000000000000000000, 3.500000000000000444, 3.146446609406724271 ) ) ;
#1955 = CARTESIAN_POINT ( 'NONE',  ( -0.7030103120685254892, 1.136503287331125822, -3.450397818404773442 ) ) ;
#1956 = DIRECTION ( 'NONE',  ( -1.000000000000000000, -0.000000000000000000, 0.000000000000000000 ) ) ;
#1957 = DIRECTION ( 'NONE',  ( -1.000000000000000000, 0.000000000000000000, 0.000000000000000000 ) ) ;
#1958 = CARTESIAN_POINT ( 'NONE',  ( -1.137286315334728792, -0.7029269523404851894, -2.685817350106696200 ) ) ;
#1959 = CARTESIAN_POINT ( 'NONE',  ( -0.8021637118668047961, 0.8966644527001212950, -2.748238252951913374 ) ) ;
#1960 = VERTEX_POINT ( 'NONE', #266 ) ;
#1961 = AXIS2_PLACEMENT_3D ( 'NONE', #3907, #3311, #396 ) ;
#1962 = CARTESIAN_POINT ( 'NONE',  ( 0.000000000000000000, -1.199999999999999734, 1.199999999999995959 ) ) ;
#1963 = CARTESIAN_POINT ( 'NONE',  ( 0.7030103120685257112, -1.136503287331126488, -3.450397818404773442 ) ) ;
#1964 = ORIENTED_EDGE ( 'NONE', *, *, #3269, .T. ) ;
#1965 = EDGE_CURVE ( 'NONE', #3702, #3967, #1413, .T. ) ;
#1966 = FACE_OUTER_BOUND ( 'NONE', #3576, .T. ) ;
#1967 = CARTESIAN_POINT ( 'NONE',  ( 3.750000000000000000, 0.2500000000000004996, 4.000000000000000000 ) ) ;
#1968 = VECTOR ( 'NONE', #4031, 100.0000000000000000 ) ;
#1969 = FACE_BOUND ( 'NONE', #4142, .T. ) ;
#1970 = CARTESIAN_POINT ( 'NONE',  ( -1.200000000000003730, -1.199999999999999512, -1.552417469626000024 ) ) ;
#1971 = VECTOR ( 'NONE', #4050, 100.0000000000000000 ) ;
#1972 = ORIENTED_EDGE ( 'NONE', *, *, #1918, .T. ) ;
#1973 = CARTESIAN_POINT ( 'NONE',  ( -1.200000000000003508, -0.6999999999999989564, 2.658947160061664761 ) ) ;
#1974 = DIRECTION ( 'NONE',  ( 0.000000000000000000, -3.491481338843133355E-15, 1.000000000000000000 ) ) ;
#1975 = CARTESIAN_POINT ( 'NONE',  ( 3.500000000000000888, 3.146446609406727823, 0.5000000000000000000 ) ) ;
#1976 = CARTESIAN_POINT ( 'NONE',  ( -1.027965369110686478, 0.7302373754800322025, 2.722192048079899784 ) ) ;
#1977 = EDGE_CURVE ( 'NONE', #1595, #154, #2916, .T. ) ;
#1978 = CARTESIAN_POINT ( 'NONE',  ( -2.658947160061668313, -1.199999999999997735, 0.6999999999999959588 ) ) ;
#1979 = B_SPLINE_CURVE_WITH_KNOTS ( 'NONE', 3,
 ( #1403, #3074, #4052, #1768, #3051, #146, #1119, #2098, #3397, #170, #1471, #1142, #4175, #866, #3486, #288, #3163, #252, #1539, #568 ),
 .UNSPECIFIED., .F., .F.,
 ( 4, 2, 2, 2, 2, 2, 2, 2, 2, 4 ),
 ( 0.000000000000000000, 0.0009981962494525653973, 0.001996392498905130795, 0.002994588748357696409, 0.003493686873083979433, 0.003992784997810261589, 0.004990981247262822433, 0.005989177496715384144, 0.006987373746167944120, 0.007985569995620505832 ),
 .UNSPECIFIED. ) ;
#1980 = CARTESIAN_POINT ( 'NONE',  ( 0.7119094202025533225, 2.702700218583833802, -1.090358579216435642 ) ) ;
#1981 = CIRCLE ( 'NONE', #2931, 3.633180424916990781 ) ;
#1982 = CARTESIAN_POINT ( 'NONE',  ( -2.740226201904109260, 0.9534278788828237650, -0.7637296482633788575 ) ) ;
#1983 = ORIENTED_EDGE ( 'NONE', *, *, #1066, .F. ) ;
#1984 = CARTESIAN_POINT ( 'NONE',  ( 0.000000000000000000, 1.200000000000000178, 0.000000000000000000 ) ) ;
#1985 = VECTOR ( 'NONE', #4033, 100.0000000000000000 ) ;
#1986 = CARTESIAN_POINT ( 'NONE',  ( 0.000000000000000000, -0.6999999999999995115, 3.633180424916990781 ) ) ;
#1987 = VECTOR ( 'NONE', #4070, 100.0000000000000000 ) ;
#1988 = EDGE_LOOP ( 'NONE', ( #3882, #3337, #3996, #2053, #3214 ) ) ;
#1989 = CARTESIAN_POINT ( 'NONE',  ( 0.000000000000000000, 0.000000000000000000, 0.000000000000000000 ) ) ;
#1990 = CARTESIAN_POINT ( 'NONE',  ( 0.8021954603231770120, 3.498973458826137861, -0.8966317885524356379 ) ) ;
#1991 = EDGE_CURVE ( 'NONE', #275, #2230, #768, .T. ) ;
#1992 = DIRECTION ( 'NONE',  ( 0.000000000000000000, 0.000000000000000000, -1.000000000000000000 ) ) ;
#1993 = DIRECTION ( 'NONE',  ( 0.000000000000000000, 1.000000000000000000, 0.000000000000000000 ) ) ;
#1994 = ORIENTED_EDGE ( 'NONE', *, *, #4123, .F. ) ;
#1995 = CARTESIAN_POINT ( 'NONE',  ( -0.6999999999999995115, 2.444036937190191771E-15, 3.633180424916990781 ) ) ;
#1996 = LINE ( 'NONE', #2356, #2861 ) ;
#1997 = CARTESIAN_POINT ( 'NONE',  ( -1.200000000000003730, -0.7000000000000000666, 3.429285639896448856 ) ) ;
#1998 = CARTESIAN_POINT ( 'NONE',  ( -0.6999999999999958478, 1.199999999999997957, -3.429285639896451965 ) ) ;
#1999 = CARTESIAN_POINT ( 'NONE',  ( 4.000000000000000000, 0.5000000000000005551, 3.146446609406726491 ) ) ;
#2000 = EDGE_CURVE ( 'NONE', #1826, #41, #3445, .T. ) ;
#2001 = CARTESIAN_POINT ( 'NONE',  ( 0.7156703023464474622, 2.707955253434291887, -1.074747213296226800 ) ) ;
#2002 = CARTESIAN_POINT ( 'NONE',  ( -2.672983723821732660, 1.168897932210956947, -0.6999999999999952927 ) ) ;
#2003 = ORIENTED_EDGE ( 'NONE', *, *, #4028, .F. ) ;
#2004 = CARTESIAN_POINT ( 'NONE',  ( 1.000000000000000000, 0.000000000000000000, 1.000000000000000222 ) ) ;
#2005 = ADVANCED_FACE ( 'NONE', ( #1262 ), #2908, .T. ) ;
#2006 = CARTESIAN_POINT ( 'NONE',  ( -0.7119094202025338936, 2.702700218583830694, 1.090358579216454515 ) ) ;
#2007 = VERTEX_POINT ( 'NONE', #276 ) ;
#2008 = LINE ( 'NONE', #2056, #3347 ) ;
#2009 = ORIENTED_EDGE ( 'NONE', *, *, #1283, .T. ) ;
#2010 = DIRECTION ( 'NONE',  ( 0.000000000000000000, 0.000000000000000000, -1.000000000000000000 ) ) ;
#2011 = DIRECTION ( 'NONE',  ( -0.000000000000000000, -0.000000000000000000, 1.000000000000000000 ) ) ;
#2012 = DIRECTION ( 'NONE',  ( 1.000000000000000000, 1.387778780781446662E-15, 0.000000000000000000 ) ) ;
#2014 = EDGE_CURVE ( 'NONE', #2344, #1392, #3246, .T. ) ;
#2013 = DIRECTION ( 'NONE',  ( -0.000000000000000000, -0.000000000000000000, -1.000000000000000000 ) ) ;
#2015 = EDGE_CURVE ( 'NONE', #625, #732, #2608, .T. ) ;
#2016 = EDGE_LOOP ( 'NONE', ( #3084, #438, #1374, #3191 ) ) ;
#2017 = DIRECTION ( 'NONE',  ( 0.000000000000000000, -1.000000000000000000, -0.000000000000000000 ) ) ;
#2018 = CARTESIAN_POINT ( 'NONE',  ( 0.000000000000000000, 3.146446609406726935, 3.999999999999999556 ) ) ;
#2019 = CARTESIAN_POINT ( 'NONE',  ( 4.000000000000000000, 0.5000000000000005551, 0.000000000000000000 ) ) ;
#2020 = FACE_OUTER_BOUND ( 'NONE', #1092, .T. ) ;
#2021 = AXIS2_PLACEMENT_3D ( 'NONE', #240, #1277, #2666 ) ;
#2022 = CARTESIAN_POINT ( 'NONE',  ( -2.740383200956570509, -0.7641852220287227437, 0.9526136721971387722 ) ) ;
#2023 = CARTESIAN_POINT ( 'NONE',  ( 0.7000000000000093925, 2.658947160061668313, -1.199999999999990408 ) ) ;
#2024 = VECTOR ( 'NONE', #1175, 100.0000000000000000 ) ;
#2025 = CARTESIAN_POINT ( 'NONE',  ( -2.718072220769942149, 1.043604616779532979, -0.7239568038549029083 ) ) ;
#2026 = ORIENTED_EDGE ( 'NONE', *, *, #2332, .T. ) ;
#2027 = CARTESIAN_POINT ( 'NONE',  ( 2.685817350106700196, 1.137286315334723685, -0.7029269523404816367 ) ) ;
#2028 = ADVANCED_FACE ( 'NONE', ( #638 ), #1344, .T. ) ;
#2029 = CARTESIAN_POINT ( 'NONE',  ( 3.499400235513103752, -0.8958473998712521702, -0.8017394387323829585 ) ) ;
#2030 = ORIENTED_EDGE ( 'NONE', *, *, #3081, .F. ) ;
#2031 = CYLINDRICAL_SURFACE ( 'NONE', #2933, 0.5000000000000000000 ) ;
#2032 = ORIENTED_EDGE ( 'NONE', *, *, #1314, .F. ) ;
#2033 = CIRCLE ( 'NONE', #403, 2.917190429162964449 ) ;
#2034 = AXIS2_PLACEMENT_3D ( 'NONE', #3933, #3321, #683 ) ;
#2035 = PLANE ( 'NONE',  #1905 ) ;
#2036 = LINE ( 'NONE', #442, #1180 ) ;
#2037 = FACE_OUTER_BOUND ( 'NONE', #3753, .T. ) ;
#2038 = AXIS2_PLACEMENT_3D ( 'NONE', #3598, #979, #4167 ) ;
#2039 = VERTEX_POINT ( 'NONE', #676 ) ;
#2040 = EDGE_CURVE ( 'NONE', #3118, #3432, #594, .T. ) ;
#2041 = VECTOR ( 'NONE', #3242, 100.0000000000000000 ) ;
#2042 = CARTESIAN_POINT ( 'NONE',  ( -1.199999999999999512, 4.189777606611758449E-15, 0.000000000000000000 ) ) ;
#2043 = DIRECTION ( 'NONE',  ( 0.000000000000000000, 0.000000000000000000, -1.000000000000000000 ) ) ;
#2044 = DIRECTION ( 'NONE',  ( -3.491481338843133355E-15, -1.000000000000000000, -3.491481338843133355E-15 ) ) ;
#2045 = CARTESIAN_POINT ( 'NONE',  ( 0.000000000000000000, 0.6999999999999997335, -1.199999999999995515 ) ) ;
#2046 = AXIS2_PLACEMENT_3D ( 'NONE', #2052, #2450, #473 ) ;
#2047 = ORIENTED_EDGE ( 'NONE', *, *, #1055, .F. ) ;
#2048 = ORIENTED_EDGE ( 'NONE', *, *, #2968, .F. ) ;
#2049 = FACE_OUTER_BOUND ( 'NONE', #2152, .T. ) ;
#2050 = EDGE_CURVE ( 'NONE', #3161, #1203, #232, .T. ) ;
#2051 = EDGE_CURVE ( 'NONE', #1094, #359, #2668, .T. ) ;
#2052 = CARTESIAN_POINT ( 'NONE',  ( 0.000000000000000000, 0.000000000000000000, 0.000000000000000000 ) ) ;
#2053 = ORIENTED_EDGE ( 'NONE', *, *, #3497, .F. ) ;
#2054 = CARTESIAN_POINT ( 'NONE',  ( 2.658947160061668313, 0.7000000000000000666, -1.199999999999995515 ) ) ;
#2055 = VECTOR ( 'NONE', #1764, 100.0000000000000000 ) ;
#2056 = CARTESIAN_POINT ( 'NONE',  ( -0.6999999999999995115, 1.931899619804978837E-14, -1.199999999999999734 ) ) ;
#2057 = AXIS2_PLACEMENT_3D ( 'NONE', #1382, #3377, #2374 ) ;
#2058 = VERTEX_POINT ( 'NONE', #2410 ) ;
#2059 = CARTESIAN_POINT ( 'NONE',  ( -3.492906083066880107, -0.9518631059113072945, -0.7646441775280621300 ) ) ;
#2060 = CARTESIAN_POINT ( 'NONE',  ( 1.041627764527129685, 3.475783170872854377, -0.7246096736620550871 ) ) ;
#2061 = CARTESIAN_POINT ( 'NONE',  ( 0.5000000000000000000, 3.146446609406727823, 3.499999999999999556 ) ) ;
#2062 = AXIS2_PLACEMENT_3D ( 'NONE', #4030, #1118, #1140 ) ;
#2063 = ORIENTED_EDGE ( 'NONE', *, *, #4144, .T. ) ;
#2064 = CARTESIAN_POINT ( 'NONE',  ( -1.200000000000012168, -3.633180424916989004, 0.6999999999999870770 ) ) ;
#2065 = DIRECTION ( 'NONE',  ( 3.491481338843133355E-15, 1.000000000000000000, 3.491481338843133355E-15 ) ) ;
#2066 = DIRECTION ( 'NONE',  ( -0.000000000000000000, -0.000000000000000000, -1.000000000000000000 ) ) ;
#2067 = FACE_OUTER_BOUND ( 'NONE', #1637, .T. ) ;
#2068 = EDGE_CURVE ( 'NONE', #4152, #3977, #3330, .T. ) ;
#2069 = ORIENTED_EDGE ( 'NONE', *, *, #4085, .F. ) ;
#2070 = ORIENTED_EDGE ( 'NONE', *, *, #3229, .T. ) ;
#2071 = CARTESIAN_POINT ( 'NONE',  ( 3.450406064323204181, -0.7030111863766703717, 1.136478762160995748 ) ) ;
#2072 = ADVANCED_FACE ( 'NONE', ( #417 ), #2031, .T. ) ;
#2073 = CARTESIAN_POINT ( 'NONE',  ( 0.9383579256450207406, 1.129377263005740031E-16, 2.100992591665255205 ) ) ;
#2074 = ORIENTED_EDGE ( 'NONE', *, *, #3809, .F. ) ;
#2075 = CARTESIAN_POINT ( 'NONE',  ( 2.750284062755303349, 0.8229037976738524662, -0.8712373316117868471 ) ) ;
#2076 = ORIENTED_EDGE ( 'NONE', *, *, #2472, .F. ) ;
#2077 = VECTOR ( 'NONE', #3861, 100.0000000000000000 ) ;
#2078 = CARTESIAN_POINT ( 'NONE',  ( 2.173783100554570691, 0.7515881895818415925, 0.03079691223841878045 ) ) ;
#2079 = CARTESIAN_POINT ( 'NONE',  ( 0.6999999999999992895, -2.444036937190190982E-15, 0.000000000000000000 ) ) ;
#2080 = CARTESIAN_POINT ( 'NONE',  ( -0.8021954603231523651, 3.498973458826136973, 0.8966317885524606179 ) ) ;
#2081 = FACE_OUTER_BOUND ( 'NONE', #3492, .T. ) ;
#2082 =( NAMED_UNIT ( * ) SI_UNIT ( $, .STERADIAN. ) SOLID_ANGLE_UNIT ( ) );
#2083 = DIRECTION ( 'NONE',  ( 0.000000000000000000, 1.000000000000000000, 3.478734961219568627E-15 ) ) ;
#2084 = DIRECTION ( 'NONE',  ( -1.000000000000000000, -0.000000000000000000, -0.000000000000000000 ) ) ;
#2085 = DIRECTION ( 'NONE',  ( -1.000000000000000000, 0.000000000000000000, 0.000000000000000000 ) ) ;
#2086 = CARTESIAN_POINT ( 'NONE',  ( -1.200000000000012168, -3.633180424916984119, -0.7000000000000121680 ) ) ;
#2087 = ORIENTED_EDGE ( 'NONE', *, *, #998, .T. ) ;
#2088 = ORIENTED_EDGE ( 'NONE', *, *, #1598, .T. ) ;
#2089 = CARTESIAN_POINT ( 'NONE',  ( 3.497740036437985367, -0.9102475412644526198, 0.7921763061704728548 ) ) ;
#2090 = SPHERICAL_SURFACE ( 'NONE', #2046, 3.700000000000000622 ) ;
#2091 = ORIENTED_EDGE ( 'NONE', *, *, #3562, .T. ) ;
#2092 = PLANE ( 'NONE',  #3296 ) ;
#2093 = VERTEX_POINT ( 'NONE', #3626 ) ;
#2094 = DIRECTION ( 'NONE',  ( -1.000000000000000000, 0.000000000000000000, 0.000000000000000000 ) ) ;
#2095 = ORIENTED_EDGE ( 'NONE', *, *, #4193, .F. ) ;
#2096 = CARTESIAN_POINT ( 'NONE',  ( -0.8958473998712390696, 3.499400235513106860, 0.8017394387323919513 ) ) ;
#2097 = CARTESIAN_POINT ( 'NONE',  ( 1.200000000000011946, 3.429285639896448856, -0.6999999999999880762 ) ) ;
#2098 = CARTESIAN_POINT ( 'NONE',  ( -3.497740036437985367, -0.7921763061704760744, 0.9102475412644502883 ) ) ;
#2099 = EDGE_CURVE ( 'NONE', #2489, #202, #968, .T. ) ;
#2100 = CIRCLE ( 'NONE', #132, 2.917190429162964449 ) ;
#2101 = CARTESIAN_POINT ( 'NONE',  ( 0.000000000000000000, 1.000000000000000222, 4.000000000000000000 ) ) ;
#2102 = CARTESIAN_POINT ( 'NONE',  ( -3.450397818404769001, 1.136503287331129375, 0.7030103120685338158 ) ) ;
#2103 = CARTESIAN_POINT ( 'NONE',  ( -1.200000000000005063, -1.552417469625994695, -1.200000000000004841 ) ) ;
#2104 = CARTESIAN_POINT ( 'NONE',  ( -0.7484781268556222056, -2.734073076233907607, 0.9827337150846915392 ) ) ;
#2105 = DIRECTION ( 'NONE',  ( 0.000000000000000000, 0.000000000000000000, 1.000000000000000000 ) ) ;
#2106 = ORIENTED_EDGE ( 'NONE', *, *, #237, .F. ) ;
#2107 = ORIENTED_EDGE ( 'NONE', *, *, #867, .F. ) ;
#2108 = DIRECTION ( 'NONE',  ( 0.000000000000000000, 1.000000000000000000, 3.485508533455235988E-15 ) ) ;
#2109 = DIRECTION ( 'NONE',  ( -0.000000000000000000, 0.000000000000000000, 1.000000000000000000 ) ) ;
#2110 = VECTOR ( 'NONE', #269, 100.0000000000000000 ) ;
#2111 = EDGE_CURVE ( 'NONE', #2619, #1762, #3010, .T. ) ;
#2112 = VECTOR ( 'NONE', #2874, 100.0000000000000000 ) ;
#2113 = DIRECTION ( 'NONE',  ( -1.000000000000000000, 3.491481338843133355E-15, -0.000000000000000000 ) ) ;
#2114 = ORIENTED_EDGE ( 'NONE', *, *, #67, .T. ) ;
#2115 = CARTESIAN_POINT ( 'NONE',  ( 1.200000000000003730, 0.6999999999999992895, -3.429285639896448412 ) ) ;
#2116 = ORIENTED_EDGE ( 'NONE', *, *, #2050, .F. ) ;
#2117 = EDGE_CURVE ( 'NONE', #3194, #763, #1696, .T. ) ;
#2118 = CARTESIAN_POINT ( 'NONE',  ( 0.8462056414676351057, -2.751351093213604493, 0.8454887732159531710 ) ) ;
#2119 = ORIENTED_EDGE ( 'NONE', *, *, #3914, .T. ) ;
#2120 = DIRECTION ( 'NONE',  ( -1.000000000000000000, 3.491481338843133355E-15, -0.000000000000000000 ) ) ;
#2121 = DIRECTION ( 'NONE',  ( -0.000000000000000000, -1.000000000000000000, -0.000000000000000000 ) ) ;
#2122 = CLOSED_SHELL ( 'NONE', ( #2325, #3952, #3065, #1855, #1779, #3580, #2228, #536, #3506, #4069, #1583, #2652, #3251, #835, #3721, #3738, #3866, #3517, #295, #2824, #101, #1288, #992, #1561, #2718, #1012, #3336, #862, #301, #3115, #3167, #1372, #3756, #912, #847, #1729, #1045, #1767, #2593, #950, #246, #622, #1461, #2430, #2677, #38, #3828, #3493, #2643, #1738, #1527, #3052, #2358, #2924, #1610, #205, #3831, #262, #647, #2802, #3889, #3211, #398, #2372, #2294, #1232, #3705, #1714, #1091, #1188, #3095, #1479, #1672, #991, #228, #3409, #3973, #733, #2460, #3260, #181, #4046, #2604, #300, #253, #1627, #3358, #471, #2815, #1922, #1302, #123, #602, #2217, #2891, #1635, #4170, #857, #3607, #1419, #2005, #3456, #2028, #433, #588, #2572, #541, #2072, #2978, #2686 ) ) ;
#2123 = FACE_OUTER_BOUND ( 'NONE', #2497, .T. ) ;
#2124 = AXIS2_PLACEMENT_3D ( 'NONE', #3013, #3942, #104 ) ;
#2125 = VECTOR ( 'NONE', #2841, 100.0000000000000000 ) ;
#2126 = EDGE_CURVE ( 'NONE', #392, #1944, #2324, .T. ) ;
#2127 = CARTESIAN_POINT ( 'NONE',  ( 0.09724228806365550759, 0.5647734377795602390, 2.228507113323310751 ) ) ;
#2128 = CARTESIAN_POINT ( 'NONE',  ( 0.7646441775280464759, -3.492906083066887213, 0.9518631059112943049 ) ) ;
#2129 = CARTESIAN_POINT ( 'NONE',  ( -3.499400235513104640, 0.8017394387323798499, 0.8958473998712555009 ) ) ;
#2130 = FACE_OUTER_BOUND ( 'NONE', #3606, .T. ) ;
#2131 = DIRECTION ( 'NONE',  ( -1.000000000000000000, 3.491481338843133355E-15, -0.000000000000000000 ) ) ;
#2132 = CIRCLE ( 'NONE', #836, 1.962141687034858695 ) ;
#2133 = CARTESIAN_POINT ( 'NONE',  ( 0.8235754288370025211, 2.750326265220431221, -0.8704689564910996769 ) ) ;
#2134 = ORIENTED_EDGE ( 'NONE', *, *, #337, .F. ) ;
#2135 = ORIENTED_EDGE ( 'NONE', *, *, #2629, .T. ) ;
#2136 = DIRECTION ( 'NONE',  ( 0.000000000000000000, 0.000000000000000000, -1.000000000000000000 ) ) ;
#2137 = CARTESIAN_POINT ( 'NONE',  ( 0.9518631059113021875, -0.7646441775280580222, 3.492906083066880996 ) ) ;
#2138 = ORIENTED_EDGE ( 'NONE', *, *, #59, .T. ) ;
#2139 = CARTESIAN_POINT ( 'NONE',  ( 0.000000000000000000, -2.444036937190190982E-15, 0.6999999999999992895 ) ) ;
#2140 = EDGE_LOOP ( 'NONE', ( #573, #2494, #854, #1492, #2845, #3284 ) ) ;
#2141 = DIRECTION ( 'NONE',  ( 0.000000000000000000, 0.000000000000000000, -1.000000000000000000 ) ) ;
#2142 = ORIENTED_EDGE ( 'NONE', *, *, #2227, .F. ) ;
#2143 = EDGE_CURVE ( 'NONE', #3239, #1219, #3710, .T. ) ;
#2144 = CARTESIAN_POINT ( 'NONE',  ( -0.6999999999999948486, 1.199999999999997957, 2.658947160061668313 ) ) ;
#2145 = CARTESIAN_POINT ( 'NONE',  ( -0.7246096736620707413, -1.041627764527117916, -3.475783170872853489 ) ) ;
#2146 = EDGE_LOOP ( 'NONE', ( #286, #2983, #1528, #807, #1252 ) ) ;
#2147 = CARTESIAN_POINT ( 'NONE',  ( -0.8017394387323674154, 3.499400235513112190, -0.8958473998712387365 ) ) ;
#2148 = DIRECTION ( 'NONE',  ( -1.000000000000000000, 0.000000000000000000, 0.000000000000000000 ) ) ;
#2149 = CARTESIAN_POINT ( 'NONE',  ( -2.734073076233905830, -0.7484781268556125466, -0.9827337150847043068 ) ) ;
#2150 = CARTESIAN_POINT ( 'NONE',  ( -0.8698515159295528987, 0.8230273097198419485, -3.501012827520903592 ) ) ;
#2151 = CARTESIAN_POINT ( 'NONE',  ( -1.043604616779543193, -2.718072220769934599, -0.7239568038549163420 ) ) ;
#2152 = EDGE_LOOP ( 'NONE', ( #685, #1029, #3806, #3988, #2992, #2274 ) ) ;
#2153 = ORIENTED_EDGE ( 'NONE', *, *, #1704, .F. ) ;
#2154 = CARTESIAN_POINT ( 'NONE',  ( -0.7000000000000119460, -3.429285639896451965, 1.199999999999987743 ) ) ;
#2155 = ORIENTED_EDGE ( 'NONE', *, *, #3643, .F. ) ;
#2156 = LINE ( 'NONE', #522, #3533 ) ;
#2157 = DIRECTION ( 'NONE',  ( 0.000000000000000000, 1.000000000000000000, 3.478734961219568627E-15 ) ) ;
#2158 = VERTEX_POINT ( 'NONE', #1399 ) ;
#2159 = EDGE_CURVE ( 'NONE', #3305, #2230, #564, .T. ) ;
#2160 = CARTESIAN_POINT ( 'NONE',  ( -0.7245755554175430380, -1.041733405160869763, 3.475758479492300435 ) ) ;
#2161 = DIRECTION ( 'NONE',  ( -0.000000000000000000, 1.000000000000000000, -0.000000000000000000 ) ) ;
#2162 = ORIENTED_EDGE ( 'NONE', *, *, #2244, .T. ) ;
#2163 = CIRCLE ( 'NONE', #1284, 0.2500000000000002220 ) ;
#2164 = FACE_OUTER_BOUND ( 'NONE', #1567, .T. ) ;
#2165 = CIRCLE ( 'NONE', #1961, 4.170131892398607931 ) ;
#2166 = CARTESIAN_POINT ( 'NONE',  ( -0.7030111863766583813, 3.450406064323210398, -1.136478762160987088 ) ) ;
#2167 = CARTESIAN_POINT ( 'NONE',  ( 0.8229037976738432514, -2.750284062755301129, -0.8712373316118002808 ) ) ;
#2168 = AXIS2_PLACEMENT_3D ( 'NONE', #3837, #945, #1005 ) ;
#2169 = CARTESIAN_POINT ( 'NONE',  ( -0.6999999999999995115, 2.444036937190191771E-15, 3.633180424916990781 ) ) ;
#2170 = CARTESIAN_POINT ( 'NONE',  ( -1.027965369110699356, -2.722192048079897564, 0.7302373754800232097 ) ) ;
#2171 = CARTESIAN_POINT ( 'NONE',  ( -0.9827337150847101910, -2.734073076233902722, -0.7484781268556223166 ) ) ;
#2172 = EDGE_CURVE ( 'NONE', #1481, #1826, #2008, .T. ) ;
#2173 = VERTEX_POINT ( 'NONE', #439 ) ;
#2174 = ORIENTED_EDGE ( 'NONE', *, *, #3232, .F. ) ;
#2175 = CARTESIAN_POINT ( 'NONE',  ( -0.8706816778592424422, -3.500601796891551043, 0.8233965398369489375 ) ) ;
#2176 = VECTOR ( 'NONE', #2013, 100.0000000000000000 ) ;
#2177 = EDGE_CURVE ( 'NONE', #691, #1305, #1916, .T. ) ;
#2178 = AXIS2_PLACEMENT_3D ( 'NONE', #1904, #1253, #3836 ) ;
#2179 = CARTESIAN_POINT ( 'NONE',  ( 0.7488049375311709444, -0.9820220972479362098, -2.734242061544442937 ) ) ;
#2180 = CARTESIAN_POINT ( 'NONE',  ( -2.702700218583831138, 1.090358579216446300, 0.7119094202025477713 ) ) ;
#2181 = CIRCLE ( 'NONE', #3137, 3.633180424916990781 ) ;
#2182 = ORIENTED_EDGE ( 'NONE', *, *, #1812, .T. ) ;
#2183 = CARTESIAN_POINT ( 'NONE',  ( -1.199999999999987521, 3.429285639896457294, -0.6999999999999880762 ) ) ;
#2184 = CARTESIAN_POINT ( 'NONE',  ( -0.9809573058348520780, -0.7493371374504144145, -3.488170272401589500 ) ) ;
#2185 = VERTEX_POINT ( 'NONE', #2199 ) ;
#2186 = CARTESIAN_POINT ( 'NONE',  ( 0.000000000000000000, -1.199999999999999956, 0.000000000000000000 ) ) ;
#2187 = CARTESIAN_POINT ( 'NONE',  ( 1.073376102004323318, -3.468056583719424601, 0.7152328218827945783 ) ) ;
#2188 = CARTESIAN_POINT ( 'NONE',  ( -0.6999999999999880762, 3.429285639896448856, 1.200000000000012390 ) ) ;
#2189 = CARTESIAN_POINT ( 'NONE',  ( 3.146446609406726935, 3.500000000000000888, 0.5000000000000000000 ) ) ;
#2190 = AXIS2_PLACEMENT_3D ( 'NONE', #3560, #4143, #3208 ) ;
#2191 = CARTESIAN_POINT ( 'NONE',  ( -0.8021954603231770120, -3.498973458826132088, -0.8966317885524602849 ) ) ;
#2192 = ORIENTED_EDGE ( 'NONE', *, *, #2117, .T. ) ;
#2193 = VERTEX_POINT ( 'NONE', #502 ) ;
#2194 = CARTESIAN_POINT ( 'NONE',  ( -0.7000000000000117240, -3.440422514028321110, 1.168173731221859857 ) ) ;
#2195 = EDGE_CURVE ( 'NONE', #1392, #1960, #3821, .T. ) ;
#2196 = CIRCLE ( 'NONE', #358, 1.280624847486570017 ) ;
#2197 = CARTESIAN_POINT ( 'NONE',  ( 0.7030111863766744795, 1.136478762161000855, -3.450406064323201072 ) ) ;
#2198 = EDGE_CURVE ( 'NONE', #2216, #816, #1190, .T. ) ;
#2199 = CARTESIAN_POINT ( 'NONE',  ( 1.000000000000000222, 0.2500000000000001110, 4.000000000000000000 ) ) ;
#2200 = AXIS2_PLACEMENT_3D ( 'NONE', #3053, #2415, #3076 ) ;
#2201 = EDGE_LOOP ( 'NONE', ( #792, #1866, #3602, #1924, #1798, #905 ) ) ;
#2202 = CARTESIAN_POINT ( 'NONE',  ( 0.6999999999999959588, -1.199999999999997735, 2.658947160061668313 ) ) ;
#2203 = CYLINDRICAL_SURFACE ( 'NONE', #3489, 0.5000000000000001110 ) ;
#2204 = ORIENTED_EDGE ( 'NONE', *, *, #661, .F. ) ;
#2205 = DIRECTION ( 'NONE',  ( -1.000000000000000000, 0.000000000000000000, 0.000000000000000000 ) ) ;
#2206 = DIRECTION ( 'NONE',  ( -1.000000000000000000, 3.491481338843133355E-15, -0.000000000000000000 ) ) ;
#2207 = CARTESIAN_POINT ( 'NONE',  ( 0.6999999999999956257, -1.199999999999997735, 3.633180424916990336 ) ) ;
#2208 = CARTESIAN_POINT ( 'NONE',  ( 0.7147643742422440383, -1.075273134213848181, 2.708142634298068785 ) ) ;
#2209 = DIRECTION ( 'NONE',  ( 0.000000000000000000, 0.000000000000000000, 1.000000000000000000 ) ) ;
#2210 = EDGE_LOOP ( 'NONE', ( #1467, #3024, #1730, #698 ) ) ;
#2211 = ORIENTED_EDGE ( 'NONE', *, *, #388, .F. ) ;
#2212 = CARTESIAN_POINT ( 'NONE',  ( 0.000000000000000000, -3.633180424916988116, -0.7000000000000121680 ) ) ;
#2213 = EDGE_CURVE ( 'NONE', #2362, #625, #1488, .T. ) ;
#2214 = DIRECTION ( 'NONE',  ( -1.000000000000000000, 0.000000000000000000, 0.000000000000000000 ) ) ;
#2215 = CARTESIAN_POINT ( 'NONE',  ( 0.000000000000000000, -1.199999999999999512, 0.000000000000000000 ) ) ;
#2216 = VERTEX_POINT ( 'NONE', #1137 ) ;
#2217 = ADVANCED_FACE ( 'NONE', ( #3157 ), #1514, .T. ) ;
#2218 = CARTESIAN_POINT ( 'NONE',  ( -3.492943933819796065, -0.7647538390662953489, -0.9516432843292769173 ) ) ;
#2219 = CARTESIAN_POINT ( 'NONE',  ( -0.8974892388242048380, 0.8015358519171624785, -2.748152273501609955 ) ) ;
#2220 = ORIENTED_EDGE ( 'NONE', *, *, #1324, .T. ) ;
#2221 = CARTESIAN_POINT ( 'NONE',  ( -3.429285639896451077, 0.6999999999999992895, -1.199999999999995515 ) ) ;
#2222 = DIRECTION ( 'NONE',  ( 0.000000000000000000, 1.000000000000000000, 0.000000000000000000 ) ) ;
#2223 = VERTEX_POINT ( 'NONE', #841 ) ;
#2224 = LINE ( 'NONE', #292, #3346 ) ;
#2225 = CARTESIAN_POINT ( 'NONE',  ( 1.199999999999995515, -0.7000000000000000666, 3.429285639896451965 ) ) ;
#2226 = PLANE ( 'NONE',  #1830 ) ;
#2227 = EDGE_CURVE ( 'NONE', #1570, #41, #2100, .T. ) ;
#2228 = ADVANCED_FACE ( 'NONE', ( #3440 ), #1207, .F. ) ;
#2229 = CARTESIAN_POINT ( 'NONE',  ( -0.8233965398369732513, -3.500601796891547490, -0.8706816778592424422 ) ) ;
#2230 = VERTEX_POINT ( 'NONE', #2493 ) ;
#2231 = CARTESIAN_POINT ( 'NONE',  ( -1.043604616779537864, -0.7239568038549065720, 2.718072220769938596 ) ) ;
#2232 = CARTESIAN_POINT ( 'NONE',  ( 0.5000000000000000000, 4.000000000000000000, 3.146446609406724271 ) ) ;
#2233 = CIRCLE ( 'NONE', #2569, 0.2500000000000002220 ) ;
#2234 = AXIS2_PLACEMENT_3D ( 'NONE', #2737, #1371, #3431 ) ;
#2235 = AXIS2_PLACEMENT_3D ( 'NONE', #959, #1921, #1587 ) ;
#2236 = DIRECTION ( 'NONE',  ( -1.000000000000000000, 0.000000000000000000, 0.000000000000000000 ) ) ;
#2237 = CARTESIAN_POINT ( 'NONE',  ( 0.7302373754800230987, -2.722192048079904669, 1.027965369110681149 ) ) ;
#2238 = AXIS2_PLACEMENT_3D ( 'NONE', #3038, #2386, #3320 ) ;
#2239 = ORIENTED_EDGE ( 'NONE', *, *, #1221, .F. ) ;
#2240 = AXIS2_PLACEMENT_3D ( 'NONE', #58, #2990, #2687 ) ;
#2241 = CARTESIAN_POINT ( 'NONE',  ( 0.000000000000000000, 0.6999999999999997335, 3.633180424916990336 ) ) ;
#2242 = CARTESIAN_POINT ( 'NONE',  ( -1.137725361817276237, 0.7028759983740824335, -2.685643923445222292 ) ) ;
#2243 = ORIENTED_EDGE ( 'NONE', *, *, #822, .T. ) ;
#2244 = EDGE_CURVE ( 'NONE', #3791, #235, #4133, .T. ) ;
#2245 = DIRECTION ( 'NONE',  ( 0.000000000000000000, 0.000000000000000000, 1.000000000000000000 ) ) ;
#2246 = AXIS2_PLACEMENT_3D ( 'NONE', #1596, #2858, #1831 ) ;
#2247 = DIRECTION ( 'NONE',  ( 0.000000000000000000, -0.000000000000000000, 1.000000000000000000 ) ) ;
#2248 = ORIENTED_EDGE ( 'NONE', *, *, #2195, .F. ) ;
#2249 = APPLICATION_PROTOCOL_DEFINITION ( 'draft international standard', 'automotive_design', 1998, #134 ) ;
#2250 = DIRECTION ( 'NONE',  ( -1.000000000000000000, 0.000000000000000000, 0.000000000000000000 ) ) ;
#2251 = EDGE_CURVE ( 'NONE', #3967, #1697, #4128, .T. ) ;
#2252 = CARTESIAN_POINT ( 'NONE',  ( -0.7000000000000041744, -1.200000000000001288, -3.429285639896448856 ) ) ;
#2253 = CARTESIAN_POINT ( 'NONE',  ( -1.043595226183985591, -2.717690168901799375, 0.7248147063157187597 ) ) ;
#2255 = EDGE_CURVE ( 'NONE', #3433, #2488, #3473, .T. ) ;
#2254 = LINE ( 'NONE', #2273, #2176 ) ;
#2256 = ORIENTED_EDGE ( 'NONE', *, *, #687, .F. ) ;
#2257 = CARTESIAN_POINT ( 'NONE',  ( -0.7641852220287266295, -0.9526136721971429910, 2.740383200956566512 ) ) ;
#2258 = LINE ( 'NONE', #1263, #1027 ) ;
#2259 = CIRCLE ( 'NONE', #1448, 0.2500000000000002220 ) ;
#2260 = CIRCLE ( 'NONE', #2801, 2.749545416973503631 ) ;
#2261 = CARTESIAN_POINT ( 'NONE',  ( 0.000000000000000000, 4.189777606611760026E-15, -1.199999999999999956 ) ) ;
#2262 = AXIS2_PLACEMENT_3D ( 'NONE', #1844, #3140, #2141 ) ;
#2263 = CARTESIAN_POINT ( 'NONE',  ( 0.7029269523404758635, -2.685817350106704637, 1.137286315334715914 ) ) ;
#2264 = CARTESIAN_POINT ( 'NONE',  ( -2.672993740378481142, 0.6999999999999904077, -1.168875737631698275 ) ) ;
#2265 = CARTESIAN_POINT ( 'NONE',  ( 2.748152273501608622, -0.8974892388242091679, -0.8015358519171665863 ) ) ;
#2266 = ORIENTED_EDGE ( 'NONE', *, *, #1221, .T. ) ;
#2267 = PLANE ( 'NONE',  #818 ) ;
#2268 = FACE_OUTER_BOUND ( 'NONE', #3014, .T. ) ;
#2269 = ORIENTED_EDGE ( 'NONE', *, *, #2534, .T. ) ;
#2270 = CARTESIAN_POINT ( 'NONE',  ( 4.898587196589413815E-16, 4.000000000000000888, 0.5000000000000000000 ) ) ;
#2271 = DIRECTION ( 'NONE',  ( 1.224646799147353700E-16, -1.000000000000000000, 0.000000000000000000 ) ) ;
#2272 = LINE ( 'NONE', #715, #2041 ) ;
#2273 = CARTESIAN_POINT ( 'NONE',  ( 0.5000000000000000000, 4.000000000000000000, -4.898587196589412829E-16 ) ) ;
#2274 = ORIENTED_EDGE ( 'NONE', *, *, #1315, .F. ) ;
#2275 = DIRECTION ( 'NONE',  ( 3.491481338843133355E-15, 1.000000000000000000, 3.491481338843133355E-15 ) ) ;
#2276 = CARTESIAN_POINT ( 'NONE',  ( 4.000000000000000000, 0.000000000000000000, 0.5000000000000000000 ) ) ;
#2277 = DIRECTION ( 'NONE',  ( 0.000000000000000000, 0.000000000000000000, 1.000000000000000000 ) ) ;
#2278 = PLANE ( 'NONE',  #2702 ) ;
#2279 = CARTESIAN_POINT ( 'NONE',  ( -1.168875737631706269, -0.6999999999999904077, -2.672993740378477145 ) ) ;
#2280 = CARTESIAN_POINT ( 'NONE',  ( 2.750326265220429889, -0.8235754288369935283, -0.8704689564911131106 ) ) ;
#2281 = ORIENTED_EDGE ( 'NONE', *, *, #2360, .F. ) ;
#2282 = DIRECTION ( 'NONE',  ( 0.000000000000000000, 0.000000000000000000, -1.000000000000000000 ) ) ;
#2283 = ORIENTED_EDGE ( 'NONE', *, *, #2472, .T. ) ;
#2284 = CARTESIAN_POINT ( 'NONE',  ( 0.8345815409959137510, -0.8583189242775504102, -3.501005410357117320 ) ) ;
#2285 = EDGE_LOOP ( 'NONE', ( #3372, #3245, #3007, #349 ) ) ;
#2286 = CARTESIAN_POINT ( 'NONE',  ( 0.9820220972479408728, 0.7488049375311750522, -2.734242061544439828 ) ) ;
#2287 = DIRECTION ( 'NONE',  ( 0.000000000000000000, -1.000000000000000000, -3.491481338843133355E-15 ) ) ;
#2288 = CARTESIAN_POINT ( 'NONE',  ( 0.000000000000000000, 1.199999999999999956, 2.749545416973503631 ) ) ;
#2289 = CARTESIAN_POINT ( 'NONE',  ( -1.200000000000011502, -3.429285639896443527, -0.7000000000000119460 ) ) ;
#2290 = ORIENTED_EDGE ( 'NONE', *, *, #2487, .T. ) ;
#2291 = CARTESIAN_POINT ( 'NONE',  ( -1.090358579216435420, 2.702700218583839131, -0.7119094202025345597 ) ) ;
#2292 = PLANE ( 'NONE',  #1177 ) ;
#2293 = CARTESIAN_POINT ( 'NONE',  ( 1.000000000000000222, 1.224646799147353947E-16, 4.000000000000000000 ) ) ;
#2294 = ADVANCED_FACE ( 'NONE', ( #2852 ), #2278, .T. ) ;
#2295 = DIRECTION ( 'NONE',  ( 1.000000000000000000, 0.000000000000000000, 0.000000000000000000 ) ) ;
#2296 = DIRECTION ( 'NONE',  ( 1.000000000000000000, -0.000000000000000000, -0.000000000000000000 ) ) ;
#2297 = AXIS2_PLACEMENT_3D ( 'NONE', #1350, #2296, #366 ) ;
#2298 = EDGE_CURVE ( 'NONE', #4003, #2223, #1699, .T. ) ;
#2299 = CARTESIAN_POINT ( 'NONE',  ( -0.8015358519171660312, -0.8974892388242087238, -2.748152273501608178 ) ) ;
#2300 = ORIENTED_EDGE ( 'NONE', *, *, #3106, .T. ) ;
#2301 = AXIS2_PLACEMENT_3D ( 'NONE', #40, #1013, #2331 ) ;
#2302 = CARTESIAN_POINT ( 'NONE',  ( -0.8235754288369829812, 2.750326265220430333, 0.8704689564911194388 ) ) ;
#2303 = VERTEX_POINT ( 'NONE', #342 ) ;
#2304 = FACE_OUTER_BOUND ( 'NONE', #2210, .T. ) ;
#2305 = ORIENTED_EDGE ( 'NONE', *, *, #902, .F. ) ;
#2306 = CARTESIAN_POINT ( 'NONE',  ( 0.9526136721971458776, 0.7641852220287232988, -2.740383200956566956 ) ) ;
#2307 = CIRCLE ( 'NONE', #2641, 2.917190429162964449 ) ;
#2308 = CARTESIAN_POINT ( 'NONE',  ( 0.000000000000000000, 0.000000000000000000, 0.000000000000000000 ) ) ;
#2309 = FACE_OUTER_BOUND ( 'NONE', #52, .T. ) ;
#2310 = VERTEX_POINT ( 'NONE', #3499 ) ;
#2311 = CARTESIAN_POINT ( 'NONE',  ( -0.9113003331823230635, -0.7914233119003065697, 2.746537397795607571 ) ) ;
#2312 = LINE ( 'NONE', #2018, #4089 ) ;
#2313 = CARTESIAN_POINT ( 'NONE',  ( 0.5000000000000000000, 3.146446609406727823, 3.499999999999999556 ) ) ;
#2314 = CARTESIAN_POINT ( 'NONE',  ( 2.722192048079900228, -1.027965369110688920, 0.7302373754800288719 ) ) ;
#2315 = VECTOR ( 'NONE', #1060, 100.0000000000000000 ) ;
#2316 = CARTESIAN_POINT ( 'NONE',  ( -1.199999999999987299, 3.429285639896451077, 0.7000000000000112799 ) ) ;
#2317 = CARTESIAN_POINT ( 'NONE',  ( 0.8021637118668182298, 2.748238252951911154, -0.8966644527001124132 ) ) ;
#2318 = TOROIDAL_SURFACE ( 'NONE', #1380, 0.7500000000000000000, 0.2500000000000000000 ) ;
#2319 = CARTESIAN_POINT ( 'NONE',  ( -1.043595226183980262, -0.7248147063157279746, -2.717690168901799375 ) ) ;
#2320 = ORIENTED_EDGE ( 'NONE', *, *, #525, .F. ) ;
#2321 = LINE ( 'NONE', #1928, #3740 ) ;
#2322 = EDGE_CURVE ( 'NONE', #4141, #3107, #4168, .T. ) ;
#2323 = AXIS2_PLACEMENT_3D ( 'NONE', #1995, #1684, #718 ) ;
#2324 = LINE ( 'NONE', #3939, #901 ) ;
#2325 = ADVANCED_FACE ( 'NONE', ( #3541, #918, #1880, #3173, #1287 ), #660, .T. ) ;
#2326 = AXIS2_PLACEMENT_3D ( 'NONE', #1270, #1883, #3176 ) ;
#2327 = ORIENTED_EDGE ( 'NONE', *, *, #4156, .T. ) ;
#2328 = DIRECTION ( 'NONE',  ( 0.000000000000000000, 0.000000000000000000, 1.000000000000000000 ) ) ;
#2329 = CARTESIAN_POINT ( 'NONE',  ( 1.136478762161011957, 3.450406064323201960, -0.7030111863766586033 ) ) ;
#2330 = DIRECTION ( 'NONE',  ( -1.000000000000000000, 0.000000000000000000, 0.000000000000000000 ) ) ;
#2331 = DIRECTION ( 'NONE',  ( 0.000000000000000000, 0.000000000000000000, 1.000000000000000000 ) ) ;
#2332 = EDGE_CURVE ( 'NONE', #2766, #1083, #2551, .T. ) ;
#2333 = ORIENTED_EDGE ( 'NONE', *, *, #2360, .T. ) ;
#2334 = B_SPLINE_CURVE_WITH_KNOTS ( 'NONE', 3,
 ( #772, #2073, #3369, #1802, #452, #1483, #3040, #3111, #1510, #2791, #1185, #4090, #206, #172, #1473, #1770, #125, #2127, #2777, #2804, #193, #1197, #2752, #1427, #2709 ),
 .UNSPECIFIED., .F., .F.,
 ( 4, 2, 2, 2, 2, 2, 1, 2, 2, 2, 2, 2, 4 ),
 ( 0.000000000000000000, 0.002027877279333593994, 0.003041815919000386437, 0.004055754558667179314, 0.006083631838000767671, 0.007097570477667561849, 0.008111509117334355159, 0.009125447757001149338, 0.01013938639666794178, 0.01216726367600152840, 0.01318120231566832258, 0.01419514095533511676, 0.01622301823466870685 ),
 .UNSPECIFIED. ) ;
#2335 = CARTESIAN_POINT ( 'NONE',  ( 0.8706816778592174622, -3.500601796891551043, -0.8233965398369732513 ) ) ;
#2336 = LINE ( 'NONE', #3615, #3062 ) ;
#2337 = LINE ( 'NONE', #2019, #2976 ) ;
#2338 = LINE ( 'NONE', #3930, #3319 ) ;
#2339 = EDGE_CURVE ( 'NONE', #1392, #2, #3732, .T. ) ;
#2340 = DIRECTION ( 'NONE',  ( 0.000000000000000000, 1.000000000000000000, 3.447978095064730000E-15 ) ) ;
#2341 = DIRECTION ( 'NONE',  ( -1.000000000000000000, 3.491481338843133355E-15, -0.000000000000000000 ) ) ;
#2342 = B_SPLINE_CURVE_WITH_KNOTS ( 'NONE', 3,
 ( #3605, #4176, #1963, #34, #3881, #3524, #16, #1636, #1254, #690, #2284, #1656, #3857, #3920, #2899, #2539, #3547, #967, #350, #2920 ),
 .UNSPECIFIED., .F., .F.,
 ( 4, 2, 2, 2, 2, 2, 2, 2, 2, 4 ),
 ( 0.000000000000000000, 0.0009981962494525621447, 0.001996392498905124289, 0.002994588748357686434, 0.003493686873083966856, 0.003992784997810246844, 0.004990981247262810290, 0.005989177496715373736, 0.006987373746167938916, 0.007985569995620502362 ),
 .UNSPECIFIED. ) ;
#2343 = CARTESIAN_POINT ( 'NONE',  ( -2.685643923445222292, 1.137725361817278236, -0.7028759983740788808 ) ) ;
#2344 = VERTEX_POINT ( 'NONE', #3518 ) ;
#2345 = CARTESIAN_POINT ( 'NONE',  ( 2.707955253434291887, 1.074747213296234349, -0.7156703023464342506 ) ) ;
#2346 = CARTESIAN_POINT ( 'NONE',  ( -0.8021637118667986899, 2.748238252951911598, 0.8966644527001318421 ) ) ;
#2347 = CARTESIAN_POINT ( 'NONE',  ( 2.127582430399759694, 0.8763201523571142459, 0.005652246868008726187 ) ) ;
#2348 = EDGE_CURVE ( 'NONE', #231, #1136, #3596, .T. ) ;
#2349 = CARTESIAN_POINT ( 'NONE',  ( -1.136503287331140255, -3.450397818404769001, 0.7030103120685178286 ) ) ;
#2350 = CARTESIAN_POINT ( 'NONE',  ( -0.7646441775280461428, 3.492906083066878775, 0.9518631059113183968 ) ) ;
#2351 = CARTESIAN_POINT ( 'NONE',  ( 0.7646441775280707898, 3.492906083066880996, -0.9518631059112939719 ) ) ;
#2352 = PLANE ( 'NONE',  #2763 ) ;
#2353 = B_SPLINE_CURVE_WITH_KNOTS ( 'NONE', 3,
 ( #2115, #1069, #2368, #3957, #1804, #4002, #1048, #1090, #3091, #1375, #3642, #437, #728, #3326, #2511, #1533, #3754, #2197, #3479, #3827 ),
 .UNSPECIFIED., .F., .F.,
 ( 4, 2, 2, 2, 2, 2, 2, 2, 2, 4 ),
 ( 0.000000000000000000, 0.0009981962494525619279, 0.001996392498905123856, 0.002994588748357686001, 0.003493686873083969024, 0.003992784997810252048, 0.004990981247262825903, 0.005989177496715400624, 0.006987373746167974478, 0.007985569995620549200 ),
 .UNSPECIFIED. ) ;
#2354 = EDGE_LOOP ( 'NONE', ( #4039, #201, #3512, #3851 ) ) ;
#2355 = DIRECTION ( 'NONE',  ( 0.000000000000000000, 0.000000000000000000, -1.000000000000000000 ) ) ;
#2356 = CARTESIAN_POINT ( 'NONE',  ( 4.000000000000000888, 3.146446609406727823, 0.5000000000000000000 ) ) ;
#2357 = DIRECTION ( 'NONE',  ( -1.224646799147353700E-16, 1.000000000000000000, 0.000000000000000000 ) ) ;
#2358 = ADVANCED_FACE ( 'NONE', ( #29 ), #1566, .T. ) ;
#2359 = CARTESIAN_POINT ( 'NONE',  ( 2.717690168901802039, -1.043595226183974933, 0.7248147063157241998 ) ) ;
#2360 = EDGE_CURVE ( 'NONE', #748, #2185, #3391, .T. ) ;
#2361 = VERTEX_POINT ( 'NONE', #1590 ) ;
#2362 = VERTEX_POINT ( 'NONE', #2875 ) ;
#2363 = AXIS2_PLACEMENT_3D ( 'NONE', #3923, #3573, #672 ) ;
#2364 = CARTESIAN_POINT ( 'NONE',  ( 3.429285639896451077, -1.199999999999997735, 0.6999999999999951816 ) ) ;
#2365 = VECTOR ( 'NONE', #1390, 100.0000000000000000 ) ;
#2366 = DIRECTION ( 'NONE',  ( 0.000000000000000000, 0.000000000000000000, -1.000000000000000000 ) ) ;
#2367 = EDGE_LOOP ( 'NONE', ( #2074, #1818, #1755, #1520, #637, #2506 ) ) ;
#2368 = CARTESIAN_POINT ( 'NONE',  ( 1.136503287331131817, 0.7030103120685294860, -3.450397818404769890 ) ) ;
#2369 = DIRECTION ( 'NONE',  ( 3.491481338843133355E-15, 1.000000000000000000, 3.491481338843133355E-15 ) ) ;
#2370 = ORIENTED_EDGE ( 'NONE', *, *, #3552, .T. ) ;
#2371 = AXIS2_PLACEMENT_3D ( 'NONE', #742, #2044, #3362 ) ;
#2372 = ADVANCED_FACE ( 'NONE', ( #641 ), #1941, .T. ) ;
#2373 = CARTESIAN_POINT ( 'NONE',  ( 0.7914233119003100114, 0.9113003331823206210, -2.746537397795607127 ) ) ;
#2374 = DIRECTION ( 'NONE',  ( 0.000000000000000000, 1.000000000000000000, 0.000000000000000000 ) ) ;
#2375 = DIRECTION ( 'NONE',  ( 1.224646799147353700E-16, -1.000000000000000000, 0.000000000000000000 ) ) ;
#2376 = VERTEX_POINT ( 'NONE', #3849 ) ;
#2377 = VECTOR ( 'NONE', #3674, 100.0000000000000142 ) ;
#2378 = PLANE ( 'NONE',  #2323 ) ;
#2379 = FACE_OUTER_BOUND ( 'NONE', #2445, .T. ) ;
#2380 = DIRECTION ( 'NONE',  ( -1.000000000000000000, 0.000000000000000000, 0.000000000000000000 ) ) ;
#2381 = CARTESIAN_POINT ( 'NONE',  ( -0.8233965398369571531, 0.8706816778592295636, -3.500601796891553263 ) ) ;
#2382 = EDGE_CURVE ( 'NONE', #2361, #2527, #210, .T. ) ;
#2383 = AXIS2_PLACEMENT_3D ( 'NONE', #1469, #1165, #3027 ) ;
#2384 = ORIENTED_EDGE ( 'NONE', *, *, #3879, .F. ) ;
#2385 = ORIENTED_EDGE ( 'NONE', *, *, #4028, .T. ) ;
#2386 = DIRECTION ( 'NONE',  ( -1.224646799147353700E-16, 1.000000000000000000, 0.000000000000000000 ) ) ;
#2387 = B_SPLINE_CURVE_WITH_KNOTS ( 'NONE', 3,
 ( #1053, #1659, #2943, #393, #1381, #3963, #2350, #4072, #2080, #3671, #3760, #3694, #2096, #3096, #843, #4098, #480, #1421, #1808, #1786 ),
 .UNSPECIFIED., .F., .F.,
 ( 4, 2, 2, 2, 2, 2, 2, 2, 2, 4 ),
 ( 0.000000000000000000, 0.0009981962494525636626, 0.001996392498905127325, 0.002994588748357690771, 0.003493686873083972494, 0.003992784997810254650, 0.004990981247262821566, 0.005989177496715388481, 0.006987373746167956264, 0.007985569995620523179 ),
 .UNSPECIFIED. ) ;
#2388 = FACE_OUTER_BOUND ( 'NONE', #1396, .T. ) ;
#2389 = EDGE_LOOP ( 'NONE', ( #1983, #2256, #3979, #215 ) ) ;
#2390 = CARTESIAN_POINT ( 'NONE',  ( 2.717690168901802039, 1.043595226183975155, -0.7248147063157241998 ) ) ;
#2391 = ORIENTED_EDGE ( 'NONE', *, *, #1667, .F. ) ;
#2392 = AXIS2_PLACEMENT_3D ( 'NONE', #1052, #3940, #55 ) ;
#2393 = CARTESIAN_POINT ( 'NONE',  ( 2.253855475171163469, 0.1837282879394753765, 0.4213485426416721524 ) ) ;
#2394 = VERTEX_POINT ( 'NONE', #937 ) ;
#2395 = DIRECTION ( 'NONE',  ( -0.000000000000000000, -0.000000000000000000, 1.000000000000000000 ) ) ;
#2396 = CARTESIAN_POINT ( 'NONE',  ( 0.000000000000000000, 4.189777606611758449E-15, -1.199999999999999512 ) ) ;
#2397 = CARTESIAN_POINT ( 'NONE',  ( 1.200000000000004396, 1.199999999999999956, -1.552417469625998692 ) ) ;
#2398 = PLANE ( 'NONE',  #3618 ) ;
#2399 = DIRECTION ( 'NONE',  ( 0.000000000000000000, 1.000000000000000000, 0.000000000000000000 ) ) ;
#2400 = DIRECTION ( 'NONE',  ( 1.000000000000000000, 1.224646799147353700E-16, 0.000000000000000000 ) ) ;
#2401 = CARTESIAN_POINT ( 'NONE',  ( -1.136478762160995526, 0.7030111863766705937, -3.450406064323204181 ) ) ;
#2402 = ORIENTED_EDGE ( 'NONE', *, *, #2487, .F. ) ;
#2403 = ORIENTED_EDGE ( 'NONE', *, *, #855, .T. ) ;
#2404 = CARTESIAN_POINT ( 'NONE',  ( -2.748238252951913374, -0.8021637118668080157, 0.8966644527001181864 ) ) ;
#2405 = DIRECTION ( 'NONE',  ( 1.000000000000000000, 0.000000000000000000, 0.000000000000000000 ) ) ;
#2406 = VERTEX_POINT ( 'NONE', #1000 ) ;
#2407 = CARTESIAN_POINT ( 'NONE',  ( -3.429285639896451077, -1.199999999999997735, 0.6999999999999951816 ) ) ;
#2408 = EDGE_CURVE ( 'NONE', #2093, #1580, #2436, .T. ) ;
#2409 = ORIENTED_EDGE ( 'NONE', *, *, #1862, .F. ) ;
#2410 = CARTESIAN_POINT ( 'NONE',  ( -1.199999999999995293, 0.6999999999999992895, 3.429285639896451077 ) ) ;
#2411 = CARTESIAN_POINT ( 'NONE',  ( 3.750000000000000000, 4.592425496802575944E-16, 1.000000000000000222 ) ) ;
#2412 = CARTESIAN_POINT ( 'NONE',  ( 1.199999999999990408, -2.658947160061668313, -0.7000000000000082823 ) ) ;
#2413 = CARTESIAN_POINT ( 'NONE',  ( 0.000000000000000000, -0.6999999999999989564, 0.000000000000000000 ) ) ;
#2414 = SURFACE_STYLE_FILL_AREA ( #4075 ) ;
#2415 = DIRECTION ( 'NONE',  ( -1.000000000000000000, 3.491481338843133355E-15, -0.000000000000000000 ) ) ;
#2416 = FACE_OUTER_BOUND ( 'NONE', #3759, .T. ) ;
#2417 = DIRECTION ( 'NONE',  ( 0.000000000000000000, 0.000000000000000000, -1.000000000000000000 ) ) ;
#2418 = EDGE_CURVE ( 'NONE', #1849, #2310, #943, .T. ) ;
#2419 = CARTESIAN_POINT ( 'NONE',  ( 1.000000000000000000, 0.000000000000000000, 0.000000000000000000 ) ) ;
#2420 = CARTESIAN_POINT ( 'NONE',  ( -0.7147643742422571389, -2.708142634298067897, 1.075273134213839965 ) ) ;
#2421 = CARTESIAN_POINT ( 'NONE',  ( -1.200000000000003730, -0.7000000000000000666, -3.429285639896448856 ) ) ;
#2422 = ORIENTED_EDGE ( 'NONE', *, *, #2015, .T. ) ;
#2423 = VERTEX_POINT ( 'NONE', #409 ) ;
#2424 = CARTESIAN_POINT ( 'NONE',  ( 0.8753117422505625189, 2.128001743998887196, 0.005768686730278286927 ) ) ;
#2425 = EDGE_CURVE ( 'NONE', #430, #2748, #2504, .T. ) ;
#2426 = CARTESIAN_POINT ( 'NONE',  ( -2.722192048079900228, -0.7302373754800322025, 1.027965369110686256 ) ) ;
#2427 = VERTEX_POINT ( 'NONE', #1690 ) ;
#2428 = FACE_OUTER_BOUND ( 'NONE', #1740, .T. ) ;
#2429 = VERTEX_POINT ( 'NONE', #1149 ) ;
#2430 = ADVANCED_FACE ( 'NONE', ( #384 ), #4037, .T. ) ;
#2431 = CARTESIAN_POINT ( 'NONE',  ( -2.740383200956566956, 0.9526136721971432131, 0.7641852220287270736 ) ) ;
#2432 = ORIENTED_EDGE ( 'NONE', *, *, #3000, .F. ) ;
#2433 = CARTESIAN_POINT ( 'NONE',  ( -3.440420720113991138, -1.168178857759076816, -0.7000000000000039524 ) ) ;
#2434 = DIRECTION ( 'NONE',  ( 0.000000000000000000, 0.000000000000000000, -1.000000000000000000 ) ) ;
#2435 = CARTESIAN_POINT ( 'NONE',  ( 0.000000000000000000, -1.199999999999999734, 2.749545416973504075 ) ) ;
#2436 = CIRCLE ( 'NONE', #268, 0.2500000000000000000 ) ;
#2437 = CARTESIAN_POINT ( 'NONE',  ( 3.500000000000000888, 3.146446609406727823, 0.5000000000000000000 ) ) ;
#2438 = DIRECTION ( 'NONE',  ( 3.491481338843133355E-15, 1.000000000000000000, 3.491481338843133355E-15 ) ) ;
#2439 = DIRECTION ( 'NONE',  ( -1.000000000000000000, 3.491481338843133355E-15, -0.000000000000000000 ) ) ;
#2440 = CIRCLE ( 'NONE', #1703, 3.633180424916990336 ) ;
#2441 = FACE_OUTER_BOUND ( 'NONE', #2016, .T. ) ;
#2442 = CARTESIAN_POINT ( 'NONE',  ( -3.429285639896451965, 1.199999999999997957, -0.6999999999999958478 ) ) ;
#2443 = CARTESIAN_POINT ( 'NONE',  ( 0.2500000000000000000, 1.000000000000000222, 3.750000000000000000 ) ) ;
#2444 = VECTOR ( 'NONE', #158, 100.0000000000000000 ) ;
#2445 = EDGE_LOOP ( 'NONE', ( #2907, #1846, #3258, #110 ) ) ;
#2446 = ORIENTED_EDGE ( 'NONE', *, *, #3561, .T. ) ;
#2447 = CARTESIAN_POINT ( 'NONE',  ( -0.8230273097198547161, -3.501012827520902260, 0.8698515159295446830 ) ) ;
#2448 = AXIS2_PLACEMENT_3D ( 'NONE', #372, #3904, #3648 ) ;
#2449 = EDGE_CURVE ( 'NONE', #3825, #258, #1715, .T. ) ;
#2450 = DIRECTION ( 'NONE',  ( -1.000000000000000000, 0.000000000000000000, 0.000000000000000000 ) ) ;
#2451 = VERTEX_POINT ( 'NONE', #2421 ) ;
#2452 = CARTESIAN_POINT ( 'NONE',  ( -0.8583189242775478567, 0.8345815409959165265, 3.501005410357117320 ) ) ;
#2453 = ORIENTED_EDGE ( 'NONE', *, *, #721, .F. ) ;
#2454 = CARTESIAN_POINT ( 'NONE',  ( 0.9827337150846912062, -2.734073076233913824, 0.7484781268556036649 ) ) ;
#2455 = ORIENTED_EDGE ( 'NONE', *, *, #2997, .F. ) ;
#2456 = CARTESIAN_POINT ( 'NONE',  ( -3.450397818404770334, -1.136503287331129375, -0.7030103120685337048 ) ) ;
#2457 = DIRECTION ( 'NONE',  ( 1.000000000000000000, 5.418365821595537336E-16, 0.000000000000000000 ) ) ;
#2458 = ORIENTED_EDGE ( 'NONE', *, *, #2817, .T. ) ;
#2459 = FACE_OUTER_BOUND ( 'NONE', #4116, .T. ) ;
#2460 = ADVANCED_FACE ( 'NONE', ( #3722 ), #3599, .T. ) ;
#2461 = CIRCLE ( 'NONE', #2592, 1.962141687034858695 ) ;
#2462 = CIRCLE ( 'NONE', #4153, 0.7500000000000001110 ) ;
#2463 = CARTESIAN_POINT ( 'NONE',  ( -1.199999999999999512, 1.268518165424783815E-14, 1.199999999999999956 ) ) ;
#2464 = DIRECTION ( 'NONE',  ( -0.000000000000000000, -0.000000000000000000, 1.000000000000000000 ) ) ;
#2465 = DIRECTION ( 'NONE',  ( 0.000000000000000000, 0.000000000000000000, 1.000000000000000000 ) ) ;
#2466 = CARTESIAN_POINT ( 'NONE',  ( -0.7921763061704726328, 0.9102475412644526198, -3.497740036437984479 ) ) ;
#2467 = CARTESIAN_POINT ( 'NONE',  ( 3.146446609406726935, 3.500000000000000888, 0.5000000000000000000 ) ) ;
#2468 = ORIENTED_EDGE ( 'NONE', *, *, #171, .T. ) ;
#2469 = VERTEX_POINT ( 'NONE', #3298 ) ;
#2470 = CARTESIAN_POINT ( 'NONE',  ( -1.199999999999999512, 4.189777606611758449E-15, 0.000000000000000000 ) ) ;
#2471 = B_SPLINE_CURVE_WITH_KNOTS ( 'NONE', 3,
 ( #254, #3799, #3782, #2805, #3147, #1198, #2128, #2483, #891, #1496, #3487, #4136, #3127, #3427, #4079, #531, #2187, #849, #1813, #3766 ),
 .UNSPECIFIED., .F., .F.,
 ( 4, 2, 2, 2, 2, 2, 2, 2, 2, 4 ),
 ( 0.000000000000000000, 0.0009981962494525662647, 0.001996392498905132529, 0.002994588748357698577, 0.003493686873083982902, 0.003992784997810266794, 0.004990981247262831974, 0.005989177496715395420, 0.006987373746167960600, 0.007985569995620524913 ),
 .UNSPECIFIED. ) ;
#2472 = EDGE_CURVE ( 'NONE', #3771, #1960, #2758, .T. ) ;
#2473 = ORIENTED_EDGE ( 'NONE', *, *, #2177, .T. ) ;
#2474 = CARTESIAN_POINT ( 'NONE',  ( 1.075273134213845516, -0.7147643742422472579, -2.708142634298068785 ) ) ;
#2475 = DIRECTION ( 'NONE',  ( 1.000000000000000000, 0.000000000000000000, 0.000000000000000000 ) ) ;
#2476 = ORIENTED_EDGE ( 'NONE', *, *, #3961, .T. ) ;
#2477 = CARTESIAN_POINT ( 'NONE',  ( 0.000000000000000000, 3.750000000000000000, 3.146446609406724271 ) ) ;
#2478 = CARTESIAN_POINT ( 'NONE',  ( -0.8017394387323828475, -0.8958473998712520592, -3.499400235513104640 ) ) ;
#2479 = ORIENTED_EDGE ( 'NONE', *, *, #924, .F. ) ;
#2480 = DIRECTION ( 'NONE',  ( 0.000000000000000000, -1.000000000000000000, -0.000000000000000000 ) ) ;
#2481 = EDGE_CURVE ( 'NONE', #1838, #1219, #3249, .T. ) ;
#2482 = CARTESIAN_POINT ( 'NONE',  ( 1.199999999999987077, -3.633180424916996998, 0.6999999999999870770 ) ) ;
#2483 = CARTESIAN_POINT ( 'NONE',  ( 0.7921763061704643061, -3.497740036437991584, 0.9102475412644417396 ) ) ;
#2484 = FACE_OUTER_BOUND ( 'NONE', #3584, .T. ) ;
#2485 = CARTESIAN_POINT ( 'NONE',  ( 1.199999999999995515, -0.6999999999999989564, 2.658947160061668313 ) ) ;
#2487 = EDGE_CURVE ( 'NONE', #2376, #853, #1237, .T. ) ;
#2486 = CARTESIAN_POINT ( 'NONE',  ( 3.750000000000000000, 1.000000000000000444, 1.000000000000000222 ) ) ;
#2488 = VERTEX_POINT ( 'NONE', #2654 ) ;
#2489 = VERTEX_POINT ( 'NONE', #4083 ) ;
#2490 = EDGE_CURVE ( 'NONE', #4059, #468, #2632, .T. ) ;
#2491 = CARTESIAN_POINT ( 'NONE',  ( 0.4213485426416719304, 2.253855475171163913, 0.1837282879394750990 ) ) ;
#2492 = CARTESIAN_POINT ( 'NONE',  ( 1.168897932210955393, -0.6999999999999996225, -2.672983723821733548 ) ) ;
#2493 = CARTESIAN_POINT ( 'NONE',  ( 0.000000000000000000, -2.299999999999999822, 1.408343819019456275E-16 ) ) ;
#2494 = ORIENTED_EDGE ( 'NONE', *, *, #2997, .T. ) ;
#2495 = FACE_OUTER_BOUND ( 'NONE', #1064, .T. ) ;
#2496 = CARTESIAN_POINT ( 'NONE',  ( -0.8230273097198463894, -0.8698515159295572285, -3.501012827520901816 ) ) ;
#2497 = EDGE_LOOP ( 'NONE', ( #3525, #1599, #2281, #2106 ) ) ;
#2498 = DIRECTION ( 'NONE',  ( 0.000000000000000000, 0.000000000000000000, 1.000000000000000000 ) ) ;
#2499 = EDGE_CURVE ( 'NONE', #1026, #1094, #2776, .T. ) ;
#2500 = EDGE_CURVE ( 'NONE', #329, #2427, #469, .T. ) ;
#2501 = CARTESIAN_POINT ( 'NONE',  ( 1.000000000000000000, 4.000000000000000888, 0.2500000000000002220 ) ) ;
#2502 = DIRECTION ( 'NONE',  ( 3.491481338843133355E-15, 1.000000000000000000, 3.491481338843133355E-15 ) ) ;
#2503 = CARTESIAN_POINT ( 'NONE',  ( -0.8454887732159710456, -2.751351093213598720, 0.8462056414676362159 ) ) ;
#2504 = CIRCLE ( 'NONE', #2977, 1.962141687034858695 ) ;
#2505 = CARTESIAN_POINT ( 'NONE',  ( -0.7245755554175515867, -3.475758479492294661, -1.041733405160880865 ) ) ;
#2506 = ORIENTED_EDGE ( 'NONE', *, *, #2549, .T. ) ;
#2507 = EDGE_LOOP ( 'NONE', ( #688, #2773, #808, #3558, #1296, #1317 ) ) ;
#2508 = DIRECTION ( 'NONE',  ( 0.000000000000000000, -3.491481338843132172E-15, 1.000000000000000000 ) ) ;
#2509 = AXIS2_PLACEMENT_3D ( 'NONE', #241, #2525, #3785 ) ;
#2510 = EDGE_CURVE ( 'NONE', #4071, #756, #1895, .T. ) ;
#2511 = CARTESIAN_POINT ( 'NONE',  ( 0.7493981969133295395, 0.9808294216839261725, -3.488193259832887527 ) ) ;
#2512 = CARTESIAN_POINT ( 'NONE',  ( 1.168897932210948953, -2.672983723821737101, 0.6999999999999904077 ) ) ;
#2513 = CIRCLE ( 'NONE', #681, 3.633180424916990781 ) ;
#2514 = ORIENTED_EDGE ( 'NONE', *, *, #1977, .T. ) ;
#2515 = CARTESIAN_POINT ( 'NONE',  ( -0.8958473998712548347, -0.8017394387323798499, 3.499400235513105084 ) ) ;
#2516 = CARTESIAN_POINT ( 'NONE',  ( 2.750284062755301129, -0.8712373316117911770, -0.8229037976738566851 ) ) ;
#2517 = VERTEX_POINT ( 'NONE', #257 ) ;
#2518 = CYLINDRICAL_SURFACE ( 'NONE', #218, 0.5000000000000000000 ) ;
#2519 = EDGE_CURVE ( 'NONE', #2694, #3194, #1007, .T. ) ;
#2520 = VECTOR ( 'NONE', #2950, 100.0000000000000000 ) ;
#2521 = CARTESIAN_POINT ( 'NONE',  ( 0.8015358519171533747, -2.748152273501609955, -0.8974892388242182717 ) ) ;
#2522 = LINE ( 'NONE', #2207, #780 ) ;
#2523 = DIRECTION ( 'NONE',  ( -0.7071067811865482389, 0.7071067811865467956, 0.000000000000000000 ) ) ;
#2524 = VECTOR ( 'NONE', #4184, 100.0000000000000000 ) ;
#2525 = DIRECTION ( 'NONE',  ( 1.000000000000000000, 0.000000000000000000, -0.000000000000000000 ) ) ;
#2526 = ORIENTED_EDGE ( 'NONE', *, *, #3294, .F. ) ;
#2527 = VERTEX_POINT ( 'NONE', #874 ) ;
#2528 = CARTESIAN_POINT ( 'NONE',  ( 0.000000000000000000, 3.146446609406726935, 3.750000000000000000 ) ) ;
#2529 = AXIS2_PLACEMENT_3D ( 'NONE', #2710, #2969, #3677 ) ;
#2530 = CIRCLE ( 'NONE', #2730, 1.280624847486570017 ) ;
#2531 = CARTESIAN_POINT ( 'NONE',  ( -0.7246096736620633028, 1.041627764527115696, 3.475783170872856598 ) ) ;
#2532 = CARTESIAN_POINT ( 'NONE',  ( 0.7156703023464285884, -2.707955253434296772, 1.074747213296227022 ) ) ;
#2533 = ORIENTED_EDGE ( 'NONE', *, *, #1314, .T. ) ;
#2534 = EDGE_CURVE ( 'NONE', #1511, #1014, #3931, .T. ) ;
#2535 = CARTESIAN_POINT ( 'NONE',  ( -1.168173731221874956, -0.6999999999999996225, 3.440422514028317114 ) ) ;
#2536 = CARTESIAN_POINT ( 'NONE',  ( -0.9827337150846972014, 0.7484781268556124356, -2.734073076233909383 ) ) ;
#2537 = VERTEX_POINT ( 'NONE', #2467 ) ;
#2538 = SPHERICAL_SURFACE ( 'NONE', #3600, 2.299999999999999822 ) ;
#2539 = CARTESIAN_POINT ( 'NONE',  ( 1.041627764527113476, -0.7246096736620669665, -3.475783170872857042 ) ) ;
#2540 = ORIENTED_EDGE ( 'NONE', *, *, #1133, .F. ) ;
#2541 = APPLICATION_PROTOCOL_DEFINITION ( 'draft international standard', 'automotive_design', 1998, #344 ) ;
#2542 = DIRECTION ( 'NONE',  ( 1.000000000000000000, 0.000000000000000000, 0.000000000000000000 ) ) ;
#2543 = LINE ( 'NONE', #387, #3555 ) ;
#2544 = CARTESIAN_POINT ( 'NONE',  ( 0.6999999999999959588, -1.199999999999997735, 2.658947160061668313 ) ) ;
#2545 = CARTESIAN_POINT ( 'NONE',  ( -0.7152111868045016863, -3.468032308652847284, -1.073467834008663635 ) ) ;
#2546 = ORIENTED_EDGE ( 'NONE', *, *, #83, .F. ) ;
#2547 = CARTESIAN_POINT ( 'NONE',  ( -0.8974892388242117214, -0.8015358519171632556, 2.748152273501608178 ) ) ;
#2548 = CARTESIAN_POINT ( 'NONE',  ( 3.750000000000000000, 1.000000000000000444, 1.000000000000000222 ) ) ;
#2549 = EDGE_CURVE ( 'NONE', #3812, #2193, #3307, .T. ) ;
#2550 = CARTESIAN_POINT ( 'NONE',  ( 0.000000000000000000, 0.000000000000000000, 0.000000000000000000 ) ) ;
#2551 = LINE ( 'NONE', #3213, #603 ) ;
#2552 = ORIENTED_EDGE ( 'NONE', *, *, #1991, .F. ) ;
#2553 = PLANE ( 'NONE',  #2714 ) ;
#2554 = CARTESIAN_POINT ( 'NONE',  ( 2.751351097438614168, -0.8462056370444426268, -0.8454887688046179850 ) ) ;
#2555 = ORIENTED_EDGE ( 'NONE', *, *, #711, .T. ) ;
#2556 = LINE ( 'NONE', #3780, #889 ) ;
#2557 = EDGE_CURVE ( 'NONE', #732, #24, #1293, .T. ) ;
#2558 = DIRECTION ( 'NONE',  ( -1.000000000000000000, 0.000000000000000000, 0.000000000000000000 ) ) ;
#2559 = ORIENTED_EDGE ( 'NONE', *, *, #3447, .T. ) ;
#2560 = AXIS2_PLACEMENT_3D ( 'NONE', #2945, #3965, #1341 ) ;
#2561 = CARTESIAN_POINT ( 'NONE',  ( 1.027965369110680260, -2.722192048079900228, -0.7302373754800423056 ) ) ;
#2562 = CARTESIAN_POINT ( 'NONE',  ( 0.000000000000000000, -1.199999999999997513, 0.6999999999999956257 ) ) ;
#2563 = CARTESIAN_POINT ( 'NONE',  ( 0.000000000000000000, -2.444036937190193743E-15, 0.7000000000000000666 ) ) ;
#2564 = CARTESIAN_POINT ( 'NONE',  ( 3.750000000000000000, 4.592425496802575944E-16, 3.146446609406726491 ) ) ;
#2565 = AXIS2_PLACEMENT_3D ( 'NONE', #1525, #2131, #3430 ) ;
#2566 = ORIENTED_EDGE ( 'NONE', *, *, #504, .F. ) ;
#2567 = CARTESIAN_POINT ( 'NONE',  ( -0.6999999999999940714, -1.168875737631703826, 2.672993740378476257 ) ) ;
#2568 = LINE ( 'NONE', #2232, #2524 ) ;
#2569 = AXIS2_PLACEMENT_3D ( 'NONE', #811, #2109, #3087 ) ;
#2570 = AXIS2_PLACEMENT_3D ( 'NONE', #3875, #2893, #618 ) ;
#2571 = SPHERICAL_SURFACE ( 'NONE', #4076, 3.700000000000000622 ) ;
#2572 = ADVANCED_FACE ( 'NONE', ( #535 ), #2810, .T. ) ;
#2573 = DIRECTION ( 'NONE',  ( 0.000000000000000000, 0.000000000000000000, 1.000000000000000000 ) ) ;
#2574 = CIRCLE ( 'NONE', #1298, 1.962141687034858029 ) ;
#2575 = CARTESIAN_POINT ( 'NONE',  ( -2.658947160061668313, 0.7000000000000000666, -1.199999999999995515 ) ) ;
#2576 = CARTESIAN_POINT ( 'NONE',  ( -0.8712373316117867361, 0.8229037976738524662, -2.750284062755303349 ) ) ;
#2577 = ORIENTED_EDGE ( 'NONE', *, *, #4085, .T. ) ;
#2578 = DIRECTION ( 'NONE',  ( -0.000000000000000000, -1.000000000000000000, -0.000000000000000000 ) ) ;
#2579 = CIRCLE ( 'NONE', #2919, 2.749545416973503631 ) ;
#2580 = CARTESIAN_POINT ( 'NONE',  ( 2.746537397795610236, -0.7914233119003056816, 0.9113003331823157360 ) ) ;
#2581 = ORIENTED_EDGE ( 'NONE', *, *, #3727, .T. ) ;
#2582 = DIRECTION ( 'NONE',  ( 0.000000000000000000, 0.000000000000000000, 1.000000000000000000 ) ) ;
#2583 = CARTESIAN_POINT ( 'NONE',  ( 3.450397818404773442, 1.136503287331125822, -0.7030103120685257112 ) ) ;
#2584 = CARTESIAN_POINT ( 'NONE',  ( -2.750326265220429445, -0.8704689564911098909, -0.8235754288369959708 ) ) ;
#2585 = DIRECTION ( 'NONE',  ( 1.000000000000000000, 1.224646799147353700E-16, 0.000000000000000000 ) ) ;
#2586 = CARTESIAN_POINT ( 'NONE',  ( -1.199999999999995293, 0.6999999999999997335, 3.633180424916990336 ) ) ;
#2587 = ORIENTED_EDGE ( 'NONE', *, *, #2913, .F. ) ;
#2588 = CARTESIAN_POINT ( 'NONE',  ( 3.750000000000000000, 0.000000000000000000, 0.000000000000000000 ) ) ;
#2589 = CARTESIAN_POINT ( 'NONE',  ( -1.199999999999994404, 1.552417469626011126, -1.199999999999994182 ) ) ;
#2590 = AXIS2_PLACEMENT_3D ( 'NONE', #180, #203, #3171 ) ;
#2591 = LINE ( 'NONE', #2630, #2112 ) ;
#2592 = AXIS2_PLACEMENT_3D ( 'NONE', #4051, #2121, #2434 ) ;
#2593 = ADVANCED_FACE ( 'NONE', ( #1603 ), #1857, .T. ) ;
#2594 = DIRECTION ( 'NONE',  ( -1.000000000000000000, 3.491481338843133355E-15, -0.000000000000000000 ) ) ;
#2595 = CARTESIAN_POINT ( 'NONE',  ( -0.7147643742422512547, -1.075273134213850845, -2.708142634298065676 ) ) ;
#2596 = CARTESIAN_POINT ( 'NONE',  ( -0.7641852220287196351, 0.9526136721971417698, -2.740383200956571397 ) ) ;
#2597 = EDGE_LOOP ( 'NONE', ( #861, #1892, #3689, #1655, #416 ) ) ;
#2598 = CARTESIAN_POINT ( 'NONE',  ( -0.7302373754800226546, 2.722192048079896676, 1.027965369110699800 ) ) ;
#2599 = ORIENTED_EDGE ( 'NONE', *, *, #1507, .F. ) ;
#2600 = CARTESIAN_POINT ( 'NONE',  ( 3.146446609406726935, 0.5000000000000003331, 3.500000000000000444 ) ) ;
#2601 = ORIENTED_EDGE ( 'NONE', *, *, #2177, .F. ) ;
#2602 = CARTESIAN_POINT ( 'NONE',  ( 0.8229037976738566851, 0.8712373316117911770, -2.750284062755301129 ) ) ;
#2603 = CARTESIAN_POINT ( 'NONE',  ( 3.500601796891553263, 0.8706816778592295636, -0.8233965398369574862 ) ) ;
#2604 = ADVANCED_FACE ( 'NONE', ( #2887 ), #3510, .T. ) ;
#2605 = LINE ( 'NONE', #1702, #730 ) ;
#2606 = DIRECTION ( 'NONE',  ( 0.000000000000000000, 1.000000000000000000, 3.478734961219568627E-15 ) ) ;
#2607 = ORIENTED_EDGE ( 'NONE', *, *, #4174, .T. ) ;
#2608 = LINE ( 'NONE', #2588, #1592 ) ;
#2609 = B_SPLINE_CURVE_WITH_KNOTS ( 'NONE', 3,
 ( #270, #3589, #2583, #354, #3241, #2923, #1660, #927, #3266, #2603, #1340, #989, #1575, #2902, #3222, #312, #4197, #3527, #3860, #20 ),
 .UNSPECIFIED., .F., .F.,
 ( 4, 2, 2, 2, 2, 2, 2, 2, 2, 4 ),
 ( 1.734723475976807094E-18, 0.0009981962494525662647, 0.001996392498905130795, 0.002994588748357695542, 0.003493686873083975963, 0.003992784997810256385, 0.004990981247262820698, 0.005989177496715385011, 0.006987373746167948457, 0.007985569995620511036 ),
 .UNSPECIFIED. ) ;
#2610 = LINE ( 'NONE', #2293, #2365 ) ;
#2611 = EDGE_CURVE ( 'NONE', #528, #4000, #1189, .T. ) ;
#2612 = CARTESIAN_POINT ( 'NONE',  ( -2.748152273501609955, -0.8974892388242075025, 0.8015358519171592588 ) ) ;
#2613 = DIRECTION ( 'NONE',  ( 0.000000000000000000, 0.000000000000000000, -1.000000000000000000 ) ) ;
#2614 = CARTESIAN_POINT ( 'NONE',  ( -2.750326265220431665, 0.8235754288369923071, -0.8704689564911058941 ) ) ;
#2615 = ORIENTED_EDGE ( 'NONE', *, *, #3306, .F. ) ;
#2616 = DIRECTION ( 'NONE',  ( -1.000000000000000000, 0.000000000000000000, 0.000000000000000000 ) ) ;
#2617 = ORIENTED_EDGE ( 'NONE', *, *, #960, .F. ) ;
#2618 = CARTESIAN_POINT ( 'NONE',  ( 2.658947160061668313, -0.6999999999999989564, 1.199999999999995515 ) ) ;
#2619 = VERTEX_POINT ( 'NONE', #2926 ) ;
#2620 = DIRECTION ( 'NONE',  ( 0.7071067811865467956, 0.000000000000000000, -0.7071067811865482389 ) ) ;
#2621 = CARTESIAN_POINT ( 'NONE',  ( 0.000000000000000000, 3.750000000000000000, 4.000000000000000000 ) ) ;
#2622 = CARTESIAN_POINT ( 'NONE',  ( 3.146446609406726935, 3.500000000000000888, 0.000000000000000000 ) ) ;
#2623 = FACE_BOUND ( 'NONE', #3414, .T. ) ;
#2624 = ORIENTED_EDGE ( 'NONE', *, *, #3526, .F. ) ;
#2625 = CARTESIAN_POINT ( 'NONE',  ( -0.9827337150847041958, -0.7484781268556127687, 2.734073076233905830 ) ) ;
#2626 = LINE ( 'NONE', #43, #2315 ) ;
#2627 = CARTESIAN_POINT ( 'NONE',  ( -0.6999999999999989564, 2.444036937190189799E-15, 0.000000000000000000 ) ) ;
#2628 = CARTESIAN_POINT ( 'NONE',  ( -1.199999999999995293, 0.7000000000000000666, 2.658947160061668313 ) ) ;
#2629 = EDGE_CURVE ( 'NONE', #919, #3702, #60, .T. ) ;
#2630 = CARTESIAN_POINT ( 'NONE',  ( 4.000000000000000000, 0.2500000000000004996, 4.000000000000000000 ) ) ;
#2631 = CARTESIAN_POINT ( 'NONE',  ( 1.043604616779543637, 2.718072220769938596, -0.7239568038548970241 ) ) ;
#2632 = CIRCLE ( 'NONE', #2297, 0.7500000000000000000 ) ;
#2633 = CARTESIAN_POINT ( 'NONE',  ( -2.748152273501609955, 0.8974892388242075025, -0.8015358519171592588 ) ) ;
#2634 = ORIENTED_EDGE ( 'NONE', *, *, #3046, .F. ) ;
#2635 = CARTESIAN_POINT ( 'NONE',  ( 4.000000000000000888, 3.146446609406727823, 0.2500000000000002220 ) ) ;
#2636 = ORIENTED_EDGE ( 'NONE', *, *, #3643, .T. ) ;
#2637 = DIRECTION ( 'NONE',  ( 1.387778780781446464E-15, -1.000000000000000000, 0.000000000000000000 ) ) ;
#2638 = ORIENTED_EDGE ( 'NONE', *, *, #612, .T. ) ;
#2639 = CARTESIAN_POINT ( 'NONE',  ( 1.168875737631706713, 0.6999999999999904077, -2.672993740378477590 ) ) ;
#2640 = CARTESIAN_POINT ( 'NONE',  ( 1.073376102004347521, 3.468056583719416608, -0.7152328218827943562 ) ) ;
#2641 = AXIS2_PLACEMENT_3D ( 'NONE', #2708, #846, #529 ) ;
#2642 = DIRECTION ( 'NONE',  ( -0.000000000000000000, 3.491481338843133355E-15, -1.000000000000000000 ) ) ;
#2643 = ADVANCED_FACE ( 'NONE', ( #1682 ), #3867, .T. ) ;
#2644 = CARTESIAN_POINT ( 'NONE',  ( -2.658947160061668313, 0.7000000000000000666, -1.199999999999995515 ) ) ;
#2645 = ORIENTED_EDGE ( 'NONE', *, *, #2510, .T. ) ;
#2646 = PLANE ( 'NONE',  #3210 ) ;
#2647 = CARTESIAN_POINT ( 'NONE',  ( 0.000000000000000000, 0.000000000000000000, 0.000000000000000000 ) ) ;
#2648 = FACE_OUTER_BOUND ( 'NONE', #2354, .T. ) ;
#2649 = CARTESIAN_POINT ( 'NONE',  ( -0.9820220972479332122, 0.7488049375311744971, 2.734242061544442937 ) ) ;
#2650 = AXIS2_PLACEMENT_3D ( 'NONE', #2647, #2084, #700 ) ;
#2651 = CARTESIAN_POINT ( 'NONE',  ( 3.429285639896451965, -0.7000000000000000666, 1.199999999999995515 ) ) ;
#2652 = ADVANCED_FACE ( 'NONE', ( #3925 ), #1642, .T. ) ;
#2653 = VECTOR ( 'NONE', #1402, 100.0000000000000000 ) ;
#2654 = CARTESIAN_POINT ( 'NONE',  ( 0.6999999999999908518, -2.658947160061672754, 1.199999999999990630 ) ) ;
#2655 = CARTESIAN_POINT ( 'NONE',  ( -2.740383200956570509, 0.7641852220287231878, -0.9526136721971387722 ) ) ;
#2656 = ORIENTED_EDGE ( 'NONE', *, *, #2500, .F. ) ;
#2657 = CARTESIAN_POINT ( 'NONE',  ( 2.751351093213600940, 0.8454887732159614977, -0.8462056414676415450 ) ) ;
#2658 = CARTESIAN_POINT ( 'NONE',  ( -0.7248147063157182046, 2.717690168901798486, 1.043595226183986036 ) ) ;
#2659 = CIRCLE ( 'NONE', #2529, 1.962141687034858029 ) ;
#2660 = EDGE_LOOP ( 'NONE', ( #2942, #965, #1613, #3023 ) ) ;
#2661 = CARTESIAN_POINT ( 'NONE',  ( 2.261282027927437710, 0.3426635033063830105, 0.2456406498379848924 ) ) ;
#2662 = DIRECTION ( 'NONE',  ( 0.000000000000000000, 0.000000000000000000, 1.000000000000000000 ) ) ;
#2663 = EDGE_CURVE ( 'NONE', #468, #3659, #3268, .T. ) ;
#2664 = CARTESIAN_POINT ( 'NONE',  ( 1.043595226183980040, 0.7248147063157277525, -2.717690168901798486 ) ) ;
#2665 = DIRECTION ( 'NONE',  ( -0.000000000000000000, 3.491481338843133355E-15, -1.000000000000000000 ) ) ;
#2666 = DIRECTION ( 'NONE',  ( 0.000000000000000000, 0.000000000000000000, -1.000000000000000000 ) ) ;
#2667 = FACE_OUTER_BOUND ( 'NONE', #4049, .T. ) ;
#2668 = B_SPLINE_CURVE_WITH_KNOTS ( 'NONE', 3,
 ( #1623, #3577, #2347, #2682, #2078, #3352, #1051, #4026, #1355, #1072, #3646, #2661, #1443, #1115, #4004, #2393, #3980, #1028, #3668, #457, #3960, #731, #796, #1763, #2985 ),
 .UNSPECIFIED., .F., .F.,
 ( 4, 2, 2, 2, 2, 2, 1, 2, 2, 2, 2, 2, 4 ),
 ( 4.605288694465348666E-20, 0.002027877279333585320, 0.003041815919000377330, 0.004055754558667169773, 0.006083631838000756395, 0.007097570477667550573, 0.008111509117334346486, 0.009125447757001140664, 0.01013938639666793484, 0.01216726367600152320, 0.01318120231566831738, 0.01419514095533510982, 0.01622301823466870338 ),
 .UNSPECIFIED. ) ;
#2669 = ORIENTED_EDGE ( 'NONE', *, *, #1410, .F. ) ;
#2670 = CARTESIAN_POINT ( 'NONE',  ( 0.7152328218827943562, -3.468056583719417052, -1.073376102004347965 ) ) ;
#2671 = LINE ( 'NONE', #3969, #829 ) ;
#2672 = CARTESIAN_POINT ( 'NONE',  ( 0.000000000000000000, -1.200000000000001066, -0.7000000000000036193 ) ) ;
#2673 = CARTESIAN_POINT ( 'NONE',  ( -0.8454887688046108796, 0.8462056370444415165, 2.751351097438616389 ) ) ;
#2674 = ORIENTED_EDGE ( 'NONE', *, *, #1468, .F. ) ;
#2675 = ORIENTED_EDGE ( 'NONE', *, *, #3847, .T. ) ;
#2676 = DIRECTION ( 'NONE',  ( 1.224646799147353700E-16, -1.000000000000000000, 0.000000000000000000 ) ) ;
#2677 = ADVANCED_FACE ( 'NONE', ( #316 ), #3944, .T. ) ;
#2678 = LINE ( 'NONE', #1067, #1865 ) ;
#2679 = ORIENTED_EDGE ( 'NONE', *, *, #3083, .F. ) ;
#2680 = CARTESIAN_POINT ( 'NONE',  ( 2.722192048079899784, 1.027965369110688920, -0.7302373754800292049 ) ) ;
#2681 = ORIENTED_EDGE ( 'NONE', *, *, #902, .T. ) ;
#2682 = CARTESIAN_POINT ( 'NONE',  ( 2.162817957087860066, 0.7828263957070789036, 0.02335182111656860723 ) ) ;
#2683 = VERTEX_POINT ( 'NONE', #1705 ) ;
#2684 = SPHERICAL_SURFACE ( 'NONE', #72, 3.000000000000000000 ) ;
#2685 = CARTESIAN_POINT ( 'NONE',  ( 0.5000000000000000000, 3.500000000000000444, 3.146446609406724271 ) ) ;
#2686 = ADVANCED_FACE ( 'NONE', ( #3888 ), #357, .T. ) ;
#2687 = DIRECTION ( 'NONE',  ( 0.000000000000000000, 0.000000000000000000, -1.000000000000000000 ) ) ;
#2688 = ORIENTED_EDGE ( 'NONE', *, *, #2958, .F. ) ;
#2689 = FACE_OUTER_BOUND ( 'NONE', #3141, .T. ) ;
#2690 = DIRECTION ( 'NONE',  ( 0.000000000000000000, -0.000000000000000000, 1.000000000000000000 ) ) ;
#2691 = CYLINDRICAL_SURFACE ( 'NONE', #2371, 0.5000000000000000000 ) ;
#2692 = DIRECTION ( 'NONE',  ( 1.000000000000000000, 0.000000000000000000, -0.000000000000000000 ) ) ;
#2693 = EDGE_LOOP ( 'NONE', ( #334, #4107, #1024 ) ) ;
#2694 = VERTEX_POINT ( 'NONE', #22 ) ;
#2695 = VECTOR ( 'NONE', #3842, 100.0000000000000000 ) ;
#2696 = CARTESIAN_POINT ( 'NONE',  ( 0.7000000000000035083, 1.200000000000001510, -3.429285639896448412 ) ) ;
#2697 = VECTOR ( 'NONE', #605, 100.0000000000000000 ) ;
#2698 = CARTESIAN_POINT ( 'NONE',  ( 0.7647538390662914631, -0.9516432843292719213, 3.492943933819798286 ) ) ;
#2699 = ORIENTED_EDGE ( 'NONE', *, *, #2339, .T. ) ;
#2700 = DIRECTION ( 'NONE',  ( 0.000000000000000000, 0.000000000000000000, -1.000000000000000000 ) ) ;
#2701 = ORIENTED_EDGE ( 'NONE', *, *, #67, .F. ) ;
#2702 = AXIS2_PLACEMENT_3D ( 'NONE', #3896, #980, #1630 ) ;
#2703 = DIRECTION ( 'NONE',  ( 0.000000000000000000, 0.7071067811865447972, -0.7071067811865502373 ) ) ;
#2704 = ORIENTED_EDGE ( 'NONE', *, *, #3233, .T. ) ;
#2705 = VECTOR ( 'NONE', #2991, 100.0000000000000000 ) ;
#2706 = DIRECTION ( 'NONE',  ( 0.000000000000000000, 0.000000000000000000, -1.000000000000000000 ) ) ;
#2707 = CARTESIAN_POINT ( 'NONE',  ( -1.199999999999999734, 4.189777606611759237E-15, 2.749545416973504075 ) ) ;
#2708 = CARTESIAN_POINT ( 'NONE',  ( 0.000000000000000000, -0.6999999999999989564, 0.000000000000000000 ) ) ;
#2709 = CARTESIAN_POINT ( 'NONE',  ( 0.000000000000000000, 1.000000000000000222, 2.071231517720797388 ) ) ;
#2710 = CARTESIAN_POINT ( 'NONE',  ( 0.000000000000000000, 1.200000000000000178, 0.000000000000000000 ) ) ;
#2711 = CARTESIAN_POINT ( 'NONE',  ( 0.000000000000000000, -3.633180424916988116, -0.7000000000000121680 ) ) ;
#2712 = CARTESIAN_POINT ( 'NONE',  ( -1.552417469626005797, -1.199999999999999512, 1.199999999999995959 ) ) ;
#2713 = CARTESIAN_POINT ( 'NONE',  ( -0.7000000000000087264, -2.672983723821732216, 1.168897932210949620 ) ) ;
#2714 = AXIS2_PLACEMENT_3D ( 'NONE', #1925, #2820, #249 ) ;
#2715 = PRODUCT_DEFINITION_SHAPE ( 'NONE', 'NONE',  #3467 ) ;
#2716 = ORIENTED_EDGE ( 'NONE', *, *, #3233, .F. ) ;
#2717 = ORIENTED_EDGE ( 'NONE', *, *, #1585, .F. ) ;
#2718 = ADVANCED_FACE ( 'NONE', ( #2623, #2309 ), #375, .F. ) ;
#2719 = LINE ( 'NONE', #1999, #2444 ) ;
#2720 = CARTESIAN_POINT ( 'NONE',  ( 0.6999999999999951816, -1.199999999999997735, 3.429285639896451077 ) ) ;
#2721 = VERTEX_POINT ( 'NONE', #2644 ) ;
#2722 = CARTESIAN_POINT ( 'NONE',  ( 0.000000000000000000, -1.199999999999999734, 2.749545416973504075 ) ) ;
#2723 = ORIENTED_EDGE ( 'NONE', *, *, #3934, .T. ) ;
#2724 = AXIS2_PLACEMENT_3D ( 'NONE', #400, #1080, #127 ) ;
#2725 = DIRECTION ( 'NONE',  ( -3.491481338843133355E-15, -1.000000000000000000, -3.491481338843133355E-15 ) ) ;
#2726 = ORIENTED_EDGE ( 'NONE', *, *, #2968, .T. ) ;
#2727 = FACE_OUTER_BOUND ( 'NONE', #3652, .T. ) ;
#2728 = CARTESIAN_POINT ( 'NONE',  ( 0.000000000000000000, 0.000000000000000000, 4.000000000000000000 ) ) ;
#2729 = CARTESIAN_POINT ( 'NONE',  ( 2.473863375370598305, 1.199999999999999956, -1.199999999999995959 ) ) ;
#2730 = AXIS2_PLACEMENT_3D ( 'NONE', #821, #3420, #2457 ) ;
#2731 = CARTESIAN_POINT ( 'NONE',  ( -0.8706816778592179062, 3.500601796891558148, -0.8233965398369483824 ) ) ;
#2732 = CARTESIAN_POINT ( 'NONE',  ( -6.123233995736768501E-17, 0.5000000000000000000, 4.000000000000000000 ) ) ;
#2733 = LINE ( 'NONE', #4034, #3757 ) ;
#2734 = CARTESIAN_POINT ( 'NONE',  ( -2.718072220769938596, -0.7239568038549064610, -1.043604616779537642 ) ) ;
#2735 = LINE ( 'NONE', #2086, #2024 ) ;
#2736 = VECTOR ( 'NONE', #4053, 100.0000000000000000 ) ;
#2737 = CARTESIAN_POINT ( 'NONE',  ( -1.224646799147353700E-16, 1.000000000000000000, 1.000000000000000222 ) ) ;
#2738 = ORIENTED_EDGE ( 'NONE', *, *, #3136, .T. ) ;
#2739 = EDGE_LOOP ( 'NONE', ( #1803, #3085, #3169, #1658 ) ) ;
#2740 = EDGE_CURVE ( 'NONE', #747, #3433, #673, .T. ) ;
#2741 = DIRECTION ( 'NONE',  ( -0.000000000000000000, 3.491481338843133355E-15, -1.000000000000000000 ) ) ;
#2742 = CARTESIAN_POINT ( 'NONE',  ( 2.658947160061668313, 1.199999999999997957, -0.6999999999999948486 ) ) ;
#2743 = ORIENTED_EDGE ( 'NONE', *, *, #2865, .T. ) ;
#2744 = DIRECTION ( 'NONE',  ( -1.000000000000000000, -0.000000000000000000, 0.000000000000000000 ) ) ;
#2745 = ORIENTED_EDGE ( 'NONE', *, *, #4007, .T. ) ;
#2746 = VECTOR ( 'NONE', #2502, 100.0000000000000000 ) ;
#2747 = CARTESIAN_POINT ( 'NONE',  ( 3.500000000000000888, 3.146446609406727823, 0.000000000000000000 ) ) ;
#2748 = VERTEX_POINT ( 'NONE', #1970 ) ;
#2749 = CARTESIAN_POINT ( 'NONE',  ( -1.200000000000012168, -3.633180424916984119, -0.7000000000000121680 ) ) ;
#2750 = CARTESIAN_POINT ( 'NONE',  ( -0.7493981969133294285, -0.9808294216839258395, -3.488193259832889304 ) ) ;
#2751 = CARTESIAN_POINT ( 'NONE',  ( 3.146446609406726935, 3.853285768897992294E-16, 3.500000000000000444 ) ) ;
#2752 = CARTESIAN_POINT ( 'NONE',  ( 0.005768686730278083097, 0.8753117422505624079, 2.128001743998885864 ) ) ;
#2753 = FACE_OUTER_BOUND ( 'NONE', #3724, .T. ) ;
#2754 = LINE ( 'NONE', #1451, #91 ) ;
#2755 = CARTESIAN_POINT ( 'NONE',  ( -2.751351097438613724, -0.8454887688046148764, -0.8462056370444458464 ) ) ;
#2756 = CARTESIAN_POINT ( 'NONE',  ( -0.9808294216839211765, 0.7493981969133257648, -3.488193259832891968 ) ) ;
#2757 = EDGE_CURVE ( 'NONE', #732, #468, #3998, .T. ) ;
#2758 = LINE ( 'NONE', #1022, #66 ) ;
#2759 = VERTEX_POINT ( 'NONE', #1278 ) ;
#2760 = ORIENTED_EDGE ( 'NONE', *, *, #1934, .T. ) ;
#2761 = CARTESIAN_POINT ( 'NONE',  ( -0.7246096736620791789, -3.475783170872857042, 1.041627764527105260 ) ) ;
#2762 = EDGE_CURVE ( 'NONE', #3805, #3197, #2254, .T. ) ;
#2763 = AXIS2_PLACEMENT_3D ( 'NONE', #1681, #2642, #3631 ) ;
#2764 = EDGE_CURVE ( 'NONE', #2683, #516, #2165, .T. ) ;
#2765 = CARTESIAN_POINT ( 'NONE',  ( 0.000000000000000000, 4.189777606611758449E-15, -1.199999999999999512 ) ) ;
#2766 = VERTEX_POINT ( 'NONE', #2564 ) ;
#2767 = CARTESIAN_POINT ( 'NONE',  ( 0.8974892388242048380, -0.8015358519171624785, -2.748152273501609955 ) ) ;
#2768 = EDGE_LOOP ( 'NONE', ( #183, #2220, #4084, #371, #1633, #2409 ) ) ;
#2769 = CARTESIAN_POINT ( 'NONE',  ( 0.8235754288369829812, -2.750326265220436106, 0.8704689564911001209 ) ) ;
#2770 = EDGE_LOOP ( 'NONE', ( #449, #3351, #1742 ) ) ;
#2771 = DIRECTION ( 'NONE',  ( 0.000000000000000000, 1.000000000000000000, 3.491481338843133355E-15 ) ) ;
#2772 = CARTESIAN_POINT ( 'NONE',  ( 0.2500000000000000000, 3.750000000000000000, 1.000000000000000222 ) ) ;
#2773 = ORIENTED_EDGE ( 'NONE', *, *, #3684, .T. ) ;
#2774 = LINE ( 'NONE', #3099, #2377 ) ;
#2775 = AXIS2_PLACEMENT_3D ( 'NONE', #3017, #89, #3034 ) ;
#2776 = CIRCLE ( 'NONE', #2034, 2.299999999999999822 ) ;
#2777 = CARTESIAN_POINT ( 'NONE',  ( 0.06008193390049423183, 0.6569949843654520061, 2.203614080306001366 ) ) ;
#2778 = CARTESIAN_POINT ( 'NONE',  ( 0.7914233119002966887, -2.746537397795608015, -0.9113003331823293918 ) ) ;
#2779 = CARTESIAN_POINT ( 'NONE',  ( -3.468056583719415720, 0.7152328218828062356, 1.073376102004339305 ) ) ;
#2780 = DIRECTION ( 'NONE',  ( 0.000000000000000000, 0.000000000000000000, 1.000000000000000000 ) ) ;
#2781 = DIRECTION ( 'NONE',  ( 0.000000000000000000, -1.000000000000000000, -3.491481338843133355E-15 ) ) ;
#2782 = EDGE_CURVE ( 'NONE', #3041, #2694, #3575, .T. ) ;
#2783 = CARTESIAN_POINT ( 'NONE',  ( 0.6999999999999999556, 2.672993740378480254, -1.168875737631692946 ) ) ;
#2784 = VECTOR ( 'NONE', #2676, 100.0000000000000000 ) ;
#2785 = VECTOR ( 'NONE', #2395, 100.0000000000000000 ) ;
#2786 = VERTEX_POINT ( 'NONE', #3966 ) ;
#2787 = ORIENTED_EDGE ( 'NONE', *, *, #1030, .T. ) ;
#2788 = CARTESIAN_POINT ( 'NONE',  ( -0.9809573058348606267, -3.488170272401588168, 0.7493371374504024240 ) ) ;
#2789 = VECTOR ( 'NONE', #2895, 100.0000000000000000 ) ;
#2790 = EDGE_CURVE ( 'NONE', #1876, #2376, #84, .T. ) ;
#2791 = CARTESIAN_POINT ( 'NONE',  ( 0.4229619143570678141, 0.1825858929285393284, 2.253646586832278143 ) ) ;
#2792 = ORIENTED_EDGE ( 'NONE', *, *, #2782, .F. ) ;
#2793 = CARTESIAN_POINT ( 'NONE',  ( -1.199999999999995293, 0.6999999999999992895, 3.429285639896451077 ) ) ;
#2794 = CARTESIAN_POINT ( 'NONE',  ( 0.8712373316117809630, -2.750284062755307790, 0.8229037976738440285 ) ) ;
#2795 = EDGE_LOOP ( 'NONE', ( #390, #3855, #98, #814, #555, #1047, #3098, #3421 ) ) ;
#2796 = CARTESIAN_POINT ( 'NONE',  ( 0.6999999999999951816, -1.199999999999997735, -3.429285639896451077 ) ) ;
#2797 = CARTESIAN_POINT ( 'NONE',  ( -1.136503287331131817, -0.7030103120685293749, -3.450397818404769890 ) ) ;
#2798 = EDGE_LOOP ( 'NONE', ( #2003, #1749, #2552, #1128 ) ) ;
#2799 = AXIS2_PLACEMENT_3D ( 'NONE', #2079, #3693, #3711 ) ;
#2800 = PLANE ( 'NONE',  #1019 ) ;
#2801 = AXIS2_PLACEMENT_3D ( 'NONE', #1931, #2665, #3355 ) ;
#2802 = ADVANCED_FACE ( 'NONE', ( #2667 ), #3238, .T. ) ;
#2803 = EDGE_CURVE ( 'NONE', #2376, #4141, #1224, .T. ) ;
#2804 = CARTESIAN_POINT ( 'NONE',  ( 0.04929803891861420095, 0.6882038554198193214, 2.194333114259655826 ) ) ;
#2805 = CARTESIAN_POINT ( 'NONE',  ( 0.7152111868044775944, -3.468032308652858831, 1.073467834008639210 ) ) ;
#2806 = CARTESIAN_POINT ( 'NONE',  ( 0.000000000000000000, 1.200000000000001066, 0.7000000000000039524 ) ) ;
#2807 = VECTOR ( 'NONE', #2703, 100.0000000000000142 ) ;
#2808 = CARTESIAN_POINT ( 'NONE',  ( -3.450397818404772554, 0.7030103120685297080, -1.136503287331124490 ) ) ;
#2809 = B_SPLINE_CURVE_WITH_KNOTS ( 'NONE', 3,
 ( #1647, #1347, #382, #3971, #1042, #2952, #1734, #1328, #2972, #3912, #2673, #109, #997, #1711, #3341, #2649, #1976, #3950, #363, #1018, #3317, #427, #2628 ),
 .UNSPECIFIED., .F., .F.,
 ( 4, 2, 2, 2, 2, 1, 2, 2, 2, 2, 2, 4 ),
 ( 0.000000000000000000, 0.001010924964096736539, 0.002021849928193473079, 0.003032774892290209835, 0.003538237374338577997, 0.004043699856386945291, 0.004549162338435312584, 0.005054624820483679878, 0.006065549784580413599, 0.006571012266628779158, 0.007076474748677143850, 0.008087399712773876703 ),
 .UNSPECIFIED. ) ;
#2810 = CYLINDRICAL_SURFACE ( 'NONE', #2509, 0.5000000000000001110 ) ;
#2811 = ORIENTED_EDGE ( 'NONE', *, *, #4017, .T. ) ;
#2812 = EDGE_LOOP ( 'NONE', ( #3019, #1404, #3152, #3343 ) ) ;
#2813 = CARTESIAN_POINT ( 'NONE',  ( 0.09651347628853140792, 2.228111889010079949, 0.5663811790826650538 ) ) ;
#2814 = AXIS2_PLACEMENT_3D ( 'NONE', #1759, #3662, #1438 ) ;
#2815 = ADVANCED_FACE ( 'NONE', ( #2304 ), #2859, .T. ) ;
#2816 = CARTESIAN_POINT ( 'NONE',  ( -0.7152328218828023498, 1.073376102004333754, 3.468056583719420161 ) ) ;
#2817 = EDGE_CURVE ( 'NONE', #3830, #2173, #2342, .T. ) ;
#2818 = CARTESIAN_POINT ( 'NONE',  ( 1.043604616779524985, -2.718072220769947478, 0.7239568038548976903 ) ) ;
#2819 = ORIENTED_EDGE ( 'NONE', *, *, #3318, .T. ) ;
#2820 = DIRECTION ( 'NONE',  ( -0.000000000000000000, 3.491481338843133355E-15, -1.000000000000000000 ) ) ;
#2821 = DIRECTION ( 'NONE',  ( 0.000000000000000000, 0.000000000000000000, -1.000000000000000000 ) ) ;
#2822 = ORIENTED_EDGE ( 'NONE', *, *, #2500, .T. ) ;
#2823 = CARTESIAN_POINT ( 'NONE',  ( 0.5000000000000000000, 3.500000000000000444, 3.146446609406724271 ) ) ;
#2824 = ADVANCED_FACE ( 'NONE', ( #2268 ), #1906, .T. ) ;
#2825 = DIRECTION ( 'NONE',  ( -1.000000000000000000, 3.491481338843133355E-15, -0.000000000000000000 ) ) ;
#2826 = CARTESIAN_POINT ( 'NONE',  ( 0.000000000000000000, 4.000000000000000000, 0.2500000000000002220 ) ) ;
#2827 = DIRECTION ( 'NONE',  ( 0.000000000000000000, 1.000000000000000000, 3.478734961219568627E-15 ) ) ;
#2828 = CARTESIAN_POINT ( 'NONE',  ( -1.137725361817289560, -2.685643923445214742, -0.7028759983740919814 ) ) ;
#2829 = ORIENTED_EDGE ( 'NONE', *, *, #377, .F. ) ;
#2830 = ORIENTED_EDGE ( 'NONE', *, *, #1821, .F. ) ;
#2831 = CARTESIAN_POINT ( 'NONE',  ( 0.3936987950065470865, 2.257106370018315822, 0.2040388987668876886 ) ) ;
#2832 = CARTESIAN_POINT ( 'NONE',  ( 0.9113003331823160691, -0.7914233119003059036, -2.746537397795611124 ) ) ;
#2833 = B_SPLINE_CURVE_WITH_KNOTS ( 'NONE', 3,
 ( #1522, #1832, #4032, #147, #3426, #824, #1449, #4102, #3781, #2731, #509, #3716, #2147, #4012, #868, #3448, #3100, #2166, #550, #530 ),
 .UNSPECIFIED., .F., .F.,
 ( 4, 2, 2, 2, 2, 2, 2, 2, 2, 4 ),
 ( 0.000000000000000000, 0.0009981962494525679994, 0.001996392498905135999, 0.002994588748357704215, 0.003493686873083987239, 0.003992784997810270263, 0.004990981247262832841, 0.005989177496715395420, 0.006987373746167958866, 0.007985569995620521444 ),
 .UNSPECIFIED. ) ;
#2834 = CARTESIAN_POINT ( 'NONE',  ( -0.6999999999999989564, 2.444036937190189799E-15, 0.000000000000000000 ) ) ;
#2835 = ORIENTED_EDGE ( 'NONE', *, *, #461, .T. ) ;
#2836 = CARTESIAN_POINT ( 'NONE',  ( -0.8021954603231681302, -0.8966317885524486275, 3.498973458826136529 ) ) ;
#2837 = CARTESIAN_POINT ( 'NONE',  ( 1.199999999999995515, -1.199999999999999512, 3.633180424916990781 ) ) ;
#2838 = ORIENTED_EDGE ( 'NONE', *, *, #2000, .F. ) ;
#2839 = CARTESIAN_POINT ( 'NONE',  ( 0.000000000000000000, 0.000000000000000000, 0.000000000000000000 ) ) ;
#2840 = DIRECTION ( 'NONE',  ( 1.000000000000000000, -0.000000000000000000, -0.000000000000000000 ) ) ;
#2841 = DIRECTION ( 'NONE',  ( -3.491481338843133355E-15, -1.000000000000000000, -3.491481338843133355E-15 ) ) ;
#2842 = CARTESIAN_POINT ( 'NONE',  ( 1.027965369110686034, -0.7302373754800322025, 2.722192048079899340 ) ) ;
#2843 = AXIS2_PLACEMENT_3D ( 'NONE', #572, #1891, #296 ) ;
#2844 = CARTESIAN_POINT ( 'NONE',  ( -0.7641852220287325137, -2.740383200956563403, -0.9526136721971518728 ) ) ;
#2845 = ORIENTED_EDGE ( 'NONE', *, *, #3981, .T. ) ;
#2846 = ORIENTED_EDGE ( 'NONE', *, *, #3676, .T. ) ;
#2847 = FACE_OUTER_BOUND ( 'NONE', #1988, .T. ) ;
#2848 = VECTOR ( 'NONE', #2905, 100.0000000000000000 ) ;
#2849 = EDGE_CURVE ( 'NONE', #2786, #3390, #1318, .T. ) ;
#2850 = VECTOR ( 'NONE', #3505, 100.0000000000000000 ) ;
#2851 = CARTESIAN_POINT ( 'NONE',  ( 0.6999999999999861888, -1.168875737631700051, -2.672993740378480254 ) ) ;
#2852 = FACE_OUTER_BOUND ( 'NONE', #3405, .T. ) ;
#2853 = AXIS2_PLACEMENT_3D ( 'NONE', #2169, #3450, #3128 ) ;
#2854 = ORIENTED_EDGE ( 'NONE', *, *, #1120, .T. ) ;
#2855 = SPHERICAL_SURFACE ( 'NONE', #752, 4.200000000000000178 ) ;
#2856 = CARTESIAN_POINT ( 'NONE',  ( 2.672983723821729551, -1.168897932210960500, -0.7000000000000036193 ) ) ;
#2857 = EDGE_LOOP ( 'NONE', ( #120, #2300, #124, #225, #347, #1695 ) ) ;
#2858 = DIRECTION ( 'NONE',  ( -1.000000000000000000, 3.491481338843133355E-15, -0.000000000000000000 ) ) ;
#2859 = CYLINDRICAL_SURFACE ( 'NONE', #737, 0.2500000000000002220 ) ;
#2860 = ORIENTED_EDGE ( 'NONE', *, *, #2000, .T. ) ;
#2861 = VECTOR ( 'NONE', #3339, 100.0000000000000000 ) ;
#2862 = CARTESIAN_POINT ( 'NONE',  ( -1.199999999999999956, 4.189777606611760026E-15, 0.000000000000000000 ) ) ;
#2863 = LINE ( 'NONE', #3551, #2746 ) ;
#2864 = CARTESIAN_POINT ( 'NONE',  ( -0.7914233119003157846, -2.746537397795608015, 0.9113003331823101849 ) ) ;
#2865 = EDGE_CURVE ( 'NONE', #2469, #3328, #1077, .T. ) ;
#2866 = AXIS2_PLACEMENT_3D ( 'NONE', #783, #765, #1345 ) ;
#2867 = CARTESIAN_POINT ( 'NONE',  ( -0.6999999999999996225, -2.672993740378472705, -1.168875737631711598 ) ) ;
#2868 = ORIENTED_EDGE ( 'NONE', *, *, #2348, .T. ) ;
#2869 = CARTESIAN_POINT ( 'NONE',  ( -0.9820220972479267729, 2.734242061544446933, -0.7488049375311653932 ) ) ;
#2870 = FACE_OUTER_BOUND ( 'NONE', #1240, .T. ) ;
#2871 = AXIS2_PLACEMENT_3D ( 'NONE', #1405, #444, #2083 ) ;
#2872 = VECTOR ( 'NONE', #250, 100.0000000000000000 ) ;
#2873 = EDGE_CURVE ( 'NONE', #4132, #3239, #986, .T. ) ;
#2874 = DIRECTION ( 'NONE',  ( 0.000000000000000000, 0.000000000000000000, -1.000000000000000000 ) ) ;
#2875 = CARTESIAN_POINT ( 'NONE',  ( 3.500000000000000888, 3.146446609406727823, 0.000000000000000000 ) ) ;
#2876 = B_SPLINE_CURVE_WITH_KNOTS ( 'NONE', 3,
 ( #4151, #2856, #982, #904, #3193, #940, #1553, #4131, #2265, #2516, #2554, #2280, #1902, #1228, #3814, #1251, #3502, #3566, #643, #3854, #4172, #3216, #582 ),
 .UNSPECIFIED., .F., .F.,
 ( 4, 2, 2, 2, 2, 1, 2, 2, 2, 2, 2, 4 ),
 ( 0.000000000000000000, 0.001010924964096736323, 0.002021849928193472645, 0.003032774892290208534, 0.003538237374338578864, 0.004043699856386949627, 0.004549162338435319523, 0.005054624820483690287, 0.006065549784580431814, 0.006571012266628800842, 0.007076474748677171606, 0.008087399712773911398 ),
 .UNSPECIFIED. ) ;
#2877 = ORIENTED_EDGE ( 'NONE', *, *, #279, .T. ) ;
#2878 = CARTESIAN_POINT ( 'NONE',  ( -0.9516432843292770283, -0.7647538390662953489, 3.492943933819796065 ) ) ;
#2879 = CARTESIAN_POINT ( 'NONE',  ( -1.075273134213845960, 0.7147643742422478130, -2.708142634298069673 ) ) ;
#2880 = ORIENTED_EDGE ( 'NONE', *, *, #1743, .T. ) ;
#2881 = LINE ( 'NONE', #2823, #1231 ) ;
#2882 = DIRECTION ( 'NONE',  ( 0.000000000000000000, 0.000000000000000000, -1.000000000000000000 ) ) ;
#2883 = ORIENTED_EDGE ( 'NONE', *, *, #1862, .T. ) ;
#2884 = FACE_OUTER_BOUND ( 'NONE', #493, .T. ) ;
#2885 = CARTESIAN_POINT ( 'NONE',  ( 1.000000000000000000, 1.000000000000000222, 4.000000000000000000 ) ) ;
#2886 = CARTESIAN_POINT ( 'NONE',  ( -1.074747213296245008, -2.707955253434288778, 0.7156703023464290325 ) ) ;
#2887 = FACE_OUTER_BOUND ( 'NONE', #1489, .T. ) ;
#2888 = ORIENTED_EDGE ( 'NONE', *, *, #2050, .T. ) ;
#2889 = CARTESIAN_POINT ( 'NONE',  ( -0.7248147063157317493, -1.043595226183977820, 2.717690168901799375 ) ) ;
#2890 = DIRECTION ( 'NONE',  ( 0.000000000000000000, 0.000000000000000000, 1.000000000000000000 ) ) ;
#2891 = ADVANCED_FACE ( 'NONE', ( #1929 ), #1273, .T. ) ;
#2892 = CARTESIAN_POINT ( 'NONE',  ( 0.9999999999999998890, 2.071231517720797388, 0.000000000000000000 ) ) ;
#2893 = DIRECTION ( 'NONE',  ( -1.224646799147353700E-16, 1.000000000000000000, 0.000000000000000000 ) ) ;
#2894 = ORIENTED_EDGE ( 'NONE', *, *, #4007, .F. ) ;
#2895 = DIRECTION ( 'NONE',  ( 0.000000000000000000, 1.000000000000000000, 0.000000000000000000 ) ) ;
#2896 = CARTESIAN_POINT ( 'NONE',  ( -0.7302373754800288719, 1.027965369110688920, -2.722192048079900673 ) ) ;
#2897 = ORIENTED_EDGE ( 'NONE', *, *, #355, .F. ) ;
#2898 = CARTESIAN_POINT ( 'NONE',  ( -1.043604616779524319, 2.718072220769941261, 0.7239568038549165641 ) ) ;
#2899 = CARTESIAN_POINT ( 'NONE',  ( 0.9808294216839208435, -0.7493981969133254317, -3.488193259832889304 ) ) ;
#2900 = ORIENTED_EDGE ( 'NONE', *, *, #2938, .F. ) ;
#2901 = AXIS2_PLACEMENT_3D ( 'NONE', #2563, #3784, #2827 ) ;
#2902 = CARTESIAN_POINT ( 'NONE',  ( 3.492943933819799174, 0.7647538390662951269, -0.9516432843292698118 ) ) ;
#2903 = CARTESIAN_POINT ( 'NONE',  ( -1.199999999999994404, 1.552417469626002244, 1.200000000000005507 ) ) ;
#2904 = CARTESIAN_POINT ( 'NONE',  ( 0.7484781268556092160, -0.9827337150846993108, 2.734073076233909383 ) ) ;
#2905 = DIRECTION ( 'NONE',  ( 0.000000000000000000, 0.000000000000000000, 1.000000000000000000 ) ) ;
#2906 = CIRCLE ( 'NONE', #1629, 0.7500000000000000000 ) ;
#2907 = ORIENTED_EDGE ( 'NONE', *, *, #3276, .F. ) ;
#2908 = CYLINDRICAL_SURFACE ( 'NONE', #3005, 0.4999999999999999445 ) ;
#2909 = FACE_OUTER_BOUND ( 'NONE', #3036, .T. ) ;
#2910 = EDGE_CURVE ( 'NONE', #3432, #2158, #309, .T. ) ;
#2911 = DIRECTION ( 'NONE',  ( 0.000000000000000000, 1.000000000000000000, 3.470020556479638621E-15 ) ) ;
#2912 = DIRECTION ( 'NONE',  ( -1.000000000000000000, 0.000000000000000000, 0.000000000000000000 ) ) ;
#2913 = EDGE_CURVE ( 'NONE', #3627, #747, #118, .T. ) ;
#2914 = COLOUR_RGB ( '',0.7921568627450980005, 0.8196078431372548767, 0.9333333333333333481 ) ;
#2915 = CARTESIAN_POINT ( 'NONE',  ( -2.702700218583835134, 0.7119094202025437745, -1.090358579216440971 ) ) ;
#2916 = LINE ( 'NONE', #1312, #2872 ) ;
#2917 = VERTEX_POINT ( 'NONE', #722 ) ;
#2918 = DIRECTION ( 'NONE',  ( 0.000000000000000000, 0.000000000000000000, 1.000000000000000000 ) ) ;
#2919 = AXIS2_PLACEMENT_3D ( 'NONE', #3063, #3688, #161 ) ;
#2920 = CARTESIAN_POINT ( 'NONE',  ( 1.199999999999995515, -0.7000000000000000666, -3.429285639896451965 ) ) ;
#2921 = ORIENTED_EDGE ( 'NONE', *, *, #1607, .T. ) ;
#2922 = CARTESIAN_POINT ( 'NONE',  ( 1.090358579216448520, 0.7119094202025437745, -2.702700218583830249 ) ) ;
#2923 = CARTESIAN_POINT ( 'NONE',  ( 3.488170272401590388, 0.9809573058348474150, -0.7493371374504107507 ) ) ;
#2924 = ADVANCED_FACE ( 'NONE', ( #2930 ), #3018, .T. ) ;
#2925 = DIRECTION ( 'NONE',  ( -2.775557561562888984E-15, 1.000000000000000000, 0.000000000000000000 ) ) ;
#2926 = CARTESIAN_POINT ( 'NONE',  ( 0.5000000000000000000, 3.146446609406727823, 3.499999999999999556 ) ) ;
#2927 = EDGE_LOOP ( 'NONE', ( #1551, #1869, #4006, #3503 ) ) ;
#2928 = CARTESIAN_POINT ( 'NONE',  ( -0.9534278788828277618, -0.7637296482633824102, 2.740226201904106151 ) ) ;
#2929 = LINE ( 'NONE', #3578, #1310 ) ;
#2930 = FACE_OUTER_BOUND ( 'NONE', #4196, .T. ) ;
#2931 = AXIS2_PLACEMENT_3D ( 'NONE', #897, #3495, #2108 ) ;
#2932 = CARTESIAN_POINT ( 'NONE',  ( -2.746537397795610236, -0.9113003331823186226, 0.7914233119003027950 ) ) ;
#2933 = AXIS2_PLACEMENT_3D ( 'NONE', #391, #2369, #3392 ) ;
#2934 = CARTESIAN_POINT ( 'NONE',  ( 0.7119094202025341156, -2.702700218583838243, 1.090358579216435642 ) ) ;
#2935 = CARTESIAN_POINT ( 'NONE',  ( -2.658947160061668313, 1.199999999999997957, -0.6999999999999948486 ) ) ;
#2936 = CARTESIAN_POINT ( 'NONE',  ( -0.6999999999999897415, 2.658947160061673198, -1.199999999999990408 ) ) ;
#2937 = ORIENTED_EDGE ( 'NONE', *, *, #1349, .F. ) ;
#2938 = EDGE_CURVE ( 'NONE', #748, #3264, #2610, .T. ) ;
#2939 = CARTESIAN_POINT ( 'NONE',  ( -0.9827337150846912062, 2.734073076233908051, 0.7484781268556225386 ) ) ;
#2940 = EDGE_LOOP ( 'NONE', ( #4038, #2787, #4173, #1208 ) ) ;
#2941 = CARTESIAN_POINT ( 'NONE',  ( 2.685643923445222736, -0.7028759983740822115, 1.137725361817276237 ) ) ;
#2942 = ORIENTED_EDGE ( 'NONE', *, *, #2803, .T. ) ;
#2943 = CARTESIAN_POINT ( 'NONE',  ( -0.7030103120685176066, 3.450397818404769001, 1.136503287331140477 ) ) ;
#2944 = DIRECTION ( 'NONE',  ( 0.000000000000000000, 0.000000000000000000, -1.000000000000000000 ) ) ;
#2945 = CARTESIAN_POINT ( 'NONE',  ( -0.7000000000000000666, 2.444036937190193349E-15, 0.000000000000000000 ) ) ;
#2947 = EDGE_CURVE ( 'NONE', #2721, #3461, #679, .T. ) ;
#2946 = DIRECTION ( 'NONE',  ( 0.000000000000000000, -0.000000000000000000, -1.000000000000000000 ) ) ;
#2948 = ORIENTED_EDGE ( 'NONE', *, *, #4088, .T. ) ;
#2949 = CARTESIAN_POINT ( 'NONE',  ( 1.199999999999999734, 1.268518165424783658E-14, -1.199999999999999734 ) ) ;
#2950 = DIRECTION ( 'NONE',  ( 0.7071067811865482389, -0.7071067811865467956, 0.000000000000000000 ) ) ;
#2951 = DIRECTION ( 'NONE',  ( -0.000000000000000000, -1.000000000000000000, -0.000000000000000000 ) ) ;
#2952 = CARTESIAN_POINT ( 'NONE',  ( -0.7484781268556087719, 0.9827337150846990887, 2.734073076233909383 ) ) ;
#2953 = CIRCLE ( 'NONE', #1332, 1.962141687034858029 ) ;
#2954 = CARTESIAN_POINT ( 'NONE',  ( 1.000000000000000000, 3.750000000000000000, 1.000000000000000222 ) ) ;
#2955 = CARTESIAN_POINT ( 'NONE',  ( 0.6999999999999997335, -2.444036937190192560E-15, 3.633180424916990336 ) ) ;
#2956 = CARTESIAN_POINT ( 'NONE',  ( -1.200000000000011502, -3.429285639896443527, -0.7000000000000119460 ) ) ;
#2957 = ORIENTED_EDGE ( 'NONE', *, *, #3004, .F. ) ;
#2958 = EDGE_CURVE ( 'NONE', #3791, #4182, #2809, .T. ) ;
#2959 = CARTESIAN_POINT ( 'NONE',  ( -0.6999999999999806377, 2.672993740378476701, 1.168875737631711820 ) ) ;
#2960 = ORIENTED_EDGE ( 'NONE', *, *, #1486, .F. ) ;
#2961 = CARTESIAN_POINT ( 'NONE',  ( -2.734073076233905830, 0.7484781268556127687, 0.9827337150847048619 ) ) ;
#2962 = CARTESIAN_POINT ( 'NONE',  ( -1.301042606982605321E-15, 3.750000000000000000, 0.000000000000000000 ) ) ;
#2963 = CARTESIAN_POINT ( 'NONE',  ( 0.8015358519171664753, 0.8974892388242091679, -2.748152273501608178 ) ) ;
#2964 = DIRECTION ( 'NONE',  ( 0.000000000000000000, -0.000000000000000000, -1.000000000000000000 ) ) ;
#2965 = CARTESIAN_POINT ( 'NONE',  ( 0.000000000000000000, 2.299999999999999822, 1.408343819019456275E-16 ) ) ;
#2966 = CARTESIAN_POINT ( 'NONE',  ( 0.000000000000000000, -2.444036937190193743E-15, 0.7000000000000000666 ) ) ;
#2967 = ORIENTED_EDGE ( 'NONE', *, *, #2244, .F. ) ;
#2968 = EDGE_CURVE ( 'NONE', #4071, #3791, #2338, .T. ) ;
#2969 = DIRECTION ( 'NONE',  ( -0.000000000000000000, -1.000000000000000000, -0.000000000000000000 ) ) ;
#2970 = PLANE ( 'NONE',  #3275 ) ;
#2971 = DIRECTION ( 'NONE',  ( 0.000000000000000000, 0.000000000000000000, -1.000000000000000000 ) ) ;
#2972 = CARTESIAN_POINT ( 'NONE',  ( -0.8015358519171591478, 0.8974892388242071695, 2.748152273501609955 ) ) ;
#2973 = CARTESIAN_POINT ( 'NONE',  ( 3.501005410357117764, -0.8583189242775506322, 0.8345815409959138620 ) ) ;
#2974 = EDGE_CURVE ( 'NONE', #2303, #3731, #879, .T. ) ;
#2975 = CARTESIAN_POINT ( 'NONE',  ( 0.9827337150847098579, 2.734073076233906274, -0.7484781268556028877 ) ) ;
#2976 = VECTOR ( 'NONE', #362, 100.0000000000000000 ) ;
#2977 = AXIS2_PLACEMENT_3D ( 'NONE', #1127, #1456, #3746 ) ;
#2978 = ADVANCED_FACE ( 'NONE', ( #2020 ), #2996, .T. ) ;
#2979 = CARTESIAN_POINT ( 'NONE',  ( -2.746646347997238724, 0.7920233494385238160, -0.9104508995573872276 ) ) ;
#2980 = VERTEX_POINT ( 'NONE', #1082 ) ;
#2981 = DIRECTION ( 'NONE',  ( 3.491481338843133355E-15, 1.000000000000000000, 3.491481338843133355E-15 ) ) ;
#2982 = CARTESIAN_POINT ( 'NONE',  ( 3.488170272401589500, -0.7493371374504146365, -0.9809573058348520780 ) ) ;
#2983 = ORIENTED_EDGE ( 'NONE', *, *, #3276, .T. ) ;
#2984 = VECTOR ( 'NONE', #2295, 100.0000000000000000 ) ;
#2985 = CARTESIAN_POINT ( 'NONE',  ( 2.071231517720797388, 2.536527048469890343E-16, 1.000000000000000222 ) ) ;
#2986 = PLANE ( 'NONE',  #1919 ) ;
#2987 = CARTESIAN_POINT ( 'NONE',  ( 0.8454887688046179850, 0.8462056370444429598, -2.751351097438613724 ) ) ;
#2988 = CARTESIAN_POINT ( 'NONE',  ( 0.8345815409959295161, 3.501005410357114211, -0.8583189242775389749 ) ) ;
#2989 = AXIS2_PLACEMENT_3D ( 'NONE', #1322, #374, #1301 ) ;
#2990 = DIRECTION ( 'NONE',  ( -0.000000000000000000, -1.000000000000000000, -0.000000000000000000 ) ) ;
#2991 = DIRECTION ( 'NONE',  ( 0.000000000000000000, 0.000000000000000000, -1.000000000000000000 ) ) ;
#2992 = ORIENTED_EDGE ( 'NONE', *, *, #515, .F. ) ;
#2993 = LINE ( 'NONE', #2101, #159 ) ;
#2994 = CARTESIAN_POINT ( 'NONE',  ( 3.429285639896448856, -0.7000000000000000666, -1.200000000000003730 ) ) ;
#2995 = CARTESIAN_POINT ( 'NONE',  ( 0.2500000000000000000, 1.000000000000000222, 4.000000000000000000 ) ) ;
#2996 = CYLINDRICAL_SURFACE ( 'NONE', #1286, 0.5000000000000001110 ) ;
#2997 = EDGE_CURVE ( 'NONE', #1697, #919, #3366, .T. ) ;
#2998 = VECTOR ( 'NONE', #1582, 100.0000000000000000 ) ;
#2999 = CARTESIAN_POINT ( 'NONE',  ( 3.498973458826139193, -0.8966317885524472953, 0.8021954603231611358 ) ) ;
#3000 = EDGE_CURVE ( 'NONE', #41, #3921, #2735, .T. ) ;
#3001 = AXIS2_PLACEMENT_3D ( 'NONE', #1275, #3550, #632 ) ;
#3002 = DIRECTION ( 'NONE',  ( 0.000000000000000000, -0.000000000000000000, -1.000000000000000000 ) ) ;
#3003 = AXIS2_PLACEMENT_3D ( 'NONE', #971, #1909, #1299 ) ;
#3004 = EDGE_CURVE ( 'NONE', #3461, #1782, #3252, .T. ) ;
#3005 = AXIS2_PLACEMENT_3D ( 'NONE', #1605, #1015, #3845 ) ;
#3006 = CARTESIAN_POINT ( 'NONE',  ( -2.717690168901802483, 0.7248147063157281966, -1.043595226183972491 ) ) ;
#3007 = ORIENTED_EDGE ( 'NONE', *, *, #3139, .F. ) ;
#3008 = CARTESIAN_POINT ( 'NONE',  ( 2.740383200956570064, 0.9526136721971414367, -0.7641852220287197461 ) ) ;
#3009 = ORIENTED_EDGE ( 'NONE', *, *, #3046, .T. ) ;
#3010 = LINE ( 'NONE', #53, #2807 ) ;
#3011 = CARTESIAN_POINT ( 'NONE',  ( -1.200000000000011724, -3.429285639896448412, 0.6999999999999872990 ) ) ;
#3012 = CARTESIAN_POINT ( 'NONE',  ( -1.199999999999995293, 0.7000000000000000666, -2.658947160061668313 ) ) ;
#3013 = CARTESIAN_POINT ( 'NONE',  ( 0.000000000000000000, -4.189777606611760815E-15, 1.200000000000000178 ) ) ;
#3014 = EDGE_LOOP ( 'NONE', ( #2615, #3734, #567, #2819 ) ) ;
#3015 = CARTESIAN_POINT ( 'NONE',  ( 0.9809573058348359798, -3.488170272401589500, -0.7493371374504268490 ) ) ;
#3016 = CYLINDRICAL_SURFACE ( 'NONE', #2866, 0.5000000000000001110 ) ;
#3017 = CARTESIAN_POINT ( 'NONE',  ( 0.000000000000000000, -0.6999999999999995115, 3.633180424916990781 ) ) ;
#3018 = PLANE ( 'NONE',  #4195 ) ;
#3019 = ORIENTED_EDGE ( 'NONE', *, *, #1598, .F. ) ;
#3020 = ORIENTED_EDGE ( 'NONE', *, *, #2111, .T. ) ;
#3021 = CARTESIAN_POINT ( 'NONE',  ( 3.440420720113993802, -1.168178857759073486, 0.6999999999999956257 ) ) ;
#3022 = DIRECTION ( 'NONE',  ( -1.000000000000000000, 3.491481338843133355E-15, -0.000000000000000000 ) ) ;
#3023 = ORIENTED_EDGE ( 'NONE', *, *, #2790, .T. ) ;
#3024 = ORIENTED_EDGE ( 'NONE', *, *, #1918, .F. ) ;
#3025 = DIRECTION ( 'NONE',  ( -0.000000000000000000, 3.491481338843133355E-15, -1.000000000000000000 ) ) ;
#3026 = VERTEX_POINT ( 'NONE', #3745 ) ;
#3027 = DIRECTION ( 'NONE',  ( 0.000000000000000000, 1.000000000000000000, 3.470020556479638621E-15 ) ) ;
#3028 = CARTESIAN_POINT ( 'NONE',  ( -0.6999999999999958478, 1.199999999999997957, -3.429285639896451965 ) ) ;
#3029 = DIRECTION ( 'NONE',  ( 0.000000000000000000, -0.000000000000000000, 1.000000000000000000 ) ) ;
#3030 = ORIENTED_EDGE ( 'NONE', *, *, #1991, .T. ) ;
#3031 = CARTESIAN_POINT ( 'NONE',  ( -1.199999999999995515, 1.199999999999999956, 2.749545416973503631 ) ) ;
#3032 = DIRECTION ( 'NONE',  ( -1.387778780781446662E-15, 1.000000000000000000, 0.000000000000000000 ) ) ;
#3033 = DIRECTION ( 'NONE',  ( -0.000000000000000000, -1.000000000000000000, -0.000000000000000000 ) ) ;
#3034 = DIRECTION ( 'NONE',  ( 0.000000000000000000, -0.000000000000000000, 1.000000000000000000 ) ) ;
#3035 = DIRECTION ( 'NONE',  ( -1.224646799147353700E-16, 1.000000000000000000, 0.000000000000000000 ) ) ;
#3036 = EDGE_LOOP ( 'NONE', ( #1151, #664, #1545, #4169 ) ) ;
#3037 = ORIENTED_EDGE ( 'NONE', *, *, #1888, .T. ) ;
#3038 = CARTESIAN_POINT ( 'NONE',  ( -6.123233995736768501E-17, 0.5000000000000000000, 0.000000000000000000 ) ) ;
#3039 = EDGE_CURVE ( 'NONE', #769, #528, #204, .T. ) ;
#3040 = CARTESIAN_POINT ( 'NONE',  ( 0.6577967572087384251, 0.05980042771832846243, 2.203377771812741415 ) ) ;
#3041 = VERTEX_POINT ( 'NONE', #1453 ) ;
#3042 = CARTESIAN_POINT ( 'NONE',  ( 0.7000000000000093925, 2.658947160061668313, -1.199999999999990408 ) ) ;
#3043 = VERTEX_POINT ( 'NONE', #767 ) ;
#3044 = AXIS2_PLACEMENT_3D ( 'NONE', #3280, #1670, #3954 ) ;
#3045 = CARTESIAN_POINT ( 'NONE',  ( 0.000000000000000000, 0.6999999999999997335, -1.199999999999995515 ) ) ;
#3046 = EDGE_CURVE ( 'NONE', #1580, #1595, #2906, .T. ) ;
#3047 = DIRECTION ( 'NONE',  ( 1.000000000000000000, 3.469446951953614189E-16, -0.000000000000000000 ) ) ;
#3048 = AXIS2_PLACEMENT_3D ( 'NONE', #327, #4155, #628 ) ;
#3049 = CARTESIAN_POINT ( 'NONE',  ( -3.429285639896447524, 0.6999999999999992895, 1.200000000000003730 ) ) ;
#3050 = CARTESIAN_POINT ( 'NONE',  ( 0.7921763061704886200, 3.497740036437984479, -0.9102475412644414066 ) ) ;
#3051 = CARTESIAN_POINT ( 'NONE',  ( -3.475758479492301767, -0.7245755554175393742, 1.041733405160864434 ) ) ;
#3052 = ADVANCED_FACE ( 'NONE', ( #2067 ), #3363, .T. ) ;
#3053 = CARTESIAN_POINT ( 'NONE',  ( 0.7000000000000000666, -2.444036937190193743E-15, 0.000000000000000000 ) ) ;
#3054 = CARTESIAN_POINT ( 'NONE',  ( 1.073467834008638766, -3.468032308652855278, -0.7152111868045017973 ) ) ;
#3055 = CARTESIAN_POINT ( 'NONE',  ( 4.000000000000000000, 1.178982612255157880, 0.5000000000000000000 ) ) ;
#3056 = CARTESIAN_POINT ( 'NONE',  ( 0.000000000000000000, -2.749545416973508072, 1.199999999999990408 ) ) ;
#3057 = CARTESIAN_POINT ( 'NONE',  ( -3.488193259832889748, 0.9808294216839239521, -0.7493981969133223231 ) ) ;
#3058 = TOROIDAL_SURFACE ( 'NONE', #955, 0.7500000000000000000, 0.2500000000000000000 ) ;
#3059 = EDGE_LOOP ( 'NONE', ( #2656, #832, #1107, #3511 ) ) ;
#3060 = ORIENTED_EDGE ( 'NONE', *, *, #1939, .T. ) ;
#3061 = CARTESIAN_POINT ( 'NONE',  ( 3.440422514028321110, -0.6999999999999995115, 1.168173731221866962 ) ) ;
#3062 = VECTOR ( 'NONE', #88, 100.0000000000000000 ) ;
#3063 = CARTESIAN_POINT ( 'NONE',  ( 0.000000000000000000, 1.199999999999999956, 0.000000000000000000 ) ) ;
#3064 = ORIENTED_EDGE ( 'NONE', *, *, #2068, .T. ) ;
#3065 = ADVANCED_FACE ( 'NONE', ( #1752 ), #4082, .F. ) ;
#3066 = SPHERICAL_SURFACE ( 'NONE', #915, 3.700000000000000622 ) ;
#3067 = ORIENTED_EDGE ( 'NONE', *, *, #3764, .T. ) ;
#3068 = VECTOR ( 'NONE', #4081, 100.0000000000000000 ) ;
#3069 = CARTESIAN_POINT ( 'NONE',  ( 0.000000000000000000, 2.444036937190189799E-15, -0.6999999999999989564 ) ) ;
#3070 = ORIENTED_EDGE ( 'NONE', *, *, #576, .T. ) ;
#3071 = CARTESIAN_POINT ( 'NONE',  ( 3.146446609406726491, 4.000000000000000888, 0.5000000000000000000 ) ) ;
#3072 = DIRECTION ( 'NONE',  ( 0.000000000000000000, 0.000000000000000000, -1.000000000000000000 ) ) ;
#3073 = VECTOR ( 'NONE', #2542, 100.0000000000000000 ) ;
#3074 = CARTESIAN_POINT ( 'NONE',  ( -3.440420720113993802, -0.6999999999999996225, 1.168178857759071265 ) ) ;
#3075 = CIRCLE ( 'NONE', #1184, 2.917190429162964449 ) ;
#3076 = DIRECTION ( 'NONE',  ( 0.000000000000000000, 0.000000000000000000, -1.000000000000000000 ) ) ;
#3077 = FACE_OUTER_BOUND ( 'NONE', #3090, .T. ) ;
#3078 = CARTESIAN_POINT ( 'NONE',  ( -3.475783170872852157, 0.7246096736620670775, 1.041627764527121025 ) ) ;
#3079 = CARTESIAN_POINT ( 'NONE',  ( 0.000000000000000000, 2.071231517720797388, 1.000000000000000222 ) ) ;
#3080 = CARTESIAN_POINT ( 'NONE',  ( -0.8021954603231610248, 0.8966317885524470732, -3.498973458826138749 ) ) ;
#3081 = EDGE_CURVE ( 'NONE', #3815, #1313, #669, .T. ) ;
#3082 = CARTESIAN_POINT ( 'NONE',  ( 1.137725361817289560, 2.685643923445219627, -0.7028759983740731077 ) ) ;
#3083 = EDGE_CURVE ( 'NONE', #1313, #431, #1493, .T. ) ;
#3084 = ORIENTED_EDGE ( 'NONE', *, *, #2549, .F. ) ;
#3085 = ORIENTED_EDGE ( 'NONE', *, *, #3000, .T. ) ;
#3086 = CARTESIAN_POINT ( 'NONE',  ( 0.9383127857033021213, 2.101014385434485821, 2.463171810615505386E-16 ) ) ;
#3087 = DIRECTION ( 'NONE',  ( 1.000000000000000000, 0.000000000000000000, 0.000000000000000000 ) ) ;
#3088 = EDGE_CURVE ( 'NONE', #537, #474, #3471, .T. ) ;
#3089 = DIRECTION ( 'NONE',  ( 0.000000000000000000, -1.000000000000000000, 0.000000000000000000 ) ) ;
#3090 = EDGE_LOOP ( 'NONE', ( #35, #777, #1411, #2624 ) ) ;
#3091 = CARTESIAN_POINT ( 'NONE',  ( 0.8966317885524512921, 0.8021954603231650216, -3.498973458826136529 ) ) ;
#3092 = ORIENTED_EDGE ( 'NONE', *, *, #4147, .F. ) ;
#3093 = CARTESIAN_POINT ( 'NONE',  ( 0.8021637118667986899, -2.748238252951916927, 0.8966644527001130793 ) ) ;
#3094 = ORIENTED_EDGE ( 'NONE', *, *, #376, .T. ) ;
#3095 = ADVANCED_FACE ( 'NONE', ( #893 ), #4121, .T. ) ;
#3096 = CARTESIAN_POINT ( 'NONE',  ( -0.9516432843292611521, 3.492943933819799174, 0.7647538390663077834 ) ) ;
#3097 = CARTESIAN_POINT ( 'NONE',  ( -0.8583189242775546290, -0.8345815409959174147, -3.501005410357115100 ) ) ;
#3098 = ORIENTED_EDGE ( 'NONE', *, *, #1920, .T. ) ;
#3099 = CARTESIAN_POINT ( 'NONE',  ( 0.000000000000000000, 3.146446609406727823, 3.499999999999999556 ) ) ;
#3100 = CARTESIAN_POINT ( 'NONE',  ( -0.7152328218827939121, 3.468056583719423269, -1.073376102004322652 ) ) ;
#3101 = CARTESIAN_POINT ( 'NONE',  ( 0.7239568038548970241, -2.718072220769938596, -1.043604616779543637 ) ) ;
#3102 = CARTESIAN_POINT ( 'NONE',  ( -3.498973458826136529, 0.8966317885524486275, 0.8021954603231684633 ) ) ;
#3103 = CYLINDRICAL_SURFACE ( 'NONE', #1243, 0.5000000000000000000 ) ;
#3104 = DIRECTION ( 'NONE',  ( 0.000000000000000000, -3.491481338843133355E-15, 1.000000000000000000 ) ) ;
#3105 = CARTESIAN_POINT ( 'NONE',  ( 0.7302373754800423056, 2.722192048079900228, -1.027965369110680260 ) ) ;
#3106 = EDGE_CURVE ( 'NONE', #3959, #2216, #3515, .T. ) ;
#3107 = VERTEX_POINT ( 'NONE', #553 ) ;
#3108 = ORIENTED_EDGE ( 'NONE', *, *, #3306, .T. ) ;
#3109 = CARTESIAN_POINT ( 'NONE',  ( -0.9518631059113180637, -3.492906083066878331, 0.7646441775280465869 ) ) ;
#3110 = CIRCLE ( 'NONE', #3457, 0.2500000000000000555 ) ;
#3111 = CARTESIAN_POINT ( 'NONE',  ( 0.5663811790826646098, 0.09651347628853154670, 2.228111889010079061 ) ) ;
#3112 = VERTEX_POINT ( 'NONE', #3150 ) ;
#3113 = DIRECTION ( 'NONE',  ( 0.000000000000000000, 1.000000000000000000, 3.485508533455236383E-15 ) ) ;
#3114 = EDGE_CURVE ( 'NONE', #3691, #2980, #929, .T. ) ;
#3115 = ADVANCED_FACE ( 'NONE', ( #3181 ), #2226, .T. ) ;
#3116 = CARTESIAN_POINT ( 'NONE',  ( -0.6999999999999952927, 1.199999999999997957, 3.633180424916990781 ) ) ;
#3117 = B_SPLINE_CURVE_WITH_KNOTS ( 'NONE', 3,
 ( #881, #2492, #3138, #2474, #540, #1843, #3789, #2832, #2767, #1879, #4127, #3516, #229, #595, #839, #2179, #1223, #3172, #1206, #1512, #1896, #2851, #560 ),
 .UNSPECIFIED., .F., .F.,
 ( 4, 2, 2, 2, 2, 1, 2, 2, 2, 2, 2, 4 ),
 ( 0.000000000000000000, 0.001010924964096730902, 0.002021849928193461803, 0.003032774892290192922, 0.003538237374338558481, 0.004043699856386923606, 0.004549162338435289166, 0.005054624820483654725, 0.006065549784580395384, 0.006571012266628764413, 0.007076474748677133442, 0.008087399712773876703 ),
 .UNSPECIFIED. ) ;
#3118 = VERTEX_POINT ( 'NONE', #3202 ) ;
#3119 = VECTOR ( 'NONE', #646, 100.0000000000000000 ) ;
#3120 = DIRECTION ( 'NONE',  ( -0.000000000000000000, -1.000000000000000000, -0.000000000000000000 ) ) ;
#3121 = DIRECTION ( 'NONE',  ( 3.491481338843133355E-15, 1.000000000000000000, 3.491481338843133355E-15 ) ) ;
#3122 = ORIENTED_EDGE ( 'NONE', *, *, #3088, .T. ) ;
#3123 = LINE ( 'NONE', #216, #1436 ) ;
#3124 = VECTOR ( 'NONE', #4020, 100.0000000000000000 ) ;
#3125 = AXIS2_PLACEMENT_3D ( 'NONE', #2443, #806, #2105 ) ;
#3126 = LINE ( 'NONE', #1495, #1330 ) ;
#3127 = CARTESIAN_POINT ( 'NONE',  ( 0.8958473998712390696, -3.499400235513111745, 0.8017394387323675264 ) ) ;
#3128 = DIRECTION ( 'NONE',  ( 0.000000000000000000, 0.000000000000000000, 1.000000000000000000 ) ) ;
#3129 = CARTESIAN_POINT ( 'NONE',  ( -1.073376102004331090, 0.7152328218828062356, -3.468056583719420161 ) ) ;
#3130 = CARTESIAN_POINT ( 'NONE',  ( -0.7156703023464474622, -2.707955253434284781, -1.074747213296245452 ) ) ;
#3131 = AXIS2_PLACEMENT_3D ( 'NONE', #2261, #3563, #2911 ) ;
#3132 = AXIS2_PLACEMENT_3D ( 'NONE', #3918, #76, #3585 ) ;
#3133 = EDGE_LOOP ( 'NONE', ( #2546, #983, #455 ) ) ;
#3134 = EDGE_LOOP ( 'NONE', ( #397, #1776, #3009, #2514, #3567, #931, #2883, #1936 ) ) ;
#3135 = CARTESIAN_POINT ( 'NONE',  ( 0.1270239916761929100, 2.240724659425429088, 0.5075896144691847134 ) ) ;
#3136 = EDGE_CURVE ( 'NONE', #3830, #155, #873, .T. ) ;
#3137 = AXIS2_PLACEMENT_3D ( 'NONE', #726, #30, #3916 ) ;
#3138 = CARTESIAN_POINT ( 'NONE',  ( 1.137725361817276015, -0.7028759983740823225, -2.685643923445222292 ) ) ;
#3139 = EDGE_CURVE ( 'NONE', #359, #24, #695, .T. ) ;
#3140 = DIRECTION ( 'NONE',  ( -1.000000000000000000, 3.491481338843133355E-15, -0.000000000000000000 ) ) ;
#3141 = EDGE_LOOP ( 'NONE', ( #3388, #3770, #1218, #2327 ) ) ;
#3142 = DIRECTION ( 'NONE',  ( 0.000000000000000000, 0.000000000000000000, -1.000000000000000000 ) ) ;
#3143 = CARTESIAN_POINT ( 'NONE',  ( 3.146446609406726935, 3.853285768897992294E-16, 3.500000000000000444 ) ) ;
#3144 = ORIENTED_EDGE ( 'NONE', *, *, #1965, .T. ) ;
#3145 = AXIS2_PLACEMENT_3D ( 'NONE', #2470, #244, #1547 ) ;
#3146 = PLANE ( 'NONE',  #1778 ) ;
#3147 = CARTESIAN_POINT ( 'NONE',  ( 0.7245755554175276059, -3.475758479492306652, 1.041733405160856885 ) ) ;
#3148 = CARTESIAN_POINT ( 'NONE',  ( -1.199999999999995293, 1.199999999999999734, 3.633180424916990336 ) ) ;
#3149 = AXIS2_PLACEMENT_3D ( 'NONE', #2949, #2275, #3 ) ;
#3150 = CARTESIAN_POINT ( 'NONE',  ( 0.6999999999999959588, -1.199999999999997735, -2.658947160061668313 ) ) ;
#3151 = CARTESIAN_POINT ( 'NONE',  ( 0.000000000000000000, -2.444036937190190982E-15, 0.6999999999999992895 ) ) ;
#3152 = ORIENTED_EDGE ( 'NONE', *, *, #855, .F. ) ;
#3153 = ORIENTED_EDGE ( 'NONE', *, *, #237, .T. ) ;
#3154 = CARTESIAN_POINT ( 'NONE',  ( 0.000000000000000000, 2.071231517720797388, 1.000000000000000222 ) ) ;
#3155 = B_SPLINE_CURVE_WITH_KNOTS ( 'NONE', 3,
 ( #1139, #2433, #2456, #3735, #1827, #820, #2059, #1746, #3419, #505, #526, #213, #759, #2218, #305, #598, #3520, #3175, #233, #623 ),
 .UNSPECIFIED., .F., .F.,
 ( 4, 2, 2, 2, 2, 2, 2, 2, 2, 4 ),
 ( 0.000000000000000000, 0.0009981962494525693005, 0.001996392498905138601, 0.002994588748357708118, 0.003493686873083991576, 0.003992784997810274600, 0.004990981247262840648, 0.005989177496715409298, 0.006987373746167978815, 0.007985569995620545730 ),
 .UNSPECIFIED. ) ;
#3156 = CARTESIAN_POINT ( 'NONE',  ( -0.9102475412644500663, 0.7921763061704760744, 3.497740036437985367 ) ) ;
#3157 = FACE_OUTER_BOUND ( 'NONE', #1004, .T. ) ;
#3158 = ORIENTED_EDGE ( 'NONE', *, *, #1486, .T. ) ;
#3159 = CARTESIAN_POINT ( 'NONE',  ( 4.000000000000000000, 0.5000000000000005551, 3.146446609406726491 ) ) ;
#3160 = CARTESIAN_POINT ( 'NONE',  ( -0.7152328218828098993, -1.073376102004336641, -3.468056583719417052 ) ) ;
#3161 = VERTEX_POINT ( 'NONE', #1661 ) ;
#3162 = CIRCLE ( 'NONE', #1121, 3.633180424916990781 ) ;
#3163 = CARTESIAN_POINT ( 'NONE',  ( -3.468056583719420161, -1.073376102004333754, 0.7152328218828025719 ) ) ;
#3164 = DIRECTION ( 'NONE',  ( 0.000000000000000000, -0.000000000000000000, -1.000000000000000000 ) ) ;
#3165 = FACE_BOUND ( 'NONE', #3133, .T. ) ;
#3166 = CARTESIAN_POINT ( 'NONE',  ( 0.9104508995573872276, -0.7920233494385241491, 2.746646347997239612 ) ) ;
#3167 = ADVANCED_FACE ( 'NONE', ( #3943 ), #3590, .T. ) ;
#3168 = DIRECTION ( 'NONE',  ( 0.000000000000000000, 1.000000000000000000, 3.485508533455236383E-15 ) ) ;
#3169 = ORIENTED_EDGE ( 'NONE', *, *, #3981, .F. ) ;
#3170 = ORIENTED_EDGE ( 'NONE', *, *, #102, .T. ) ;
#3171 = DIRECTION ( 'NONE',  ( 0.000000000000000000, -0.000000000000000000, 1.000000000000000000 ) ) ;
#3172 = CARTESIAN_POINT ( 'NONE',  ( 0.7248147063157239778, -1.043595226183974711, -2.717690168901801151 ) ) ;
#3173 = FACE_BOUND ( 'NONE', #3365, .T. ) ;
#3174 = ORIENTED_EDGE ( 'NONE', *, *, #1977, .F. ) ;
#3175 = CARTESIAN_POINT ( 'NONE',  ( -3.450406064323201960, -0.7030111863766704827, -1.136478762161003742 ) ) ;
#3176 = DIRECTION ( 'NONE',  ( 0.000000000000000000, 0.000000000000000000, -1.000000000000000000 ) ) ;
#3177 = ORIENTED_EDGE ( 'NONE', *, *, #4118, .T. ) ;
#3178 = DIRECTION ( 'NONE',  ( -1.000000000000000000, 0.000000000000000000, 0.000000000000000000 ) ) ;
#3179 = CARTESIAN_POINT ( 'NONE',  ( 1.043595226183966718, -2.717690168901800707, -0.7248147063157371894 ) ) ;
#3180 = CARTESIAN_POINT ( 'NONE',  ( 2.658947160061668313, 0.7000000000000000666, -1.199999999999995515 ) ) ;
#3181 = FACE_OUTER_BOUND ( 'NONE', #3059, .T. ) ;
#3182 = AXIS2_PLACEMENT_3D ( 'NONE', #3733, #860, #562 ) ;
#3184 = EDGE_CURVE ( 'NONE', #1481, #1697, #199, .T. ) ;
#3183 = CARTESIAN_POINT ( 'NONE',  ( -0.9113003331823287256, -2.746537397795602242, -0.7914233119003157846 ) ) ;
#3185 = ORIENTED_EDGE ( 'NONE', *, *, #3552, .F. ) ;
#3186 = CARTESIAN_POINT ( 'NONE',  ( -0.8462056370444451803, -0.8454887688046148764, 2.751351097438614168 ) ) ;
#3187 = FACE_OUTER_BOUND ( 'NONE', #2739, .T. ) ;
#3188 = VECTOR ( 'NONE', #33, 100.0000000000000000 ) ;
#3189 = FACE_OUTER_BOUND ( 'NONE', #2201, .T. ) ;
#3190 = DIRECTION ( 'NONE',  ( 0.000000000000000000, -3.491481338843133355E-15, 1.000000000000000000 ) ) ;
#3191 = ORIENTED_EDGE ( 'NONE', *, *, #4156, .F. ) ;
#3192 = CARTESIAN_POINT ( 'NONE',  ( -3.429285639896448856, -0.7000000000000000666, -1.200000000000003730 ) ) ;
#3193 = CARTESIAN_POINT ( 'NONE',  ( 2.718072220769939484, -1.043604616779535421, -0.7239568038549104578 ) ) ;
#3194 = VERTEX_POINT ( 'NONE', #736 ) ;
#3195 = DIRECTION ( 'NONE',  ( -0.000000000000000000, -1.000000000000000000, -0.000000000000000000 ) ) ;
#3196 = DIRECTION ( 'NONE',  ( 0.000000000000000000, 1.000000000000000000, 0.000000000000000000 ) ) ;
#3197 = VERTEX_POINT ( 'NONE', #3289 ) ;
#3198 = EDGE_CURVE ( 'NONE', #3926, #1849, #2605, .T. ) ;
#3199 = AXIS2_PLACEMENT_3D ( 'NONE', #4061, #1205, #1152 ) ;
#3200 = DIRECTION ( 'NONE',  ( -1.000000000000000000, 0.000000000000000000, 0.000000000000000000 ) ) ;
#3201 = DIRECTION ( 'NONE',  ( 1.000000000000000000, 0.000000000000000000, 0.000000000000000000 ) ) ;
#3202 = CARTESIAN_POINT ( 'NONE',  ( -1.200000000000003508, -0.6999999999999989564, 2.658947160061664761 ) ) ;
#3203 = AXIS2_PLACEMENT_3D ( 'NONE', #2396, #373, #122 ) ;
#3204 = VECTOR ( 'NONE', #465, 100.0000000000000000 ) ;
#3205 = CARTESIAN_POINT ( 'NONE',  ( -0.7488049375311843781, -2.734242061544436275, -0.9820220972479466459 ) ) ;
#3206 = EDGE_LOOP ( 'NONE', ( #4108, #2669, #1463, #1434 ) ) ;
#3207 = CARTESIAN_POINT ( 'NONE',  ( -0.8966644527001124132, 2.748238252951918259, -0.8021637118667988009 ) ) ;
#3208 = DIRECTION ( 'NONE',  ( -1.000000000000000000, 0.000000000000000000, 0.000000000000000000 ) ) ;
#3209 = B_SPLINE_CURVE_WITH_KNOTS ( 'NONE', 3,
 ( #1978, #3913, #3230, #3874, #1285, #1628, #1648, #2932, #2612, #47, #935, #3848, #2404, #69, #2022, #470, #2426, #3953, #3660, #1737, #3638, #3726, #3386 ),
 .UNSPECIFIED., .F., .F.,
 ( 4, 2, 2, 2, 2, 1, 2, 2, 2, 2, 2, 4 ),
 ( 0.000000000000000000, 0.001010924964096732203, 0.002021849928193464405, 0.003032774892290196391, 0.003538237374338562384, 0.004043699856386928811, 0.004549162338435294370, 0.005054624820483660796, 0.006065549784580399721, 0.006571012266628769617, 0.007076474748677138646, 0.008087399712773873234 ),
 .UNSPECIFIED. ) ;
#3210 = AXIS2_PLACEMENT_3D ( 'NONE', #399, #1750, #3032 ) ;
#3211 = ADVANCED_FACE ( 'NONE', ( #1383 ), #2352, .T. ) ;
#3212 = DIRECTION ( 'NONE',  ( -1.000000000000000000, 0.000000000000000000, 0.000000000000000000 ) ) ;
#3213 = CARTESIAN_POINT ( 'NONE',  ( 3.500000000000000444, 4.286263797015738074E-16, 3.146446609406726491 ) ) ;
#3214 = ORIENTED_EDGE ( 'NONE', *, *, #1176, .T. ) ;
#3215 = LINE ( 'NONE', #3482, #1437 ) ;
#3216 = CARTESIAN_POINT ( 'NONE',  ( 2.672993740378476701, -0.6999999999999900746, -1.168875737631706269 ) ) ;
#3217 = ORIENTED_EDGE ( 'NONE', *, *, #2849, .T. ) ;
#3218 = CARTESIAN_POINT ( 'NONE',  ( -0.7029269523404755304, 2.685817350106695756, 1.137286315334734788 ) ) ;
#3219 = CARTESIAN_POINT ( 'NONE',  ( -1.200000000000003730, -1.199999999999999512, 3.633180424916990781 ) ) ;
#3220 = EDGE_CURVE ( 'NONE', #1516, #307, #3110, .T. ) ;
#3221 = ORIENTED_EDGE ( 'NONE', *, *, #795, .F. ) ;
#3222 = CARTESIAN_POINT ( 'NONE',  ( 3.488193259832891968, 0.7493981969133255427, -0.9808294216839215096 ) ) ;
#3223 = CARTESIAN_POINT ( 'NONE',  ( -2.746646347997236948, -0.9104508995573917796, -0.7920233494385283679 ) ) ;
#3224 = CARTESIAN_POINT ( 'NONE',  ( 0.8229037976738496907, -0.8712373316117899558, 2.750284062755302905 ) ) ;
#3225 = CARTESIAN_POINT ( 'NONE',  ( -0.9808294216839372748, -3.488193259832884863, -0.7493981969133380883 ) ) ;
#3226 = ORIENTED_EDGE ( 'NONE', *, *, #2172, .F. ) ;
#3227 = DIRECTION ( 'NONE',  ( -1.000000000000000000, 3.491481338843133355E-15, -0.000000000000000000 ) ) ;
#3228 = DIRECTION ( 'NONE',  ( 0.000000000000000000, 1.000000000000000000, 1.387778780781446662E-15 ) ) ;
#3229 = EDGE_CURVE ( 'NONE', #3977, #2362, #3650, .T. ) ;
#3230 = CARTESIAN_POINT ( 'NONE',  ( -2.685643923445222736, -1.137725361817278236, 0.7028759983740787698 ) ) ;
#3231 = CARTESIAN_POINT ( 'NONE',  ( 0.000000000000000000, -2.749545416973500078, -1.200000000000009281 ) ) ;
#3232 = EDGE_CURVE ( 'NONE', #4152, #258, #2163, .T. ) ;
#3233 = EDGE_CURVE ( 'NONE', #3112, #648, #4188, .T. ) ;
#3234 = CARTESIAN_POINT ( 'NONE',  ( 1.199999999999995515, -0.7000000000000000666, 3.429285639896451965 ) ) ;
#3235 = CARTESIAN_POINT ( 'NONE',  ( -2.473863375370598305, -1.199999999999999734, 1.199999999999995959 ) ) ;
#3236 = EDGE_LOOP ( 'NONE', ( #2948, #1255, #2182, #2403, #1433, #2290 ) ) ;
#3237 = CARTESIAN_POINT ( 'NONE',  ( 4.000000000000000000, 4.898587196589414801E-16, 4.000000000000000000 ) ) ;
#3238 = PLANE ( 'NONE',  #3048 ) ;
#3239 = VERTEX_POINT ( 'NONE', #356 ) ;
#3240 = FACE_OUTER_BOUND ( 'NONE', #1563, .T. ) ;
#3241 = CARTESIAN_POINT ( 'NONE',  ( 3.475758479492301767, 1.041733405160866877, -0.7245755554175358215 ) ) ;
#3242 = DIRECTION ( 'NONE',  ( 0.000000000000000000, 0.000000000000000000, -1.000000000000000000 ) ) ;
#3243 = CARTESIAN_POINT ( 'NONE',  ( -0.8958473998712634945, -3.499400235513101087, -0.8017394387323916183 ) ) ;
#3244 = AXIS2_PLACEMENT_3D ( 'NONE', #3617, #702, #1408 ) ;
#3245 = ORIENTED_EDGE ( 'NONE', *, *, #2557, .T. ) ;
#3246 = LINE ( 'NONE', #3593, #1861 ) ;
#3247 = CARTESIAN_POINT ( 'NONE',  ( 0.7000000000000112799, 3.429285639896451077, -1.199999999999987299 ) ) ;
#3248 = CARTESIAN_POINT ( 'NONE',  ( 2.734242061544443381, -0.9820220972479353216, 0.7488049375311709444 ) ) ;
#3249 = CIRCLE ( 'NONE', #3125, 0.2500000000000002220 ) ;
#3250 = B_SPLINE_CURVE_WITH_KNOTS ( 'NONE', 3,
 ( #565, #1552, #863, #581, #2160, #1847, #1867, #1536, #2836, #4130, #284, #1593, #2515, #2878, #4171, #4150, #1882, #1250, #2535, #1269 ),
 .UNSPECIFIED., .F., .F.,
 ( 4, 2, 2, 2, 2, 2, 2, 2, 2, 4 ),
 ( 0.000000000000000000, 0.0009981962494525636626, 0.001996392498905127325, 0.002994588748357690771, 0.003493686873083975530, 0.003992784997810260722, 0.004990981247262830239, 0.005989177496715401491, 0.006987373746167973611, 0.007985569995620543995 ),
 .UNSPECIFIED. ) ;
#3251 = ADVANCED_FACE ( 'NONE', ( #1969, #2037 ), #1010, .F. ) ;
#3252 = B_SPLINE_CURVE_WITH_KNOTS ( 'NONE', 3,
 ( #1835, #1793, #2808, #4105, #3768, #1816, #805, #222, #3680, #176, #828, #1477, #3383, #1147, #3057, #1500, #151, #4036, #533, #2442 ),
 .UNSPECIFIED., .F., .F.,
 ( 4, 2, 2, 2, 2, 2, 2, 2, 2, 4 ),
 ( 0.000000000000000000, 0.0009981962494525593258, 0.001996392498905118652, 0.002994588748357677761, 0.003493686873083959050, 0.003992784997810240773, 0.004990981247262806821, 0.005989177496715372868, 0.006987373746167938916, 0.007985569995620505832 ),
 .UNSPECIFIED. ) ;
#3253 = EDGE_CURVE ( 'NONE', #3731, #474, #3312, .T. ) ;
#3254 = CARTESIAN_POINT ( 'NONE',  ( -1.200000000000003730, -1.199999999999999734, 2.749545416973504075 ) ) ;
#3255 = CARTESIAN_POINT ( 'NONE',  ( 0.000000000000000000, 1.199999999999997513, -0.6999999999999952927 ) ) ;
#3256 = DIRECTION ( 'NONE',  ( -0.000000000000000000, -1.000000000000000000, -0.000000000000000000 ) ) ;
#3257 = CARTESIAN_POINT ( 'NONE',  ( -0.7147643742422381541, 2.708142634298073226, -1.075273134213839965 ) ) ;
#3258 = ORIENTED_EDGE ( 'NONE', *, *, #2757, .F. ) ;
#3259 = CARTESIAN_POINT ( 'NONE',  ( -1.199999999999990186, 2.658947160061668313, 0.7000000000000093925 ) ) ;
#3260 = ADVANCED_FACE ( 'NONE', ( #395 ), #4199, .T. ) ;
#3261 = EDGE_LOOP ( 'NONE', ( #2402, #913, #111, #3438 ) ) ;
#3262 = AXIS2_PLACEMENT_3D ( 'NONE', #662, #3256, #345 ) ;
#3263 = CARTESIAN_POINT ( 'NONE',  ( 0.2500000000000000000, 0.000000000000000000, 3.750000000000000000 ) ) ;
#3264 = VERTEX_POINT ( 'NONE', #990 ) ;
#3265 = CARTESIAN_POINT ( 'NONE',  ( 0.7000000000000042855, 1.200000000000001510, -2.658947160061664317 ) ) ;
#3266 = CARTESIAN_POINT ( 'NONE',  ( 3.498973458826138749, 0.8966317885524470732, -0.8021954603231611358 ) ) ;
#3267 = DIRECTION ( 'NONE',  ( -1.000000000000000000, 3.491481338843133355E-15, -0.000000000000000000 ) ) ;
#3268 = LINE ( 'NONE', #1935, #4135 ) ;
#3269 = EDGE_CURVE ( 'NONE', #474, #2303, #3935, .T. ) ;
#3270 = ORIENTED_EDGE ( 'NONE', *, *, #978, .F. ) ;
#3271 = CARTESIAN_POINT ( 'NONE',  ( -1.168897932210963164, -0.6999999999999995115, 2.672983723821729551 ) ) ;
#3272 = FACE_OUTER_BOUND ( 'NONE', #4074, .T. ) ;
#3273 = DIRECTION ( 'NONE',  ( -0.000000000000000000, -1.000000000000000000, -0.000000000000000000 ) ) ;
#3274 = CARTESIAN_POINT ( 'NONE',  ( 2.740383200956570064, -0.9526136721971414367, 0.7641852220287193020 ) ) ;
#3275 = AXIS2_PLACEMENT_3D ( 'NONE', #1016, #2399, #3698 ) ;
#3276 = EDGE_CURVE ( 'NONE', #3659, #625, #3474, .T. ) ;
#3277 = VECTOR ( 'NONE', #2840, 100.0000000000000000 ) ;
#3278 = FACE_BOUND ( 'NONE', #1617, .T. ) ;
#3279 = VECTOR ( 'NONE', #710, 100.0000000000000000 ) ;
#3280 = CARTESIAN_POINT ( 'NONE',  ( 0.000000000000000000, -1.199999999999999956, 0.000000000000000000 ) ) ;
#3281 = DIRECTION ( 'NONE',  ( 0.000000000000000000, 1.000000000000000000, 1.387778780781446662E-15 ) ) ;
#3282 = EDGE_LOOP ( 'NONE', ( #2674, #3522, #3762, #3587 ) ) ;
#3283 = LINE ( 'NONE', #645, #4140 ) ;
#3284 = ORIENTED_EDGE ( 'NONE', *, *, #4185, .T. ) ;
#3285 = CARTESIAN_POINT ( 'NONE',  ( 2.718072220769942149, -0.7239568038549064610, 1.043604616779530536 ) ) ;
#3286 = ORIENTED_EDGE ( 'NONE', *, *, #1349, .T. ) ;
#3287 = CARTESIAN_POINT ( 'NONE',  ( 0.7239568038549103468, 1.043604616779535421, -2.718072220769938152 ) ) ;
#3288 = LINE ( 'NONE', #3309, #2653 ) ;
#3289 = CARTESIAN_POINT ( 'NONE',  ( 0.5000000000000000000, 4.000000000000000000, 1.178982612255159212 ) ) ;
#3290 = ORIENTED_EDGE ( 'NONE', *, *, #1268, .T. ) ;
#3291 = CARTESIAN_POINT ( 'NONE',  ( 0.9102475412644410735, -3.497740036437985367, -0.7921763061704889530 ) ) ;
#3292 = CARTESIAN_POINT ( 'NONE',  ( 0.000000000000000000, 1.199999999999999956, 0.000000000000000000 ) ) ;
#3293 = CARTESIAN_POINT ( 'NONE',  ( 0.000000000000000000, 1.199999999999999956, 0.000000000000000000 ) ) ;
#3294 = EDGE_CURVE ( 'NONE', #2310, #2451, #2272, .T. ) ;
#3295 = CARTESIAN_POINT ( 'NONE',  ( -0.7152111868044858101, 1.073467834008649646, -3.468032308652855278 ) ) ;
#3296 = AXIS2_PLACEMENT_3D ( 'NONE', #2722, #97, #3978 ) ;
#3297 = CARTESIAN_POINT ( 'NONE',  ( 3.492906083066880996, -0.9518631059113049631, 0.7646441775280548026 ) ) ;
#3298 = CARTESIAN_POINT ( 'NONE',  ( 1.200000000000005507, 1.552417469626002688, -1.199999999999994182 ) ) ;
#3299 = CARTESIAN_POINT ( 'NONE',  ( -2.750284062755302461, 0.8712373316117898447, -0.8229037976738495797 ) ) ;
#3300 = ORIENTED_EDGE ( 'NONE', *, *, #2782, .T. ) ;
#3301 = DIRECTION ( 'NONE',  ( 0.000000000000000000, -1.000000000000000000, 0.000000000000000000 ) ) ;
#3302 = CARTESIAN_POINT ( 'NONE',  ( -1.168897932210949620, 2.672983723821732660, 0.7000000000000091704 ) ) ;
#3303 = EDGE_LOOP ( 'NONE', ( #1106, #1164, #4023, #3747, #1386 ) ) ;
#3304 = CARTESIAN_POINT ( 'NONE',  ( -2.740226201904104819, 0.7637296482633824102, 0.9534278788828284279 ) ) ;
#3305 = VERTEX_POINT ( 'NONE', #2965 ) ;
#3306 = EDGE_CURVE ( 'NONE', #2173, #368, #548, .T. ) ;
#3307 = B_SPLINE_CURVE_WITH_KNOTS ( 'NONE', 3,
 ( #3452, #1912, #2828, #3769, #2151, #2171, #1526, #3183, #273, #1260, #611, #4106, #1560, #554, #2844, #3205, #1836, #3491, #3130, #3472, #4162, #2867, #4139 ),
 .UNSPECIFIED., .F., .F.,
 ( 4, 2, 2, 2, 2, 1, 2, 2, 2, 2, 2, 4 ),
 ( 0.000000000000000000, 0.001010924964096732203, 0.002021849928193464405, 0.003032774892290196391, 0.003538237374338566287, 0.004043699856386936617, 0.004549162338435305646, 0.005054624820483675542, 0.006065549784580419670, 0.006571012266628790434, 0.007076474748677159463, 0.008087399712773895785 ),
 .UNSPECIFIED. ) ;
#3308 = PLANE ( 'NONE',  #411 ) ;
#3309 = CARTESIAN_POINT ( 'NONE',  ( -1.199999999999999734, 1.797954172688816931E-14, -1.199999999999999734 ) ) ;
#3310 = DIRECTION ( 'NONE',  ( -0.000000000000000000, 3.491481338843133355E-15, -1.000000000000000000 ) ) ;
#3311 = DIRECTION ( 'NONE',  ( 0.000000000000000000, 0.000000000000000000, -1.000000000000000000 ) ) ;
#3312 = CIRCLE ( 'NONE', #1071, 2.749545416973504075 ) ;
#3313 = ORIENTED_EDGE ( 'NONE', *, *, #558, .F. ) ;
#3314 = CARTESIAN_POINT ( 'NONE',  ( 1.168178857759062828, -3.440420720113994246, -0.7000000000000116129 ) ) ;
#3315 = DIRECTION ( 'NONE',  ( -0.000000000000000000, 3.491481338843133355E-15, -1.000000000000000000 ) ) ;
#3316 = DIRECTION ( 'NONE',  ( 1.000000000000000000, -1.776356839400250465E-15, 0.000000000000000000 ) ) ;
#3317 = CARTESIAN_POINT ( 'NONE',  ( -1.137286315334720799, 0.7029269523404854114, 2.685817350106700196 ) ) ;
#3318 = EDGE_CURVE ( 'NONE', #3787, #368, #482, .T. ) ;
#3319 = VECTOR ( 'NONE', #3637, 100.0000000000000000 ) ;
#3320 = DIRECTION ( 'NONE',  ( -1.000000000000000000, -1.224646799147353700E-16, 0.000000000000000000 ) ) ;
#3321 = DIRECTION ( 'NONE',  ( -0.000000000000000000, -0.000000000000000000, -1.000000000000000000 ) ) ;
#3322 = CIRCLE ( 'NONE', #4200, 2.749545416973503631 ) ;
#3323 = AXIS2_PLACEMENT_3D ( 'NONE', #4058, #491, #1044 ) ;
#3324 = CARTESIAN_POINT ( 'NONE',  ( -0.8229037976738564630, -0.8712373316117911770, -2.750284062755300685 ) ) ;
#3325 = ORIENTED_EDGE ( 'NONE', *, *, #790, .T. ) ;
#3326 = CARTESIAN_POINT ( 'NONE',  ( 0.7647538390662983465, 0.9516432843292742527, -3.492943933819795621 ) ) ;
#3327 = CARTESIAN_POINT ( 'NONE',  ( 3.488193259832889304, -0.9808294216839261725, -0.7493981969133297616 ) ) ;
#3328 = VERTEX_POINT ( 'NONE', #2397 ) ;
#3329 = AXIS2_PLACEMENT_3D ( 'NONE', #3975, #432, #3685 ) ;
#3330 = LINE ( 'NONE', #1377, #1728 ) ;
#3331 = STYLED_ITEM ( 'NONE', ( #800 ), #3416 ) ;
#3332 = CARTESIAN_POINT ( 'NONE',  ( 0.6999999999999997335, -2.444036937190192560E-15, 3.633180424916990336 ) ) ;
#3333 = CARTESIAN_POINT ( 'NONE',  ( 0.7028759983740865414, 1.137725361817281788, -2.685643923445218739 ) ) ;
#3334 = CARTESIAN_POINT ( 'NONE',  ( 0.8233965398369732513, 3.500601796891551931, -0.8706816778592179062 ) ) ;
#3335 = AXIS2_PLACEMENT_3D ( 'NONE', #3442, #3120, #1445 ) ;
#3336 = ADVANCED_FACE ( 'NONE', ( #2459 ), #508, .T. ) ;
#3337 = ORIENTED_EDGE ( 'NONE', *, *, #1157, .T. ) ;
#3338 = DIRECTION ( 'NONE',  ( 0.000000000000000000, 0.000000000000000000, 1.000000000000000000 ) ) ;
#3339 = DIRECTION ( 'NONE',  ( 0.000000000000000000, 0.000000000000000000, -1.000000000000000000 ) ) ;
#3340 = CARTESIAN_POINT ( 'NONE',  ( 0.6999999999999956257, -1.199999999999997735, 3.633180424916990336 ) ) ;
#3341 = CARTESIAN_POINT ( 'NONE',  ( -0.9526136721971384391, 0.7641852220287229658, 2.740383200956570064 ) ) ;
#3342 = ORIENTED_EDGE ( 'NONE', *, *, #3526, .T. ) ;
#3343 = ORIENTED_EDGE ( 'NONE', *, *, #2117, .F. ) ;
#3344 = AXIS2_PLACEMENT_3D ( 'NONE', #3332, #418, #4027 ) ;
#3345 = CARTESIAN_POINT ( 'NONE',  ( 3.468032308652854834, -1.073467834008649646, 0.7152111868044856990 ) ) ;
#3346 = VECTOR ( 'NONE', #1600, 100.0000000000000000 ) ;
#3347 = VECTOR ( 'NONE', #2725, 100.0000000000000000 ) ;
#3348 = CARTESIAN_POINT ( 'NONE',  ( 0.5000000000000000000, 3.146446609406726935, 3.999999999999999556 ) ) ;
#3349 = ORIENTED_EDGE ( 'NONE', *, *, #1157, .F. ) ;
#3350 = CARTESIAN_POINT ( 'NONE',  ( 2.658947160061668313, 1.199999999999997957, -0.6999999999999948486 ) ) ;
#3351 = ORIENTED_EDGE ( 'NONE', *, *, #1468, .T. ) ;
#3352 = CARTESIAN_POINT ( 'NONE',  ( 2.194097814154804205, 0.6889821447559161260, 0.04903683215322134081 ) ) ;
#3353 = ORIENTED_EDGE ( 'NONE', *, *, #2534, .F. ) ;
#3354 = LINE ( 'NONE', #1765, #2785 ) ;
#3355 = DIRECTION ( 'NONE',  ( 0.000000000000000000, 1.000000000000000000, 3.470020556479639409E-15 ) ) ;
#3356 = AXIS2_PLACEMENT_3D ( 'NONE', #3741, #1122, #4078 ) ;
#3357 = SURFACE_STYLE_USAGE ( .BOTH. , #3715 ) ;
#3358 = ADVANCED_FACE ( 'NONE', ( #2123 ), #1423, .T. ) ;
#3359 = ORIENTED_EDGE ( 'NONE', *, *, #576, .F. ) ;
#3360 = FACE_OUTER_BOUND ( 'NONE', #2597, .T. ) ;
#3361 = CARTESIAN_POINT ( 'NONE',  ( 4.000000000000000000, 1.000000000000000444, 0.2500000000000002220 ) ) ;
#3362 = DIRECTION ( 'NONE',  ( 0.000000000000000000, 3.491481338843132961E-15, -1.000000000000000000 ) ) ;
#3363 = PLANE ( 'NONE',  #3657 ) ;
#3364 = EDGE_LOOP ( 'NONE', ( #1783, #2811, #1487, #3974, #1707, #3891 ) ) ;
#3365 = EDGE_LOOP ( 'NONE', ( #32, #3548, #1439 ) ) ;
#3366 = B_SPLINE_CURVE_WITH_KNOTS ( 'NONE', 3,
 ( #1998, #657, #1955, #3295, #3402, #1774, #466, #2466, #3080, #2381, #851, #2150, #3451, #197, #2756, #4057, #3129, #2401, #3700, #489 ),
 .UNSPECIFIED., .F., .F.,
 ( 4, 2, 2, 2, 2, 2, 2, 2, 2, 4 ),
 ( 0.000000000000000000, 0.0009981962494525640963, 0.001996392498905128193, 0.002994588748357692506, 0.003493686873083972494, 0.003992784997810252916, 0.004990981247262817229, 0.005989177496715380675, 0.006987373746167943253, 0.007985569995620505832 ),
 .UNSPECIFIED. ) ;
#3367 = DIRECTION ( 'NONE',  ( 0.000000000000000000, -0.000000000000000000, 1.000000000000000000 ) ) ;
#3368 = EDGE_CURVE ( 'NONE', #2, #3484, #1788, .T. ) ;
#3369 = CARTESIAN_POINT ( 'NONE',  ( 0.8763201523571144680, 0.005652246868008618634, 2.127582430399759250 ) ) ;
#3370 = VERTEX_POINT ( 'NONE', #2729 ) ;
#3371 = CYLINDRICAL_SURFACE ( 'NONE', #1472, 0.5000000000000000000 ) ;
#3372 = ORIENTED_EDGE ( 'NONE', *, *, #279, .F. ) ;
#3373 = EDGE_CURVE ( 'NONE', #4100, #2394, #1097, .T. ) ;
#3374 = DIRECTION ( 'NONE',  ( 1.224646799147353454E-16, 0.000000000000000000, 1.000000000000000000 ) ) ;
#3375 = LINE ( 'NONE', #458, #2055 ) ;
#3376 = CARTESIAN_POINT ( 'NONE',  ( -1.200000000000008615, -2.658947160061660320, -0.7000000000000082823 ) ) ;
#3377 = DIRECTION ( 'NONE',  ( -1.000000000000000000, 0.000000000000000000, 0.000000000000000000 ) ) ;
#3378 =( LENGTH_UNIT ( ) NAMED_UNIT ( * ) SI_UNIT ( .CENTI., .METRE. ) );
#3379 = DIRECTION ( 'NONE',  ( -3.491481338843133355E-15, -1.000000000000000000, -3.491481338843133355E-15 ) ) ;
#3380 = CARTESIAN_POINT ( 'NONE',  ( 1.199999999999987299, -3.429285639896451965, -0.7000000000000119460 ) ) ;
#3381 = CARTESIAN_POINT ( 'NONE',  ( 1.000000000000000000, 1.000000000000000222, 3.750000000000000000 ) ) ;
#3382 = LINE ( 'NONE', #2806, #3204 ) ;
#3383 = CARTESIAN_POINT ( 'NONE',  ( -3.499400235513107305, 0.8958473998712502828, -0.8017394387323760752 ) ) ;
#3384 = ORIENTED_EDGE ( 'NONE', *, *, #167, .T. ) ;
#3385 = ORIENTED_EDGE ( 'NONE', *, *, #2499, .F. ) ;
#3386 = CARTESIAN_POINT ( 'NONE',  ( -2.658947160061668313, -0.6999999999999989564, 1.199999999999995515 ) ) ;
#3387 = CARTESIAN_POINT ( 'NONE',  ( 0.8017394387323760752, -0.8958473998712502828, 3.499400235513106860 ) ) ;
#3388 = ORIENTED_EDGE ( 'NONE', *, *, #3039, .F. ) ;
#3389 = CARTESIAN_POINT ( 'NONE',  ( 2.740226201904108372, 0.7637296482633824102, -0.9534278788828207674 ) ) ;
#3390 = VERTEX_POINT ( 'NONE', #2751 ) ;
#3391 = CIRCLE ( 'NONE', #1424, 0.2500000000000002220 ) ;
#3392 = DIRECTION ( 'NONE',  ( 0.000000000000000000, -3.491481338843132961E-15, 1.000000000000000000 ) ) ;
#3393 = EDGE_LOOP ( 'NONE', ( #2688, #2048, #3681, #1807 ) ) ;
#3394 = CARTESIAN_POINT ( 'NONE',  ( 0.000000000000000000, -3.633180424916993001, 0.6999999999999870770 ) ) ;
#3395 = CARTESIAN_POINT ( 'NONE',  ( -1.168178857759078815, -0.6999999999999996225, -3.440420720113990249 ) ) ;
#3396 = EDGE_CURVE ( 'NONE', #1239, #2429, #2774, .T. ) ;
#3397 = CARTESIAN_POINT ( 'NONE',  ( -3.498973458826138749, -0.8021954603231641334, 0.8966317885524445197 ) ) ;
#3398 = EDGE_CURVE ( 'NONE', #574, #3787, #2307, .T. ) ;
#3399 = DIRECTION ( 'NONE',  ( -1.000000000000000000, -0.000000000000000000, 0.000000000000000000 ) ) ;
#3400 = CARTESIAN_POINT ( 'NONE',  ( -3.497740036437985367, 0.9102475412644547292, 0.7921763061704806264 ) ) ;
#3401 = FACE_OUTER_BOUND ( 'NONE', #4086, .T. ) ;
#3402 = CARTESIAN_POINT ( 'NONE',  ( -0.7245755554175357105, 1.041733405160867099, -3.475758479492301767 ) ) ;
#3403 = CARTESIAN_POINT ( 'NONE',  ( 1.200000000000008837, 2.658947160061664761, -0.6999999999999897415 ) ) ;
#3404 = AXIS2_PLACEMENT_3D ( 'NONE', #3056, #3429, #4104 ) ;
#3405 = EDGE_LOOP ( 'NONE', ( #3859, #675, #2555, #2155 ) ) ;
#3406 = ORIENTED_EDGE ( 'NONE', *, *, #1361, .F. ) ;
#3407 = CARTESIAN_POINT ( 'NONE',  ( 1.200000000000000178, -4.189777606611760815E-15, 0.000000000000000000 ) ) ;
#3408 = LINE ( 'NONE', #495, #3864 ) ;
#3409 = ADVANCED_FACE ( 'NONE', ( #761 ), #823, .T. ) ;
#3410 = VECTOR ( 'NONE', #1893, 100.0000000000000000 ) ;
#3411 = CARTESIAN_POINT ( 'NONE',  ( 0.8230273097198391730, -0.8698515159295561183, 3.501012827520903592 ) ) ;
#3412 = ORIENTED_EDGE ( 'NONE', *, *, #746, .T. ) ;
#3413 = CARTESIAN_POINT ( 'NONE',  ( 2.746537397795609792, 0.7914233119003062367, -0.9113003331823158470 ) ) ;
#3414 = EDGE_LOOP ( 'NONE', ( #3663, #2701, #2091 ) ) ;
#3415 = VECTOR ( 'NONE', #870, 100.0000000000000000 ) ;
#3416 = MANIFOLD_SOLID_BREP ( 'Fillet6', #2122 ) ;
#3417 = CARTESIAN_POINT ( 'NONE',  ( 1.075273134213839743, -2.708142634298073670, 0.7147643742422383761 ) ) ;
#3418 = ORIENTED_EDGE ( 'NONE', *, *, #2126, .F. ) ;
#3419 = CARTESIAN_POINT ( 'NONE',  ( -3.498973458826136529, -0.8966317885524486275, -0.8021954603231682412 ) ) ;
#3420 = DIRECTION ( 'NONE',  ( -3.469446951953614189E-16, 1.000000000000000000, -0.000000000000000000 ) ) ;
#3421 = ORIENTED_EDGE ( 'NONE', *, *, #1315, .T. ) ;
#3422 = AXIS2_PLACEMENT_3D ( 'NONE', #3991, #1710, #128 ) ;
#3423 = CARTESIAN_POINT ( 'NONE',  ( 0.000000000000000000, -0.6999999999999995115, -1.200000000000003730 ) ) ;
#3424 = AXIS2_PLACEMENT_3D ( 'NONE', #3464, #1848, #566 ) ;
#3425 = EDGE_CURVE ( 'NONE', #2394, #840, #1979, .T. ) ;
#3426 = CARTESIAN_POINT ( 'NONE',  ( -1.041733405160856218, 3.475758479492306652, -0.7245755554175272728 ) ) ;
#3427 = CARTESIAN_POINT ( 'NONE',  ( 0.9516432843292609300, -3.492943933819802282, 0.7647538390662830254 ) ) ;
#3428 = CARTESIAN_POINT ( 'NONE',  ( -3.429285639896448412, 1.200000000000001510, 0.7000000000000035083 ) ) ;
#3429 = DIRECTION ( 'NONE',  ( -0.000000000000000000, 3.491481338843133355E-15, -1.000000000000000000 ) ) ;
#3430 = DIRECTION ( 'NONE',  ( 0.000000000000000000, 0.000000000000000000, -1.000000000000000000 ) ) ;
#3431 = DIRECTION ( 'NONE',  ( -1.224646799147353700E-16, 1.000000000000000000, 0.000000000000000000 ) ) ;
#3432 = VERTEX_POINT ( 'NONE', #4154 ) ;
#3433 = VERTEX_POINT ( 'NONE', #3466 ) ;
#3434 = EDGE_CURVE ( 'NONE', #1002, #2427, #1555, .T. ) ;
#3435 = CARTESIAN_POINT ( 'NONE',  ( 0.6882038554198192104, 2.194333114259655826, 0.04929803891861442300 ) ) ;
#3436 = EDGE_CURVE ( 'NONE', #2007, #3627, #2556, .T. ) ;
#3437 = CARTESIAN_POINT ( 'NONE',  ( -2.658947160061668313, -0.6999999999999989564, 1.199999999999995515 ) ) ;
#3438 = ORIENTED_EDGE ( 'NONE', *, *, #461, .F. ) ;
#3439 = DIRECTION ( 'NONE',  ( -0.000000000000000000, 3.491481338843133355E-15, -1.000000000000000000 ) ) ;
#3440 = FACE_OUTER_BOUND ( 'NONE', #3134, .T. ) ;
#3441 = ORIENTED_EDGE ( 'NONE', *, *, #54, .F. ) ;
#3442 = CARTESIAN_POINT ( 'NONE',  ( 0.000000000000000000, 0.6999999999999992895, 0.000000000000000000 ) ) ;
#3443 = DIRECTION ( 'NONE',  ( 0.000000000000000000, 0.000000000000000000, -1.000000000000000000 ) ) ;
#3444 = ORIENTED_EDGE ( 'NONE', *, *, #1170, .F. ) ;
#3445 = B_SPLINE_CURVE_WITH_KNOTS ( 'NONE', 3,
 ( #2936, #1652, #1334, #3257, #346, #1326, #957, #4164, #3892, #1645, #3910, #995, #3207, #655, #25, #2869, #3559, #3927, #1306, #2291, #4183, #3614, #1953 ),
 .UNSPECIFIED., .F., .F.,
 ( 4, 2, 2, 2, 2, 1, 2, 2, 2, 2, 2, 4 ),
 ( 0.000000000000000000, 0.001010924964096744346, 0.002021849928193488691, 0.003032774892290233254, 0.003538237374338601849, 0.004043699856386970444, 0.004549162338435339473, 0.005054624820483707634, 0.006065549784580436150, 0.006571012266628799975, 0.007076474748677163799, 0.008087399712773888846 ),
 .UNSPECIFIED. ) ;
#3446 = DIRECTION ( 'NONE',  ( 0.000000000000000000, 1.000000000000000000, 0.000000000000000000 ) ) ;
#3447 = EDGE_CURVE ( 'NONE', #2303, #430, #1850, .T. ) ;
#3448 = CARTESIAN_POINT ( 'NONE',  ( -0.7246096736620546430, 3.475783170872860595, -1.041627764527104816 ) ) ;
#3449 = CARTESIAN_POINT ( 'NONE',  ( 0.7147643742422381541, -2.708142634298066120, -1.075273134213859061 ) ) ;
#3450 = DIRECTION ( 'NONE',  ( 1.000000000000000000, -3.491481338843133355E-15, 0.000000000000000000 ) ) ;
#3451 = CARTESIAN_POINT ( 'NONE',  ( -0.8958473998712473962, 0.8017394387323791838, -3.499400235513105972 ) ) ;
#3452 = CARTESIAN_POINT ( 'NONE',  ( -1.200000000000008615, -2.658947160061660320, -0.7000000000000082823 ) ) ;
#3453 = ORIENTED_EDGE ( 'NONE', *, *, #1169, .T. ) ;
#3454 = ORIENTED_EDGE ( 'NONE', *, *, #1754, .F. ) ;
#3455 = CARTESIAN_POINT ( 'NONE',  ( 0.005652246868008345415, 2.127582430399759250, 0.8763201523571146900 ) ) ;
#3456 = ADVANCED_FACE ( 'NONE', ( #1212 ), #2518, .T. ) ;
#3457 = AXIS2_PLACEMENT_3D ( 'NONE', #1056, #2585, #1641 ) ;
#3458 = AXIS2_PLACEMENT_3D ( 'NONE', #2966, #3611, #2606 ) ;
#3459 = FACE_OUTER_BOUND ( 'NONE', #413, .T. ) ;
#3460 = DIRECTION ( 'NONE',  ( 3.469446951953614189E-16, -1.000000000000000000, 0.000000000000000000 ) ) ;
#3461 = VERTEX_POINT ( 'NONE', #2221 ) ;
#3462 = AXIS2_PLACEMENT_3D ( 'NONE', #3219, #925, #2558 ) ;
#3463 = FACE_OUTER_BOUND ( 'NONE', #3633, .T. ) ;
#3464 = CARTESIAN_POINT ( 'NONE',  ( 0.000000000000000000, 0.7000000000000000666, 0.000000000000000000 ) ) ;
#3465 = ORIENTED_EDGE ( 'NONE', *, *, #1108, .T. ) ;
#3466 = CARTESIAN_POINT ( 'NONE',  ( 1.199999999999990408, -2.658947160061673198, 0.6999999999999908518 ) ) ;
#3467 = PRODUCT_DEFINITION ( 'UNKNOWN', '', #434, #192 ) ;
#3468 = DIRECTION ( 'NONE',  ( 0.000000000000000000, -3.491481338843132172E-15, 1.000000000000000000 ) ) ;
#3469 = CARTESIAN_POINT ( 'NONE',  ( 0.9104508995573811214, -2.746646347997238280, -0.7920233494385340300 ) ) ;
#3470 = CARTESIAN_POINT ( 'NONE',  ( -2.746537397795608015, -0.7914233119003064587, -0.9113003331823231745 ) ) ;
#3471 = LINE ( 'NONE', #3801, #3651 ) ;
#3472 = CARTESIAN_POINT ( 'NONE',  ( -0.7119094202025531004, -2.702700218583825809, -1.090358579216454515 ) ) ;
#3473 = B_SPLINE_CURVE_WITH_KNOTS ( 'NONE', 3,
 ( #1225, #2512, #899, #3417, #2818, #2454, #477, #165, #817, #2794, #2118, #2769, #3093, #186, #1825, #211, #2237, #3829, #2532, #2934, #2263, #1266, #1649 ),
 .UNSPECIFIED., .F., .F.,
 ( 4, 2, 2, 2, 2, 1, 2, 2, 2, 2, 2, 4 ),
 ( 0.000000000000000000, 0.001010924964096730034, 0.002021849928193460069, 0.003032774892290189886, 0.003538237374338558481, 0.004043699856386927076, 0.004549162338435295237, 0.005054624820483664266, 0.006065549784580404058, 0.006571012266628776556, 0.007076474748677148187, 0.008087399712773894050 ),
 .UNSPECIFIED. ) ;
#3474 = CIRCLE ( 'NONE', #2989, 0.2500000000000000555 ) ;
#3475 = ORIENTED_EDGE ( 'NONE', *, *, #1886, .T. ) ;
#3476 = ORIENTED_EDGE ( 'NONE', *, *, #2958, .T. ) ;
#3477 = CARTESIAN_POINT ( 'NONE',  ( 0.7504373359243335928, 2.174173251824863762, 0.03109880210698798275 ) ) ;
#3478 = VECTOR ( 'NONE', #1611, 100.0000000000000000 ) ;
#3479 = CARTESIAN_POINT ( 'NONE',  ( 0.7000000000000036193, 1.168173731221872735, -3.440422514028318446 ) ) ;
#3480 = CARTESIAN_POINT ( 'NONE',  ( -2.751351097438613724, 0.8454887688046145433, 0.8462056370444461795 ) ) ;
#3481 = ORIENTED_EDGE ( 'NONE', *, *, #1678, .F. ) ;
#3482 = CARTESIAN_POINT ( 'NONE',  ( 3.146446609406726935, 3.853285768897992294E-16, 4.000000000000000000 ) ) ;
#3483 = DIRECTION ( 'NONE',  ( 0.000000000000000000, 0.000000000000000000, 1.000000000000000000 ) ) ;
#3484 = VERTEX_POINT ( 'NONE', #1272 ) ;
#3485 = AXIS2_PLACEMENT_3D ( 'NONE', #2212, #1974, #933 ) ;
#3486 = CARTESIAN_POINT ( 'NONE',  ( -3.488193259832889748, -0.9808294216839236190, 0.7493981969133223231 ) ) ;
#3487 = CARTESIAN_POINT ( 'NONE',  ( 0.8345815409959048692, -3.501005410357121317, 0.8583189242775393080 ) ) ;
#3488 = DIRECTION ( 'NONE',  ( 0.000000000000000000, 1.000000000000000000, 3.485508533455235988E-15 ) ) ;
#3489 = AXIS2_PLACEMENT_3D ( 'NONE', #2837, #1926, #3877 ) ;
#3490 = CARTESIAN_POINT ( 'NONE',  ( 0.8454887688046107685, -0.8462056370444417386, 2.751351097438616389 ) ) ;
#3491 = CARTESIAN_POINT ( 'NONE',  ( -0.7248147063157371894, -2.717690168901793157, -1.043595226183985591 ) ) ;
#3492 = EDGE_LOOP ( 'NONE', ( #3834, #2138, #3064, #2070, #1363, #2422, #2877, #3385 ) ) ;
#3493 = ADVANCED_FACE ( 'NONE', ( #2164 ), #2800, .T. ) ;
#3494 = ORIENTED_EDGE ( 'NONE', *, *, #2040, .T. ) ;
#3495 = DIRECTION ( 'NONE',  ( -0.000000000000000000, 3.491481338843133355E-15, -1.000000000000000000 ) ) ;
#3496 = CIRCLE ( 'NONE', #3356, 3.633180424916990781 ) ;
#3497 = EDGE_CURVE ( 'NONE', #1762, #2429, #2881, .T. ) ;
#3498 = SPHERICAL_SURFACE ( 'NONE', #1155, 3.700000000000000622 ) ;
#3499 = CARTESIAN_POINT ( 'NONE',  ( -1.200000000000003508, -0.6999999999999989564, -2.658947160061664761 ) ) ;
#3500 = EDGE_LOOP ( 'NONE', ( #1459, #162, #1159, #325 ) ) ;
#3501 = CARTESIAN_POINT ( 'NONE',  ( 3.500000000000000888, 3.146446609406727823, 0.5000000000000000000 ) ) ;
#3502 = CARTESIAN_POINT ( 'NONE',  ( 2.722192048079896676, -0.7302373754800324246, -1.027965369110693361 ) ) ;
#3503 = ORIENTED_EDGE ( 'NONE', *, *, #3447, .F. ) ;
#3504 = CIRCLE ( 'NONE', #1671, 1.000000000000000000 ) ;
#3505 = DIRECTION ( 'NONE',  ( 0.000000000000000000, 0.000000000000000000, -1.000000000000000000 ) ) ;
#3506 = ADVANCED_FACE ( 'NONE', ( #1870, #1195, #4117, #547 ), #2538, .T. ) ;
#3507 = CARTESIAN_POINT ( 'NONE',  ( 1.074747213296226800, -2.707955253434291887, -0.7156703023464474622 ) ) ;
#3508 = CARTESIAN_POINT ( 'NONE',  ( 0.000000000000000000, -4.189777606611760815E-15, 1.200000000000000178 ) ) ;
#3509 = CARTESIAN_POINT ( 'NONE',  ( -0.8704689564911188837, -2.750326265220430333, 0.8235754288369833143 ) ) ;
#3510 = CYLINDRICAL_SURFACE ( 'NONE', #135, 0.2500000000000002220 ) ;
#3511 = ORIENTED_EDGE ( 'NONE', *, *, #3434, .T. ) ;
#3512 = ORIENTED_EDGE ( 'NONE', *, *, #4008, .F. ) ;
#3513 = CARTESIAN_POINT ( 'NONE',  ( -1.200000000000005063, -1.552417469626002244, 1.199999999999994849 ) ) ;
#3514 = ORIENTED_EDGE ( 'NONE', *, *, #2740, .F. ) ;
#3515 = B_SPLINE_CURVE_WITH_KNOTS ( 'NONE', 3,
 ( #2544, #571, #634, #2208, #1620, #2904, #3862, #610, #3822, #3224, #3490, #314, #1201, #3166, #256, #587, #2842, #294, #4138, #1236, #3553, #1890, #2485 ),
 .UNSPECIFIED., .F., .F.,
 ( 4, 2, 2, 2, 2, 1, 2, 2, 2, 2, 2, 4 ),
 ( 0.000000000000000000, 0.001010924964096735455, 0.002021849928193470911, 0.003032774892290206366, 0.003538237374338574093, 0.004043699856386941821, 0.004549162338435309982, 0.005054624820483678144, 0.006065549784580410997, 0.006571012266628778291, 0.007076474748677144717, 0.008087399712773873234 ),
 .UNSPECIFIED. ) ;
#3516 = CARTESIAN_POINT ( 'NONE',  ( 0.8235754288369888654, -0.8704689564911083366, -2.750326265220431665 ) ) ;
#3517 = ADVANCED_FACE ( 'NONE', ( #3796 ), #3146, .T. ) ;
#3518 = CARTESIAN_POINT ( 'NONE',  ( 1.199999999999995959, -1.199999999999999734, -2.473863375370598305 ) ) ;
#3519 = ORIENTED_EDGE ( 'NONE', *, *, #2332, .F. ) ;
#3520 = CARTESIAN_POINT ( 'NONE',  ( -3.468056583719415720, -0.7152328218828060136, -1.073376102004338861 ) ) ;
#3521 = FACE_OUTER_BOUND ( 'NONE', #1663, .T. ) ;
#3522 = ORIENTED_EDGE ( 'NONE', *, *, #867, .T. ) ;
#3523 = CARTESIAN_POINT ( 'NONE',  ( -0.6999999999999995115, 2.444036937190191771E-15, 3.633180424916990781 ) ) ;
#3524 = CARTESIAN_POINT ( 'NONE',  ( 0.7493371374504105287, -0.9809573058348471930, -3.488170272401588168 ) ) ;
#3525 = ORIENTED_EDGE ( 'NONE', *, *, #3220, .F. ) ;
#3526 = EDGE_CURVE ( 'NONE', #3328, #1089, #1230, .T. ) ;
#3527 = CARTESIAN_POINT ( 'NONE',  ( 3.450406064323204181, 0.7030111863766705937, -1.136478762160995526 ) ) ;
#3528 = CARTESIAN_POINT ( 'NONE',  ( 1.000000000000000000, 1.000000000000000222, 3.750000000000000000 ) ) ;
#3529 = CARTESIAN_POINT ( 'NONE',  ( 0.000000000000000000, -1.199999999999999734, 2.749545416973504075 ) ) ;
#3530 = CIRCLE ( 'NONE', #1698, 0.2500000000000000000 ) ;
#3531 = AXIS2_PLACEMENT_3D ( 'NONE', #3151, #1202, #3168 ) ;
#3532 = CARTESIAN_POINT ( 'NONE',  ( -0.8345815409959295161, -3.501005410357110215, -0.8583189242775636218 ) ) ;
#3533 = VECTOR ( 'NONE', #1160, 100.0000000000000000 ) ;
#3534 = EDGE_LOOP ( 'NONE', ( #911, #50, #1070, #593 ) ) ;
#3535 = CARTESIAN_POINT ( 'NONE',  ( -1.075273134213853510, -0.7147643742422473689, 2.708142634298065676 ) ) ;
#3536 = FACE_OUTER_BOUND ( 'NONE', #842, .T. ) ;
#3537 = AXIS2_PLACEMENT_3D ( 'NONE', #1043, #2741, #2340 ) ;
#3538 = VECTOR ( 'NONE', #3737, 100.0000000000000000 ) ;
#3539 = PLANE ( 'NONE',  #1509 ) ;
#3540 = EDGE_CURVE ( 'NONE', #202, #178, #1572, .T. ) ;
#3541 = FACE_BOUND ( 'NONE', #3956, .T. ) ;
#3542 = ORIENTED_EDGE ( 'NONE', *, *, #1030, .F. ) ;
#3543 = DIRECTION ( 'NONE',  ( 1.000000000000000000, 0.000000000000000000, 0.000000000000000000 ) ) ;
#3544 = CARTESIAN_POINT ( 'NONE',  ( -1.043604616779530536, 0.7239568038549064610, -2.718072220769942149 ) ) ;
#3545 = ORIENTED_EDGE ( 'NONE', *, *, #2014, .T. ) ;
#3546 = CARTESIAN_POINT ( 'NONE',  ( 1.200000000000004174, 1.199999999999999956, 2.749545416973503631 ) ) ;
#3547 = CARTESIAN_POINT ( 'NONE',  ( 1.073376102004331312, -0.7152328218828062356, -3.468056583719420605 ) ) ;
#3548 = ORIENTED_EDGE ( 'NONE', *, *, #1368, .F. ) ;
#3549 = CIRCLE ( 'NONE', #152, 2.749545416973504075 ) ;
#3550 = DIRECTION ( 'NONE',  ( 0.000000000000000000, 0.000000000000000000, -1.000000000000000000 ) ) ;
#3551 = CARTESIAN_POINT ( 'NONE',  ( 1.199999999999999956, 9.599986513664647675E-15, -1.199999999999999289 ) ) ;
#3552 = EDGE_CURVE ( 'NONE', #1136, #1717, #3123, .T. ) ;
#3553 = CARTESIAN_POINT ( 'NONE',  ( 1.137286315334720577, -0.7029269523404854114, 2.685817350106700641 ) ) ;
#3554 = AXIS2_PLACEMENT_3D ( 'NONE', #1257, #2250, #3840 ) ;
#3555 = VECTOR ( 'NONE', #2271, 100.0000000000000000 ) ;
#3556 = CARTESIAN_POINT ( 'NONE',  ( -0.8698515159295689969, -3.501012827520895598, -0.8230273097198549381 ) ) ;
#3557 = VECTOR ( 'NONE', #1446, 100.0000000000000000 ) ;
#3558 = ORIENTED_EDGE ( 'NONE', *, *, #1176, .F. ) ;
#3559 = CARTESIAN_POINT ( 'NONE',  ( -1.027965369110680260, 2.722192048079905558, -0.7302373754800234318 ) ) ;
#3560 = CARTESIAN_POINT ( 'NONE',  ( 0.2500000000000000000, 3.750000000000000000, 4.000000000000000000 ) ) ;
#3561 = EDGE_CURVE ( 'NONE', #3982, #3776, #613, .T. ) ;
#3562 = EDGE_CURVE ( 'NONE', #2344, #3484, #339, .T. ) ;
#3563 = DIRECTION ( 'NONE',  ( -0.000000000000000000, 3.491481338843133355E-15, -1.000000000000000000 ) ) ;
#3564 = DIRECTION ( 'NONE',  ( 0.000000000000000000, 0.000000000000000000, -1.000000000000000000 ) ) ;
#3565 = CARTESIAN_POINT ( 'NONE',  ( 0.000000000000000000, -0.7000000000000000666, 0.000000000000000000 ) ) ;
#3566 = CARTESIAN_POINT ( 'NONE',  ( 2.717690168901799375, -0.7248147063157280856, -1.043595226183980262 ) ) ;
#3567 = ORIENTED_EDGE ( 'NONE', *, *, #278, .F. ) ;
#3568 = CARTESIAN_POINT ( 'NONE',  ( -0.8462056414676353278, 2.751351093213598276, 0.8454887732159721558 ) ) ;
#3569 = CARTESIAN_POINT ( 'NONE',  ( 0.5000000000000000000, 3.146446609406726935, 3.999999999999999556 ) ) ;
#3570 = ORIENTED_EDGE ( 'NONE', *, *, #3701, .T. ) ;
#3571 = DIRECTION ( 'NONE',  ( 0.000000000000000000, 0.000000000000000000, -1.000000000000000000 ) ) ;
#3572 = FACE_OUTER_BOUND ( 'NONE', #2940, .T. ) ;
#3573 = DIRECTION ( 'NONE',  ( -1.000000000000000000, 3.491481338843133355E-15, -0.000000000000000000 ) ) ;
#3574 = EDGE_CURVE ( 'NONE', #546, #4132, #236, .T. ) ;
#3575 = LINE ( 'NONE', #653, #2705 ) ;
#3576 = EDGE_LOOP ( 'NONE', ( #1859, #378, #242, #3342 ) ) ;
#3577 = CARTESIAN_POINT ( 'NONE',  ( 2.100992591665255649, 0.9383579256450207406, -4.573977915173220290E-18 ) ) ;
#3578 = CARTESIAN_POINT ( 'NONE',  ( -0.6999999999999995115, 1.093944098482627305E-14, 1.199999999999999734 ) ) ;
#3579 = CARTESIAN_POINT ( 'NONE',  ( 0.000000000000000000, -1.199999999999999512, -1.200000000000003730 ) ) ;
#3580 = ADVANCED_FACE ( 'NONE', ( #326 ), #2267, .F. ) ;
#3581 = CARTESIAN_POINT ( 'NONE',  ( 0.000000000000000000, 0.000000000000000000, 0.000000000000000000 ) ) ;
#3582 = CARTESIAN_POINT ( 'NONE',  ( -1.200000000000003508, -0.6999999999999989564, -2.658947160061664761 ) ) ;
#3583 = CARTESIAN_POINT ( 'NONE',  ( -0.7119094202025395557, 1.090358579216443413, -2.702700218583834690 ) ) ;
#3584 = EDGE_LOOP ( 'NONE', ( #2577, #4060, #450, #2468 ) ) ;
#3585 = DIRECTION ( 'NONE',  ( 1.000000000000000000, 0.000000000000000000, 0.000000000000000000 ) ) ;
#3586 = CARTESIAN_POINT ( 'NONE',  ( 1.200000000000000178, -4.189777606611760815E-15, 0.000000000000000000 ) ) ;
#3587 = ORIENTED_EDGE ( 'NONE', *, *, #4193, .T. ) ;
#3588 = CARTESIAN_POINT ( 'NONE',  ( 0.000000000000000000, 1.199999999999999956, 2.749545416973503631 ) ) ;
#3589 = CARTESIAN_POINT ( 'NONE',  ( 3.440420720113993802, 1.168178857759073486, -0.6999999999999955147 ) ) ;
#3590 = PLANE ( 'NONE',  #934 ) ;
#3591 = DIRECTION ( 'NONE',  ( -1.000000000000000000, 0.000000000000000000, 0.000000000000000000 ) ) ;
#3592 = ORIENTED_EDGE ( 'NONE', *, *, #167, .F. ) ;
#3593 = CARTESIAN_POINT ( 'NONE',  ( 1.199999999999995959, -1.199999999999999734, 2.749545416973504075 ) ) ;
#3594 = DIRECTION ( 'NONE',  ( 3.491481338843133355E-15, 1.000000000000000000, 3.491481338843133355E-15 ) ) ;
#3595 = CARTESIAN_POINT ( 'NONE',  ( 2.750326265220432109, -0.8704689564911084476, 0.8235754288369891984 ) ) ;
#3596 = CIRCLE ( 'NONE', #1357, 3.633180424916990336 ) ;
#3597 = AXIS2_PLACEMENT_3D ( 'NONE', #910, #1543, #3823 ) ;
#3598 = CARTESIAN_POINT ( 'NONE',  ( 0.000000000000000000, -2.444036937190193743E-15, 0.7000000000000000666 ) ) ;
#3599 = CYLINDRICAL_SURFACE ( 'NONE', #2234, 1.000000000000000000 ) ;
#3600 = AXIS2_PLACEMENT_3D ( 'NONE', #2839, #2205, #2245 ) ;
#3601 = CARTESIAN_POINT ( 'NONE',  ( -0.9104508995573945551, -0.7920233494385247042, -2.746646347997236504 ) ) ;
#3602 = ORIENTED_EDGE ( 'NONE', *, *, #3039, .T. ) ;
#3603 = CARTESIAN_POINT ( 'NONE',  ( 3.492906083066880107, -0.7646441775280586883, -0.9518631059113097370 ) ) ;
#3604 = CIRCLE ( 'NONE', #145, 2.917190429162964449 ) ;
#3605 = CARTESIAN_POINT ( 'NONE',  ( 0.6999999999999951816, -1.199999999999997735, -3.429285639896451077 ) ) ;
#3606 = EDGE_LOOP ( 'NONE', ( #2894, #2599, #2957, #600 ) ) ;
#3607 = ADVANCED_FACE ( 'NONE', ( #3625 ), #686, .T. ) ;
#3608 = CARTESIAN_POINT ( 'NONE',  ( 1.200000000000003730, 0.7000000000000000666, -2.658947160061664317 ) ) ;
#3609 = CARTESIAN_POINT ( 'NONE',  ( 0.000000000000000000, 3.749999999999999112, 1.000000000000000222 ) ) ;
#3610 = CARTESIAN_POINT ( 'NONE',  ( 1.000000000000000000, 1.000000000000000222, 4.000000000000000000 ) ) ;
#3611 = DIRECTION ( 'NONE',  ( -0.000000000000000000, 3.491481338843133355E-15, -1.000000000000000000 ) ) ;
#3612 = VECTOR ( 'NONE', #3047, 100.0000000000000000 ) ;
#3613 = ORIENTED_EDGE ( 'NONE', *, *, #3961, .F. ) ;
#3614 = CARTESIAN_POINT ( 'NONE',  ( -1.168875737631692724, 2.672993740378485583, -0.6999999999999811928 ) ) ;
#3615 = CARTESIAN_POINT ( 'NONE',  ( 0.6999999999999997335, 6.051367110445884778E-15, 1.199999999999999956 ) ) ;
#3616 = CARTESIAN_POINT ( 'NONE',  ( 0.000000000000000000, 0.7000000000000000666, 0.000000000000000000 ) ) ;
#3617 = CARTESIAN_POINT ( 'NONE',  ( 0.000000000000000000, -1.199999999999999956, 0.000000000000000000 ) ) ;
#3618 = AXIS2_PLACEMENT_3D ( 'NONE', #62, #2017, #463 ) ;
#3619 = CARTESIAN_POINT ( 'NONE',  ( 1.199999999999995959, -1.199999999999999512, 1.552417469626005797 ) ) ;
#3620 = VECTOR ( 'NONE', #2161, 100.0000000000000000 ) ;
#3621 = CARTESIAN_POINT ( 'NONE',  ( 0.7488049375311843781, 2.734242061544441604, -0.9820220972479273280 ) ) ;
#3622 = EDGE_CURVE ( 'NONE', #1420, #2980, #1300, .T. ) ;
#3623 = CARTESIAN_POINT ( 'NONE',  ( -0.7637296482633857408, -0.9534278788828253193, -2.740226201904105263 ) ) ;
#3624 = ORIENTED_EDGE ( 'NONE', *, *, #3630, .F. ) ;
#3625 = FACE_OUTER_BOUND ( 'NONE', #3709, .T. ) ;
#3626 = CARTESIAN_POINT ( 'NONE',  ( 1.000000000000000000, 3.750000000000000000, 0.000000000000000000 ) ) ;
#3627 = VERTEX_POINT ( 'NONE', #1049 ) ;
#3628 = CARTESIAN_POINT ( 'NONE',  ( -1.199999999999995515, 1.199999999999999956, 2.749545416973503631 ) ) ;
#3629 = CARTESIAN_POINT ( 'NONE',  ( 1.168173731221883616, 3.440422514028319334, -0.6999999999999878542 ) ) ;
#3630 = EDGE_CURVE ( 'NONE', #2537, #3977, #3283, .T. ) ;
#3631 = DIRECTION ( 'NONE',  ( 0.000000000000000000, 1.000000000000000000, 3.491481338843133355E-15 ) ) ;
#3632 = CARTESIAN_POINT ( 'NONE',  ( 3.750000000000000000, 1.000000000000000444, 0.2500000000000000000 ) ) ;
#3633 = EDGE_LOOP ( 'NONE', ( #100, #831, #3514, #3412 ) ) ;
#3634 = CARTESIAN_POINT ( 'NONE',  ( 0.8583189242775391969, -3.501005410357115544, -0.8345815409959298492 ) ) ;
#3635 = FACE_OUTER_BOUND ( 'NONE', #3534, .T. ) ;
#3636 = LINE ( 'NONE', #426, #542 ) ;
#3637 = DIRECTION ( 'NONE',  ( -0.000000000000000000, -0.000000000000000000, -1.000000000000000000 ) ) ;
#3638 = CARTESIAN_POINT ( 'NONE',  ( -2.685817350106700196, -0.7029269523404851894, 1.137286315334720577 ) ) ;
#3639 = CARTESIAN_POINT ( 'NONE',  ( 0.7029269523404947373, 2.685817350106700196, -1.137286315334715470 ) ) ;
#3640 = CARTESIAN_POINT ( 'NONE',  ( -2.722192048079900228, 0.7302373754800325356, -1.027965369110686256 ) ) ;
#3641 = ORIENTED_EDGE ( 'NONE', *, *, #2040, .F. ) ;
#3642 = CARTESIAN_POINT ( 'NONE',  ( 0.8583189242775546290, 0.8345815409959180808, -3.501005410357113767 ) ) ;
#3643 = EDGE_CURVE ( 'NONE', #1352, #1927, #665, .T. ) ;
#3644 = CARTESIAN_POINT ( 'NONE',  ( 3.492943933819797842, -0.9516432843292739197, -0.7647538390662989016 ) ) ;
#3645 = ORIENTED_EDGE ( 'NONE', *, *, #2159, .F. ) ;
#3646 = CARTESIAN_POINT ( 'NONE',  ( 2.256938703690000381, 0.3952615506187376337, 0.2028546513324927802 ) ) ;
#3647 = CARTESIAN_POINT ( 'NONE',  ( -1.041733405160880643, -3.475758479492299546, 0.7245755554175276059 ) ) ;
#3648 = DIRECTION ( 'NONE',  ( 0.000000000000000000, 0.000000000000000000, -1.000000000000000000 ) ) ;
#3649 = FACE_OUTER_BOUND ( 'NONE', #1653, .T. ) ;
#3650 = LINE ( 'NONE', #2622, #3986 ) ;
#3651 = VECTOR ( 'NONE', #1542, 100.0000000000000000 ) ;
#3652 = EDGE_LOOP ( 'NONE', ( #2162, #4066, #3844, #2726 ) ) ;
#3653 = DIRECTION ( 'NONE',  ( -1.000000000000000000, 3.491481338843133355E-15, -0.000000000000000000 ) ) ;
#3654 = CARTESIAN_POINT ( 'NONE',  ( -1.552417469626000024, -1.199999999999999512, -1.200000000000003730 ) ) ;
#3655 = CARTESIAN_POINT ( 'NONE',  ( 3.146446609406726935, 0.5000000000000003331, 4.000000000000000000 ) ) ;
#3656 = CARTESIAN_POINT ( 'NONE',  ( 2.748238252951913374, -0.8966644527001210729, 0.8021637118668047961 ) ) ;
#3657 = AXIS2_PLACEMENT_3D ( 'NONE', #786, #3104, #2781 ) ;
#3658 = ORIENTED_EDGE ( 'NONE', *, *, #3114, .T. ) ;
#3659 = VERTEX_POINT ( 'NONE', #2635 ) ;
#3660 = CARTESIAN_POINT ( 'NONE',  ( -2.707955253434293219, -0.7156703023464379143, 1.074747213296232129 ) ) ;
#3661 = VECTOR ( 'NONE', #2066, 100.0000000000000000 ) ;
#3662 = DIRECTION ( 'NONE',  ( -0.000000000000000000, -1.000000000000000000, -0.000000000000000000 ) ) ;
#3663 = ORIENTED_EDGE ( 'NONE', *, *, #337, .T. ) ;
#3664 = DIRECTION ( 'NONE',  ( -1.000000000000000000, 0.000000000000000000, 0.000000000000000000 ) ) ;
#3665 = EDGE_CURVE ( 'NONE', #329, #3903, #2321, .T. ) ;
#3666 = ORIENTED_EDGE ( 'NONE', *, *, #3136, .F. ) ;
#3667 = CIRCLE ( 'NONE', #2038, 2.917190429162964449 ) ;
#3668 = CARTESIAN_POINT ( 'NONE',  ( 2.203614080306001366, 0.06008193390049442612, 0.6569949843654521171 ) ) ;
#3669 = CIRCLE ( 'NONE', #1369, 4.170131892398607931 ) ;
#3670 = EDGE_LOOP ( 'NONE', ( #2087, #2846, #2967, #3476, #507, #2473 ) ) ;
#3671 = CARTESIAN_POINT ( 'NONE',  ( -0.8233965398369483824, 3.500601796891551043, 0.8706816778592425532 ) ) ;
#3672 = DIRECTION ( 'NONE',  ( 0.000000000000000000, 0.000000000000000000, 1.000000000000000000 ) ) ;
#3673 = CIRCLE ( 'NONE', #3262, 2.917190429162964449 ) ;
#3674 = DIRECTION ( 'NONE',  ( 0.000000000000000000, 0.7071067811865447972, -0.7071067811865502373 ) ) ;
#3675 = ORIENTED_EDGE ( 'NONE', *, *, #3803, .F. ) ;
#3676 = EDGE_CURVE ( 'NONE', #1338, #235, #519, .T. ) ;
#3677 = DIRECTION ( 'NONE',  ( 0.000000000000000000, 0.000000000000000000, -1.000000000000000000 ) ) ;
#3678 = DIRECTION ( 'NONE',  ( 0.000000000000000000, -3.491481338843133355E-15, 1.000000000000000000 ) ) ;
#3679 = DIRECTION ( 'NONE',  ( -1.000000000000000000, 3.491481338843133355E-15, -0.000000000000000000 ) ) ;
#3680 = CARTESIAN_POINT ( 'NONE',  ( -3.498973458826139193, 0.8021954603231644665, -0.8966317885524446307 ) ) ;
#3681 = ORIENTED_EDGE ( 'NONE', *, *, #916, .F. ) ;
#3682 = VERTEX_POINT ( 'NONE', #1634 ) ;
#3683 = AXIS2_PLACEMENT_3D ( 'NONE', #3407, #856, #2136 ) ;
#3684 = EDGE_CURVE ( 'NONE', #546, #3197, #3669, .T. ) ;
#3685 = DIRECTION ( 'NONE',  ( -1.000000000000000000, -1.224646799147353700E-16, 1.776356839400250465E-15 ) ) ;
#3686 = B_SPLINE_CURVE_WITH_KNOTS ( 'NONE', 3,
 ( #3154, #3772, #3455, #1505, #575, #1130, #494, #2813, #3135, #877, #1531, #4109, #833, #4087, #2831, #2491, #3788, #1182, #1564, #3435, #3477, #1820, #2424, #3086, #557 ),
 .UNSPECIFIED., .F., .F.,
 ( 4, 2, 2, 2, 2, 2, 1, 2, 2, 2, 2, 2, 4 ),
 ( 0.000000000000000000, 0.002027877279333585320, 0.003041815919000378197, 0.004055754558667171508, 0.006083631838000757262, 0.007097570477667550573, 0.008111509117334346486, 0.009125447757001140664, 0.01013938639666793658, 0.01216726367600153014, 0.01318120231566832258, 0.01419514095533511676, 0.01622301823466870338 ),
 .UNSPECIFIED. ) ;
#3687 = CIRCLE ( 'NONE', #2062, 1.962141687034858695 ) ;
#3688 = DIRECTION ( 'NONE',  ( -0.000000000000000000, -1.000000000000000000, -0.000000000000000000 ) ) ;
#3689 = ORIENTED_EDGE ( 'NONE', *, *, #2449, .F. ) ;
#3690 = CARTESIAN_POINT ( 'NONE',  ( 2.685643923445221848, 0.7028759983740824335, -1.137725361817275793 ) ) ;
#3691 = VERTEX_POINT ( 'NONE', #1316 ) ;
#3692 = CARTESIAN_POINT ( 'NONE',  ( -2.658947160061664317, 0.7000000000000000666, 1.200000000000004174 ) ) ;
#3693 = DIRECTION ( 'NONE',  ( -1.000000000000000000, 3.491481338843133355E-15, -0.000000000000000000 ) ) ;
#3694 = CARTESIAN_POINT ( 'NONE',  ( -0.8698515159295441279, 3.501012827520901816, 0.8230273097198550492 ) ) ;
#3695 = DIRECTION ( 'NONE',  ( -1.000000000000000000, 3.491481338843133355E-15, -0.000000000000000000 ) ) ;
#3696 =( NAMED_UNIT ( * ) PLANE_ANGLE_UNIT ( ) SI_UNIT ( $, .RADIAN. ) );
#3697 = CYLINDRICAL_SURFACE ( 'NONE', #496, 0.5000000000000000000 ) ;
#3698 = DIRECTION ( 'NONE',  ( 0.000000000000000000, -0.000000000000000000, 1.000000000000000000 ) ) ;
#3699 = CARTESIAN_POINT ( 'NONE',  ( 1.552417469626005797, 1.200000000000000622, -1.199999999999995293 ) ) ;
#3700 = CARTESIAN_POINT ( 'NONE',  ( -1.168173731221866962, 0.6999999999999996225, -3.440422514028321999 ) ) ;
#3701 = EDGE_CURVE ( 'NONE', #368, #2759, #3909, .T. ) ;
#3702 = VERTEX_POINT ( 'NONE', #3012 ) ;
#3703 = ORIENTED_EDGE ( 'NONE', *, *, #1148, .F. ) ;
#3704 = DIRECTION ( 'NONE',  ( 0.000000000000000000, 1.000000000000000000, 3.447978095064731183E-15 ) ) ;
#3705 = ADVANCED_FACE ( 'NONE', ( #1638 ), #2035, .T. ) ;
#3706 = CARTESIAN_POINT ( 'NONE',  ( 1.000000000000000000, 3.750000000000000000, 1.000000000000000222 ) ) ;
#3707 = ORIENTED_EDGE ( 'NONE', *, *, #1888, .F. ) ;
#3708 = CARTESIAN_POINT ( 'NONE',  ( 0.000000000000000000, 0.000000000000000000, 0.000000000000000000 ) ) ;
#3709 = EDGE_LOOP ( 'NONE', ( #1167, #1211, #2305, #3824 ) ) ;
#3710 = LINE ( 'NONE', #99, #3279 ) ;
#3711 = DIRECTION ( 'NONE',  ( 0.000000000000000000, 0.000000000000000000, -1.000000000000000000 ) ) ;
#3712 = PLANE ( 'NONE',  #3808 ) ;
#3713 = CARTESIAN_POINT ( 'NONE',  ( 0.6999999999999997335, 1.443092232366940483E-14, -1.199999999999999734 ) ) ;
#3714 = EDGE_CURVE ( 'NONE', #1717, #3041, #871, .T. ) ;
#3715 = SURFACE_SIDE_STYLE ('',( #2414 ) ) ;
#3716 = CARTESIAN_POINT ( 'NONE',  ( -0.8230273097198302912, 3.501012827520908477, -0.8698515159295446830 ) ) ;
#3717 = CARTESIAN_POINT ( 'NONE',  ( 0.8966317885524355269, -3.498973458826137861, -0.8021954603231771230 ) ) ;
#3718 = CARTESIAN_POINT ( 'NONE',  ( -0.7000000000000119460, -3.429285639896443527, -1.200000000000011724 ) ) ;
#3719 = DIRECTION ( 'NONE',  ( -1.000000000000000000, 3.491481338843133355E-15, -0.000000000000000000 ) ) ;
#3720 = CARTESIAN_POINT ( 'NONE',  ( -0.7239568038549157869, -2.718072220769941261, 1.043604616779524985 ) ) ;
#3721 = ADVANCED_FACE ( 'NONE', ( #36, #1008 ), #2684, .F. ) ;
#3722 = FACE_OUTER_BOUND ( 'NONE', #2285, .T. ) ;
#3723 = ORIENTED_EDGE ( 'NONE', *, *, #2348, .F. ) ;
#3724 = EDGE_LOOP ( 'NONE', ( #985, #3494, #2069, #666, #3748, #251 ) ) ;
#3725 = CYLINDRICAL_SURFACE ( 'NONE', #1856, 0.5000000000000001110 ) ;
#3726 = CARTESIAN_POINT ( 'NONE',  ( -2.672993740378481142, -0.6999999999999901856, 1.168875737631698275 ) ) ;
#3727 = EDGE_CURVE ( 'NONE', #2058, #3794, #1842, .T. ) ;
#3728 = CARTESIAN_POINT ( 'NONE',  ( 0.8706816778592270101, -0.8233965398369602617, 3.500601796891553708 ) ) ;
#3729 = ORIENTED_EDGE ( 'NONE', *, *, #1132, .F. ) ;
#3730 = CARTESIAN_POINT ( 'NONE',  ( 2.718072220769942149, 0.7239568038549064610, -1.043604616779530536 ) ) ;
#3731 = VERTEX_POINT ( 'NONE', #1320 ) ;
#3732 = CIRCLE ( 'NONE', #3865, 1.962141687034858695 ) ;
#3733 = CARTESIAN_POINT ( 'NONE',  ( 0.000000000000000000, 1.199999999999999734, 1.200000000000004174 ) ) ;
#3734 = ORIENTED_EDGE ( 'NONE', *, *, #408, .T. ) ;
#3735 = CARTESIAN_POINT ( 'NONE',  ( -3.468032308652853501, -1.073467834008652755, -0.7152111868044935816 ) ) ;
#3736 = CARTESIAN_POINT ( 'NONE',  ( 0.000000000000000000, 0.7000000000000000666, 0.000000000000000000 ) ) ;
#3737 = DIRECTION ( 'NONE',  ( 1.000000000000000000, 0.000000000000000000, -0.000000000000000000 ) ) ;
#3738 = ADVANCED_FACE ( 'NONE', ( #3240 ), #1358, .T. ) ;
#3739 = EDGE_CURVE ( 'NONE', #1420, #2361, #1032, .T. ) ;
#3740 = VECTOR ( 'NONE', #1615, 100.0000000000000000 ) ;
#3741 = CARTESIAN_POINT ( 'NONE',  ( -0.7000000000000000666, 2.444036937190193349E-15, 0.000000000000000000 ) ) ;
#3742 = PLANE ( 'NONE',  #1455 ) ;
#3743 = CARTESIAN_POINT ( 'NONE',  ( -3.475758479492299546, 1.041733405160870207, 0.7245755554175437041 ) ) ;
#3744 = DIRECTION ( 'NONE',  ( 0.000000000000000000, 3.491481338843129411E-15, -1.000000000000000000 ) ) ;
#3745 = CARTESIAN_POINT ( 'NONE',  ( 1.199999999999994627, -1.552417469626010238, 1.199999999999994849 ) ) ;
#3746 = DIRECTION ( 'NONE',  ( 0.000000000000000000, 0.000000000000000000, -1.000000000000000000 ) ) ;
#3747 = ORIENTED_EDGE ( 'NONE', *, *, #2849, .F. ) ;
#3748 = ORIENTED_EDGE ( 'NONE', *, *, #3083, .T. ) ;
#3749 = FACE_OUTER_BOUND ( 'NONE', #17, .T. ) ;
#3750 = CIRCLE ( 'NONE', #3145, 1.962141687034858695 ) ;
#3751 = CARTESIAN_POINT ( 'NONE',  ( 1.168178857759071265, -0.6999999999999996225, 3.440420720113993802 ) ) ;
#3752 = CIRCLE ( 'NONE', #3203, 1.962141687034858695 ) ;
#3753 = EDGE_LOOP ( 'NONE', ( #443, #3144, #2239, #2860, #2142, #2745 ) ) ;
#3754 = CARTESIAN_POINT ( 'NONE',  ( 0.7152328218828101214, 1.073376102004336863, -3.468056583719417052 ) ) ;
#3755 = ORIENTED_EDGE ( 'NONE', *, *, #1897, .F. ) ;
#3756 = ADVANCED_FACE ( 'NONE', ( #1966 ), #3308, .T. ) ;
#3757 = VECTOR ( 'NONE', #1772, 100.0000000000000000 ) ;
#3758 = CARTESIAN_POINT ( 'NONE',  ( -2.717690168901798931, 1.043595226183977820, 0.7248147063157319714 ) ) ;
#3759 = EDGE_LOOP ( 'NONE', ( #2455, #386, #1720, #946 ) ) ;
#3760 = CARTESIAN_POINT ( 'NONE',  ( -0.8345815409959048692, 3.501005410357115100, 0.8583189242775636218 ) ) ;
#3761 = DIRECTION ( 'NONE',  ( -1.000000000000000000, 0.000000000000000000, 0.000000000000000000 ) ) ;
#3762 = ORIENTED_EDGE ( 'NONE', *, *, #4110, .T. ) ;
#3763 = DIRECTION ( 'NONE',  ( -1.000000000000000000, -1.224646799147353700E-16, 0.000000000000000000 ) ) ;
#3764 = EDGE_CURVE ( 'NONE', #756, #1014, #2387, .T. ) ;
#3765 = EDGE_CURVE ( 'NONE', #24, #2766, #3354, .T. ) ;
#3766 = CARTESIAN_POINT ( 'NONE',  ( 1.199999999999987743, -3.429285639896456850, 0.6999999999999872990 ) ) ;
#3767 = CARTESIAN_POINT ( 'NONE',  ( 3.750000000000000000, 3.146446609406727823, 0.000000000000000000 ) ) ;
#3768 = CARTESIAN_POINT ( 'NONE',  ( -3.475758479492302655, 0.7245755554175394852, -1.041733405160864878 ) ) ;
#3769 = CARTESIAN_POINT ( 'NONE',  ( -1.075273134213859061, -2.708142634298061235, -0.7147643742422570279 ) ) ;
#3770 = ORIENTED_EDGE ( 'NONE', *, *, #1667, .T. ) ;
#3771 = VERTEX_POINT ( 'NONE', #778 ) ;
#3772 = CARTESIAN_POINT ( 'NONE',  ( 7.623296525288700163E-19, 2.100992591665255649, 0.9383579256450204076 ) ) ;
#3773 = EDGE_LOOP ( 'NONE', ( #2900, #2243, #2960, #139 ) ) ;
#3774 = CARTESIAN_POINT ( 'NONE',  ( -1.199999999999995293, 0.6999999999999992895, -3.429285639896451077 ) ) ;
#3775 = CARTESIAN_POINT ( 'NONE',  ( -2.658947160061664317, 1.200000000000001510, 0.7000000000000042855 ) ) ;
#3776 = VERTEX_POINT ( 'NONE', #2412 ) ;
#3777 = CARTESIAN_POINT ( 'NONE',  ( 0.000000000000000000, 0.000000000000000000, 0.000000000000000000 ) ) ;
#3778 = LINE ( 'NONE', #3143, #3557 ) ;
#3779 = ORIENTED_EDGE ( 'NONE', *, *, #916, .T. ) ;
#3780 = CARTESIAN_POINT ( 'NONE',  ( 0.000000000000000000, -0.6999999999999995115, 1.199999999999995515 ) ) ;
#3781 = CARTESIAN_POINT ( 'NONE',  ( -0.8966317885524358600, 3.498973458826142746, -0.8021954603231521430 ) ) ;
#3782 = CARTESIAN_POINT ( 'NONE',  ( 0.7030103120685174956, -3.450397818404776551, 1.136503287331115830 ) ) ;
#3783 = LINE ( 'NONE', #221, #483 ) ;
#3784 = DIRECTION ( 'NONE',  ( -0.000000000000000000, 3.491481338843133355E-15, -1.000000000000000000 ) ) ;
#3785 = DIRECTION ( 'NONE',  ( 0.000000000000000000, 0.000000000000000000, -1.000000000000000000 ) ) ;
#3786 = ORIENTED_EDGE ( 'NONE', *, *, #2947, .T. ) ;
#3787 = VERTEX_POINT ( 'NONE', #459 ) ;
#3788 = CARTESIAN_POINT ( 'NONE',  ( 0.5057995998176018082, 2.241069659126949887, 0.1280401198953535213 ) ) ;
#3789 = CARTESIAN_POINT ( 'NONE',  ( 0.9534278788828207674, -0.7637296482633819661, -2.740226201904108372 ) ) ;
#3790 = CARTESIAN_POINT ( 'NONE',  ( -2.750284062755300241, 0.8229037976738539095, 0.8712373316117945077 ) ) ;
#3791 = VERTEX_POINT ( 'NONE', #2144 ) ;
#3792 = LINE ( 'NONE', #3501, #1780 ) ;
#3793 = DIRECTION ( 'NONE',  ( 0.000000000000000000, 0.000000000000000000, -1.000000000000000000 ) ) ;
#3794 = VERTEX_POINT ( 'NONE', #3049 ) ;
#3795 = AXIS2_PLACEMENT_3D ( 'NONE', #3231, #3915, #10 ) ;
#3796 = FACE_OUTER_BOUND ( 'NONE', #1544, .T. ) ;
#3797 = EDGE_CURVE ( 'NONE', #3461, #919, #6, .T. ) ;
#3798 = AXIS2_PLACEMENT_3D ( 'NONE', #993, #974, #1342 ) ;
#3799 = CARTESIAN_POINT ( 'NONE',  ( 0.6999999999999879652, -3.440420720113998687, 1.168178857759063272 ) ) ;
#3800 = CARTESIAN_POINT ( 'NONE',  ( 0.000000000000000000, 2.444036937190193349E-15, -0.7000000000000000666 ) ) ;
#3801 = CARTESIAN_POINT ( 'NONE',  ( -1.199999999999999734, 1.797954172688816931E-14, -1.199999999999999734 ) ) ;
#3802 = CARTESIAN_POINT ( 'NONE',  ( -0.7493371374504266269, -3.488170272401583283, -0.9809573058348609598 ) ) ;
#3803 = EDGE_CURVE ( 'NONE', #2007, #816, #2513, .T. ) ;
#3804 = VECTOR ( 'NONE', #1447, 100.0000000000000000 ) ;
#3805 = VERTEX_POINT ( 'NONE', #121 ) ;
#3806 = ORIENTED_EDGE ( 'NONE', *, *, #1688, .F. ) ;
#3807 = CARTESIAN_POINT ( 'NONE',  ( 0.6999999999999872990, -3.429285639896448412, -1.200000000000011946 ) ) ;
#3808 = AXIS2_PLACEMENT_3D ( 'NONE', #3394, #168, #2771 ) ;
#3809 = EDGE_CURVE ( 'NONE', #1415, #2193, #1087, .T. ) ;
#3810 = DIRECTION ( 'NONE',  ( 0.000000000000000000, 1.000000000000000000, 0.000000000000000000 ) ) ;
#3811 = CARTESIAN_POINT ( 'NONE',  ( 0.000000000000000000, 4.000000000000000000, 4.000000000000000000 ) ) ;
#3812 = VERTEX_POINT ( 'NONE', #3376 ) ;
#3813 = CARTESIAN_POINT ( 'NONE',  ( 3.146446609406726935, 0.2500000000000003886, 4.000000000000000000 ) ) ;
#3814 = CARTESIAN_POINT ( 'NONE',  ( 2.740383200956566512, -0.7641852220287231878, -0.9526136721971454335 ) ) ;
#3815 = VERTEX_POINT ( 'NONE', #4009 ) ;
#3816 = CIRCLE ( 'NONE', #3683, 1.962141687034858029 ) ;
#3817 = CARTESIAN_POINT ( 'NONE',  ( 0.000000000000000000, -1.199999999999999734, -1.200000000000003730 ) ) ;
#3818 = AXIS2_PLACEMENT_3D ( 'NONE', #4054, #2148, #1474 ) ;
#3819 = DIRECTION ( 'NONE',  ( 0.000000000000000000, 0.000000000000000000, -1.000000000000000000 ) ) ;
#3820 = CARTESIAN_POINT ( 'NONE',  ( -2.734242061544439828, -0.9820220972479377641, -0.7488049375311784939 ) ) ;
#3821 = CIRCLE ( 'NONE', #2262, 1.962141687034858029 ) ;
#3822 = CARTESIAN_POINT ( 'NONE',  ( 0.8015358519171591478, -0.8974892388242071695, 2.748152273501609955 ) ) ;
#3823 = DIRECTION ( 'NONE',  ( 0.000000000000000000, -0.000000000000000000, -1.000000000000000000 ) ) ;
#3824 = ORIENTED_EDGE ( 'NONE', *, *, #408, .F. ) ;
#3825 = VERTEX_POINT ( 'NONE', #3071 ) ;
#3826 = FACE_OUTER_BOUND ( 'NONE', #1150, .T. ) ;
#3827 = CARTESIAN_POINT ( 'NONE',  ( 0.7000000000000035083, 1.200000000000001510, -3.429285639896448412 ) ) ;
#3828 = ADVANCED_FACE ( 'NONE', ( #2727 ), #4029, .T. ) ;
#3829 = CARTESIAN_POINT ( 'NONE',  ( 0.7248147063157185377, -2.717690168901806924, 1.043595226183967606 ) ) ;
#3830 = VERTEX_POINT ( 'NONE', #2796 ) ;
#3831 = ADVANCED_FACE ( 'NONE', ( #1490 ), #3712, .T. ) ;
#3832 = DIRECTION ( 'NONE',  ( 0.000000000000000000, -1.000000000000000000, -0.000000000000000000 ) ) ;
#3833 = CARTESIAN_POINT ( 'NONE',  ( -0.9534278788828211004, 0.7637296482633820771, -2.740226201904108372 ) ) ;
#3834 = ORIENTED_EDGE ( 'NONE', *, *, #561, .T. ) ;
#3835 = VECTOR ( 'NONE', #815, 100.0000000000000000 ) ;
#3836 = DIRECTION ( 'NONE',  ( 0.000000000000000000, 1.000000000000000000, 3.478734961219568627E-15 ) ) ;
#3837 = CARTESIAN_POINT ( 'NONE',  ( 0.000000000000000000, 2.444036937190189799E-15, -0.6999999999999989564 ) ) ;
#3838 = ORIENTED_EDGE ( 'NONE', *, *, #3425, .T. ) ;
#3839 = SHAPE_DEFINITION_REPRESENTATION ( #2715, #456 ) ;
#3840 = DIRECTION ( 'NONE',  ( 0.000000000000000000, 0.000000000000000000, 1.000000000000000000 ) ) ;
#3841 = CARTESIAN_POINT ( 'NONE',  ( 2.658947160061668313, -1.199999999999997735, 0.6999999999999959588 ) ) ;
#3842 = DIRECTION ( 'NONE',  ( 1.000000000000000000, 0.000000000000000000, 0.000000000000000000 ) ) ;
#3843 = CARTESIAN_POINT ( 'NONE',  ( -0.7646441775280705677, -3.492906083066873890, -0.9518631059113180637 ) ) ;
#3844 = ORIENTED_EDGE ( 'NONE', *, *, #2510, .F. ) ;
#3845 = DIRECTION ( 'NONE',  ( -1.000000000000000000, 0.000000000000000000, 0.000000000000000000 ) ) ;
#3846 = CARTESIAN_POINT ( 'NONE',  ( 0.000000000000000000, -0.6999999999999995115, 3.633180424916990781 ) ) ;
#3847 = EDGE_CURVE ( 'NONE', #4047, #3161, #1515, .T. ) ;
#3848 = CARTESIAN_POINT ( 'NONE',  ( -2.750326265220431665, -0.8235754288369923071, 0.8704689564911056721 ) ) ;
#3849 = CARTESIAN_POINT ( 'NONE',  ( 1.200000000000008837, 2.658947160061664761, -0.6999999999999897415 ) ) ;
#3850 = AXIS2_PLACEMENT_3D ( 'NONE', #2189, #1874, #2523 ) ;
#3851 = ORIENTED_EDGE ( 'NONE', *, *, #3198, .T. ) ;
#3852 = EDGE_CURVE ( 'NONE', #4000, #3812, #1095, .T. ) ;
#3853 = CARTESIAN_POINT ( 'NONE',  ( -0.6999999999999948486, 1.199999999999997957, -2.658947160061668313 ) ) ;
#3854 = CARTESIAN_POINT ( 'NONE',  ( 2.702700218583830249, -0.7119094202025434415, -1.090358579216448742 ) ) ;
#3855 = ORIENTED_EDGE ( 'NONE', *, *, #960, .T. ) ;
#3856 = DIRECTION ( 'NONE',  ( 1.000000000000000000, -3.491481338843133355E-15, 0.000000000000000000 ) ) ;
#3857 = CARTESIAN_POINT ( 'NONE',  ( 0.8958473998712470632, -0.8017394387323791838, -3.499400235513105972 ) ) ;
#3858 = VECTOR ( 'NONE', #4194, 100.0000000000000000 ) ;
#3859 = ORIENTED_EDGE ( 'NONE', *, *, #784, .F. ) ;
#3860 = CARTESIAN_POINT ( 'NONE',  ( 3.440422514028321999, 0.6999999999999996225, -1.168173731221866962 ) ) ;
#3861 = DIRECTION ( 'NONE',  ( 1.000000000000000000, -0.000000000000000000, -0.000000000000000000 ) ) ;
#3862 = CARTESIAN_POINT ( 'NONE',  ( 0.7637296482633786354, -0.9534278788828229878, 2.740226201904107928 ) ) ;
#3863 = EDGE_CURVE ( 'NONE', #503, #3926, #3155, .T. ) ;
#3864 = VECTOR ( 'NONE', #1801, 100.0000000000000000 ) ;
#3865 = AXIS2_PLACEMENT_3D ( 'NONE', #2215, #263, #3564 ) ;
#3866 = ADVANCED_FACE ( 'NONE', ( #2495 ), #1901, .T. ) ;
#3867 = PLANE ( 'NONE',  #1011 ) ;
#3868 = ORIENTED_EDGE ( 'NONE', *, *, #2195, .T. ) ;
#3869 = CARTESIAN_POINT ( 'NONE',  ( -0.7000000000000031752, -1.200000000000001066, 2.658947160061664761 ) ) ;
#3870 = LINE ( 'NONE', #2276, #3410 ) ;
#3871 = VECTOR ( 'NONE', #9, 100.0000000000000000 ) ;
#3872 = AXIS2_PLACEMENT_3D ( 'NONE', #2186, #3195, #1521 ) ;
#3873 = AXIS2_PLACEMENT_3D ( 'NONE', #2241, #3832, #3142 ) ;
#3874 = CARTESIAN_POINT ( 'NONE',  ( -2.708142634298068341, -1.075273134213847959, 0.7147643742422439272 ) ) ;
#3875 = CARTESIAN_POINT ( 'NONE',  ( -6.123233995736768501E-17, 0.5000000000000000000, 0.000000000000000000 ) ) ;
#3876 = CARTESIAN_POINT ( 'NONE',  ( -2.707955253434292775, 0.7156703023464381364, -1.074747213296232129 ) ) ;
#3877 = DIRECTION ( 'NONE',  ( 1.000000000000000000, 0.000000000000000000, 0.000000000000000000 ) ) ;
#3878 = EDGE_LOOP ( 'NONE', ( #3666, #2458, #3108, #3570, #717, #4064 ) ) ;
#3879 = EDGE_CURVE ( 'NONE', #4163, #739, #3792, .T. ) ;
#3880 = CARTESIAN_POINT ( 'NONE',  ( 0.5000000000000000000, 0.000000000000000000, 4.000000000000000000 ) ) ;
#3881 = CARTESIAN_POINT ( 'NONE',  ( 0.7245755554175359325, -1.041733405160867321, -3.475758479492302655 ) ) ;
#3882 = ORIENTED_EDGE ( 'NONE', *, *, #278, .T. ) ;
#3883 = CIRCLE ( 'NONE', #3199, 2.749545416973503631 ) ;
#3884 = DIRECTION ( 'NONE',  ( -0.000000000000000000, -1.000000000000000000, -0.000000000000000000 ) ) ;
#3885 = CARTESIAN_POINT ( 'NONE',  ( -2.717690168901799375, -1.043595226183977820, -0.7248147063157317493 ) ) ;
#3886 = CARTESIAN_POINT ( 'NONE',  ( 3.146446609406726935, 3.750000000000001332, 0.2500000000000002220 ) ) ;
#3887 = AXIS2_PLACEMENT_3D ( 'NONE', #81, #694, #779 ) ;
#3889 = ADVANCED_FACE ( 'NONE', ( #3463 ), #2553, .T. ) ;
#3888 = FACE_OUTER_BOUND ( 'NONE', #975, .T. ) ;
#3890 = CIRCLE ( 'NONE', #2326, 1.962141687034858029 ) ;
#3891 = ORIENTED_EDGE ( 'NONE', *, *, #1132, .T. ) ;
#3892 = CARTESIAN_POINT ( 'NONE',  ( -0.8015358519171530416, 2.748152273501614840, -0.8974892388241990648 ) ) ;
#3893 = DIRECTION ( 'NONE',  ( 0.000000000000000000, -0.000000000000000000, 1.000000000000000000 ) ) ;
#3894 = B_SPLINE_CURVE_WITH_KNOTS ( 'NONE', 3,
 ( #1868, #3395, #2797, #844, #1470, #2184, #506, #169, #527, #1809, #3097, #2496, #2478, #189, #2750, #2145, #3160, #1491, #1518, #4099 ),
 .UNSPECIFIED., .F., .F.,
 ( 4, 2, 2, 2, 2, 2, 2, 2, 2, 4 ),
 ( 0.000000000000000000, 0.0009981962494525640963, 0.001996392498905128193, 0.002994588748357692072, 0.003493686873083976831, 0.003992784997810262457, 0.004990981247262831974, 0.005989177496715402359, 0.006987373746167972743, 0.007985569995620543995 ),
 .UNSPECIFIED. ) ;
#3895 = DIRECTION ( 'NONE',  ( 0.000000000000000000, 1.000000000000000000, 0.000000000000000000 ) ) ;
#3896 = CARTESIAN_POINT ( 'NONE',  ( 0.000000000000000000, -2.749545416973508072, 1.199999999999990408 ) ) ;
#3897 = CARTESIAN_POINT ( 'NONE',  ( -0.7484781268556160994, -0.9827337150847015312, -2.734073076233906274 ) ) ;
#3898 = CARTESIAN_POINT ( 'NONE',  ( 0.000000000000000000, 0.000000000000000000, 0.000000000000000000 ) ) ;
#3899 = ORIENTED_EDGE ( 'NONE', *, *, #2051, .T. ) ;
#3900 = CARTESIAN_POINT ( 'NONE',  ( 3.468032308652851725, -0.7152111868044896958, -1.073467834008655197 ) ) ;
#3901 = VERTEX_POINT ( 'NONE', #3159 ) ;
#3902 = DIRECTION ( 'NONE',  ( 0.000000000000000000, 0.000000000000000000, 1.000000000000000000 ) ) ;
#3903 = VERTEX_POINT ( 'NONE', #265 ) ;
#3904 = DIRECTION ( 'NONE',  ( 0.000000000000000000, -1.000000000000000000, -0.000000000000000000 ) ) ;
#3905 = FACE_OUTER_BOUND ( 'NONE', #1161, .T. ) ;
#3906 = DIRECTION ( 'NONE',  ( -1.000000000000000000, -0.000000000000000000, 0.000000000000000000 ) ) ;
#3907 = CARTESIAN_POINT ( 'NONE',  ( 0.000000000000000000, 0.000000000000000000, 0.5000000000000000000 ) ) ;
#3908 = VERTEX_POINT ( 'NONE', #885 ) ;
#3909 = B_SPLINE_CURVE_WITH_KNOTS ( 'NONE', 3,
 ( #1025, #308, #709, #3900, #1003, #2982, #3603, #3958, #14, #984, #1719, #729, #2029, #3644, #3327, #415, #734, #103, #1679, #1074 ),
 .UNSPECIFIED., .F., .F.,
 ( 4, 2, 2, 2, 2, 2, 2, 2, 2, 4 ),
 ( 0.000000000000000000, 0.0009981962494525614942, 0.001996392498905122988, 0.002994588748357684699, 0.003493686873083970759, 0.003992784997810257253, 0.004990981247262828505, 0.005989177496715401491, 0.006987373746167972743, 0.007985569995620545730 ),
 .UNSPECIFIED. ) ;
#3910 = CARTESIAN_POINT ( 'NONE',  ( -0.8454887688046043293, 2.751351097438621274, -0.8462056370444327458 ) ) ;
#3911 = CARTESIAN_POINT ( 'NONE',  ( 0.2500000000000000000, 3.146446609406726935, 3.750000000000000000 ) ) ;
#3912 = CARTESIAN_POINT ( 'NONE',  ( -0.8229037976738495797, 0.8712373316117895117, 2.750284062755303349 ) ) ;
#3913 = CARTESIAN_POINT ( 'NONE',  ( -2.672983723821732216, -1.168897932210956947, 0.6999999999999955147 ) ) ;
#3914 = EDGE_CURVE ( 'NONE', #2429, #3946, #1209, .T. ) ;
#3915 = DIRECTION ( 'NONE',  ( 0.000000000000000000, -3.491481338843133355E-15, 1.000000000000000000 ) ) ;
#3916 = DIRECTION ( 'NONE',  ( 0.000000000000000000, 1.000000000000000000, 3.485508533455235988E-15 ) ) ;
#3917 = ORIENTED_EDGE ( 'NONE', *, *, #3727, .F. ) ;
#3918 = CARTESIAN_POINT ( 'NONE',  ( 1.199999999999995515, -1.199999999999999512, 3.633180424916990781 ) ) ;
#3919 = ORIENTED_EDGE ( 'NONE', *, *, #2198, .F. ) ;
#3920 = CARTESIAN_POINT ( 'NONE',  ( 0.9516432843292694788, -0.7647538390662950158, -3.492943933819799618 ) ) ;
#3921 = VERTEX_POINT ( 'NONE', #2183 ) ;
#3922 = CARTESIAN_POINT ( 'NONE',  ( 0.7000000000000042855, 1.200000000000001510, -2.658947160061664317 ) ) ;
#3923 = CARTESIAN_POINT ( 'NONE',  ( 0.7000000000000000666, -2.444036937190193743E-15, 0.000000000000000000 ) ) ;
#3924 = EDGE_CURVE ( 'NONE', #2185, #1516, #920, .T. ) ;
#3925 = FACE_OUTER_BOUND ( 'NONE', #2140, .T. ) ;
#3926 = VERTEX_POINT ( 'NONE', #3192 ) ;
#3927 = CARTESIAN_POINT ( 'NONE',  ( -1.043595226183966718, 2.717690168901807368, -0.7248147063157187597 ) ) ;
#3928 = CYLINDRICAL_SURFACE ( 'NONE', #2724, 0.2500000000000000555 ) ;
#3929 = FACE_OUTER_BOUND ( 'NONE', #2146, .T. ) ;
#3930 = CARTESIAN_POINT ( 'NONE',  ( -0.6999999999999952927, 1.199999999999997957, 3.633180424916990781 ) ) ;
#3931 = CIRCLE ( 'NONE', #3531, 3.633180424916990336 ) ;
#3932 = CARTESIAN_POINT ( 'NONE',  ( 0.000000000000000000, 0.6999999999999997335, 1.200000000000004174 ) ) ;
#3933 = CARTESIAN_POINT ( 'NONE',  ( 0.000000000000000000, 0.000000000000000000, 0.000000000000000000 ) ) ;
#3934 = EDGE_CURVE ( 'NONE', #3390, #307, #3215, .T. ) ;
#3935 = CIRCLE ( 'NONE', #1086, 2.749545416973504075 ) ;
#3936 = CARTESIAN_POINT ( 'NONE',  ( -0.8454887688046173189, -0.8462056370444427378, -2.751351097438614612 ) ) ;
#3937 = ORIENTED_EDGE ( 'NONE', *, *, #978, .T. ) ;
#3938 = CARTESIAN_POINT ( 'NONE',  ( 0.5000000000000000000, 0.000000000000000000, 0.000000000000000000 ) ) ;
#3939 = CARTESIAN_POINT ( 'NONE',  ( -1.200000000000003730, -1.199999999999999734, 2.749545416973504075 ) ) ;
#3940 = DIRECTION ( 'NONE',  ( -1.000000000000000000, 3.491481338843133355E-15, -0.000000000000000000 ) ) ;
#3941 = CARTESIAN_POINT ( 'NONE',  ( 0.000000000000000000, 0.6999999999999992895, 0.000000000000000000 ) ) ;
#3942 = DIRECTION ( 'NONE',  ( -0.000000000000000000, 3.491481338843133355E-15, -1.000000000000000000 ) ) ;
#3943 = FACE_OUTER_BOUND ( 'NONE', #3282, .T. ) ;
#3944 = PLANE ( 'NONE',  #1626 ) ;
#3945 = AXIS2_PLACEMENT_3D ( 'NONE', #3846, #1915, #958 ) ;
#3946 = VERTEX_POINT ( 'NONE', #2477 ) ;
#3947 = CARTESIAN_POINT ( 'NONE',  ( 0.8230273097198297361, -3.501012827520900483, -0.8698515159295689969 ) ) ;
#3948 = CARTESIAN_POINT ( 'NONE',  ( 2.473863375370598305, -1.199999999999999734, 1.199999999999995959 ) ) ;
#3949 = CARTESIAN_POINT ( 'NONE',  ( -2.658947160061664317, 1.200000000000001510, 0.7000000000000042855 ) ) ;
#3950 = CARTESIAN_POINT ( 'NONE',  ( -1.043595226183972713, 0.7248147063157277525, 2.717690168901802039 ) ) ;
#3951 = CIRCLE ( 'NONE', #3003, 2.749545416973503631 ) ;
#3952 = ADVANCED_FACE ( 'NONE', ( #4114 ), #2855, .T. ) ;
#3953 = CARTESIAN_POINT ( 'NONE',  ( -2.717690168901802483, -0.7248147063157278636, 1.043595226183972491 ) ) ;
#3954 = DIRECTION ( 'NONE',  ( 0.000000000000000000, 0.000000000000000000, -1.000000000000000000 ) ) ;
#3955 = CARTESIAN_POINT ( 'NONE',  ( -2.734242061544443381, 0.7488049375311744971, -0.9820220972479332122 ) ) ;
#3956 = EDGE_LOOP ( 'NONE', ( #492, #1267, #179 ) ) ;
#3957 = CARTESIAN_POINT ( 'NONE',  ( 1.073467834008655419, 0.7152111868044896958, -3.468032308652851725 ) ) ;
#3958 = CARTESIAN_POINT ( 'NONE',  ( 3.497740036437982258, -0.7921763061704766296, -0.9102475412644568387 ) ) ;
#3959 = VERTEX_POINT ( 'NONE', #2202 ) ;
#3960 = CARTESIAN_POINT ( 'NONE',  ( 2.174173251824863762, 0.03109880210698818398, 0.7504373359243340369 ) ) ;
#3961 = EDGE_CURVE ( 'NONE', #2158, #1271, #3250, .T. ) ;
#3962 = CARTESIAN_POINT ( 'NONE',  ( 1.552417469626000024, -1.199999999999999512, -1.200000000000003730 ) ) ;
#3963 = CARTESIAN_POINT ( 'NONE',  ( -0.7493371374504019800, 3.488170272401587724, 0.9809573058348612928 ) ) ;
#3964 = CARTESIAN_POINT ( 'NONE',  ( 0.7493371374504268490, 3.488170272401590832, -0.9809573058348363128 ) ) ;
#3965 = DIRECTION ( 'NONE',  ( -1.000000000000000000, 3.491481338843133355E-15, -0.000000000000000000 ) ) ;
#3966 = CARTESIAN_POINT ( 'NONE',  ( 3.146446609406726935, 0.5000000000000003331, 3.500000000000000444 ) ) ;
#3967 = VERTEX_POINT ( 'NONE', #3853 ) ;
#3968 = CARTESIAN_POINT ( 'NONE',  ( 0.7030111863766583813, -3.450406064323201072, -1.136478762161011735 ) ) ;
#3969 = CARTESIAN_POINT ( 'NONE',  ( 1.199999999999995515, -0.6999999999999995115, 3.633180424916990781 ) ) ;
#3970 = PLANE ( 'NONE',  #2775 ) ;
#3971 = CARTESIAN_POINT ( 'NONE',  ( -0.7147643742422435942, 1.075273134213847737, 2.708142634298068341 ) ) ;
#3972 = ORIENTED_EDGE ( 'NONE', *, *, #343, .T. ) ;
#3973 = ADVANCED_FACE ( 'NONE', ( #939 ), #11, .T. ) ;
#3974 = ORIENTED_EDGE ( 'NONE', *, *, #1556, .T. ) ;
#3975 = CARTESIAN_POINT ( 'NONE',  ( 0.000000000000000000, 0.000000000000000000, 0.000000000000000000 ) ) ;
#3976 = CARTESIAN_POINT ( 'NONE',  ( 0.7000000000000000666, -2.444036937190193743E-15, 0.000000000000000000 ) ) ;
#3977 = VERTEX_POINT ( 'NONE', #1651 ) ;
#3978 = DIRECTION ( 'NONE',  ( 0.000000000000000000, -0.000000000000000000, 1.000000000000000000 ) ) ;
#3979 = ORIENTED_EDGE ( 'NONE', *, *, #3425, .F. ) ;
#3980 = CARTESIAN_POINT ( 'NONE',  ( 2.241069659126949887, 0.1280401198953537156, 0.5057995998176021413 ) ) ;
#3981 = EDGE_CURVE ( 'NONE', #1782, #3921, #2181, .T. ) ;
#3982 = VERTEX_POINT ( 'NONE', #1001 ) ;
#3983 = CARTESIAN_POINT ( 'NONE',  ( 1.027965369110693805, 0.7302373754800326466, -2.722192048079896232 ) ) ;
#3984 = CARTESIAN_POINT ( 'NONE',  ( 0.7152111868045015752, 3.468032308652853946, -1.073467834008638766 ) ) ;
#3985 = CARTESIAN_POINT ( 'NONE',  ( 0.000000000000000000, -1.199999999999999734, -1.200000000000003730 ) ) ;
#3986 = VECTOR ( 'NONE', #332, 100.0000000000000000 ) ;
#3987 = AXIS2_PLACEMENT_3D ( 'NONE', #2486, #1238, #2209 ) ;
#3988 = ORIENTED_EDGE ( 'NONE', *, *, #484, .F. ) ;
#3989 = CARTESIAN_POINT ( 'NONE',  ( -1.199999999999999512, 4.189777606611758449E-15, 0.000000000000000000 ) ) ;
#3990 = CARTESIAN_POINT ( 'NONE',  ( 0.000000000000000000, 4.189777606611760026E-15, -1.199999999999999956 ) ) ;
#3991 = CARTESIAN_POINT ( 'NONE',  ( 0.000000000000000000, -2.444036937190190982E-15, 0.6999999999999992895 ) ) ;
#3992 = EDGE_CURVE ( 'NONE', #1415, #2310, #1546, .T. ) ;
#3993 = DIRECTION ( 'NONE',  ( 0.000000000000000000, 0.000000000000000000, -1.000000000000000000 ) ) ;
#3994 = VECTOR ( 'NONE', #90, 100.0000000000000000 ) ;
#3995 = ORIENTED_EDGE ( 'NONE', *, *, #3665, .F. ) ;
#3996 = ORIENTED_EDGE ( 'NONE', *, *, #3914, .F. ) ;
#3997 = PLANE ( 'NONE',  #2238 ) ;
#3998 = CIRCLE ( 'NONE', #472, 0.2500000000000000000 ) ;
#3999 = DIRECTION ( 'NONE',  ( 0.000000000000000000, 0.000000000000000000, -1.000000000000000000 ) ) ;
#4000 = VERTEX_POINT ( 'NONE', #2956 ) ;
#4001 = EDGE_CURVE ( 'NONE', #3627, #2216, #3673, .T. ) ;
#4002 = CARTESIAN_POINT ( 'NONE',  ( 0.9809573058348520780, 0.7493371374504148585, -3.488170272401589500 ) ) ;
#4003 = VERTEX_POINT ( 'NONE', #73 ) ;
#4004 = CARTESIAN_POINT ( 'NONE',  ( 2.257106370018316266, 0.2040388987668876608, 0.3936987950065473640 ) ) ;
#4005 = VECTOR ( 'NONE', #4134, 100.0000000000000000 ) ;
#4006 = ORIENTED_EDGE ( 'NONE', *, *, #4062, .T. ) ;
#4007 = EDGE_CURVE ( 'NONE', #1570, #2721, #310, .T. ) ;
#4008 = EDGE_CURVE ( 'NONE', #3926, #2451, #1845, .T. ) ;
#4009 = CARTESIAN_POINT ( 'NONE',  ( -0.7000000000000082823, -2.658947160061668313, 1.199999999999990630 ) ) ;
#4010 = CARTESIAN_POINT ( 'NONE',  ( 0.8698515159295689969, 3.501012827520902260, -0.8230273097198305132 ) ) ;
#4011 = CIRCLE ( 'NONE', #549, 1.962141687034858695 ) ;
#4012 = CARTESIAN_POINT ( 'NONE',  ( -0.7647538390662831365, 3.492943933819805391, -0.9516432843292612631 ) ) ;
#4013 = CARTESIAN_POINT ( 'NONE',  ( -1.199999999999995293, 1.199999999999999956, 1.552417469626005797 ) ) ;
#4014 = DIRECTION ( 'NONE',  ( 0.000000000000000000, -1.000000000000000000, -3.491481338843133355E-15 ) ) ;
#4015 = LINE ( 'NONE', #2672, #1589 ) ;
#4016 = DIRECTION ( 'NONE',  ( -1.000000000000000000, -1.224646799147353700E-16, 0.000000000000000000 ) ) ;
#4017 = EDGE_CURVE ( 'NONE', #816, #2423, #1280, .T. ) ;
#4018 = ORIENTED_EDGE ( 'NONE', *, *, #1704, .T. ) ;
#4019 = ORIENTED_EDGE ( 'NONE', *, *, #376, .F. ) ;
#4020 = DIRECTION ( 'NONE',  ( 0.000000000000000000, 0.000000000000000000, -1.000000000000000000 ) ) ;
#4021 = VECTOR ( 'NONE', #2094, 100.0000000000000000 ) ;
#4022 = DIRECTION ( 'NONE',  ( 3.469446951953614189E-16, -1.000000000000000000, 0.000000000000000000 ) ) ;
#4023 = ORIENTED_EDGE ( 'NONE', *, *, #3934, .F. ) ;
#4024 = FACE_OUTER_BOUND ( 'NONE', #3670, .T. ) ;
#4025 = ORIENTED_EDGE ( 'NONE', *, *, #3368, .F. ) ;
#4026 = CARTESIAN_POINT ( 'NONE',  ( 2.228111889010078617, 0.5663811790826647208, 0.09651347628853151894 ) ) ;
#4027 = DIRECTION ( 'NONE',  ( 0.000000000000000000, -0.000000000000000000, -1.000000000000000000 ) ) ;
#4028 = EDGE_CURVE ( 'NONE', #3305, #563, #4145, .T. ) ;
#4029 = PLANE ( 'NONE',  #1643 ) ;
#4030 = CARTESIAN_POINT ( 'NONE',  ( 0.000000000000000000, -1.199999999999999512, 0.000000000000000000 ) ) ;
#4031 = DIRECTION ( 'NONE',  ( -1.000000000000000000, 0.000000000000000000, 0.000000000000000000 ) ) ;
#4032 = CARTESIAN_POINT ( 'NONE',  ( -1.136503287331115386, 3.450397818404778771, -0.7030103120685176066 ) ) ;
#4033 = DIRECTION ( 'NONE',  ( -1.000000000000000000, -1.224646799147353700E-16, -0.000000000000000000 ) ) ;
#4034 = CARTESIAN_POINT ( 'NONE',  ( 3.500000000000000444, 0.5000000000000004441, 3.146446609406726491 ) ) ;
#4035 = CARTESIAN_POINT ( 'NONE',  ( -1.199999999999999512, 2.106473686747135821E-14, -1.199999999999999734 ) ) ;
#4036 = CARTESIAN_POINT ( 'NONE',  ( -3.450406064323204181, 1.136478762160997524, -0.7030111863766665969 ) ) ;
#4037 = PLANE ( 'NONE',  #4068 ) ;
#4038 = ORIENTED_EDGE ( 'NONE', *, *, #4118, .F. ) ;
#4039 = ORIENTED_EDGE ( 'NONE', *, *, #2418, .T. ) ;
#4040 = CARTESIAN_POINT ( 'NONE',  ( -0.7152328218828184481, -3.468056583719420161, 1.073376102004323318 ) ) ;
#4041 = AXIS2_PLACEMENT_3D ( 'NONE', #138, #2744, #1113 ) ;
#4042 = CARTESIAN_POINT ( 'NONE',  ( 3.499400235513107305, -0.8017394387323792948, 0.8958473998712471742 ) ) ;
#4043 = FACE_OUTER_BOUND ( 'NONE', #521, .T. ) ;
#4044 = ORIENTED_EDGE ( 'NONE', *, *, #1055, .T. ) ;
#4045 = CARTESIAN_POINT ( 'NONE',  ( 2.672983723821732660, 0.6999999999999999556, -1.168897932210954949 ) ) ;
#4046 = ADVANCED_FACE ( 'NONE', ( #4043 ), #3058, .T. ) ;
#4047 = VERTEX_POINT ( 'NONE', #136 ) ;
#4048 = CARTESIAN_POINT ( 'NONE',  ( 1.199999999999995515, -0.6999999999999995115, 3.633180424916990781 ) ) ;
#4049 = EDGE_LOOP ( 'NONE', ( #727, #2076, #2134, #4025 ) ) ;
#4050 = DIRECTION ( 'NONE',  ( 3.491481338843133355E-15, 1.000000000000000000, 3.491481338843133355E-15 ) ) ;
#4051 = CARTESIAN_POINT ( 'NONE',  ( 0.000000000000000000, -1.199999999999999512, 0.000000000000000000 ) ) ;
#4052 = CARTESIAN_POINT ( 'NONE',  ( -3.450397818404773442, -0.7030103120685295970, 1.136503287331123380 ) ) ;
#4053 = DIRECTION ( 'NONE',  ( 3.491481338843133355E-15, 1.000000000000000000, 3.491481338843133355E-15 ) ) ;
#4054 = CARTESIAN_POINT ( 'NONE',  ( 0.000000000000000000, 0.000000000000000000, 0.000000000000000000 ) ) ;
#4055 = CARTESIAN_POINT ( 'NONE',  ( -3.429285639896448856, -1.200000000000001288, -0.7000000000000041744 ) ) ;
#4056 = DIRECTION ( 'NONE',  ( 0.000000000000000000, 0.000000000000000000, 1.000000000000000000 ) ) ;
#4057 = CARTESIAN_POINT ( 'NONE',  ( -1.041627764527113253, 0.7246096736620668555, -3.475783170872855710 ) ) ;
#4058 = CARTESIAN_POINT ( 'NONE',  ( 0.000000000000000000, -0.6999999999999989564, 0.000000000000000000 ) ) ;
#4059 = VERTEX_POINT ( 'NONE', #114 ) ;
#4060 = ORIENTED_EDGE ( 'NONE', *, *, #2910, .T. ) ;
#4061 = CARTESIAN_POINT ( 'NONE',  ( 0.000000000000000000, -4.189777606611760026E-15, 1.199999999999999956 ) ) ;
#4062 = EDGE_CURVE ( 'NONE', #537, #430, #4011, .T. ) ;
#4063 = DIRECTION ( 'NONE',  ( -0.000000000000000000, 3.491481338843133355E-15, -1.000000000000000000 ) ) ;
#4064 = ORIENTED_EDGE ( 'NONE', *, *, #1440, .T. ) ;
#4065 = CARTESIAN_POINT ( 'NONE',  ( -0.6999999999999958478, 1.199999999999997957, 3.429285639896451965 ) ) ;
#4066 = ORIENTED_EDGE ( 'NONE', *, *, #1513, .T. ) ;
#4067 = AXIS2_PLACEMENT_3D ( 'NONE', #3655, #2400, #2357 ) ;
#4068 = AXIS2_PLACEMENT_3D ( 'NONE', #2955, #2341, #3002 ) ;
#4069 = ADVANCED_FACE ( 'NONE', ( #2388 ), #2090, .T. ) ;
#4070 = DIRECTION ( 'NONE',  ( 0.000000000000000000, -0.000000000000000000, 1.000000000000000000 ) ) ;
#4071 = VERTEX_POINT ( 'NONE', #1781 ) ;
#4072 = CARTESIAN_POINT ( 'NONE',  ( -0.7921763061704641951, 3.497740036437984479, 0.9102475412644664976 ) ) ;
#4073 = CARTESIAN_POINT ( 'NONE',  ( -0.6999999999999897415, 2.658947160061673198, -1.199999999999990408 ) ) ;
#4074 = EDGE_LOOP ( 'NONE', ( #3349, #3174, #775, #3454 ) ) ;
#4075 = FILL_AREA_STYLE ('',( #1494 ) ) ;
#4076 = AXIS2_PLACEMENT_3D ( 'NONE', #1265, #2236, #3895 ) ;
#4077 = VECTOR ( 'NONE', #19, 100.0000000000000000 ) ;
#4078 = DIRECTION ( 'NONE',  ( 0.000000000000000000, 0.000000000000000000, -1.000000000000000000 ) ) ;
#4079 = CARTESIAN_POINT ( 'NONE',  ( 0.9808294216839127388, -3.488193259832894633, 0.7493981969133137744 ) ) ;
#4080 = CARTESIAN_POINT ( 'NONE',  ( -3.468032308652853501, 1.073467834008652533, 0.7152111868044935816 ) ) ;
#4081 = DIRECTION ( 'NONE',  ( -1.000000000000000000, -3.469446951953614189E-16, 0.000000000000000000 ) ) ;
#4082 = PLANE ( 'NONE',  #322 ) ;
#4083 = CARTESIAN_POINT ( 'NONE',  ( -1.552417469626005797, 1.200000000000000622, -1.199999999999995293 ) ) ;
#4084 = ORIENTED_EDGE ( 'NONE', *, *, #2298, .T. ) ;
#4085 = EDGE_CURVE ( 'NONE', #3815, #3432, #219, .T. ) ;
#4086 = EDGE_LOOP ( 'NONE', ( #875, #3592, #2153, #3995 ) ) ;
#4087 = CARTESIAN_POINT ( 'NONE',  ( 0.3410532136154283411, 2.261373980183027488, 0.2470429238222225377 ) ) ;
#4088 = EDGE_CURVE ( 'NONE', #853, #1717, #3604, .T. ) ;
#4089 = VECTOR ( 'NONE', #741, 100.0000000000000000 ) ;
#4090 = CARTESIAN_POINT ( 'NONE',  ( 0.3426635033063827329, 0.2456406498379846981, 2.261282027927436822 ) ) ;
#4091 = AXIS2_PLACEMENT_3D ( 'NONE', #970, #37, #2287 ) ;
#4092 = ORIENTED_EDGE ( 'NONE', *, *, #3368, .T. ) ;
#4093 = CARTESIAN_POINT ( 'NONE',  ( -0.8706816778592267880, 0.8233965398369599287, 3.500601796891552375 ) ) ;
#4094 = B_SPLINE_CURVE_WITH_KNOTS ( 'NONE', 3,
 ( #3011, #1745, #2349, #142, #3647, #2788, #3109, #518, #227, #2175, #539, #2447, #1482, #1839, #260, #2761, #4040, #1860, #2194, #2154 ),
 .UNSPECIFIED., .F., .F.,
 ( 4, 2, 2, 2, 2, 2, 2, 2, 2, 4 ),
 ( 1.734723475976807094E-18, 0.0009981962494525651805, 0.001996392498905128626, 0.002994588748357692072, 0.003493686873083973795, 0.003992784997810255518, 0.004990981247262822433, 0.005989177496715389348, 0.006987373746167956264, 0.007985569995620523179 ),
 .UNSPECIFIED. ) ;
#4095 = CARTESIAN_POINT ( 'NONE',  ( -2.722192048079896676, 1.027965369110691141, 0.7302373754800364214 ) ) ;
#4096 = ORIENTED_EDGE ( 'NONE', *, *, #3924, .T. ) ;
#4097 = AXIS2_PLACEMENT_3D ( 'NONE', #1721, #3025, #119 ) ;
#4098 = CARTESIAN_POINT ( 'NONE',  ( -1.041627764527105038, 3.475783170872857042, 0.7246096736620796230 ) ) ;
#4099 = CARTESIAN_POINT ( 'NONE',  ( -0.7000000000000041744, -1.200000000000001288, -3.429285639896448856 ) ) ;
#4100 = VERTEX_POINT ( 'NONE', #3437 ) ;
#4101 = DIRECTION ( 'NONE',  ( 0.000000000000000000, 0.000000000000000000, 1.000000000000000000 ) ) ;
#4102 = CARTESIAN_POINT ( 'NONE',  ( -0.9102475412644411845, 3.497740036437988476, -0.7921763061704641951 ) ) ;
#4103 = CARTESIAN_POINT ( 'NONE',  ( 0.6999999999999908518, -2.658947160061664317, -1.200000000000008837 ) ) ;
#4104 = DIRECTION ( 'NONE',  ( 0.000000000000000000, 1.000000000000000000, 3.491481338843133355E-15 ) ) ;
#4105 = CARTESIAN_POINT ( 'NONE',  ( -3.468032308652853946, 0.7152111868044893628, -1.073467834008647204 ) ) ;
#4106 = CARTESIAN_POINT ( 'NONE',  ( -0.8235754288370021881, -2.750326265220425004, -0.8704689564911191058 ) ) ;
#4107 = ORIENTED_EDGE ( 'NONE', *, *, #1614, .T. ) ;
#4108 = ORIENTED_EDGE ( 'NONE', *, *, #3676, .F. ) ;
#4109 = CARTESIAN_POINT ( 'NONE',  ( 0.2456406498379847259, 2.261282027927437266, 0.3426635033063828439 ) ) ;
#4110 = EDGE_CURVE ( 'NONE', #4047, #1203, #2579, .T. ) ;
#4111 = PLANE ( 'NONE',  #2235 ) ;
#4112 = CARTESIAN_POINT ( 'NONE',  ( -2.748238252951909821, 0.8966644527001231824, 0.8021637118668120126 ) ) ;
#4113 = ORIENTED_EDGE ( 'NONE', *, *, #1799, .T. ) ;
#4114 = FACE_OUTER_BOUND ( 'NONE', #2768, .T. ) ;
#4115 = CARTESIAN_POINT ( 'NONE',  ( -2.658947160061664761, -0.6999999999999989564, -1.200000000000003730 ) ) ;
#4116 = EDGE_LOOP ( 'NONE', ( #858, #2559, #1191, #3937 ) ) ;
#4117 = FACE_BOUND ( 'NONE', #1735, .T. ) ;
#4118 = EDGE_CURVE ( 'NONE', #1692, #563, #2678, .T. ) ;
#4119 = CARTESIAN_POINT ( 'NONE',  ( -0.6999999999999995115, 1.093944098482627148E-14, 1.199999999999999956 ) ) ;
#4120 = LINE ( 'NONE', #785, #1020 ) ;
#4121 = PLANE ( 'NONE',  #3850 ) ;
#4123 = EDGE_CURVE ( 'NONE', #392, #1927, #704, .T. ) ;
#4122 = CARTESIAN_POINT ( 'NONE',  ( -0.7000000000000119460, -3.429285639896443527, -1.200000000000011724 ) ) ;
#4124 = ORIENTED_EDGE ( 'NONE', *, *, #812, .F. ) ;
#4125 = ORIENTED_EDGE ( 'NONE', *, *, #3739, .T. ) ;
#4126 = FACE_OUTER_BOUND ( 'NONE', #3206, .T. ) ;
#4127 = CARTESIAN_POINT ( 'NONE',  ( 0.8462056370444384079, -0.8454887688046142102, -2.751351097438616389 ) ) ;
#4128 = LINE ( 'NONE', #3116, #1222 ) ;
#4129 = ORIENTED_EDGE ( 'NONE', *, *, #630, .T. ) ;
#4130 = CARTESIAN_POINT ( 'NONE',  ( -0.8233965398369645916, -0.8706816778592307848, 3.500601796891549711 ) ) ;
#4131 = CARTESIAN_POINT ( 'NONE',  ( 2.746537397795607571, -0.9113003331823206210, -0.7914233119003100114 ) ) ;
#4132 = VERTEX_POINT ( 'NONE', #3348 ) ;
#4133 = CIRCLE ( 'NONE', #880, 2.917190429162964449 ) ;
#4134 = DIRECTION ( 'NONE',  ( 1.000000000000000000, 0.000000000000000000, -0.000000000000000000 ) ) ;
#4135 = VECTOR ( 'NONE', #954, 100.0000000000000000 ) ;
#4136 = CARTESIAN_POINT ( 'NONE',  ( 0.8698515159295441279, -3.501012827520909365, 0.8230273097198308463 ) ) ;
#4137 = DIRECTION ( 'NONE',  ( 0.000000000000000000, 1.000000000000000000, 3.447978095064731183E-15 ) ) ;
#4138 = CARTESIAN_POINT ( 'NONE',  ( 1.074747213296231463, -0.7156703023464376923, 2.707955253434291887 ) ) ;
#4139 = CARTESIAN_POINT ( 'NONE',  ( -0.7000000000000082823, -2.658947160061659876, -1.200000000000008837 ) ) ;
#4140 = VECTOR ( 'NONE', #2282, 100.0000000000000000 ) ;
#4141 = VERTEX_POINT ( 'NONE', #2742 ) ;
#4142 = EDGE_LOOP ( 'NONE', ( #2675, #2888, #1112 ) ) ;
#4143 = DIRECTION ( 'NONE',  ( 0.000000000000000000, 0.000000000000000000, -1.000000000000000000 ) ) ;
#4144 = EDGE_CURVE ( 'NONE', #3264, #275, #2334, .T. ) ;
#4145 = CIRCLE ( 'NONE', #1233, 2.299999999999999822 ) ;
#4146 = CARTESIAN_POINT ( 'NONE',  ( -0.9518631059113022985, 0.7646441775280580222, 3.492906083066881440 ) ) ;
#4147 = EDGE_CURVE ( 'NONE', #2488, #3959, #364, .T. ) ;
#4148 = DIRECTION ( 'NONE',  ( 0.000000000000000000, 0.000000000000000000, -1.000000000000000000 ) ) ;
#4149 = ORIENTED_EDGE ( 'NONE', *, *, #1141, .F. ) ;
#4150 = CARTESIAN_POINT ( 'NONE',  ( -1.041627764527120359, -0.7246096736620670775, 3.475783170872853045 ) ) ;
#4151 = CARTESIAN_POINT ( 'NONE',  ( 2.658947160061664761, -1.200000000000001066, -0.7000000000000031752 ) ) ;
#4152 = VERTEX_POINT ( 'NONE', #1100 ) ;
#4153 = AXIS2_PLACEMENT_3D ( 'NONE', #2885, #633, #3201 ) ;
#4154 = CARTESIAN_POINT ( 'NONE',  ( -0.7000000000000031752, -1.200000000000001066, 2.658947160061664761 ) ) ;
#4155 = DIRECTION ( 'NONE',  ( 0.000000000000000000, -3.491481338843133355E-15, 1.000000000000000000 ) ) ;
#4156 = EDGE_CURVE ( 'NONE', #2193, #528, #3126, .T. ) ;
#4157 = ORIENTED_EDGE ( 'NONE', *, *, #1754, .T. ) ;
#4158 = AXIS2_PLACEMENT_3D ( 'NONE', #486, #3399, #238 ) ;
#4159 = CYLINDRICAL_SURFACE ( 'NONE', #3554, 0.5000000000000001110 ) ;
#4160 = CARTESIAN_POINT ( 'NONE',  ( 4.000000000000000888, 3.146446609406727823, 0.5000000000000000000 ) ) ;
#4161 = CARTESIAN_POINT ( 'NONE',  ( -1.137286315334734121, -2.685817350106696644, 0.7029269523404763076 ) ) ;
#4162 = CARTESIAN_POINT ( 'NONE',  ( -0.7029269523404948483, -2.685817350106693091, -1.137286315334734565 ) ) ;
#4163 = VERTEX_POINT ( 'NONE', #2437 ) ;
#4164 = CARTESIAN_POINT ( 'NONE',  ( -0.7914233119002963557, 2.746537397795615121, -0.9113003331823101849 ) ) ;
#4165 = CARTESIAN_POINT ( 'NONE',  ( -0.6999999999999897415, 2.658947160061664761, 1.200000000000009504 ) ) ;
#4166 = EDGE_CURVE ( 'NONE', #1248, #3433, #485, .T. ) ;
#4167 = DIRECTION ( 'NONE',  ( 0.000000000000000000, 1.000000000000000000, 3.478734961219568627E-15 ) ) ;
#4168 = LINE ( 'NONE', #3255, #404 ) ;
#4169 = ORIENTED_EDGE ( 'NONE', *, *, #2557, .F. ) ;
#4170 = ADVANCED_FACE ( 'NONE', ( #462 ), #1143, .T. ) ;
#4171 = CARTESIAN_POINT ( 'NONE',  ( -0.9808294216839282820, -0.7493981969133259868, 3.488193259832888415 ) ) ;
#4172 = CARTESIAN_POINT ( 'NONE',  ( 2.685817350106695756, -0.7029269523404851894, -1.137286315334728792 ) ) ;
#4173 = ORIENTED_EDGE ( 'NONE', *, *, #561, .F. ) ;
#4174 = EDGE_CURVE ( 'NONE', #2039, #2158, #3496, .T. ) ;
#4175 = CARTESIAN_POINT ( 'NONE',  ( -3.499400235513106860, -0.8958473998712502828, 0.8017394387323760752 ) ) ;
#4176 = CARTESIAN_POINT ( 'NONE',  ( 0.6999999999999955147, -1.168178857759073486, -3.440420720113992470 ) ) ;
#4177 = ORIENTED_EDGE ( 'NONE', *, *, #1614, .F. ) ;
#4178 = PLANE ( 'NONE',  #3001 ) ;
#4179 = CYLINDRICAL_SURFACE ( 'NONE', #577, 1.000000000000000000 ) ;
#4180 = CARTESIAN_POINT ( 'NONE',  ( 0.000000000000000000, 1.199999999999999956, 1.200000000000004174 ) ) ;
#4181 = DIRECTION ( 'NONE',  ( 1.000000000000000000, -3.491481338843133355E-15, 0.000000000000000000 ) ) ;
#4182 = VERTEX_POINT ( 'NONE', #848 ) ;
#4183 = CARTESIAN_POINT ( 'NONE',  ( -1.137286315334715914, 2.685817350106705970, -0.7029269523404763076 ) ) ;
#4184 = DIRECTION ( 'NONE',  ( -1.000000000000000000, 0.000000000000000000, 0.000000000000000000 ) ) ;
#4185 = EDGE_CURVE ( 'NONE', #3921, #1481, #2833, .T. ) ;
#4186 = DIRECTION ( 'NONE',  ( 3.469446951953614189E-16, -1.000000000000000000, 0.000000000000000000 ) ) ;
#4187 = DIRECTION ( 'NONE',  ( 0.000000000000000000, 0.000000000000000000, -1.000000000000000000 ) ) ;
#4188 = CIRCLE ( 'NONE', #2363, 2.917190429162964449 ) ;
#4189 = DIRECTION ( 'NONE',  ( -0.000000000000000000, -0.000000000000000000, 1.000000000000000000 ) ) ;
#4190 = CARTESIAN_POINT ( 'NONE',  ( -0.7248147063157240888, 1.043595226183975155, -2.717690168901802039 ) ) ;
#4191 = ORIENTED_EDGE ( 'NONE', *, *, #83, .T. ) ;
#4192 = CARTESIAN_POINT ( 'NONE',  ( -0.9113003331823095188, 2.746537397795608015, 0.7914233119003158956 ) ) ;
#4193 = EDGE_CURVE ( 'NONE', #1203, #178, #801, .T. ) ;
#4194 = DIRECTION ( 'NONE',  ( -0.000000000000000000, -0.000000000000000000, 1.000000000000000000 ) ) ;
#4195 = AXIS2_PLACEMENT_3D ( 'NONE', #743, #1367, #27 ) ;
#4196 = EDGE_LOOP ( 'NONE', ( #4191, #259, #1952, #317 ) ) ;
#4197 = CARTESIAN_POINT ( 'NONE',  ( 3.468056583719420161, 0.7152328218828062356, -1.073376102004331312 ) ) ;
#4198 = CARTESIAN_POINT ( 'NONE',  ( -2.658947160061664761, -1.200000000000001066, -0.7000000000000031752 ) ) ;
#4199 = CYLINDRICAL_SURFACE ( 'NONE', #952, 1.000000000000000000 ) ;
#4200 = AXIS2_PLACEMENT_3D ( 'NONE', #3293, #3273, #1430 ) ;
ENDSEC;
END-ISO-10303-21;
