ISO-10303-21;
HEADER;
FILE_DESCRIPTION (( 'STEP AP214' ),
    '1' );
FILE_NAME ('SM_PuzzleCube_Corner.stp',
    '2026-08-22T01:11:54',
    ( '' ),
    ( '' ),
    'SwSTEP 2.0',
    'SolidWorks 2025',
    '' );
FILE_SCHEMA (( 'AUTOMOTIVE_DESIGN' ));
ENDSEC;

DATA;
#1 = AXIS2_PLACEMENT_3D ( 'NONE', #295, #1663, #916 ) ;
#2 = CIRCLE ( 'NONE', #357, 1.962141687034858473 ) ;
#3 = ORIENTED_EDGE ( 'NONE', *, *, #1290, .F. ) ;
#4 = CIRCLE ( 'NONE', #1137, 1.000000000000000000 ) ;
#5 = CARTESIAN_POINT ( 'NONE',  ( 3.750000000000000000, 0.000000000000000000, 1.000000000000000222 ) ) ;
#6 = CARTESIAN_POINT ( 'NONE',  ( 0.6984505330567815085, 0.04654946694321854955, 3.633180424916990781 ) ) ;
#7 = ORIENTED_EDGE ( 'NONE', *, *, #1673, .F. ) ;
#8 = ORIENTED_EDGE ( 'NONE', *, *, #1257, .T. ) ;
#9 = VECTOR ( 'NONE', #50, 100.0000000000000000 ) ;
#10 = CARTESIAN_POINT ( 'NONE',  ( 2.228111889010078617, 0.5663811790826643877, 0.09651347628853168548 ) ) ;
#11 = ADVANCED_FACE ( 'NONE', ( #292 ), #1978, .T. ) ;
#12 = ORIENTED_EDGE ( 'NONE', *, *, #1216, .F. ) ;
#13 = CARTESIAN_POINT ( 'NONE',  ( 0.000000000000000000, 0.9999999999999998890, 2.828427124746189847 ) ) ;
#14 = AXIS2_PLACEMENT_3D ( 'NONE', #959, #1870, #1408 ) ;
#15 = CARTESIAN_POINT ( 'NONE',  ( 0.000000000000000000, 3.562302626111376380, 1.000000000000000222 ) ) ;
#16 = CARTESIAN_POINT ( 'NONE',  ( 2.261282027927436822, 0.3426635033063823998, 0.2456406498379848924 ) ) ;
#17 = FACE_OUTER_BOUND ( 'NONE', #155, .T. ) ;
#18 = ORIENTED_EDGE ( 'NONE', *, *, #592, .T. ) ;
#19 = ORIENTED_EDGE ( 'NONE', *, *, #1040, .F. ) ;
#20 = CARTESIAN_POINT ( 'NONE',  ( 0.000000000000000000, 1.199999999999999956, 2.749545416973504075 ) ) ;
#21 = EDGE_CURVE ( 'NONE', #468, #114, #854, .T. ) ;
#22 = VECTOR ( 'NONE', #1481, 100.0000000000000000 ) ;
#23 = CARTESIAN_POINT ( 'NONE',  ( 3.750000000000000000, 1.000000000000000000, 0.000000000000000000 ) ) ;
#24 = CYLINDRICAL_SURFACE ( 'NONE', #1240, 0.2500000000000000555 ) ;
#25 = EDGE_CURVE ( 'NONE', #1767, #659, #933, .T. ) ;
#26 = CARTESIAN_POINT ( 'NONE',  ( 1.199999999999999956, 0.000000000000000000, 1.962141687034858029 ) ) ;
#27 = ORIENTED_EDGE ( 'NONE', *, *, #174, .F. ) ;
#28 = ADVANCED_FACE ( 'NONE', ( #1053 ), #1670, .T. ) ;
#29 = CARTESIAN_POINT ( 'NONE',  ( -7.771561172376094797E-16, 3.499999999999999556, 3.146446609406726491 ) ) ;
#30 = DIRECTION ( 'NONE',  ( 0.000000000000000000, 0.000000000000000000, 1.000000000000000000 ) ) ;
#31 = VERTEX_POINT ( 'NONE', #1365 ) ;
#32 = AXIS2_PLACEMENT_3D ( 'NONE', #247, #982, #1329 ) ;
#33 = ORIENTED_EDGE ( 'NONE', *, *, #693, .T. ) ;
#34 = CIRCLE ( 'NONE', #1875, 1.962141687034858473 ) ;
#35 = DIRECTION ( 'NONE',  ( 1.000000000000000000, -0.000000000000000000, -0.000000000000000000 ) ) ;
#36 = CARTESIAN_POINT ( 'NONE',  ( 2.071231517720797388, 0.000000000000000000, 1.000000000000000222 ) ) ;
#37 = CIRCLE ( 'NONE', #199, 0.6999999999999999556 ) ;
#38 = LINE ( 'NONE', #352, #1227 ) ;
#39 = ORIENTED_EDGE ( 'NONE', *, *, #387, .F. ) ;
#40 = DIRECTION ( 'NONE',  ( 0.000000000000000000, 0.000000000000000000, -1.000000000000000000 ) ) ;
#41 = CIRCLE ( 'NONE', #299, 0.7500000000000000000 ) ;
#42 = DIRECTION ( 'NONE',  ( 1.000000000000000000, -0.000000000000000000, -0.000000000000000000 ) ) ;
#43 = EDGE_CURVE ( 'NONE', #625, #1796, #1119, .T. ) ;
#44 = VECTOR ( 'NONE', #1609, 100.0000000000000000 ) ;
#45 = ORIENTED_EDGE ( 'NONE', *, *, #1881, .T. ) ;
#46 = DIRECTION ( 'NONE',  ( 0.000000000000000000, -0.000000000000000000, 1.000000000000000000 ) ) ;
#47 = CARTESIAN_POINT ( 'NONE',  ( 4.000000000000000000, 4.000000000000000000, 3.146446609406726491 ) ) ;
#48 = CARTESIAN_POINT ( 'NONE',  ( 2.203614080306000922, 0.06008193390049398203, 0.6569949843654523391 ) ) ;
#49 = ORIENTED_EDGE ( 'NONE', *, *, #104, .F. ) ;
#50 = DIRECTION ( 'NONE',  ( 0.000000000000000000, -1.000000000000000000, 0.000000000000000000 ) ) ;
#51 = DIRECTION ( 'NONE',  ( -1.000000000000000000, 0.000000000000000000, 0.000000000000000000 ) ) ;
#52 = EDGE_CURVE ( 'NONE', #852, #1220, #1315, .T. ) ;
#53 = B_SPLINE_CURVE_WITH_KNOTS ( 'NONE', 3,
 ( #2008, #1568, #765, #614, #936, #950, #1384, #1858, #1999, #182, #1865, #1101, #492, #1394, #1418, #1719, #153, #641 ),
 .UNSPECIFIED., .F., .F.,
 ( 4, 2, 2, 2, 2, 2, 2, 2, 4 ),
 ( 0.000000000000000000, 0.0005006012872357021694, 0.001001202574471404339, 0.001501803861707106617, 0.002002405148942808678, 0.002503006436178510739, 0.003003607723414213233, 0.003504209010649915294, 0.004004810297885617355 ),
 .UNSPECIFIED. ) ;
#54 = EDGE_LOOP ( 'NONE', ( #1555, #118, #278, #875 ) ) ;
#55 = EDGE_CURVE ( 'NONE', #861, #1222, #1062, .T. ) ;
#56 = CARTESIAN_POINT ( 'NONE',  ( 0.000000000000000000, 0.000000000000000000, 4.000000000000000000 ) ) ;
#57 = CARTESIAN_POINT ( 'NONE',  ( 1.199999999999999956, 4.000100000000000655, 1.199999999999999956 ) ) ;
#58 = ORIENTED_EDGE ( 'NONE', *, *, #1386, .F. ) ;
#59 = DIRECTION ( 'NONE',  ( -0.000000000000000000, 1.000000000000000000, 0.000000000000000000 ) ) ;
#60 = CARTESIAN_POINT ( 'NONE',  ( 1.716828471338939455, 0.9499999999999998446, 1.199999999999999956 ) ) ;
#61 = CARTESIAN_POINT ( 'NONE',  ( 0.6984505330567813974, 2.917190429162964449, 0.04654946694321870221 ) ) ;
#62 = ORIENTED_EDGE ( 'NONE', *, *, #220, .F. ) ;
#63 = DIRECTION ( 'NONE',  ( -1.000000000000000000, 0.000000000000000000, 0.000000000000000000 ) ) ;
#64 = EDGE_CURVE ( 'NONE', #1636, #1405, #1827, .T. ) ;
#65 = AXIS2_PLACEMENT_3D ( 'NONE', #1252, #483, #1402 ) ;
#66 = DIRECTION ( 'NONE',  ( -1.000000000000000000, -2.220446049250313081E-16, -0.000000000000000000 ) ) ;
#67 = CARTESIAN_POINT ( 'NONE',  ( 1.192876773742181706, 1.686604055419272941, 1.011289615253579077 ) ) ;
#68 = DIRECTION ( 'NONE',  ( 1.000000000000000000, 0.000000000000000000, 0.000000000000000000 ) ) ;
#69 = VERTEX_POINT ( 'NONE', #455 ) ;
#70 = DIRECTION ( 'NONE',  ( -0.000000000000000000, -0.000000000000000000, -1.000000000000000000 ) ) ;
#71 = AXIS2_PLACEMENT_3D ( 'NONE', #1741, #376, #1431 ) ;
#72 = CARTESIAN_POINT ( 'NONE',  ( 1.011289615253579521, 1.192876773742181706, 1.686604055419272497 ) ) ;
#73 = DIRECTION ( 'NONE',  ( 0.000000000000000000, 0.000000000000000000, -1.000000000000000000 ) ) ;
#74 = EDGE_CURVE ( 'NONE', #721, #420, #1151, .T. ) ;
#75 = VERTEX_POINT ( 'NONE', #1709 ) ;
#76 = LINE ( 'NONE', #850, #1159 ) ;
#77 = LINE ( 'NONE', #1463, #1678 ) ;
#78 = CARTESIAN_POINT ( 'NONE',  ( 0.000000000000000000, 0.000000000000000000, 4.000000000000000000 ) ) ;
#79 = ORIENTED_EDGE ( 'NONE', *, *, #43, .T. ) ;
#80 = CARTESIAN_POINT ( 'NONE',  ( 1.665547805729045150, 1.168343330755436948, 1.072950526740816590 ) ) ;
#81 = DIRECTION ( 'NONE',  ( -1.359739955510518475E-16, -2.220446049250313081E-16, -1.000000000000000000 ) ) ;
#82 = LINE ( 'NONE', #1031, #44 ) ;
#83 = ORIENTED_EDGE ( 'NONE', *, *, #818, .T. ) ;
#84 = LINE ( 'NONE', #226, #92 ) ;
#85 = VERTEX_POINT ( 'NONE', #1574 ) ;
#86 = FACE_OUTER_BOUND ( 'NONE', #2007, .T. ) ;
#87 = CARTESIAN_POINT ( 'NONE',  ( 3.614506154727532117, 0.01516552602522653823, 0.7976814668767255867 ) ) ;
#88 = EDGE_CURVE ( 'NONE', #542, #696, #790, .T. ) ;
#89 = CARTESIAN_POINT ( 'NONE',  ( 0.04654946694321852874, 3.633180424916990781, 0.6984505330567813974 ) ) ;
#90 = ORIENTED_EDGE ( 'NONE', *, *, #1369, .T. ) ;
#91 = EDGE_CURVE ( 'NONE', #1449, #1550, #1411, .T. ) ;
#92 = VECTOR ( 'NONE', #109, 100.0000000000000000 ) ;
#93 = CARTESIAN_POINT ( 'NONE',  ( 1.200000000000000400, 2.574371600611963018, 0.9658657820471236999 ) ) ;
#94 = CARTESIAN_POINT ( 'NONE',  ( 0.9500000000000001776, 1.199999999999999956, 1.716828471338939455 ) ) ;
#95 = AXIS2_PLACEMENT_3D ( 'NONE', #287, #714, #1221 ) ;
#96 = VECTOR ( 'NONE', #1164, 100.0000000000000000 ) ;
#97 = ORIENTED_EDGE ( 'NONE', *, *, #1947, .F. ) ;
#98 = CARTESIAN_POINT ( 'NONE',  ( 1.700658072451457725, 0.9804823316337425432, 1.198628983868561537 ) ) ;
#99 = CARTESIAN_POINT ( 'NONE',  ( 0.000000000000000000, 0.000000000000000000, 4.000000000000000000 ) ) ;
#100 = CARTESIAN_POINT ( 'NONE',  ( 0.000000000000000000, 0.000000000000000000, 0.000000000000000000 ) ) ;
#101 = ORIENTED_EDGE ( 'NONE', *, *, #1830, .F. ) ;
#102 = DIRECTION ( 'NONE',  ( 0.000000000000000000, -0.000000000000000000, 1.000000000000000000 ) ) ;
#103 = AXIS2_PLACEMENT_3D ( 'NONE', #1276, #1082, #350 ) ;
#104 = EDGE_CURVE ( 'NONE', #1808, #1366, #1667, .T. ) ;
#105 = CARTESIAN_POINT ( 'NONE',  ( 1.187765024677375880, 2.555522876687581046, 1.028979249085821168 ) ) ;
#106 = AXIS2_PLACEMENT_3D ( 'NONE', #489, #1274, #1108 ) ;
#107 = VECTOR ( 'NONE', #1320, 100.0000000000000000 ) ;
#108 = AXIS2_PLACEMENT_3D ( 'NONE', #686, #712, #1924 ) ;
#109 = DIRECTION ( 'NONE',  ( -0.000000000000000000, -0.000000000000000000, 1.000000000000000000 ) ) ;
#110 = VERTEX_POINT ( 'NONE', #15 ) ;
#111 = DIRECTION ( 'NONE',  ( 1.734723475976807094E-16, -1.000000000000000000, 0.000000000000000000 ) ) ;
#112 = DIRECTION ( 'NONE',  ( 2.220446049250313081E-16, -1.000000000000000000, -0.000000000000000000 ) ) ;
#113 = LINE ( 'NONE', #573, #302 ) ;
#114 = VERTEX_POINT ( 'NONE', #189 ) ;
#115 = VERTEX_POINT ( 'NONE', #1718 ) ;
#116 = DIRECTION ( 'NONE',  ( -1.570092458683773195E-16, 0.7071067811865466846, -0.7071067811865483499 ) ) ;
#117 = ADVANCED_FACE ( 'NONE', ( #491 ), #333, .T. ) ;
#118 = ORIENTED_EDGE ( 'NONE', *, *, #139, .F. ) ;
#119 = DIRECTION ( 'NONE',  ( 1.119504763768062724E-16, 1.000000000000000000, 0.000000000000000000 ) ) ;
#120 = ADVANCED_FACE ( 'NONE', ( #631 ), #24, .T. ) ;
#121 = ADVANCED_FACE ( 'NONE', ( #640 ), #1265, .T. ) ;
#122 = CARTESIAN_POINT ( 'NONE',  ( 0.5057995998176018082, 2.241069659126949887, 0.1280401198953535213 ) ) ;
#123 = CARTESIAN_POINT ( 'NONE',  ( 3.146446609406725603, 3.500000000000000888, -1.204991034506701900E-15 ) ) ;
#124 = DIRECTION ( 'NONE',  ( 1.000000000000000000, 0.000000000000000000, -0.000000000000000000 ) ) ;
#125 = DIRECTION ( 'NONE',  ( -0.000000000000000000, -1.000000000000000000, -0.000000000000000000 ) ) ;
#126 = EDGE_LOOP ( 'NONE', ( #145, #1105, #1722, #1201, #1214, #1032, #508, #90 ) ) ;
#127 = DIRECTION ( 'NONE',  ( -1.000000000000000000, 1.119504763768062724E-16, 0.000000000000000000 ) ) ;
#128 = AXIS2_PLACEMENT_3D ( 'NONE', #78, #68, #682 ) ;
#129 = ORIENTED_EDGE ( 'NONE', *, *, #697, .F. ) ;
#130 = LINE ( 'NONE', #868, #1848 ) ;
#131 = CARTESIAN_POINT ( 'NONE',  ( 0.1270239916761929100, 2.240724659425429088, 0.5075896144691847134 ) ) ;
#132 = ADVANCED_FACE ( 'NONE', ( #322 ), #1092, .T. ) ;
#133 = DIRECTION ( 'NONE',  ( -0.000000000000000000, 1.000000000000000000, 0.000000000000000000 ) ) ;
#134 = CARTESIAN_POINT ( 'NONE',  ( 1.138582987096463217, 1.115015795899987117, 1.658512078039195758 ) ) ;
#135 = ORIENTED_EDGE ( 'NONE', *, *, #451, .T. ) ;
#136 = ORIENTED_EDGE ( 'NONE', *, *, #830, .T. ) ;
#137 = VECTOR ( 'NONE', #1834, 100.0000000000000000 ) ;
#138 = EDGE_LOOP ( 'NONE', ( #1713, #1705, #749, #136, #534, #1682, #823, #135 ) ) ;
#139 = EDGE_CURVE ( 'NONE', #1392, #499, #4, .T. ) ;
#140 = AXIS2_PLACEMENT_3D ( 'NONE', #332, #1566, #1415 ) ;
#141 = CARTESIAN_POINT ( 'NONE',  ( 1.200000000000000178, 2.580213169488133396, 0.9499999999999999556 ) ) ;
#142 = CARTESIAN_POINT ( 'NONE',  ( 0.03079691223841854106, 2.173783100554571579, 0.7515881895818419256 ) ) ;
#143 = CARTESIAN_POINT ( 'NONE',  ( 1.000000000000000000, 3.750000000000000000, 1.000000000000000222 ) ) ;
#144 = CARTESIAN_POINT ( 'NONE',  ( 3.323223304703366132, 0.5000000000000000000, 3.323223304703359027 ) ) ;
#145 = ORIENTED_EDGE ( 'NONE', *, *, #1831, .T. ) ;
#146 = DIRECTION ( 'NONE',  ( 0.000000000000000000, 1.000000000000000000, 0.000000000000000000 ) ) ;
#147 = EDGE_LOOP ( 'NONE', ( #1761, #446, #1054, #427, #195 ) ) ;
#148 = CARTESIAN_POINT ( 'NONE',  ( 4.000000000000000000, 0.2500000000000000000, 4.000000000000000000 ) ) ;
#149 = CARTESIAN_POINT ( 'NONE',  ( 0.6569949843654516730, 2.203614080306001366, 0.06008193390049430122 ) ) ;
#150 = DIRECTION ( 'NONE',  ( -1.734723475976807094E-16, 1.000000000000000000, -0.000000000000000000 ) ) ;
#151 = ORIENTED_EDGE ( 'NONE', *, *, #258, .T. ) ;
#152 = ORIENTED_EDGE ( 'NONE', *, *, #787, .T. ) ;
#153 = CARTESIAN_POINT ( 'NONE',  ( 0.9658657820471239219, 1.200000000000000178, 2.574371600611963018 ) ) ;
#154 = ADVANCED_FACE ( 'NONE', ( #1569 ), #777, .T. ) ;
#155 = EDGE_LOOP ( 'NONE', ( #1356, #1423, #952, #175 ) ) ;
#156 = PRESENTATION_LAYER_ASSIGNMENT (  '', '', ( #935 ) ) ;
#157 = CARTESIAN_POINT ( 'NONE',  ( 0.9999999999999998890, 0.000000000000000000, 2.071231517720797388 ) ) ;
#158 = DIRECTION ( 'NONE',  ( 0.000000000000000000, 0.000000000000000000, 1.000000000000000000 ) ) ;
#159 = LINE ( 'NONE', #6, #1074 ) ;
#160 = EDGE_CURVE ( 'NONE', #336, #1328, #431, .T. ) ;
#161 = EDGE_LOOP ( 'NONE', ( #151, #261, #1856, #58 ) ) ;
#162 = EDGE_LOOP ( 'NONE', ( #538, #1837, #1696, #1400, #251, #896, #938, #285 ) ) ;
#163 = CARTESIAN_POINT ( 'NONE',  ( 2.100992591665255649, 0.9383579256450202966, 7.623296525288700163E-19 ) ) ;
#164 = CIRCLE ( 'NONE', #1371, 2.299999999999999822 ) ;
#165 = ORIENTED_EDGE ( 'NONE', *, *, #1825, .T. ) ;
#166 = ORIENTED_EDGE ( 'NONE', *, *, #895, .F. ) ;
#167 = AXIS2_PLACEMENT_3D ( 'NONE', #1567, #181, #169 ) ;
#168 = CYLINDRICAL_SURFACE ( 'NONE', #811, 0.2500000000000000555 ) ;
#169 = DIRECTION ( 'NONE',  ( 0.000000000000000000, 0.000000000000000000, -1.000000000000000000 ) ) ;
#170 = CARTESIAN_POINT ( 'NONE',  ( 2.253646586832278587, 0.4229619143570677586, 0.1825858929285393839 ) ) ;
#171 = CARTESIAN_POINT ( 'NONE',  ( 3.499999999999999556, 4.000000000000000888, 3.146446609406726491 ) ) ;
#172 = PRODUCT_RELATED_PRODUCT_CATEGORY ( 'part', '', ( #1333 ) ) ;
#173 = EDGE_LOOP ( 'NONE', ( #1533, #763, #1772, #1926 ) ) ;
#174 = EDGE_CURVE ( 'NONE', #1935, #696, #1066, .T. ) ;
#175 = ORIENTED_EDGE ( 'NONE', *, *, #387, .T. ) ;
#176 = EDGE_CURVE ( 'NONE', #223, #1094, #1911, .T. ) ;
#177 = LINE ( 'NONE', #1557, #1175 ) ;
#178 = EDGE_CURVE ( 'NONE', #1660, #1067, #1410, .T. ) ;
#179 = DIRECTION ( 'NONE',  ( 0.000000000000000000, 0.000000000000000000, 1.000000000000000000 ) ) ;
#180 = AXIS2_PLACEMENT_3D ( 'NONE', #602, #445, #1228 ) ;
#181 = DIRECTION ( 'NONE',  ( 1.000000000000000000, 0.000000000000000000, 0.000000000000000000 ) ) ;
#182 = CARTESIAN_POINT ( 'NONE',  ( 1.115042410526671190, 1.138518428115433467, 2.541797475525497507 ) ) ;
#183 = CARTESIAN_POINT ( 'NONE',  ( 0.5000000000000000000, 1.110223024625156540E-16, 3.146446609406726491 ) ) ;
#184 = EDGE_LOOP ( 'NONE', ( #1755, #288, #1293, #1095 ) ) ;
#185 = ORIENTED_EDGE ( 'NONE', *, *, #739, .T. ) ;
#186 = DIRECTION ( 'NONE',  ( -1.000000000000000000, -0.000000000000000000, -0.000000000000000000 ) ) ;
#187 = AXIS2_PLACEMENT_3D ( 'NONE', #799, #1887, #496 ) ;
#188 = CYLINDRICAL_SURFACE ( 'NONE', #1006, 1.000000000000000000 ) ;
#189 = CARTESIAN_POINT ( 'NONE',  ( 0.000000000000000000, 3.146446609406726491, 3.750000000000000000 ) ) ;
#190 = CARTESIAN_POINT ( 'NONE',  ( 2.127582430399759694, 0.8763201523571146900, 0.005652246868008681951 ) ) ;
#191 = ORIENTED_EDGE ( 'NONE', *, *, #899, .T. ) ;
#192 = CARTESIAN_POINT ( 'NONE',  ( 3.999999999999999556, 0.2500000000000000000, 3.146446609406726491 ) ) ;
#193 = DIRECTION ( 'NONE',  ( 0.000000000000000000, 0.000000000000000000, 1.000000000000000000 ) ) ;
#194 = AXIS2_PLACEMENT_3D ( 'NONE', #1010, #548, #1627 ) ;
#195 = ORIENTED_EDGE ( 'NONE', *, *, #1150, .F. ) ;
#196 = EDGE_CURVE ( 'NONE', #228, #1181, #944, .T. ) ;
#197 = CARTESIAN_POINT ( 'NONE',  ( 4.000000000000000000, 1.000000000000000000, 1.000000000000000222 ) ) ;
#198 = CARTESIAN_POINT ( 'NONE',  ( 0.000000000000000000, 4.000000000000000000, 0.2500000000000002220 ) ) ;
#199 = AXIS2_PLACEMENT_3D ( 'NONE', #506, #372, #1746 ) ;
#200 = ADVANCED_FACE ( 'NONE', ( #1448 ), #1422, .F. ) ;
#201 = CARTESIAN_POINT ( 'NONE',  ( 2.864171221078160912, 0.8989004283851135257, 1.164670359938856461E-16 ) ) ;
#202 = VERTEX_POINT ( 'NONE', #501 ) ;
#203 = CARTESIAN_POINT ( 'NONE',  ( 3.999999999999998668, 3.146446609406726935, 0.4999999999999997780 ) ) ;
#204 = DIRECTION ( 'NONE',  ( 1.000000000000000000, 0.000000000000000000, 0.000000000000000000 ) ) ;
#205 = AXIS2_PLACEMENT_3D ( 'NONE', #1193, #1810, #421 ) ;
#206 = CIRCLE ( 'NONE', #1859, 2.749545416973504075 ) ;
#207 = ORIENTED_EDGE ( 'NONE', *, *, #1512, .F. ) ;
#208 = CARTESIAN_POINT ( 'NONE',  ( 0.04654946694321854261, 0.6984505330567813974, 2.917190429162964449 ) ) ;
#209 = CARTESIAN_POINT ( 'NONE',  ( 3.146446609406725603, 4.000000000000000888, 0.2500000000000001665 ) ) ;
#210 = ORIENTED_EDGE ( 'NONE', *, *, #286, .F. ) ;
#211 = CARTESIAN_POINT ( 'NONE',  ( 1.708420720963036876, 0.9651943844476426060, 1.200000000000000400 ) ) ;
#212 = LINE ( 'NONE', #847, #1076 ) ;
#213 = CARTESIAN_POINT ( 'NONE',  ( 3.499999999999999112, 3.146446609406726935, -1.174560478732102138E-15 ) ) ;
#214 = ORIENTED_EDGE ( 'NONE', *, *, #258, .F. ) ;
#215 = CARTESIAN_POINT ( 'NONE',  ( 1.199999999999999956, 1.199999999999999956, 0.000000000000000000 ) ) ;
#216 = DIRECTION ( 'NONE',  ( 0.000000000000000000, 1.000000000000000000, 0.000000000000000000 ) ) ;
#217 = CARTESIAN_POINT ( 'NONE',  ( 2.194333114259654938, 0.04929803891861406218, 0.6882038554198196545 ) ) ;
#218 = ORIENTED_EDGE ( 'NONE', *, *, #759, .T. ) ;
#219 = CARTESIAN_POINT ( 'NONE',  ( 3.499999999999999556, 4.000000000000000888, 3.146446609406726491 ) ) ;
#220 = EDGE_CURVE ( 'NONE', #1991, #1880, #360, .T. ) ;
#221 = FACE_OUTER_BOUND ( 'NONE', #241, .T. ) ;
#222 = CARTESIAN_POINT ( 'NONE',  ( 0.2500000000000000000, 1.000000000000000000, 4.000000000000000000 ) ) ;
#223 = VERTEX_POINT ( 'NONE', #795 ) ;
#224 = LINE ( 'NONE', #378, #635 ) ;
#225 = AXIS2_PLACEMENT_3D ( 'NONE', #290, #1679, #620 ) ;
#226 = CARTESIAN_POINT ( 'NONE',  ( 0.000000000000000000, 1.000000000000000000, 4.000000000000000000 ) ) ;
#227 = CARTESIAN_POINT ( 'NONE',  ( 2.828427124746189847, 0.000000000000000000, 1.000000000000000000 ) ) ;
#228 = VERTEX_POINT ( 'NONE', #61 ) ;
#229 = DIRECTION ( 'NONE',  ( 0.000000000000000000, 0.000000000000000000, -1.000000000000000000 ) ) ;
#230 = CARTESIAN_POINT ( 'NONE',  ( 1.000000000000000000, 3.562302626111376380, 0.000000000000000000 ) ) ;
#231 = CARTESIAN_POINT ( 'NONE',  ( 2.580213169488133840, 1.199999999999999956, 0.9500000000000006217 ) ) ;
#232 = EDGE_CURVE ( 'NONE', #1438, #327, #1872, .T. ) ;
#233 = CYLINDRICAL_SURFACE ( 'NONE', #448, 1.000000000000000000 ) ;
#234 = EDGE_CURVE ( 'NONE', #1808, #1674, #1492, .T. ) ;
#235 = DIRECTION ( 'NONE',  ( 0.000000000000000000, 0.000000000000000000, -1.000000000000000000 ) ) ;
#236 = EDGE_CURVE ( 'NONE', #961, #69, #1695, .T. ) ;
#237 = VERTEX_POINT ( 'NONE', #213 ) ;
#238 = DIRECTION ( 'NONE',  ( 0.000000000000000000, 0.000000000000000000, 1.000000000000000000 ) ) ;
#239 = CARTESIAN_POINT ( 'NONE',  ( 3.146446609406726491, 4.000000000000001776, 4.000000000000000000 ) ) ;
#240 = CARTESIAN_POINT ( 'NONE',  ( 3.146446609406725603, 3.750000000000000444, -1.260502185737959924E-15 ) ) ;
#241 = EDGE_LOOP ( 'NONE', ( #1470, #1963, #1429, #358 ) ) ;
#242 = CARTESIAN_POINT ( 'NONE',  ( 1.138518428115434133, 2.541797475525497507, 1.115042410526670968 ) ) ;
#243 = LINE ( 'NONE', #1918, #1936 ) ;
#244 = SHAPE_DEFINITION_REPRESENTATION ( #705, #318 ) ;
#245 = ORIENTED_EDGE ( 'NONE', *, *, #21, .T. ) ;
#246 = AXIS2_PLACEMENT_3D ( 'NONE', #1804, #703, #533 ) ;
#247 = CARTESIAN_POINT ( 'NONE',  ( 1.000000000000000000, 3.750000000000000000, 1.000000000000000222 ) ) ;
#248 = EDGE_CURVE ( 'NONE', #1649, #866, #652, .T. ) ;
#249 = CARTESIAN_POINT ( 'NONE',  ( 0.4999999999999997780, 1.178982612255162765, 4.000000000000000000 ) ) ;
#250 = DIRECTION ( 'NONE',  ( 0.000000000000000000, 0.000000000000000000, 1.000000000000000000 ) ) ;
#251 = ORIENTED_EDGE ( 'NONE', *, *, #895, .T. ) ;
#252 = CARTESIAN_POINT ( 'NONE',  ( 3.750000000000000000, 0.000000000000000000, 4.000000000000000000 ) ) ;
#253 = CARTESIAN_POINT ( 'NONE',  ( 1.013117141857028392, 2.559683646516397015, 1.192431142330480531 ) ) ;
#254 = LINE ( 'NONE', #720, #537 ) ;
#255 = AXIS2_PLACEMENT_3D ( 'NONE', #2004, #900, #1225 ) ;
#256 = ORIENTED_EDGE ( 'NONE', *, *, #920, .F. ) ;
#257 = LINE ( 'NONE', #123, #315 ) ;
#258 = EDGE_CURVE ( 'NONE', #659, #297, #1247, .T. ) ;
#259 = PLANE ( 'NONE',  #618 ) ;
#260 = CARTESIAN_POINT ( 'NONE',  ( 2.580213169488133840, 1.199999999999999956, 0.9500000000000006217 ) ) ;
#261 = ORIENTED_EDGE ( 'NONE', *, *, #1302, .F. ) ;
#262 = EDGE_LOOP ( 'NONE', ( #1998, #152, #1116, #304, #1781, #79 ) ) ;
#263 = CARTESIAN_POINT ( 'NONE',  ( 0.2500000000000000000, 1.000000000000000000, 4.000000000000000000 ) ) ;
#264 = AXIS2_PLACEMENT_3D ( 'NONE', #817, #51, #193 ) ;
#265 = EDGE_CURVE ( 'NONE', #1405, #1721, #826, .T. ) ;
#266 = ORIENTED_EDGE ( 'NONE', *, *, #1631, .F. ) ;
#267 = CARTESIAN_POINT ( 'NONE',  ( 3.146446609406726491, 0.000000000000000000, 3.750000000000000000 ) ) ;
#268 = VECTOR ( 'NONE', #40, 100.0000000000000000 ) ;
#269 = CARTESIAN_POINT ( 'NONE',  ( 0.000000000000000000, 0.000000000000000000, 0.000000000000000000 ) ) ;
#270 = ADVANCED_FACE ( 'NONE', ( #17 ), #633, .F. ) ;
#271 = DIRECTION ( 'NONE',  ( 1.000000000000000000, 0.000000000000000000, 0.000000000000000000 ) ) ;
#272 = PLANE ( 'NONE',  #1389 ) ;
#273 = CARTESIAN_POINT ( 'NONE',  ( 0.5000000000000000000, 1.110223024625156540E-16, 4.000000000000000000 ) ) ;
#274 = ORIENTED_EDGE ( 'NONE', *, *, #43, .F. ) ;
#275 = ORIENTED_EDGE ( 'NONE', *, *, #681, .F. ) ;
#276 = ORIENTED_EDGE ( 'NONE', *, *, #1171, .F. ) ;
#277 = LINE ( 'NONE', #1871, #911 ) ;
#278 = ORIENTED_EDGE ( 'NONE', *, *, #1255, .F. ) ;
#279 = AXIS2_PLACEMENT_3D ( 'NONE', #1863, #1878, #1560 ) ;
#280 = DIRECTION ( 'NONE',  ( 1.000000000000000000, 0.000000000000000000, 0.000000000000000000 ) ) ;
#281 = CARTESIAN_POINT ( 'NONE',  ( 0.5647734377795597949, 2.228507113323310307, 0.09724228806365554922 ) ) ;
#282 = FACE_OUTER_BOUND ( 'NONE', #1273, .T. ) ;
#283 = CARTESIAN_POINT ( 'NONE',  ( 1.114298357412223384, 1.139208365751560370, 1.658564809310736354 ) ) ;
#284 = VERTEX_POINT ( 'NONE', #1730 ) ;
#285 = ORIENTED_EDGE ( 'NONE', *, *, #940, .T. ) ;
#286 = EDGE_CURVE ( 'NONE', #773, #457, #980, .T. ) ;
#287 = CARTESIAN_POINT ( 'NONE',  ( 0.000000000000000000, 0.000000000000000000, 4.000000000000000000 ) ) ;
#288 = ORIENTED_EDGE ( 'NONE', *, *, #344, .T. ) ;
#289 = CARTESIAN_POINT ( 'NONE',  ( 1.149196135937817553, 2.542684199395873978, 1.101993428733096358 ) ) ;
#290 = CARTESIAN_POINT ( 'NONE',  ( 1.199999999999999956, 0.000000000000000000, 0.000000000000000000 ) ) ;
#291 = CARTESIAN_POINT ( 'NONE',  ( 2.917190429162964449, 0.6984505330567811754, 0.04654946694321888262 ) ) ;
#292 = FACE_OUTER_BOUND ( 'NONE', #1899, .T. ) ;
#293 = VECTOR ( 'NONE', #1144, 100.0000000000000000 ) ;
#294 = EDGE_LOOP ( 'NONE', ( #598, #1284, #1434, #729 ) ) ;
#295 = CARTESIAN_POINT ( 'NONE',  ( 4.000000000000000000, 0.000000000000000000, 4.000000000000000000 ) ) ;
#296 = VECTOR ( 'NONE', #1073, 100.0000000000000000 ) ;
#297 = VERTEX_POINT ( 'NONE', #1629 ) ;
#298 = CARTESIAN_POINT ( 'NONE',  ( 0.09724228806365550759, 0.5647734377795599059, 2.228507113323310307 ) ) ;
#299 = AXIS2_PLACEMENT_3D ( 'NONE', #197, #35, #629 ) ;
#300 = CARTESIAN_POINT ( 'NONE',  ( 1.000000000000000000, 3.750000000000000000, 0.2500000000000001665 ) ) ;
#301 = EDGE_CURVE ( 'NONE', #237, #1767, #1476, .T. ) ;
#302 = VECTOR ( 'NONE', #1816, 100.0000000000000000 ) ;
#303 = CARTESIAN_POINT ( 'NONE',  ( 3.750000000000000000, 0.2500000000000000000, 3.146446609406726491 ) ) ;
#304 = ORIENTED_EDGE ( 'NONE', *, *, #160, .T. ) ;
#305 = ORIENTED_EDGE ( 'NONE', *, *, #178, .F. ) ;
#306 = CARTESIAN_POINT ( 'NONE',  ( 4.000099999999999767, 1.199999999999999956, 2.749545416973504075 ) ) ;
#307 = ORIENTED_EDGE ( 'NONE', *, *, #326, .T. ) ;
#308 = DIRECTION ( 'NONE',  ( -1.000000000000000000, -1.734723475976807094E-16, 0.000000000000000000 ) ) ;
#309 = CARTESIAN_POINT ( 'NONE',  ( 4.000100000000000655, 1.199999999999999956, 0.9500000000000008438 ) ) ;
#310 = FACE_OUTER_BOUND ( 'NONE', #1602, .T. ) ;
#311 = EDGE_LOOP ( 'NONE', ( #480, #383, #1009, #1874 ) ) ;
#312 = ORIENTED_EDGE ( 'NONE', *, *, #745, .F. ) ;
#313 = DIRECTION ( 'NONE',  ( -0.000000000000000000, -0.000000000000000000, 1.000000000000000000 ) ) ;
#314 = VERTEX_POINT ( 'NONE', #260 ) ;
#315 = VECTOR ( 'NONE', #1507, 99.99999999999998579 ) ;
#316 = ORIENTED_EDGE ( 'NONE', *, *, #416, .F. ) ;
#317 = CIRCLE ( 'NONE', #1480, 2.749545416973504075 ) ;
#318 = ADVANCED_BREP_SHAPE_REPRESENTATION ( 'SM_PuzzleCube_Corner', ( #589, #1811 ), #1260 ) ;
#319 = FACE_OUTER_BOUND ( 'NONE', #1801, .T. ) ;
#320 = B_SPLINE_CURVE_WITH_KNOTS ( 'NONE', 3,
 ( #588, #1205, #1632, #1643 ),
 .UNSPECIFIED., .F., .F.,
 ( 4, 4 ),
 ( 0.000000000000000000, 0.003132452653272930522 ),
 .UNSPECIFIED. ) ;
#321 = CARTESIAN_POINT ( 'NONE',  ( 4.831550840025050879E-17, 0.8982487797406535357, 3.590865954648800429 ) ) ;
#322 = FACE_OUTER_BOUND ( 'NONE', #353, .T. ) ;
#323 = CARTESIAN_POINT ( 'NONE',  ( 2.162817957087860066, 0.7828263957070791257, 0.02335182111656853091 ) ) ;
#324 = ADVANCED_FACE ( 'NONE', ( #1795 ), #1639, .F. ) ;
#325 = CIRCLE ( 'NONE', #1456, 3.700000000000001066 ) ;
#326 = EDGE_CURVE ( 'NONE', #223, #493, #1535, .T. ) ;
#327 = VERTEX_POINT ( 'NONE', #865 ) ;
#328 = ADVANCED_FACE ( 'NONE', ( #1312 ), #563, .T. ) ;
#329 = ORIENTED_EDGE ( 'NONE', *, *, #864, .T. ) ;
#330 = AXIS2_PLACEMENT_3D ( 'NONE', #949, #482, #1099 ) ;
#331 = PLANE ( 'NONE',  #1692 ) ;
#332 = CARTESIAN_POINT ( 'NONE',  ( 0.000000000000000000, 4.000000000000000000, 4.000000000000000000 ) ) ;
#333 = CYLINDRICAL_SURFACE ( 'NONE', #167, 1.000000000000000000 ) ;
#334 = FACE_OUTER_BOUND ( 'NONE', #1023, .T. ) ;
#335 = CARTESIAN_POINT ( 'NONE',  ( 0.000000000000000000, 0.000000000000000000, 0.000000000000000000 ) ) ;
#336 = VERTEX_POINT ( 'NONE', #878 ) ;
#337 = ORIENTED_EDGE ( 'NONE', *, *, #849, .F. ) ;
#338 = DIRECTION ( 'NONE',  ( 1.000000000000000000, -0.000000000000000000, -0.000000000000000000 ) ) ;
#339 = CARTESIAN_POINT ( 'NONE',  ( 0.9500000000000001776, 2.749545416973504075, 0.9499999999999999556 ) ) ;
#340 = DIRECTION ( 'NONE',  ( -1.000000000000000000, -2.220446049250313081E-16, 0.000000000000000000 ) ) ;
#341 = ORIENTED_EDGE ( 'NONE', *, *, #473, .T. ) ;
#342 = CARTESIAN_POINT ( 'NONE',  ( 0.5000000000000000000, 1.110223024625156540E-16, 0.000000000000000000 ) ) ;
#343 = CARTESIAN_POINT ( 'NONE',  ( 0.000000000000000000, 0.000000000000000000, 0.000000000000000000 ) ) ;
#344 = EDGE_CURVE ( 'NONE', #1706, #1612, #82, .T. ) ;
#345 = ORIENTED_EDGE ( 'NONE', *, *, #1404, .F. ) ;
#346 = AXIS2_PLACEMENT_3D ( 'NONE', #417, #856, #1775 ) ;
#347 = PLANE ( 'NONE',  #1494 ) ;
#348 = CIRCLE ( 'NONE', #1259, 1.962141687034858473 ) ;
#349 = VECTOR ( 'NONE', #1131, 99.99999999999998579 ) ;
#350 = DIRECTION ( 'NONE',  ( 1.000000000000000000, 0.000000000000000000, 0.000000000000000000 ) ) ;
#351 = B_SPLINE_CURVE_WITH_KNOTS ( 'NONE', 3,
 ( #157, #664, #1600, #1223, #450, #494, #1114, #1900, #1134, #983, #1752, #2003, #1545, #364, #1068, #1850, #1686, #298, #1268, #921, #758, #1388, #461, #1697, #768 ),
 .UNSPECIFIED., .F., .F.,
 ( 4, 2, 2, 2, 2, 2, 1, 2, 2, 2, 2, 2, 4 ),
 ( 4.605288694465351675E-20, 0.002027877279333596596, 0.003041815919000390774, 0.004055754558667184519, 0.006083631838000772875, 0.007097570477667566186, 0.008111509117334358629, 0.009125447757001151072, 0.01013938639666794699, 0.01216726367600153361, 0.01318120231566832605, 0.01419514095533512023, 0.01622301823466869991 ),
 .UNSPECIFIED. ) ;
#352 = CARTESIAN_POINT ( 'NONE',  ( 1.199999999999999956, 0.000000000000000000, 1.199999999999999956 ) ) ;
#353 = EDGE_LOOP ( 'NONE', ( #815, #1982, #1442, #1940 ) ) ;
#354 = FACE_OUTER_BOUND ( 'NONE', #1473, .T. ) ;
#355 = DIRECTION ( 'NONE',  ( -2.220446049250313081E-16, 1.000000000000000000, 0.000000000000000000 ) ) ;
#356 = AXIS2_PLACEMENT_3D ( 'NONE', #755, #127, #1377 ) ;
#357 = AXIS2_PLACEMENT_3D ( 'NONE', #1637, #684, #836 ) ;
#358 = ORIENTED_EDGE ( 'NONE', *, *, #1358, .T. ) ;
#359 = PLANE ( 'NONE',  #1590 ) ;
#360 = CIRCLE ( 'NONE', #874, 3.000000000000000000 ) ;
#361 = LINE ( 'NONE', #1769, #917 ) ;
#362 = ORIENTED_EDGE ( 'NONE', *, *, #88, .F. ) ;
#363 = CARTESIAN_POINT ( 'NONE',  ( 1.700515751573996148, 1.198600795291309140, 0.9807655256704232993 ) ) ;
#364 = CARTESIAN_POINT ( 'NONE',  ( 0.2470429238222223434, 0.3410532136154281746, 2.261373980183027488 ) ) ;
#365 = VECTOR ( 'NONE', #1364, 100.0000000000000000 ) ;
#366 = DIRECTION ( 'NONE',  ( -1.000000000000000000, 0.000000000000000000, 0.000000000000000000 ) ) ;
#367 = VECTOR ( 'NONE', #531, 100.0000000000000000 ) ;
#368 = AXIS2_PLACEMENT_3D ( 'NONE', #100, #250, #724 ) ;
#369 = ORIENTED_EDGE ( 'NONE', *, *, #1244, .F. ) ;
#370 = DIRECTION ( 'NONE',  ( 0.000000000000000000, 0.000000000000000000, -1.000000000000000000 ) ) ;
#371 = ADVANCED_FACE ( 'NONE', ( #695 ), #541, .F. ) ;
#372 = DIRECTION ( 'NONE',  ( 0.000000000000000000, 1.000000000000000000, 0.000000000000000000 ) ) ;
#373 = ORIENTED_EDGE ( 'NONE', *, *, #657, .F. ) ;
#374 = CARTESIAN_POINT ( 'NONE',  ( 3.146446609406726491, 3.500000000000001776, 4.000000000000000000 ) ) ;
#375 = DIRECTION ( 'NONE',  ( 1.000000000000000000, 1.734723475976807094E-16, -0.000000000000000000 ) ) ;
#376 = DIRECTION ( 'NONE',  ( -0.7071067811865483499, 0.000000000000000000, -0.7071067811865466846 ) ) ;
#377 = ORIENTED_EDGE ( 'NONE', *, *, #1017, .F. ) ;
#378 = CARTESIAN_POINT ( 'NONE',  ( 4.000000000000000000, 3.146446609406726935, 3.500000000000000444 ) ) ;
#379 = CARTESIAN_POINT ( 'NONE',  ( 1.000000000000000000, 1.000000000000000000, 3.750000000000000000 ) ) ;
#380 = CARTESIAN_POINT ( 'NONE',  ( 0.000000000000000000, 1.199999999999999734, -1.343405716521675022E-16 ) ) ;
#381 = VECTOR ( 'NONE', #860, 100.0000000000000000 ) ;
#382 = PRODUCT_DEFINITION_FORMATION_WITH_SPECIFIED_SOURCE ( 'ANY', '', #1333, .NOT_KNOWN. ) ;
#383 = ORIENTED_EDGE ( 'NONE', *, *, #1543, .F. ) ;
#384 = CARTESIAN_POINT ( 'NONE',  ( 1.658564809310735688, 1.114298357412223162, 1.139208365751560814 ) ) ;
#385 = DIRECTION ( 'NONE',  ( 1.000000000000000000, 0.000000000000000000, -0.000000000000000000 ) ) ;
#386 = DIRECTION ( 'NONE',  ( -1.000000000000000000, 0.000000000000000000, -0.000000000000000000 ) ) ;
#387 = EDGE_CURVE ( 'NONE', #1571, #1991, #1354, .T. ) ;
#388 = EDGE_CURVE ( 'NONE', #110, #1088, #1528, .T. ) ;
#389 = ORIENTED_EDGE ( 'NONE', *, *, #301, .T. ) ;
#390 = EDGE_CURVE ( 'NONE', #1057, #468, #113, .T. ) ;
#391 = CARTESIAN_POINT ( 'NONE',  ( 3.499999999999999556, 0.4999999999999997780, 3.146446609406726491 ) ) ;
#392 = AXIS2_PLACEMENT_3D ( 'NONE', #1055, #893, #1488 ) ;
#393 = LINE ( 'NONE', #402, #1420 ) ;
#394 = CARTESIAN_POINT ( 'NONE',  ( 2.174173251824863318, 0.03109880210698772254, 0.7504373359243342589 ) ) ;
#395 = EDGE_LOOP ( 'NONE', ( #915, #603, #1339, #778 ) ) ;
#396 = DIRECTION ( 'NONE',  ( 1.000000000000000000, 0.000000000000000000, 0.000000000000000000 ) ) ;
#397 = AXIS2_PLACEMENT_3D ( 'NONE', #1573, #1548, #1558 ) ;
#398 = CARTESIAN_POINT ( 'NONE',  ( 0.000000000000000000, 0.000000000000000000, 0.000000000000000000 ) ) ;
#399 = DIRECTION ( 'NONE',  ( -0.000000000000000000, 1.000000000000000000, -0.000000000000000000 ) ) ;
#400 = VERTEX_POINT ( 'NONE', #222 ) ;
#401 = CARTESIAN_POINT ( 'NONE',  ( 0.000000000000000000, 0.000000000000000000, 0.000000000000000000 ) ) ;
#402 = CARTESIAN_POINT ( 'NONE',  ( -6.986514943034208816E-16, 3.146446609406726491, 3.500000000000000444 ) ) ;
#403 = EDGE_LOOP ( 'NONE', ( #495, #1855, #1640, #560 ) ) ;
#404 = SPHERICAL_SURFACE ( 'NONE', #1135, 3.000000000000000000 ) ;
#405 = CARTESIAN_POINT ( 'NONE',  ( 0.7976814668767256977, 0.01516552602522643414, 3.614506154727532117 ) ) ;
#406 = CARTESIAN_POINT ( 'NONE',  ( 4.000099999999999767, 2.749545416973503631, 1.199999999999999956 ) ) ;
#407 = ORIENTED_EDGE ( 'NONE', *, *, #1881, .F. ) ;
#408 = CARTESIAN_POINT ( 'NONE',  ( 3.562302626111376380, 0.000000000000000000, 1.000000000000000222 ) ) ;
#409 = DIRECTION ( 'NONE',  ( 1.359739955510518722E-16, -1.000000000000000000, 2.220446049250313081E-16 ) ) ;
#410 = ADVANCED_FACE ( 'NONE', ( #1620 ), #1943, .T. ) ;
#411 = DIRECTION ( 'NONE',  ( -0.000000000000000000, -0.000000000000000000, 1.000000000000000000 ) ) ;
#412 = ORIENTED_EDGE ( 'NONE', *, *, #621, .F. ) ;
#413 = AXIS2_PLACEMENT_3D ( 'NONE', #143, #111, #1029 ) ;
#414 = CARTESIAN_POINT ( 'NONE',  ( 1.000000000000000000, 4.000000000000000000, 1.000000000000000222 ) ) ;
#415 = LINE ( 'NONE', #1011, #1592 ) ;
#416 = EDGE_CURVE ( 'NONE', #1267, #85, #206, .T. ) ;
#417 = CARTESIAN_POINT ( 'NONE',  ( 0.000000000000000000, 0.000000000000000000, 0.000000000000000000 ) ) ;
#418 = ORIENTED_EDGE ( 'NONE', *, *, #1851, .T. ) ;
#419 = CARTESIAN_POINT ( 'NONE',  ( 0.8982487797406537577, 3.590865954648800429, 1.065692254983177300E-16 ) ) ;
#420 = VERTEX_POINT ( 'NONE', #240 ) ;
#421 = DIRECTION ( 'NONE',  ( 0.000000000000000000, 0.000000000000000000, -1.000000000000000000 ) ) ;
#422 = DIRECTION ( 'NONE',  ( -1.000000000000000000, -2.506581832198772116E-32, -2.239009527536125448E-16 ) ) ;
#423 = ORIENTED_EDGE ( 'NONE', *, *, #1711, .F. ) ;
#424 = CARTESIAN_POINT ( 'NONE',  ( 2.548812844716446868, 1.175408601496568783, 1.059362108530003788 ) ) ;
#425 = CARTESIAN_POINT ( 'NONE',  ( 3.633180424916990781, 0.04654946694321852874, 0.6984505330567813974 ) ) ;
#426 = ORIENTED_EDGE ( 'NONE', *, *, #556, .T. ) ;
#427 = ORIENTED_EDGE ( 'NONE', *, *, #74, .F. ) ;
#428 = ORIENTED_EDGE ( 'NONE', *, *, #1699, .T. ) ;
#429 = CARTESIAN_POINT ( 'NONE',  ( 0.000000000000000000, 0.000000000000000000, 0.000000000000000000 ) ) ;
#430 = EDGE_CURVE ( 'NONE', #513, #1253, #1343, .T. ) ;
#431 = CIRCLE ( 'NONE', #615, 2.299999999999999822 ) ;
#432 = EDGE_LOOP ( 'NONE', ( #1368, #683, #1048, #214 ) ) ;
#433 = CARTESIAN_POINT ( 'NONE',  ( 4.000000000000000000, 0.2500000000000000000, 1.000000000000000222 ) ) ;
#434 = EDGE_CURVE ( 'NONE', #767, #1597, #859, .T. ) ;
#435 = DIRECTION ( 'NONE',  ( 0.000000000000000000, 0.000000000000000000, -1.000000000000000000 ) ) ;
#436 = CARTESIAN_POINT ( 'NONE',  ( 6.798699777552591143E-17, 1.110223024625156540E-16, 0.5000000000000000000 ) ) ;
#437 = CARTESIAN_POINT ( 'NONE',  ( 1.072208461386845890, 1.168754882211734403, 1.665736379848098414 ) ) ;
#438 = CARTESIAN_POINT ( 'NONE',  ( 0.2500000000000000000, 3.146446609406726491, 3.750000000000000000 ) ) ;
#439 = ORIENTED_EDGE ( 'NONE', *, *, #1623, .T. ) ;
#440 = LINE ( 'NONE', #1969, #1556 ) ;
#441 = ORIENTED_EDGE ( 'NONE', *, *, #1047, .T. ) ;
#442 = CARTESIAN_POINT ( 'NONE',  ( 0.9499999999999999556, 2.580213169488133396, 1.199999999999999956 ) ) ;
#443 = LINE ( 'NONE', #1361, #137 ) ;
#444 = CARTESIAN_POINT ( 'NONE',  ( 3.146446609406726491, 0.000000000000000000, 4.000000000000000000 ) ) ;
#445 = DIRECTION ( 'NONE',  ( 1.000000000000000000, -0.000000000000000000, -0.000000000000000000 ) ) ;
#446 = ORIENTED_EDGE ( 'NONE', *, *, #827, .T. ) ;
#447 = LINE ( 'NONE', #252, #1098 ) ;
#448 = AXIS2_PLACEMENT_3D ( 'NONE', #1471, #1314, #370 ) ;
#449 = EDGE_LOOP ( 'NONE', ( #1502, #1541, #713, #1728, #1034, #1359 ) ) ;
#450 = CARTESIAN_POINT ( 'NONE',  ( 0.7515881895818417036, 0.03079691223841843351, 2.173783100554571135 ) ) ;
#451 = EDGE_CURVE ( 'NONE', #1706, #69, #667, .T. ) ;
#452 = EDGE_CURVE ( 'NONE', #314, #85, #967, .T. ) ;
#453 = CARTESIAN_POINT ( 'NONE',  ( 0.2456406498379847259, 2.261282027927437266, 0.3426635033063828439 ) ) ;
#454 = DIRECTION ( 'NONE',  ( 0.000000000000000000, -1.000000000000000000, 0.000000000000000000 ) ) ;
#455 = CARTESIAN_POINT ( 'NONE',  ( 1.199999999999999956, 0.000000000000000000, 2.749545416973503631 ) ) ;
#456 = VECTOR ( 'NONE', #701, 100.0000000000000000 ) ;
#457 = VERTEX_POINT ( 'NONE', #1208 ) ;
#458 = CARTESIAN_POINT ( 'NONE',  ( 2.203377771812741415, 0.6577967572087382031, 0.05980042771832861509 ) ) ;
#459 = ORIENTED_EDGE ( 'NONE', *, *, #1928, .F. ) ;
#460 = CIRCLE ( 'NONE', #397, 3.000000000000000000 ) ;
#461 = CARTESIAN_POINT ( 'NONE',  ( 0.005768686730278153353, 0.8753117422505625189, 2.128001743998886752 ) ) ;
#462 = AXIS2_PLACEMENT_3D ( 'NONE', #1594, #668, #1715 ) ;
#463 = VECTOR ( 'NONE', #1955, 100.0000000000000000 ) ;
#464 = CARTESIAN_POINT ( 'NONE',  ( 0.7816192738129050799, 2.163252714963676659, 0.02361860684123384332 ) ) ;
#465 = VECTOR ( 'NONE', #1189, 100.0000000000000000 ) ;
#466 = SPHERICAL_SURFACE ( 'NONE', #103, 3.000000000000000000 ) ;
#467 = ORIENTED_EDGE ( 'NONE', *, *, #178, .T. ) ;
#468 = VERTEX_POINT ( 'NONE', #1964 ) ;
#469 = DIRECTION ( 'NONE',  ( -0.000000000000000000, -1.000000000000000000, -0.000000000000000000 ) ) ;
#470 = ORIENTED_EDGE ( 'NONE', *, *, #1385, .F. ) ;
#471 = VERTEX_POINT ( 'NONE', #743 ) ;
#472 = CARTESIAN_POINT ( 'NONE',  ( 7.623296525288700163E-19, 2.100992591665255649, 0.9383579256450204076 ) ) ;
#473 = EDGE_CURVE ( 'NONE', #648, #1067, #1546, .T. ) ;
#474 = DIRECTION ( 'NONE',  ( -0.000000000000000000, 1.000000000000000000, -0.000000000000000000 ) ) ;
#475 = CARTESIAN_POINT ( 'NONE',  ( 0.2500000000000000000, 3.750000000000000000, 3.146446609406726491 ) ) ;
#476 = EDGE_LOOP ( 'NONE', ( #1279, #1163, #418, #762 ) ) ;
#477 = LINE ( 'NONE', #1562, #1981 ) ;
#478 = EDGE_CURVE ( 'NONE', #1662, #1808, #752, .T. ) ;
#479 = ORIENTED_EDGE ( 'NONE', *, *, #1474, .F. ) ;
#480 = ORIENTED_EDGE ( 'NONE', *, *, #787, .F. ) ;
#481 = CARTESIAN_POINT ( 'NONE',  ( 0.000000000000000000, 0.8989004283851135257, 2.864171221078160912 ) ) ;
#482 = DIRECTION ( 'NONE',  ( -1.000000000000000000, -0.000000000000000000, -0.000000000000000000 ) ) ;
#483 = DIRECTION ( 'NONE',  ( 1.359739955510518229E-16, 2.220446049250313081E-16, 1.000000000000000000 ) ) ;
#484 = DIRECTION ( 'NONE',  ( -1.000000000000000000, 0.000000000000000000, 0.000000000000000000 ) ) ;
#485 = EDGE_CURVE ( 'NONE', #284, #237, #257, .T. ) ;
#486 = CIRCLE ( 'NONE', #225, 1.962141687034858029 ) ;
#487 = ORIENTED_EDGE ( 'NONE', *, *, #1349, .T. ) ;
#488 = EDGE_LOOP ( 'NONE', ( #210, #1664, #845, #757 ) ) ;
#489 = CARTESIAN_POINT ( 'NONE',  ( 0.000000000000000000, 0.2500000000000000000, 3.750000000000000000 ) ) ;
#490 = EDGE_CURVE ( 'NONE', #919, #1233, #1897, .T. ) ;
#491 = FACE_OUTER_BOUND ( 'NONE', #1250, .T. ) ;
#492 = CARTESIAN_POINT ( 'NONE',  ( 1.059416494004433940, 1.175384026909120472, 2.548801738795681615 ) ) ;
#493 = VERTEX_POINT ( 'NONE', #732 ) ;
#494 = CARTESIAN_POINT ( 'NONE',  ( 0.6889821447559164591, 0.04903683215322099387, 2.194097814154805537 ) ) ;
#495 = ORIENTED_EDGE ( 'NONE', *, *, #234, .T. ) ;
#496 = DIRECTION ( 'NONE',  ( 5.329070518200751394E-15, -1.261825656901686798E-16, -1.000000000000000000 ) ) ;
#497 = PLANE ( 'NONE',  #1946 ) ;
#498 = CARTESIAN_POINT ( 'NONE',  ( 2.071231517720797388, 0.000000000000000000, 1.000000000000000222 ) ) ;
#499 = VERTEX_POINT ( 'NONE', #571 ) ;
#500 = LINE ( 'NONE', #1740, #9 ) ;
#501 = CARTESIAN_POINT ( 'NONE',  ( 1.000000000000000000, 0.2500000000000000000, 4.000000000000000000 ) ) ;
#502 = ORIENTED_EDGE ( 'NONE', *, *, #1046, .F. ) ;
#503 = VECTOR ( 'NONE', #1497, 100.0000000000000000 ) ;
#504 = EDGE_CURVE ( 'NONE', #1071, #1332, #1737, .T. ) ;
#505 = CARTESIAN_POINT ( 'NONE',  ( 0.000000000000000000, 0.000000000000000000, 0.000000000000000000 ) ) ;
#506 = CARTESIAN_POINT ( 'NONE',  ( 0.000000000000000000, 3.633180424916990781, 0.000000000000000000 ) ) ;
#507 = CARTESIAN_POINT ( 'NONE',  ( 0.000000000000000000, 1.199999999999999734, -1.343405716521675022E-16 ) ) ;
#508 = ORIENTED_EDGE ( 'NONE', *, *, #1474, .T. ) ;
#509 = CARTESIAN_POINT ( 'NONE',  ( 2.917190429162964449, 0.04654946694321870915, 0.6984505330567811754 ) ) ;
#510 = DIRECTION ( 'NONE',  ( -0.000000000000000000, -0.000000000000000000, -1.000000000000000000 ) ) ;
#511 = EDGE_CURVE ( 'NONE', #1067, #866, #2005, .T. ) ;
#512 = AXIS2_PLACEMENT_3D ( 'NONE', #269, #158, #1526 ) ;
#513 = VERTEX_POINT ( 'NONE', #876 ) ;
#514 = FACE_OUTER_BOUND ( 'NONE', #173, .T. ) ;
#515 = DIRECTION ( 'NONE',  ( -1.359739955510518475E-16, 1.000000000000000000, -2.220446049250313081E-16 ) ) ;
#516 = DIRECTION ( 'NONE',  ( 1.000000000000000000, 0.000000000000000000, 2.239009527536125941E-16 ) ) ;
#517 = ORIENTED_EDGE ( 'NONE', *, *, #1830, .T. ) ;
#518 = CARTESIAN_POINT ( 'NONE',  ( 1.669835232985213525, 1.057456337646956790, 1.176321238432472605 ) ) ;
#519 = CARTESIAN_POINT ( 'NONE',  ( 0.000000000000000000, 0.5000000000000000000, 3.146446609406726491 ) ) ;
#520 = CARTESIAN_POINT ( 'NONE',  ( 2.828427124746189847, 0.000000000000000000, 1.000000000000000000 ) ) ;
#521 = VECTOR ( 'NONE', #730, 100.0000000000000000 ) ;
#522 = ORIENTED_EDGE ( 'NONE', *, *, #1676, .F. ) ;
#523 = CARTESIAN_POINT ( 'NONE',  ( -8.326672684688674053E-16, 3.750000000000000000, 3.146446609406726491 ) ) ;
#524 = DIRECTION ( 'NONE',  ( 1.000000000000000000, 2.220446049250313081E-16, -0.000000000000000000 ) ) ;
#525 = ADVANCED_FACE ( 'NONE', ( #1187 ), #1680, .T. ) ;
#526 = CARTESIAN_POINT ( 'NONE',  ( 0.9652231938737961814, 1.708404779385120253, 1.200000000000000178 ) ) ;
#527 = FACE_OUTER_BOUND ( 'NONE', #126, .T. ) ;
#528 = VERTEX_POINT ( 'NONE', #722 ) ;
#529 = CARTESIAN_POINT ( 'NONE',  ( 1.000000000000000000, 0.000000000000000000, 4.000000000000000000 ) ) ;
#530 = AXIS2_PLACEMENT_3D ( 'NONE', #475, #793, #1417 ) ;
#531 = DIRECTION ( 'NONE',  ( 1.000000000000000000, 0.000000000000000000, 0.000000000000000000 ) ) ;
#532 = ADVANCED_FACE ( 'NONE', ( #1197 ), #272, .F. ) ;
#533 = DIRECTION ( 'NONE',  ( 1.000000000000000000, 0.000000000000000000, 0.000000000000000000 ) ) ;
#534 = ORIENTED_EDGE ( 'NONE', *, *, #1290, .T. ) ;
#535 = DIRECTION ( 'NONE',  ( -1.000000000000000000, 0.000000000000000000, -2.239009527536125448E-16 ) ) ;
#536 = CARTESIAN_POINT ( 'NONE',  ( 1.198628983868561537, 1.700658072451458391, 0.9804823316337428762 ) ) ;
#537 = VECTOR ( 'NONE', #1016, 100.0000000000000000 ) ;
#538 = ORIENTED_EDGE ( 'NONE', *, *, #1633, .F. ) ;
#539 = CARTESIAN_POINT ( 'NONE',  ( 1.716828471338939233, 1.199999999999999956, 0.9500000000000002887 ) ) ;
#540 = LINE ( 'NONE', #239, #107 ) ;
#541 = PLANE ( 'NONE',  #1179 ) ;
#542 = VERTEX_POINT ( 'NONE', #291 ) ;
#543 = CARTESIAN_POINT ( 'NONE',  ( 1.000000000000000000, 4.000000000000000000, 0.2500000000000002220 ) ) ;
#544 = AXIS2_PLACEMENT_3D ( 'NONE', #219, #229, #1298 ) ;
#545 = DIRECTION ( 'NONE',  ( -1.000000000000000000, 0.000000000000000000, 0.000000000000000000 ) ) ;
#546 = APPLICATION_PROTOCOL_DEFINITION ( 'draft international standard', 'automotive_design', 1998, #837 ) ;
#547 = ORIENTED_EDGE ( 'NONE', *, *, #828, .F. ) ;
#548 = DIRECTION ( 'NONE',  ( 1.000000000000000000, 0.000000000000000000, 0.000000000000000000 ) ) ;
#549 = ADVANCED_FACE ( 'NONE', ( #282 ), #901, .F. ) ;
#550 = VECTOR ( 'NONE', #515, 100.0000000000000000 ) ;
#551 = CARTESIAN_POINT ( 'NONE',  ( 0.8982487797406537577, 0.000000000000000000, 3.590865954648800429 ) ) ;
#552 = CARTESIAN_POINT ( 'NONE',  ( 2.559683646516397015, 1.192431142330480309, 1.013117141857028836 ) ) ;
#553 = ORIENTED_EDGE ( 'NONE', *, *, #1689, .T. ) ;
#554 = CARTESIAN_POINT ( 'NONE',  ( 1.000000000000000000, 3.562302626111376380, 0.000000000000000000 ) ) ;
#555 = AXIS2_PLACEMENT_3D ( 'NONE', #1608, #1785, #1341 ) ;
#556 = EDGE_CURVE ( 'NONE', #954, #1445, #1835, .T. ) ;
#557 = AXIS2_PLACEMENT_3D ( 'NONE', #1261, #1883, #1115 ) ;
#558 = CARTESIAN_POINT ( 'NONE',  ( 3.146446609406726491, 0.2500000000000000000, 4.000000000000000000 ) ) ;
#559 = FACE_OUTER_BOUND ( 'NONE', #937, .T. ) ;
#560 = ORIENTED_EDGE ( 'NONE', *, *, #478, .T. ) ;
#561 = LINE ( 'NONE', #1455, #1069 ) ;
#562 = LINE ( 'NONE', #1021, #463 ) ;
#563 = CYLINDRICAL_SURFACE ( 'NONE', #1499, 0.2500000000000000555 ) ;
#564 = VERTEX_POINT ( 'NONE', #1530 ) ;
#565 = CARTESIAN_POINT ( 'NONE',  ( -6.986514943034208816E-16, 3.146446609406726491, 3.500000000000000444 ) ) ;
#566 = EDGE_CURVE ( 'NONE', #1071, #110, #1226, .T. ) ;
#567 = ORIENTED_EDGE ( 'NONE', *, *, #504, .F. ) ;
#568 = CARTESIAN_POINT ( 'NONE',  ( 0.000000000000000000, 0.5000000000000000000, 4.000000000000000000 ) ) ;
#569 = DIRECTION ( 'NONE',  ( 0.000000000000000000, -1.000000000000000000, 0.000000000000000000 ) ) ;
#570 = EDGE_LOOP ( 'NONE', ( #1383, #1412, #407, #185, #1219, #737 ) ) ;
#571 = CARTESIAN_POINT ( 'NONE',  ( 0.000000000000000000, 1.000000000000000000, 3.750000000000000000 ) ) ;
#572 = CARTESIAN_POINT ( 'NONE',  ( 1.000000000000000000, 0.2500000000000000000, 3.750000000000000000 ) ) ;
#573 = CARTESIAN_POINT ( 'NONE',  ( 4.000000000000000000, 3.146446609406726935, 4.000000000000000000 ) ) ;
#574 = ORIENTED_EDGE ( 'NONE', *, *, #478, .F. ) ;
#575 = ORIENTED_EDGE ( 'NONE', *, *, #1610, .F. ) ;
#576 = SPHERICAL_SURFACE ( 'NONE', #1618, 3.000000000000000000 ) ;
#577 = EDGE_LOOP ( 'NONE', ( #1013, #1931, #389, #636, #83, #1685, #1845, #1914 ) ) ;
#578 = EDGE_CURVE ( 'NONE', #228, #879, #1646, .T. ) ;
#579 = FACE_OUTER_BOUND ( 'NONE', #432, .T. ) ;
#580 = CARTESIAN_POINT ( 'NONE',  ( 0.3410532136154283411, 2.261373980183027488, 0.2470429238222225377 ) ) ;
#581 = CIRCLE ( 'NONE', #392, 1.280624847486572682 ) ;
#582 = CARTESIAN_POINT ( 'NONE',  ( 2.580213169488133396, 0.9499999999999998446, 1.200000000000000178 ) ) ;
#583 = CARTESIAN_POINT ( 'NONE',  ( 1.057456337646957234, 1.176321238432471494, 1.669835232985213525 ) ) ;
#584 = DIRECTION ( 'NONE',  ( -1.000000000000000000, 0.000000000000000000, 0.000000000000000000 ) ) ;
#585 = ORIENTED_EDGE ( 'NONE', *, *, #681, .T. ) ;
#586 = CARTESIAN_POINT ( 'NONE',  ( 1.000000000000000000, 0.000000000000000000, 2.828427124746190291 ) ) ;
#587 = ORIENTED_EDGE ( 'NONE', *, *, #196, .F. ) ;
#588 = CARTESIAN_POINT ( 'NONE',  ( 3.562302626111376380, 1.000000000000000000, 0.000000000000000000 ) ) ;
#589 = MANIFOLD_SOLID_BREP ( 'Fillet13', #1731 ) ;
#590 = CARTESIAN_POINT ( 'NONE',  ( 0.000000000000000000, 2.749545416973503631, 1.199999999999999956 ) ) ;
#591 = DIRECTION ( 'NONE',  ( 1.359739955510518475E-16, -1.000000000000000000, 2.220446049250313081E-16 ) ) ;
#592 = EDGE_CURVE ( 'NONE', #1821, #1649, #958, .T. ) ;
#593 = ORIENTED_EDGE ( 'NONE', *, *, #1484, .F. ) ;
#594 = ORIENTED_EDGE ( 'NONE', *, *, #1974, .F. ) ;
#595 = DIRECTION ( 'NONE',  ( -0.000000000000000000, -0.000000000000000000, 1.000000000000000000 ) ) ;
#596 = EDGE_CURVE ( 'NONE', #1267, #1935, #460, .T. ) ;
#597 = EDGE_CURVE ( 'NONE', #1586, #1459, #1395, .T. ) ;
#598 = ORIENTED_EDGE ( 'NONE', *, *, #1884, .T. ) ;
#599 = LINE ( 'NONE', #29, #780 ) ;
#600 = FACE_OUTER_BOUND ( 'NONE', #1970, .T. ) ;
#601 = CARTESIAN_POINT ( 'NONE',  ( 4.000000000000000000, 0.2500000000000000000, 4.000000000000000000 ) ) ;
#602 = CARTESIAN_POINT ( 'NONE',  ( 3.633180424916990781, 0.000000000000000000, 0.000000000000000000 ) ) ;
#603 = ORIENTED_EDGE ( 'NONE', *, *, #1747, .F. ) ;
#604 = AXIS2_PLACEMENT_3D ( 'NONE', #414, #150, #761 ) ;
#605 = CARTESIAN_POINT ( 'NONE',  ( 1.199999999999999956, 0.9500000000000001776, 1.200000000000000400 ) ) ;
#606 = EDGE_LOOP ( 'NONE', ( #312, #1262, #7, #1487, #441, #1953 ) ) ;
#607 = CARTESIAN_POINT ( 'NONE',  ( 0.7983071989884336084, 0.01496762463633139785, 2.893786121051218796 ) ) ;
#608 = LINE ( 'NONE', #1238, #1003 ) ;
#609 = CARTESIAN_POINT ( 'NONE',  ( 0.04654946694321854955, 0.6984505330567815085, 3.633180424916990781 ) ) ;
#610 = VECTOR ( 'NONE', #1538, 100.0000000000000000 ) ;
#611 = ORIENTED_EDGE ( 'NONE', *, *, #955, .F. ) ;
#612 = AXIS2_PLACEMENT_3D ( 'NONE', #1773, #70, #1467 ) ;
#613 = ORIENTED_EDGE ( 'NONE', *, *, #301, .F. ) ;
#614 = CARTESIAN_POINT ( 'NONE',  ( 1.192431142330480753, 1.013117141857027947, 2.559683646516397015 ) ) ;
#615 = AXIS2_PLACEMENT_3D ( 'NONE', #656, #510, #672 ) ;
#616 = ORIENTED_EDGE ( 'NONE', *, *, #1128, .T. ) ;
#617 = ADVANCED_FACE ( 'NONE', ( #1249 ), #497, .F. ) ;
#618 = AXIS2_PLACEMENT_3D ( 'NONE', #1353, #877, #1498 ) ;
#619 = AXIS2_PLACEMENT_3D ( 'NONE', #1234, #655, #930 ) ;
#620 = DIRECTION ( 'NONE',  ( 0.000000000000000000, 0.000000000000000000, 1.000000000000000000 ) ) ;
#621 = EDGE_CURVE ( 'NONE', #528, #767, #159, .T. ) ;
#622 = AXIS2_PLACEMENT_3D ( 'NONE', #1269, #42, #1291 ) ;
#623 = CARTESIAN_POINT ( 'NONE',  ( 0.000000000000000000, 0.000000000000000000, 1.000000000000000222 ) ) ;
#624 = DIRECTION ( 'NONE',  ( 1.000000000000000000, 0.000000000000000000, 0.000000000000000000 ) ) ;
#625 = VERTEX_POINT ( 'NONE', #36 ) ;
#626 = CARTESIAN_POINT ( 'NONE',  ( 4.000000000000000000, 3.146446609406726935, 4.000000000000000000 ) ) ;
#627 = ADVANCED_FACE ( 'NONE', ( #651 ), #466, .T. ) ;
#628 = EDGE_LOOP ( 'NONE', ( #1909, #1591, #12, #207 ) ) ;
#629 = DIRECTION ( 'NONE',  ( 0.000000000000000000, 0.000000000000000000, 1.000000000000000000 ) ) ;
#630 = ADVANCED_FACE ( 'NONE', ( #310 ), #188, .T. ) ;
#631 = FACE_OUTER_BOUND ( 'NONE', #1242, .T. ) ;
#632 = CARTESIAN_POINT ( 'NONE',  ( 2.263459456886845356, 0.2924732860502369802, 0.2909011687335870122 ) ) ;
#633 = PLANE ( 'NONE',  #557 ) ;
#634 = ORIENTED_EDGE ( 'NONE', *, *, #265, .T. ) ;
#635 = VECTOR ( 'NONE', #831, 100.0000000000000000 ) ;
#636 = ORIENTED_EDGE ( 'NONE', *, *, #25, .T. ) ;
#637 = EDGE_CURVE ( 'NONE', #1630, #327, #782, .T. ) ;
#638 = CARTESIAN_POINT ( 'NONE',  ( 1.000000000000000000, 3.750000000000000000, 0.000000000000000000 ) ) ;
#639 = FACE_OUTER_BOUND ( 'NONE', #54, .T. ) ;
#640 = FACE_OUTER_BOUND ( 'NONE', #725, .T. ) ;
#641 = CARTESIAN_POINT ( 'NONE',  ( 0.9500000000000001776, 1.199999999999999956, 2.580213169488133396 ) ) ;
#642 = ORIENTED_EDGE ( 'NONE', *, *, #1711, .T. ) ;
#643 = CARTESIAN_POINT ( 'NONE',  ( 0.4999999999999990563, 3.146446609406726491, 4.000000000000000000 ) ) ;
#644 = CARTESIAN_POINT ( 'NONE',  ( 0.000000000000000000, 0.000000000000000000, 1.199999999999999956 ) ) ;
#645 = CIRCLE ( 'NONE', #869, 0.7500000000000001110 ) ;
#646 = ORIENTED_EDGE ( 'NONE', *, *, #64, .T. ) ;
#647 = B_SPLINE_CURVE_WITH_KNOTS ( 'NONE', 3,
 ( #1522, #1945, #419, #554 ),
 .UNSPECIFIED., .F., .F.,
 ( 4, 4 ),
 ( 0.000000000000000000, 0.003132452653272931389 ),
 .UNSPECIFIED. ) ;
#648 = VERTEX_POINT ( 'NONE', #1121 ) ;
#649 = VECTOR ( 'NONE', #66, 100.0000000000000000 ) ;
#650 = CARTESIAN_POINT ( 'NONE',  ( 2.071231517720797388, 0.9999999999999998890, 0.000000000000000000 ) ) ;
#651 = FACE_OUTER_BOUND ( 'NONE', #1313, .T. ) ;
#652 = CIRCLE ( 'NONE', #1951, 0.2500000000000002220 ) ;
#653 = DIRECTION ( 'NONE',  ( -0.000000000000000000, -1.000000000000000000, -0.000000000000000000 ) ) ;
#654 = ORIENTED_EDGE ( 'NONE', *, *, #1257, .F. ) ;
#655 = DIRECTION ( 'NONE',  ( -0.000000000000000000, 1.000000000000000000, 0.000000000000000000 ) ) ;
#656 = CARTESIAN_POINT ( 'NONE',  ( 0.000000000000000000, 0.000000000000000000, 0.000000000000000000 ) ) ;
#657 = EDGE_CURVE ( 'NONE', #721, #919, #1716, .T. ) ;
#658 = ADVANCED_FACE ( 'NONE', ( #1407 ), #792, .F. ) ;
#659 = VERTEX_POINT ( 'NONE', #23 ) ;
#660 = CYLINDRICAL_SURFACE ( 'NONE', #106, 0.2500000000000002220 ) ;
#661 = LINE ( 'NONE', #1286, #1432 ) ;
#662 = CARTESIAN_POINT ( 'NONE',  ( 2.163252714963676659, 0.02361860684123344781, 0.7816192738129059681 ) ) ;
#663 = ORIENTED_EDGE ( 'NONE', *, *, #1349, .F. ) ;
#664 = CARTESIAN_POINT ( 'NONE',  ( 0.9383579256450209627, 1.524659305057740610E-18, 2.100992591665256093 ) ) ;
#665 = DIRECTION ( 'NONE',  ( -0.000000000000000000, 0.000000000000000000, 1.000000000000000000 ) ) ;
#666 = EDGE_LOOP ( 'NONE', ( #654, #1190, #275, #1138, #1987, #1501 ) ) ;
#667 = CIRCLE ( 'NONE', #346, 3.000000000000000000 ) ;
#668 = DIRECTION ( 'NONE',  ( 1.000000000000000000, -0.000000000000000000, -0.000000000000000000 ) ) ;
#669 = DIRECTION ( 'NONE',  ( 0.000000000000000000, 0.000000000000000000, 1.000000000000000000 ) ) ;
#670 = EDGE_LOOP ( 'NONE', ( #998, #616, #337, #613, #1477 ) ) ;
#671 = CARTESIAN_POINT ( 'NONE',  ( 1.659954090785924929, 1.149630926167037659, 1.101453410093379270 ) ) ;
#672 = DIRECTION ( 'NONE',  ( 1.000000000000000000, -9.769962616701379133E-15, 0.000000000000000000 ) ) ;
#673 = AXIS2_PLACEMENT_3D ( 'NONE', #1806, #1033, #1650 ) ;
#674 = EDGE_LOOP ( 'NONE', ( #1839, #1297, #49, #574 ) ) ;
#675 = ADVANCED_FACE ( 'NONE', ( #639 ), #1270, .T. ) ;
#676 = CARTESIAN_POINT ( 'NONE',  ( 1.000000000000000000, 0.000000000000000000, 3.750000000000000000 ) ) ;
#677 = VECTOR ( 'NONE', #1601, 100.0000000000000000 ) ;
#678 = EDGE_CURVE ( 'NONE', #327, #1550, #1917, .T. ) ;
#679 = CARTESIAN_POINT ( 'NONE',  ( 0.5000000000000000000, 1.110223024625156540E-16, 0.000000000000000000 ) ) ;
#680 = CARTESIAN_POINT ( 'NONE',  ( 1.058050673600418046, 1.669649317380719644, 1.176053937973594365 ) ) ;
#681 = EDGE_CURVE ( 'NONE', #1630, #1094, #1688, .T. ) ;
#682 = DIRECTION ( 'NONE',  ( 0.000000000000000000, 0.000000000000000000, -1.000000000000000000 ) ) ;
#683 = ORIENTED_EDGE ( 'NONE', *, *, #849, .T. ) ;
#684 = DIRECTION ( 'NONE',  ( 0.000000000000000000, -1.000000000000000000, 1.119504763768062724E-16 ) ) ;
#685 = CARTESIAN_POINT ( 'NONE',  ( 1.199999999999999956, -1.343405716521675022E-16, 0.000000000000000000 ) ) ;
#686 = CARTESIAN_POINT ( 'NONE',  ( 0.000000000000000000, 0.000000000000000000, 4.000000000000000000 ) ) ;
#687 = VERTEX_POINT ( 'NONE', #1306 ) ;
#688 = PLANE ( 'NONE',  #903 ) ;
#689 = LINE ( 'NONE', #843, #699 ) ;
#690 =( LENGTH_UNIT ( ) NAMED_UNIT ( * ) SI_UNIT ( .CENTI., .METRE. ) );
#691 = ORIENTED_EDGE ( 'NONE', *, *, #1907, .T. ) ;
#692 = FACE_OUTER_BOUND ( 'NONE', #1318, .T. ) ;
#693 = EDGE_CURVE ( 'NONE', #954, #1392, #361, .T. ) ;
#694 = LINE ( 'NONE', #519, #367 ) ;
#695 = FACE_OUTER_BOUND ( 'NONE', #403, .T. ) ;
#696 = VERTEX_POINT ( 'NONE', #1596 ) ;
#697 = EDGE_CURVE ( 'NONE', #513, #31, #661, .T. ) ;
#698 = CARTESIAN_POINT ( 'NONE',  ( 1.168754882211734625, 1.665736379848098414, 1.072208461386845668 ) ) ;
#699 = VECTOR ( 'NONE', #1614, 100.0000000000000000 ) ;
#700 = EDGE_LOOP ( 'NONE', ( #517, #45, #642, #585, #754, #307 ) ) ;
#701 = DIRECTION ( 'NONE',  ( -0.000000000000000000, 1.000000000000000000, -0.000000000000000000 ) ) ;
#702 = PLANE ( 'NONE',  #1496 ) ;
#703 = DIRECTION ( 'NONE',  ( -0.000000000000000000, -0.000000000000000000, 1.000000000000000000 ) ) ;
#704 = EDGE_LOOP ( 'NONE', ( #1832, #829, #726, #487 ) ) ;
#705 = PRODUCT_DEFINITION_SHAPE ( 'NONE', 'NONE',  #1100 ) ;
#706 = DIRECTION ( 'NONE',  ( 0.000000000000000000, 0.000000000000000000, -1.000000000000000000 ) ) ;
#707 = B_SPLINE_CURVE_WITH_KNOTS ( 'NONE', 3,
 ( #13, #481, #939, #208 ),
 .UNSPECIFIED., .F., .F.,
 ( 4, 4 ),
 ( 9.917918814960385254E-20, 0.003177701340551405875 ),
 .UNSPECIFIED. ) ;
#708 = DIRECTION ( 'NONE',  ( -1.570092458683773441E-16, 0.7071067811865467956, -0.7071067811865482389 ) ) ;
#709 = VERTEX_POINT ( 'NONE', #832 ) ;
#710 = CARTESIAN_POINT ( 'NONE',  ( 1.660065405768977653, 1.100678753183834901, 1.150211188161339049 ) ) ;
#711 = DIRECTION ( 'NONE',  ( 0.000000000000000000, 0.000000000000000000, -1.000000000000000000 ) ) ;
#712 = DIRECTION ( 'NONE',  ( -0.000000000000000000, -0.000000000000000000, 1.000000000000000000 ) ) ;
#713 = ORIENTED_EDGE ( 'NONE', *, *, #234, .F. ) ;
#714 = DIRECTION ( 'NONE',  ( 0.000000000000000000, 1.000000000000000000, 0.000000000000000000 ) ) ;
#715 = VECTOR ( 'NONE', #1876, 100.0000000000000000 ) ;
#716 = VECTOR ( 'NONE', #1840, 100.0000000000000000 ) ;
#717 = EDGE_CURVE ( 'NONE', #1088, #879, #37, .T. ) ;
#718 = ORIENTED_EDGE ( 'NONE', *, *, #1561, .T. ) ;
#719 = CARTESIAN_POINT ( 'NONE',  ( 1.198503739621020747, 2.569085728310343875, 0.9816650187034444697 ) ) ;
#720 = CARTESIAN_POINT ( 'NONE',  ( 0.000000000000000000, 0.000000000000000000, 1.000000000000000222 ) ) ;
#721 = VERTEX_POINT ( 'NONE', #209 ) ;
#722 = CARTESIAN_POINT ( 'NONE',  ( 0.6984505330567813974, 0.04654946694321854261, 3.633180424916990781 ) ) ;
#723 = CARTESIAN_POINT ( 'NONE',  ( 1.168343330755437615, 1.072950526740815924, 1.665547805729045150 ) ) ;
#724 = DIRECTION ( 'NONE',  ( 1.000000000000000000, 0.000000000000000000, -0.000000000000000000 ) ) ;
#725 = EDGE_LOOP ( 'NONE', ( #369, #774, #165, #841, #1712, #1375, #329, #1661 ) ) ;
#726 = ORIENTED_EDGE ( 'NONE', *, *, #434, .T. ) ;
#727 = ADVANCED_FACE ( 'NONE', ( #1130 ), #821, .F. ) ;
#728 = FACE_OUTER_BOUND ( 'NONE', #162, .T. ) ;
#729 = ORIENTED_EDGE ( 'NONE', *, *, #64, .F. ) ;
#730 = DIRECTION ( 'NONE',  ( 0.000000000000000000, -1.000000000000000000, 0.000000000000000000 ) ) ;
#731 = CARTESIAN_POINT ( 'NONE',  ( 0.9999999999999998890, 2.071231517720797388, 0.000000000000000000 ) ) ;
#732 = CARTESIAN_POINT ( 'NONE',  ( 4.000000000000000000, 0.4999999999999999445, 1.178982612255162987 ) ) ;
#733 = CARTESIAN_POINT ( 'NONE',  ( 0.4999999999999993339, 3.146446609406726491, 0.000000000000000000 ) ) ;
#734 = DIRECTION ( 'NONE',  ( 0.000000000000000000, -0.000000000000000000, 1.000000000000000000 ) ) ;
#735 = ORIENTED_EDGE ( 'NONE', *, *, #490, .T. ) ;
#736 = CARTESIAN_POINT ( 'NONE',  ( 0.000000000000000000, 0.000000000000000000, 4.000000000000000000 ) ) ;
#737 = ORIENTED_EDGE ( 'NONE', *, *, #1972, .F. ) ;
#738 = CARTESIAN_POINT ( 'NONE',  ( 3.633180424916990781, 0.6984505330567815085, 0.04654946694321880629 ) ) ;
#739 = EDGE_CURVE ( 'NONE', #564, #981, #1906, .T. ) ;
#740 = CARTESIAN_POINT ( 'NONE',  ( 4.000000000000000000, 3.146446609406727823, 0.2500000000000002220 ) ) ;
#741 = CIRCLE ( 'NONE', #673, 1.280624847486572682 ) ;
#742 = ADVANCED_FACE ( 'NONE', ( #1451 ), #1140, .T. ) ;
#743 = CARTESIAN_POINT ( 'NONE',  ( 0.4999999999999990563, 3.146446609406726491, 3.500000000000000444 ) ) ;
#744 = CARTESIAN_POINT ( 'NONE',  ( 1.188351260373588847, 1.027226987622174237, 1.680157413407617595 ) ) ;
#745 = EDGE_CURVE ( 'NONE', #1580, #457, #2, .T. ) ;
#746 = ORIENTED_EDGE ( 'NONE', *, *, #55, .F. ) ;
#747 = ORIENTED_EDGE ( 'NONE', *, *, #1046, .T. ) ;
#748 = LINE ( 'NONE', #263, #1714 ) ;
#749 = ORIENTED_EDGE ( 'NONE', *, *, #1993, .F. ) ;
#750 = CARTESIAN_POINT ( 'NONE',  ( 1.199999999999999956, 0.9499999999999999556, 2.580213169488133396 ) ) ;
#751 = DIRECTION ( 'NONE',  ( -0.000000000000000000, -0.000000000000000000, -1.000000000000000000 ) ) ;
#752 = LINE ( 'NONE', #1975, #503 ) ;
#753 = DIRECTION ( 'NONE',  ( -0.000000000000000000, -1.000000000000000000, 0.000000000000000000 ) ) ;
#754 = ORIENTED_EDGE ( 'NONE', *, *, #176, .F. ) ;
#755 = CARTESIAN_POINT ( 'NONE',  ( 1.199999999999999956, -1.343405716521675022E-16, 0.000000000000000000 ) ) ;
#756 = ADVANCED_FACE ( 'NONE', ( #824 ), #404, .T. ) ;
#757 = ORIENTED_EDGE ( 'NONE', *, *, #1358, .F. ) ;
#758 = CARTESIAN_POINT ( 'NONE',  ( 0.03109880210698772254, 0.7504373359243338149, 2.174173251824864206 ) ) ;
#759 = EDGE_CURVE ( 'NONE', #1233, #1550, #561, .T. ) ;
#760 = DIRECTION ( 'NONE',  ( 1.000000000000000000, -0.000000000000000000, 0.000000000000000000 ) ) ;
#761 = DIRECTION ( 'NONE',  ( 1.000000000000000000, 0.000000000000000000, 0.000000000000000000 ) ) ;
#762 = ORIENTED_EDGE ( 'NONE', *, *, #1974, .T. ) ;
#763 = ORIENTED_EDGE ( 'NONE', *, *, #1015, .F. ) ;
#764 = VECTOR ( 'NONE', #912, 100.0000000000000000 ) ;
#765 = CARTESIAN_POINT ( 'NONE',  ( 1.198504269969505209, 0.9816584929329482678, 2.569087943353650427 ) ) ;
#766 = EDGE_CURVE ( 'NONE', #1392, #1176, #1483, .T. ) ;
#767 = VERTEX_POINT ( 'NONE', #1750 ) ;
#768 = CARTESIAN_POINT ( 'NONE',  ( 0.000000000000000000, 0.9999999999999998890, 2.071231517720797388 ) ) ;
#769 = ADVANCED_FACE ( 'NONE', ( #86 ), #1490, .T. ) ;
#770 = CARTESIAN_POINT ( 'NONE',  ( 3.999999999999999556, 0.4999999999999997780, 3.146446609406726491 ) ) ;
#771 = DIRECTION ( 'NONE',  ( -1.000000000000000000, 0.000000000000000000, 0.000000000000000000 ) ) ;
#772 = CIRCLE ( 'NONE', #356, 1.962141687034858473 ) ;
#773 = VERTEX_POINT ( 'NONE', #846 ) ;
#774 = ORIENTED_EDGE ( 'NONE', *, *, #390, .T. ) ;
#775 = CARTESIAN_POINT ( 'NONE',  ( 2.173783100554571135, 0.7515881895818415925, 0.03079691223841877004 ) ) ;
#776 = UNCERTAINTY_MEASURE_WITH_UNIT (LENGTH_MEASURE( 1.000000000000000082E-05 ), #690, 'distance_accuracy_value', 'NONE');
#777 = TOROIDAL_SURFACE ( 'NONE', #264, 0.7500000000000000000, 0.2500000000000000000 ) ;
#778 = ORIENTED_EDGE ( 'NONE', *, *, #511, .F. ) ;
#779 = EDGE_CURVE ( 'NONE', #1393, #1571, #1426, .T. ) ;
#780 = VECTOR ( 'NONE', #1891, 100.0000000000000000 ) ;
#781 = CYLINDRICAL_SURFACE ( 'NONE', #1433, 0.6999999999999997335 ) ;
#782 = LINE ( 'NONE', #1888, #1527 ) ;
#783 = B_SPLINE_CURVE_WITH_KNOTS ( 'NONE', 3,
 ( #1414, #1565, #1904, #1443 ),
 .UNSPECIFIED., .F., .F.,
 ( 4, 4 ),
 ( 0.000000000000000000, 0.003177701340551408477 ),
 .UNSPECIFIED. ) ;
#784 = DIRECTION ( 'NONE',  ( 0.000000000000000000, 0.000000000000000000, 1.000000000000000000 ) ) ;
#785 = CARTESIAN_POINT ( 'NONE',  ( 2.256938703689999492, 0.3952615506187370231, 0.2028546513324927802 ) ) ;
#786 = DIRECTION ( 'NONE',  ( -0.000000000000000000, -1.000000000000000000, -0.000000000000000000 ) ) ;
#787 = EDGE_CURVE ( 'NONE', #1196, #709, #1700, .T. ) ;
#788 = ORIENTED_EDGE ( 'NONE', *, *, #1552, .F. ) ;
#789 = ORIENTED_EDGE ( 'NONE', *, *, #566, .F. ) ;
#790 = CIRCLE ( 'NONE', #279, 0.6999999999999996225 ) ;
#791 = LINE ( 'NONE', #20, #715 ) ;
#792 = PLANE ( 'NONE',  #140 ) ;
#793 = DIRECTION ( 'NONE',  ( -0.000000000000000000, 0.000000000000000000, -1.000000000000000000 ) ) ;
#794 = DIRECTION ( 'NONE',  ( -2.220446049250313081E-16, 1.000000000000000000, 0.000000000000000000 ) ) ;
#795 = CARTESIAN_POINT ( 'NONE',  ( 1.178982612255162987, 0.4999999999999999445, 4.000000000000000000 ) ) ;
#796 = ORIENTED_EDGE ( 'NONE', *, *, #717, .T. ) ;
#797 = AXIS2_PLACEMENT_3D ( 'NONE', #1493, #569, #1195 ) ;
#798 = ORIENTED_EDGE ( 'NONE', *, *, #1102, .F. ) ;
#799 = CARTESIAN_POINT ( 'NONE',  ( 0.000000000000000000, 1.199999999999999734, -1.343405716521675022E-16 ) ) ;
#800 = PRESENTATION_STYLE_ASSIGNMENT (( #948 ) ) ;
#801 = EDGE_CURVE ( 'NONE', #1393, #1880, #1932, .T. ) ;
#802 = SPHERICAL_SURFACE ( 'NONE', #840, 2.299999999999999822 ) ;
#803 = ORIENTED_EDGE ( 'NONE', *, *, #779, .F. ) ;
#804 = ADVANCED_FACE ( 'NONE', ( #692 ), #990, .F. ) ;
#805 = LINE ( 'NONE', #1289, #268 ) ;
#806 = CIRCLE ( 'NONE', #871, 0.2500000000000000000 ) ;
#807 = CARTESIAN_POINT ( 'NONE',  ( 2.864171221078160912, 0.000000000000000000, 0.8989004283851135257 ) ) ;
#808 = EDGE_LOOP ( 'NONE', ( #892, #245, #1251, #1652 ) ) ;
#809 = AXIS2_PLACEMENT_3D ( 'NONE', #379, #1152, #1444 ) ;
#810 = DIRECTION ( 'NONE',  ( 0.000000000000000000, 0.000000000000000000, -1.000000000000000000 ) ) ;
#811 = AXIS2_PLACEMENT_3D ( 'NONE', #956, #1294, #1406 ) ;
#812 = DIRECTION ( 'NONE',  ( 1.000000000000000000, 0.000000000000000000, 0.000000000000000000 ) ) ;
#813 = AXIS2_PLACEMENT_3D ( 'NONE', #1379, #308, #1537 ) ;
#814 = VECTOR ( 'NONE', #839, 100.0000000000000000 ) ;
#815 = ORIENTED_EDGE ( 'NONE', *, *, #2000, .F. ) ;
#816 = CARTESIAN_POINT ( 'NONE',  ( 0.6984505330567815085, 0.04654946694321854955, 2.917190429162964449 ) ) ;
#817 = CARTESIAN_POINT ( 'NONE',  ( 3.750000000000000000, 1.000000000000000000, 1.000000000000000222 ) ) ;
#818 = EDGE_CURVE ( 'NONE', #659, #1288, #862, .T. ) ;
#819 = EDGE_LOOP ( 'NONE', ( #1805, #1323, #1873, #1192 ) ) ;
#820 = FACE_OUTER_BOUND ( 'NONE', #1621, .T. ) ;
#821 = PLANE ( 'NONE',  #1173 ) ;
#822 =( NAMED_UNIT ( * ) SI_UNIT ( $, .STERADIAN. ) SOLID_ANGLE_UNIT ( ) );
#823 = ORIENTED_EDGE ( 'NONE', *, *, #1040, .T. ) ;
#824 = FACE_OUTER_BOUND ( 'NONE', #138, .T. ) ;
#825 = DIRECTION ( 'NONE',  ( 1.000000000000000000, 0.000000000000000000, 0.000000000000000000 ) ) ;
#826 = LINE ( 'NONE', #171, #1342 ) ;
#827 = EDGE_CURVE ( 'NONE', #1253, #284, #1340, .T. ) ;
#828 = EDGE_CURVE ( 'NONE', #1233, #1071, #806, .T. ) ;
#829 = ORIENTED_EDGE ( 'NONE', *, *, #621, .T. ) ;
#830 = EDGE_CURVE ( 'NONE', #2001, #927, #1939, .T. ) ;
#831 = DIRECTION ( 'NONE',  ( -1.000000000000000000, -2.220446049250313081E-16, -0.000000000000000000 ) ) ;
#832 = CARTESIAN_POINT ( 'NONE',  ( 1.716828471338939233, 1.199999999999999956, 0.9500000000000002887 ) ) ;
#833 = CARTESIAN_POINT ( 'NONE',  ( 1.188404733016286796, 1.680246740022906637, 1.027015263042708737 ) ) ;
#834 = LINE ( 'NONE', #1930, #994 ) ;
#835 = EDGE_LOOP ( 'NONE', ( #274, #1004, #1957, #594 ) ) ;
#836 = DIRECTION ( 'NONE',  ( 0.000000000000000000, -8.840969474524949602E-17, -1.000000000000000000 ) ) ;
#837 = APPLICATION_CONTEXT ( 'automotive_design' ) ;
#838 = CARTESIAN_POINT ( 'NONE',  ( 4.000099999999999767, 1.199999999999999956, 2.749545416973504075 ) ) ;
#839 = DIRECTION ( 'NONE',  ( 1.000000000000000000, 1.359739955510518229E-16, -1.359739955510518475E-16 ) ) ;
#840 = AXIS2_PLACEMENT_3D ( 'NONE', #1428, #844, #1453 ) ;
#841 = ORIENTED_EDGE ( 'NONE', *, *, #1717, .T. ) ;
#842 = PLANE ( 'NONE',  #1577 ) ;
#843 = CARTESIAN_POINT ( 'NONE',  ( 0.9500000000000001776, 1.199999999999999956, 2.749545416973504075 ) ) ;
#844 = DIRECTION ( 'NONE',  ( -0.000000000000000000, 1.000000000000000000, 0.000000000000000000 ) ) ;
#845 = ORIENTED_EDGE ( 'NONE', *, *, #830, .F. ) ;
#846 = CARTESIAN_POINT ( 'NONE',  ( 0.000000000000000000, 0.9999999999999998890, 2.071231517720797388 ) ) ;
#847 = CARTESIAN_POINT ( 'NONE',  ( 3.499999999999999556, 0.000000000000000000, 3.146446609406726491 ) ) ;
#848 = DIRECTION ( 'NONE',  ( -2.239009527536125448E-16, -0.000000000000000000, 1.000000000000000000 ) ) ;
#849 = EDGE_CURVE ( 'NONE', #1767, #1626, #1334, .T. ) ;
#850 = CARTESIAN_POINT ( 'NONE',  ( 1.000000000000000000, 0.000000000000000000, 0.000000000000000000 ) ) ;
#851 = CARTESIAN_POINT ( 'NONE',  ( 4.000000000000000000, 0.000000000000000000, 0.2500000000000002220 ) ) ;
#852 = VERTEX_POINT ( 'NONE', #738 ) ;
#853 = CARTESIAN_POINT ( 'NONE',  ( 1.680157413407617595, 1.188351260373588181, 1.027226987622174903 ) ) ;
#854 = CIRCLE ( 'NONE', #1893, 0.2500000000000000000 ) ;
#855 = DIRECTION ( 'NONE',  ( 1.000000000000000000, -1.119504763768062724E-16, -0.000000000000000000 ) ) ;
#856 = DIRECTION ( 'NONE',  ( 0.000000000000000000, 1.000000000000000000, 0.000000000000000000 ) ) ;
#857 = ORIENTED_EDGE ( 'NONE', *, *, #1170, .T. ) ;
#858 = CARTESIAN_POINT ( 'NONE',  ( 0.9658629129108765587, 2.574372656989577735, 1.199999999999999956 ) ) ;
#859 = CIRCLE ( 'NONE', #246, 0.6999999999999999556 ) ;
#860 = DIRECTION ( 'NONE',  ( 0.000000000000000000, 1.000000000000000000, -0.000000000000000000 ) ) ;
#861 = VERTEX_POINT ( 'NONE', #141 ) ;
#862 = LINE ( 'NONE', #1319, #1684 ) ;
#863 = CARTESIAN_POINT ( 'NONE',  ( 3.633180424916990781, 0.04654946694321852874, 0.6984505330567813974 ) ) ;
#864 = EDGE_CURVE ( 'NONE', #1504, #223, #1370, .T. ) ;
#865 = CARTESIAN_POINT ( 'NONE',  ( 0.4999999999999990563, 3.999999999999999556, 3.146446609406726491 ) ) ;
#866 = VERTEX_POINT ( 'NONE', #433 ) ;
#867 = DIRECTION ( 'NONE',  ( -0.000000000000000000, -0.000000000000000000, 1.000000000000000000 ) ) ;
#868 = CARTESIAN_POINT ( 'NONE',  ( 0.9500000000000001776, 2.749545416973504075, 1.199999999999999956 ) ) ;
#869 = AXIS2_PLACEMENT_3D ( 'NONE', #1212, #1503, #1829 ) ;
#870 = B_SPLINE_CURVE_WITH_KNOTS ( 'NONE', 3,
 ( #1542, #163, #190, #323, #775, #1847, #458, #10, #943, #170, #785, #16, #632, #1258, #1615, #988, #1605, #1889, #48, #217, #394, #662, #1296, #1771, #498 ),
 .UNSPECIFIED., .F., .F.,
 ( 4, 2, 2, 2, 2, 2, 1, 2, 2, 2, 2, 2, 4 ),
 ( 4.605288694465369731E-20, 0.002027877279333596596, 0.003041815919000390774, 0.004055754558667184519, 0.006083631838000772875, 0.007097570477667565318, 0.008111509117334358629, 0.009125447757001151072, 0.01013938639666794352, 0.01216726367600153014, 0.01318120231566832258, 0.01419514095533511502, 0.01622301823466870685 ),
 .UNSPECIFIED. ) ;
#871 = AXIS2_PLACEMENT_3D ( 'NONE', #1782, #238, #396 ) ;
#872 = ADVANCED_FACE ( 'NONE', ( #579 ), #1035, .T. ) ;
#873 = PLANE ( 'NONE',  #797 ) ;
#874 = AXIS2_PLACEMENT_3D ( 'NONE', #335, #30, #1765 ) ;
#875 = ORIENTED_EDGE ( 'NONE', *, *, #1717, .F. ) ;
#876 = CARTESIAN_POINT ( 'NONE',  ( 3.146446609406725603, 4.000000000000000888, 0.4999999999999997780 ) ) ;
#877 = DIRECTION ( 'NONE',  ( -1.570092458683776892E-16, 0.7071067811865483499, 0.7071067811865466846 ) ) ;
#878 = CARTESIAN_POINT ( 'NONE',  ( 1.962141687034857807, 1.199999999999999956, 0.000000000000000000 ) ) ;
#879 = VERTEX_POINT ( 'NONE', #1326 ) ;
#880 = EDGE_LOOP ( 'NONE', ( #553, #989, #1523, #1204 ) ) ;
#881 = LINE ( 'NONE', #1065, #1299 ) ;
#882 = CIRCLE ( 'NONE', #462, 0.2500000000000002220 ) ;
#883 = AXIS2_PLACEMENT_3D ( 'NONE', #398, #1311, #385 ) ;
#884 = ORIENTED_EDGE ( 'NONE', *, *, #1610, .T. ) ;
#885 = LINE ( 'NONE', #509, #716 ) ;
#886 = LINE ( 'NONE', #1984, #941 ) ;
#887 = PRODUCT_CONTEXT ( 'NONE', #1232, 'mechanical' ) ;
#888 = CARTESIAN_POINT ( 'NONE',  ( 2.548801738795681615, 1.059416494004433273, 1.175384026909120694 ) ) ;
#889 = DIRECTION ( 'NONE',  ( 0.000000000000000000, 0.000000000000000000, -1.000000000000000000 ) ) ;
#890 = DIRECTION ( 'NONE',  ( -2.309263891220325604E-14, 0.000000000000000000, 1.000000000000000000 ) ) ;
#891 = ORIENTED_EDGE ( 'NONE', *, *, #1884, .F. ) ;
#892 = ORIENTED_EDGE ( 'NONE', *, *, #1825, .F. ) ;
#893 = DIRECTION ( 'NONE',  ( 1.734723475976807094E-16, -1.000000000000000000, 0.000000000000000000 ) ) ;
#894 = VECTOR ( 'NONE', #1382, 100.0000000000000142 ) ;
#895 = EDGE_CURVE ( 'NONE', #1880, #228, #1142, .T. ) ;
#896 = ORIENTED_EDGE ( 'NONE', *, *, #196, .T. ) ;
#897 = CARTESIAN_POINT ( 'NONE',  ( 1.059362108530003344, 2.548812844716446868, 1.175408601496569005 ) ) ;
#898 = EDGE_CURVE ( 'NONE', #1674, #1968, #130, .T. ) ;
#899 = EDGE_CURVE ( 'NONE', #1288, #852, #320, .T. ) ;
#900 = DIRECTION ( 'NONE',  ( 0.000000000000000000, 1.000000000000000000, 0.000000000000000000 ) ) ;
#901 = SPHERICAL_SURFACE ( 'NONE', #1478, 3.700000000000001066 ) ;
#902 = CARTESIAN_POINT ( 'NONE',  ( 1.149630926167037881, 1.101453410093378604, 1.659954090785924929 ) ) ;
#903 = AXIS2_PLACEMENT_3D ( 'NONE', #1450, #63, #1305 ) ;
#904 = ORIENTED_EDGE ( 'NONE', *, *, #1977, .F. ) ;
#905 = EDGE_LOOP ( 'NONE', ( #1272, #1702, #101, #1732, #467, #1186, #1818, #718 ) ) ;
#906 = DIRECTION ( 'NONE',  ( -0.000000000000000000, -1.000000000000000000, -0.000000000000000000 ) ) ;
#907 = ORIENTED_EDGE ( 'NONE', *, *, #1531, .T. ) ;
#908 = CARTESIAN_POINT ( 'NONE',  ( 1.167707775936290604, 2.546211652967550698, 1.074033976181827610 ) ) ;
#909 = DIRECTION ( 'NONE',  ( -1.000000000000000000, 2.664535259100376091E-15, 0.000000000000000000 ) ) ;
#910 = EDGE_CURVE ( 'NONE', #1127, #1288, #1237, .T. ) ;
#911 = VECTOR ( 'NONE', #1694, 100.0000000000000000 ) ;
#912 = DIRECTION ( 'NONE',  ( 0.000000000000000000, 0.000000000000000000, -1.000000000000000000 ) ) ;
#913 = B_SPLINE_CURVE_WITH_KNOTS ( 'NONE', 3,
 ( #1468, #551, #405, #1475 ),
 .UNSPECIFIED., .F., .F.,
 ( 4, 4 ),
 ( 0.000000000000000000, 0.003132452653272930522 ),
 .UNSPECIFIED. ) ;
#914 = DIRECTION ( 'NONE',  ( 1.000000000000000000, 0.000000000000000000, -0.000000000000000000 ) ) ;
#915 = ORIENTED_EDGE ( 'NONE', *, *, #473, .F. ) ;
#916 = DIRECTION ( 'NONE',  ( 0.000000000000000000, 0.000000000000000000, 1.000000000000000000 ) ) ;
#917 = VECTOR ( 'NONE', #977, 100.0000000000000000 ) ;
#918 = CIRCLE ( 'NONE', #1075, 3.700000000000001066 ) ;
#919 = VERTEX_POINT ( 'NONE', #543 ) ;
#920 = EDGE_CURVE ( 'NONE', #75, #1366, #1505, .T. ) ;
#921 = CARTESIAN_POINT ( 'NONE',  ( 0.04929803891861409687, 0.6882038554198190994, 2.194333114259655382 ) ) ;
#922 = AXIS2_PLACEMENT_3D ( 'NONE', #1901, #1136, #984 ) ;
#923 = CARTESIAN_POINT ( 'NONE',  ( 0.4213485426416719304, 2.253855475171163913, 0.1837282879394750990 ) ) ;
#924 = EDGE_CURVE ( 'NONE', #1968, #861, #1149, .T. ) ;
#925 = CARTESIAN_POINT ( 'NONE',  ( 2.546211652967551586, 1.074033976181827610, 1.167707775936290826 ) ) ;
#926 = CARTESIAN_POINT ( 'NONE',  ( 0.000000000000000000, 0.000000000000000000, 0.000000000000000000 ) ) ;
#927 = VERTEX_POINT ( 'NONE', #1172 ) ;
#928 = DIRECTION ( 'NONE',  ( 0.000000000000000000, -1.000000000000000000, 1.119504763768062724E-16 ) ) ;
#929 = VERTEX_POINT ( 'NONE', #1789 ) ;
#930 = DIRECTION ( 'NONE',  ( 1.000000000000000000, 0.000000000000000000, 0.000000000000000000 ) ) ;
#931 = DIRECTION ( 'NONE',  ( -0.000000000000000000, -0.000000000000000000, 1.000000000000000000 ) ) ;
#932 =( LENGTH_UNIT ( ) NAMED_UNIT ( * ) SI_UNIT ( .CENTI., .METRE. ) );
#933 = LINE ( 'NONE', #1836, #1020 ) ;
#934 = ORIENTED_EDGE ( 'NONE', *, *, #1699, .F. ) ;
#935 = STYLED_ITEM ( 'NONE', ( #800 ), #589 ) ;
#936 = CARTESIAN_POINT ( 'NONE',  ( 1.187766558950466456, 1.028969436211878197, 2.555525948925891022 ) ) ;
#937 = EDGE_LOOP ( 'NONE', ( #646, #857, #1132, #1454, #1866, #1544 ) ) ;
#938 = ORIENTED_EDGE ( 'NONE', *, *, #1271, .T. ) ;
#939 = CARTESIAN_POINT ( 'NONE',  ( 0.01496762463633126775, 0.7983071989884337194, 2.893786121051218796 ) ) ;
#940 = EDGE_CURVE ( 'NONE', #75, #1662, #1246, .T. ) ;
#941 = VECTOR ( 'NONE', #751, 100.0000000000000000 ) ;
#942 = DIRECTION ( 'NONE',  ( 1.119504763768062724E-16, 1.000000000000000000, 0.000000000000000000 ) ) ;
#943 = CARTESIAN_POINT ( 'NONE',  ( 2.240724659425429088, 0.5075896144691842693, 0.1270239916761931043 ) ) ;
#944 = CIRCLE ( 'NONE', #1559, 0.6999999999999999556 ) ;
#945 = VERTEX_POINT ( 'NONE', #558 ) ;
#946 = EDGE_LOOP ( 'NONE', ( #907, #1355, #426, #891, #1645 ) ) ;
#947 = DIRECTION ( 'NONE',  ( -0.7071067811865469066, 0.7071067811865482389, 0.000000000000000000 ) ) ;
#948 = SURFACE_STYLE_USAGE ( .BOTH. , #1862 ) ;
#949 = CARTESIAN_POINT ( 'NONE',  ( 0.000000000000000000, 0.000000000000000000, 0.000000000000000000 ) ) ;
#950 = CARTESIAN_POINT ( 'NONE',  ( 1.175408601496569228, 1.059362108530002899, 2.548812844716445980 ) ) ;
#951 = CARTESIAN_POINT ( 'NONE',  ( 0.000000000000000000, 0.000000000000000000, 4.000000000000000000 ) ) ;
#952 = ORIENTED_EDGE ( 'NONE', *, *, #1759, .T. ) ;
#953 = ADVANCED_FACE ( 'NONE', ( #1798 ), #1348, .F. ) ;
#954 = VERTEX_POINT ( 'NONE', #267 ) ;
#955 = EDGE_CURVE ( 'NONE', #696, #1220, #885, .T. ) ;
#956 = CARTESIAN_POINT ( 'NONE',  ( 0.9500000000000001776, 0.9499999999999999556, 2.749545416973504075 ) ) ;
#957 = EDGE_CURVE ( 'NONE', #1504, #1636, #805, .T. ) ;
#958 = LINE ( 'NONE', #623, #1589 ) ;
#959 = CARTESIAN_POINT ( 'NONE',  ( 3.146446609406725603, 3.750000000000000444, 0.2500000000000002220 ) ) ;
#960 = CARTESIAN_POINT ( 'NONE',  ( 0.9999999999999998890, 2.828427124746189847, 0.000000000000000000 ) ) ;
#961 = VERTEX_POINT ( 'NONE', #750 ) ;
#962 = DIRECTION ( 'NONE',  ( -1.000000000000000000, -2.220446049250313081E-16, 0.000000000000000000 ) ) ;
#963 = DIRECTION ( 'NONE',  ( 0.000000000000000000, 0.000000000000000000, 1.000000000000000000 ) ) ;
#964 = CIRCLE ( 'NONE', #187, 2.749545416973504075 ) ;
#965 = ORIENTED_EDGE ( 'NONE', *, *, #174, .T. ) ;
#966 = DIRECTION ( 'NONE',  ( -1.359739955510518722E-16, 0.000000000000000000, -1.000000000000000000 ) ) ;
#967 = B_SPLINE_CURVE_WITH_KNOTS ( 'NONE', 3,
 ( #231, #1322, #1331, #552, #1180, #424, #1373, #1802, #1658, #1039, #1391, #925, #888, #1352, #1814, #1668, #1539, #582 ),
 .UNSPECIFIED., .F., .F.,
 ( 4, 2, 2, 2, 2, 2, 2, 2, 4 ),
 ( 0.000000000000000000, 0.0005006012872357022778, 0.001001202574471404556, 0.001501803861707106834, 0.002002405148942809111, 0.002503006436178511172, 0.003003607723414213667, 0.003504209010649916162, 0.004004810297885618223 ),
 .UNSPECIFIED. ) ;
#968 = DIRECTION ( 'NONE',  ( 0.000000000000000000, 0.000000000000000000, -1.000000000000000000 ) ) ;
#969 = ORIENTED_EDGE ( 'NONE', *, *, #88, .T. ) ;
#970 = CIRCLE ( 'NONE', #512, 3.000000000000000000 ) ;
#971 = AXIS2_PLACEMENT_3D ( 'NONE', #1653, #1983, #1665 ) ;
#972 = DIRECTION ( 'NONE',  ( 1.000000000000000000, 0.000000000000000000, 0.000000000000000000 ) ) ;
#973 = ORIENTED_EDGE ( 'NONE', *, *, #1047, .F. ) ;
#974 =( GEOMETRIC_REPRESENTATION_CONTEXT ( 3 ) GLOBAL_UNCERTAINTY_ASSIGNED_CONTEXT ( ( #1086 ) ) GLOBAL_UNIT_ASSIGNED_CONTEXT ( ( #932, #1724, #1854 ) ) REPRESENTATION_CONTEXT ( 'NONE', 'WORKASPACE' ) );
#975 = FACE_OUTER_BOUND ( 'NONE', #147, .T. ) ;
#976 = VECTOR ( 'NONE', #1581, 100.0000000000000000 ) ;
#977 = DIRECTION ( 'NONE',  ( -1.000000000000000000, 0.000000000000000000, -0.000000000000000000 ) ) ;
#978 = AXIS2_PLACEMENT_3D ( 'NONE', #401, #1014, #706 ) ;
#979 = ADVANCED_FACE ( 'NONE', ( #354 ), #1078, .T. ) ;
#980 = CIRCLE ( 'NONE', #1790, 2.299999999999999822 ) ;
#981 = VERTEX_POINT ( 'NONE', #203 ) ;
#982 = DIRECTION ( 'NONE',  ( 1.734723475976807094E-16, -1.000000000000000000, 0.000000000000000000 ) ) ;
#983 = CARTESIAN_POINT ( 'NONE',  ( 0.4229619143570682027, 0.1825858929285390786, 2.253646586832278143 ) ) ;
#984 = DIRECTION ( 'NONE',  ( 0.000000000000000000, 0.000000000000000000, -1.000000000000000000 ) ) ;
#985 = ORIENTED_EDGE ( 'NONE', *, *, #504, .T. ) ;
#986 = FACE_OUTER_BOUND ( 'NONE', #946, .T. ) ;
#987 = CARTESIAN_POINT ( 'NONE',  ( 3.999999999999999556, 4.000000000000000888, 0.4999999999999985567 ) ) ;
#988 = CARTESIAN_POINT ( 'NONE',  ( 2.253855475171163469, 0.1837282879394747381, 0.4213485426416720969 ) ) ;
#989 = ORIENTED_EDGE ( 'NONE', *, *, #1462, .T. ) ;
#990 = PLANE ( 'NONE',  #544 ) ;
#991 = LINE ( 'NONE', #1178, #1857 ) ;
#992 = DIRECTION ( 'NONE',  ( 8.881784197001252323E-16, 0.000000000000000000, -1.000000000000000000 ) ) ;
#993 = ORIENTED_EDGE ( 'NONE', *, *, #637, .F. ) ;
#994 = VECTOR ( 'NONE', #968, 100.0000000000000000 ) ;
#995 = CARTESIAN_POINT ( 'NONE',  ( 0.000000000000000000, 1.000000000000000000, 3.562302626111376380 ) ) ;
#996 = CARTESIAN_POINT ( 'NONE',  ( 3.499999999999999112, 3.146446609406726935, 0.5000000000000004441 ) ) ;
#997 = DIRECTION ( 'NONE',  ( 0.000000000000000000, 0.000000000000000000, 1.000000000000000000 ) ) ;
#998 = ORIENTED_EDGE ( 'NONE', *, *, #1735, .T. ) ;
#999 = CARTESIAN_POINT ( 'NONE',  ( 1.669649317380719644, 1.176053937973594365, 1.058050673600418046 ) ) ;
#1000 = ADVANCED_FACE ( 'NONE', ( #1421 ), #1430, .F. ) ;
#1001 = DIRECTION ( 'NONE',  ( -1.261825656901687045E-16, -1.000000000000000000, 0.000000000000000000 ) ) ;
#1002 = DIRECTION ( 'NONE',  ( 1.119504763768062970E-16, 1.000000000000000000, 0.000000000000000000 ) ) ;
#1003 = VECTOR ( 'NONE', #116, 100.0000000000000142 ) ;
#1004 = ORIENTED_EDGE ( 'NONE', *, *, #1484, .T. ) ;
#1005 = LINE ( 'NONE', #215, #1325 ) ;
#1006 = AXIS2_PLACEMENT_3D ( 'NONE', #1091, #1736, #771 ) ;
#1007 = CARTESIAN_POINT ( 'NONE',  ( 1.027226987622174237, 1.680157413407617595, 1.188351260373588847 ) ) ;
#1008 = DIRECTION ( 'NONE',  ( -0.000000000000000000, 1.000000000000000000, -1.119504763768062724E-16 ) ) ;
#1009 = ORIENTED_EDGE ( 'NONE', *, *, #452, .F. ) ;
#1010 = CARTESIAN_POINT ( 'NONE',  ( 0.000000000000000000, 0.000000000000000000, 0.000000000000000000 ) ) ;
#1011 = CARTESIAN_POINT ( 'NONE',  ( 3.499999999999999556, 3.146446609406727823, 4.000000000000000000 ) ) ;
#1012 = DIRECTION ( 'NONE',  ( 0.000000000000000000, 0.000000000000000000, -1.000000000000000000 ) ) ;
#1013 = ORIENTED_EDGE ( 'NONE', *, *, #1764, .T. ) ;
#1014 = DIRECTION ( 'NONE',  ( 1.000000000000000000, 0.000000000000000000, 0.000000000000000000 ) ) ;
#1015 = EDGE_CURVE ( 'NONE', #202, #945, #1587, .T. ) ;
#1016 = DIRECTION ( 'NONE',  ( 1.000000000000000000, 0.000000000000000000, 0.000000000000000000 ) ) ;
#1017 = EDGE_CURVE ( 'NONE', #115, #1449, #599, .T. ) ;
#1018 = ORIENTED_EDGE ( 'NONE', *, *, #910, .T. ) ;
#1019 = CARTESIAN_POINT ( 'NONE',  ( 1.716828471338939455, 0.9499999999999998446, 1.199999999999999956 ) ) ;
#1020 = VECTOR ( 'NONE', #753, 100.0000000000000000 ) ;
#1021 = CARTESIAN_POINT ( 'NONE',  ( 3.146446609406726491, 0.000000000000000000, 3.500000000000000444 ) ) ;
#1022 = CARTESIAN_POINT ( 'NONE',  ( 3.499999999999999112, 3.146446609406726935, -1.174560478732102138E-15 ) ) ;
#1023 = EDGE_LOOP ( 'NONE', ( #8, #1158, #1147, #1844, #1777 ) ) ;
#1024 = DIRECTION ( 'NONE',  ( -9.769962616701379133E-15, 0.000000000000000000, 1.000000000000000000 ) ) ;
#1025 = CARTESIAN_POINT ( 'NONE',  ( 0.7983071989884336084, 2.893786121051218796, 0.01496762463633143081 ) ) ;
#1026 = VECTOR ( 'NONE', #474, 100.0000000000000000 ) ;
#1027 = CARTESIAN_POINT ( 'NONE',  ( 0.9807655256704230773, 1.700515751573996148, 1.198600795291309140 ) ) ;
#1028 = VERTEX_POINT ( 'NONE', #1992 ) ;
#1029 = DIRECTION ( 'NONE',  ( 1.000000000000000000, 0.000000000000000000, 0.000000000000000000 ) ) ;
#1030 = DIRECTION ( 'NONE',  ( 0.000000000000000000, -1.119504763768062724E-16, -1.000000000000000000 ) ) ;
#1031 = CARTESIAN_POINT ( 'NONE',  ( 1.000000000000000000, 0.000000000000000000, 4.000000000000000000 ) ) ;
#1032 = ORIENTED_EDGE ( 'NONE', *, *, #1277, .F. ) ;
#1033 = DIRECTION ( 'NONE',  ( -1.000000000000000000, 0.000000000000000000, 0.000000000000000000 ) ) ;
#1034 = ORIENTED_EDGE ( 'NONE', *, *, #1676, .T. ) ;
#1035 = CYLINDRICAL_SURFACE ( 'NONE', #971, 0.2500000000000000555 ) ;
#1036 = VECTOR ( 'NONE', #1838, 100.0000000000000000 ) ;
#1037 = LINE ( 'NONE', #851, #381 ) ;
#1038 = VECTOR ( 'NONE', #355, 100.0000000000000000 ) ;
#1039 = CARTESIAN_POINT ( 'NONE',  ( 2.541797475525497507, 1.115042410526670302, 1.138518428115434356 ) ) ;
#1040 = EDGE_CURVE ( 'NONE', #767, #1706, #1726, .T. ) ;
#1041 = CARTESIAN_POINT ( 'NONE',  ( 1.176053937973594810, 1.058050673600417380, 1.669649317380719644 ) ) ;
#1042 = CARTESIAN_POINT ( 'NONE',  ( 4.000000000000000000, 3.500000000000000444, 3.146446609406726491 ) ) ;
#1043 = ORIENTED_EDGE ( 'NONE', *, *, #1277, .T. ) ;
#1044 = ORIENTED_EDGE ( 'NONE', *, *, #1118, .F. ) ;
#1045 = PLANE ( 'NONE',  #1 ) ;
#1046 = EDGE_CURVE ( 'NONE', #1088, #1181, #500, .T. ) ;
#1047 = EDGE_CURVE ( 'NONE', #1612, #773, #351, .T. ) ;
#1048 = ORIENTED_EDGE ( 'NONE', *, *, #1561, .F. ) ;
#1049 = CARTESIAN_POINT ( 'NONE',  ( 0.9816584929329491560, 2.569087943353649983, 1.198504269969505209 ) ) ;
#1050 = CARTESIAN_POINT ( 'NONE',  ( 0.000000000000000000, 2.071231517720797388, 1.000000000000000222 ) ) ;
#1051 = DIRECTION ( 'NONE',  ( -1.359739955510518229E-16, -2.220446049250313081E-16, -1.000000000000000000 ) ) ;
#1052 = LINE ( 'NONE', #273, #1949 ) ;
#1053 = FACE_OUTER_BOUND ( 'NONE', #700, .T. ) ;
#1054 = ORIENTED_EDGE ( 'NONE', *, *, #1764, .F. ) ;
#1055 = CARTESIAN_POINT ( 'NONE',  ( -6.938893903907228378E-16, 4.000000000000000000, 0.000000000000000000 ) ) ;
#1056 = AXIS2_PLACEMENT_3D ( 'NONE', #926, #125, #890 ) ;
#1057 = VERTEX_POINT ( 'NONE', #643 ) ;
#1058 = CARTESIAN_POINT ( 'NONE',  ( 3.750000000000000000, 3.146446609406726935, 0.2500000000000002220 ) ) ;
#1059 = CARTESIAN_POINT ( 'NONE',  ( 3.146446609406726491, 0.4999999999999997780, 3.500000000000000444 ) ) ;
#1060 = CARTESIAN_POINT ( 'NONE',  ( 3.499999999999999556, 3.146446609406727823, 4.000000000000000000 ) ) ;
#1061 = AXIS2_PLACEMENT_3D ( 'NONE', #1624, #235, #545 ) ;
#1062 = LINE ( 'NONE', #1532, #1925 ) ;
#1063 = ORIENTED_EDGE ( 'NONE', *, *, #766, .T. ) ;
#1064 = ADVANCED_FACE ( 'NONE', ( #1882 ), #1729, .F. ) ;
#1065 = CARTESIAN_POINT ( 'NONE',  ( 4.000000000000000000, 0.5000000000000000000, 4.000000000000000000 ) ) ;
#1066 = B_SPLINE_CURVE_WITH_KNOTS ( 'NONE', 3,
 ( #520, #807, #1913, #1103 ),
 .UNSPECIFIED., .F., .F.,
 ( 4, 4 ),
 ( 9.917918814960412940E-20, 0.003177701340551409778 ),
 .UNSPECIFIED. ) ;
#1067 = VERTEX_POINT ( 'NONE', #192 ) ;
#1068 = CARTESIAN_POINT ( 'NONE',  ( 0.2040388987668875775, 0.3936987950065472530, 2.257106370018317598 ) ) ;
#1069 = VECTOR ( 'NONE', #1954, 100.0000000000000000 ) ;
#1070 = CARTESIAN_POINT ( 'NONE',  ( 0.2500000000000000000, 1.000000000000000000, 3.750000000000000000 ) ) ;
#1071 = VERTEX_POINT ( 'NONE', #1188 ) ;
#1072 = ORIENTED_EDGE ( 'NONE', *, *, #678, .T. ) ;
#1073 = DIRECTION ( 'NONE',  ( -1.000000000000000000, -0.000000000000000000, -0.000000000000000000 ) ) ;
#1074 = VECTOR ( 'NONE', #1583, 100.0000000000000000 ) ;
#1075 = AXIS2_PLACEMENT_3D ( 'NONE', #505, #186, #1435 ) ;
#1076 = VECTOR ( 'NONE', #825, 100.0000000000000000 ) ;
#1077 = ORIENTED_EDGE ( 'NONE', *, *, #1611, .T. ) ;
#1078 = CYLINDRICAL_SURFACE ( 'NONE', #813, 0.2500000000000002220 ) ;
#1079 = VECTOR ( 'NONE', #1002, 100.0000000000000000 ) ;
#1080 = CARTESIAN_POINT ( 'NONE',  ( 0.2028546513324925582, 2.256938703690000825, 0.3952615506187375227 ) ) ;
#1081 = ADVANCED_FACE ( 'NONE', ( #1156 ), #1774, .F. ) ;
#1082 = DIRECTION ( 'NONE',  ( -0.000000000000000000, 1.000000000000000000, 0.000000000000000000 ) ) ;
#1083 = ORIENTED_EDGE ( 'NONE', *, *, #827, .F. ) ;
#1084 = ORIENTED_EDGE ( 'NONE', *, *, #52, .F. ) ;
#1085 = FACE_OUTER_BOUND ( 'NONE', #819, .T. ) ;
#1086 = UNCERTAINTY_MEASURE_WITH_UNIT (LENGTH_MEASURE( 1.000000000000000082E-05 ), #932, 'distance_accuracy_value', 'NONE');
#1087 = ORIENTED_EDGE ( 'NONE', *, *, #1977, .T. ) ;
#1088 = VERTEX_POINT ( 'NONE', #1933 ) ;
#1089 = EDGE_CURVE ( 'NONE', #1991, #861, #1403, .T. ) ;
#1090 = CARTESIAN_POINT ( 'NONE',  ( 0.005652246868008345415, 2.127582430399759250, 0.8763201523571146900 ) ) ;
#1091 = CARTESIAN_POINT ( 'NONE',  ( 1.000000000000000000, 1.000000000000000000, 4.000000000000000000 ) ) ;
#1092 = CYLINDRICAL_SURFACE ( 'NONE', #1654, 0.2500000000000000000 ) ;
#1093 = DIRECTION ( 'NONE',  ( -0.000000000000000000, 1.119504763768062724E-16, 1.000000000000000000 ) ) ;
#1094 = VERTEX_POINT ( 'NONE', #249 ) ;
#1095 = ORIENTED_EDGE ( 'NONE', *, *, #1623, .F. ) ;
#1096 = DIRECTION ( 'NONE',  ( 0.7071067811865482389, 0.7071067811865469066, -2.531573801875556582E-16 ) ) ;
#1097 = DIRECTION ( 'NONE',  ( 0.000000000000000000, 0.000000000000000000, 1.000000000000000000 ) ) ;
#1098 = VECTOR ( 'NONE', #867, 100.0000000000000000 ) ;
#1099 = DIRECTION ( 'NONE',  ( 0.000000000000000000, 1.865174681370262988E-14, -1.000000000000000000 ) ) ;
#1100 = PRODUCT_DEFINITION ( 'UNKNOWN', '', #382, #1231 ) ;
#1101 = CARTESIAN_POINT ( 'NONE',  ( 1.074033976181828276, 1.167707775936290160, 2.546211652967550698 ) ) ;
#1102 = EDGE_CURVE ( 'NONE', #1332, #420, #1638, .T. ) ;
#1103 = CARTESIAN_POINT ( 'NONE',  ( 2.917190429162964449, 0.04654946694321861894, 0.6984505330567811754 ) ) ;
#1104 = EDGE_CURVE ( 'NONE', #1445, #1721, #562, .T. ) ;
#1105 = ORIENTED_EDGE ( 'NONE', *, *, #1464, .T. ) ;
#1106 = EDGE_CURVE ( 'NONE', #1495, #237, #415, .T. ) ;
#1107 = ORIENTED_EDGE ( 'NONE', *, *, #801, .T. ) ;
#1108 = DIRECTION ( 'NONE',  ( 0.000000000000000000, 0.000000000000000000, 1.000000000000000000 ) ) ;
#1109 = B_SPLINE_CURVE_WITH_KNOTS ( 'NONE', 3,
 ( #1952, #1153, #536, #67, #833, #1350, #698, #1929, #1161, #1472, #1779, #1770, #680, #1007, #1327, #1027, #526, #1644 ),
 .UNSPECIFIED., .F., .F.,
 ( 4, 2, 2, 2, 2, 2, 2, 2, 4 ),
 ( 0.000000000000000000, 0.0005149249598233420541, 0.001029849919646684108, 0.001544774879470026162, 0.002059699839293368216, 0.002574624799116710487, 0.003089549758940052324, 0.003604474718763394162, 0.004119399678586736432 ),
 .UNSPECIFIED. ) ;
#1110 = FILL_AREA_STYLE ('',( #1239 ) ) ;
#1111 = CARTESIAN_POINT ( 'NONE',  ( 0.000000000000000000, 0.000000000000000000, 4.000000000000000000 ) ) ;
#1112 = CARTESIAN_POINT ( 'NONE',  ( 3.633180424916990781, 0.6984505330567813974, 0.04654946694321870221 ) ) ;
#1113 = ORIENTED_EDGE ( 'NONE', *, *, #818, .F. ) ;
#1114 = CARTESIAN_POINT ( 'NONE',  ( 0.6577967572087384251, 0.05980042771832826121, 2.203377771812741415 ) ) ;
#1115 = DIRECTION ( 'NONE',  ( -1.119504763768062724E-16, -1.000000000000000000, 0.000000000000000000 ) ) ;
#1116 = ORIENTED_EDGE ( 'NONE', *, *, #1570, .F. ) ;
#1117 = ORIENTED_EDGE ( 'NONE', *, *, #485, .F. ) ;
#1118 = EDGE_CURVE ( 'NONE', #1176, #528, #913, .T. ) ;
#1119 = CIRCLE ( 'NONE', #1056, 2.299999999999999822 ) ;
#1120 = CARTESIAN_POINT ( 'NONE',  ( 3.750000000000000000, 1.000000000000000000, 1.000000000000000222 ) ) ;
#1121 = CARTESIAN_POINT ( 'NONE',  ( 3.750000000000000000, 0.000000000000000000, 3.146446609406726491 ) ) ;
#1122 = CARTESIAN_POINT ( 'NONE',  ( 0.000000000000000000, 0.000000000000000000, 0.000000000000000000 ) ) ;
#1123 = ORIENTED_EDGE ( 'NONE', *, *, #1118, .T. ) ;
#1124 = DIRECTION ( 'NONE',  ( 1.000000000000000000, -0.000000000000000000, 0.000000000000000000 ) ) ;
#1125 = CARTESIAN_POINT ( 'NONE',  ( 0.2500000000000000000, 3.750000000000000000, 4.000000000000000000 ) ) ;
#1126 = AXIS2_PLACEMENT_3D ( 'NONE', #1060, #1381, #1985 ) ;
#1127 = VERTEX_POINT ( 'NONE', #230 ) ;
#1128 = EDGE_CURVE ( 'NONE', #981, #1626, #991, .T. ) ;
#1129 = CARTESIAN_POINT ( 'NONE',  ( 4.000000000000000000, 0.000000000000000000, 0.000000000000000000 ) ) ;
#1130 = FACE_OUTER_BOUND ( 'NONE', #1143, .T. ) ;
#1131 = DIRECTION ( 'NONE',  ( 0.7071067811865469066, -0.7071067811865482389, 6.086111154919954772E-17 ) ) ;
#1132 = ORIENTED_EDGE ( 'NONE', *, *, #1799, .F. ) ;
#1133 = AXIS2_PLACEMENT_3D ( 'NONE', #1070, #1861, #435 ) ;
#1134 = CARTESIAN_POINT ( 'NONE',  ( 0.5075896144691844913, 0.1270239916761929100, 2.240724659425429088 ) ) ;
#1135 = AXIS2_PLACEMENT_3D ( 'NONE', #1607, #59, #1177 ) ;
#1136 = DIRECTION ( 'NONE',  ( 0.000000000000000000, -1.000000000000000000, 0.000000000000000000 ) ) ;
#1137 = AXIS2_PLACEMENT_3D ( 'NONE', #1440, #1301, #1579 ) ;
#1138 = ORIENTED_EDGE ( 'NONE', *, *, #637, .T. ) ;
#1139 = DIRECTION ( 'NONE',  ( -1.000000000000000000, 0.000000000000000000, 0.000000000000000000 ) ) ;
#1140 = CYLINDRICAL_SURFACE ( 'NONE', #1168, 0.2500000000000002220 ) ;
#1141 = AXIS2_PLACEMENT_3D ( 'NONE', #1215, #1822, #280 ) ;
#1142 = B_SPLINE_CURVE_WITH_KNOTS ( 'NONE', 3,
 ( #1961, #1491, #1025, #1833 ),
 .UNSPECIFIED., .F., .F.,
 ( 4, 4 ),
 ( 9.917918814960426180E-20, 0.003177701340551405875 ),
 .UNSPECIFIED. ) ;
#1143 = EDGE_LOOP ( 'NONE', ( #1691, #1967, #1511, #439 ) ) ;
#1144 = DIRECTION ( 'NONE',  ( 0.000000000000000000, 0.000000000000000000, -1.000000000000000000 ) ) ;
#1145 = CARTESIAN_POINT ( 'NONE',  ( 0.9651943844476427170, 1.199999999999999956, 1.708420720963036654 ) ) ;
#1146 = DIRECTION ( 'NONE',  ( -1.776356839400250465E-15, 0.000000000000000000, 1.000000000000000000 ) ) ;
#1147 = ORIENTED_EDGE ( 'NONE', *, *, #1831, .F. ) ;
#1148 = CARTESIAN_POINT ( 'NONE',  ( 0.4999999999999990563, 3.499999999999999556, 3.146446609406726491 ) ) ;
#1149 = B_SPLINE_CURVE_WITH_KNOTS ( 'NONE', 3,
 ( #442, #858, #1049, #253, #1948, #897, #1336, #1675, #1183, #242, #289, #908, #1479, #105, #1937, #719, #93, #1524 ),
 .UNSPECIFIED., .F., .F.,
 ( 4, 2, 2, 2, 2, 2, 2, 2, 4 ),
 ( 0.000000000000000000, 0.0005006012872357024947, 0.001001202574471404989, 0.001501803861707107484, 0.002002405148942809979, 0.002503006436178512473, 0.003003607723414214968, 0.003504209010649917463, 0.004004810297885619957 ),
 .UNSPECIFIED. ) ;
#1150 = EDGE_CURVE ( 'NONE', #513, #721, #540, .T. ) ;
#1151 = CIRCLE ( 'NONE', #14, 0.2500000000000000000 ) ;
#1152 = DIRECTION ( 'NONE',  ( 0.000000000000000000, 0.000000000000000000, 1.000000000000000000 ) ) ;
#1153 = CARTESIAN_POINT ( 'NONE',  ( 1.199999999999999956, 1.708420720963036654, 0.9651943844476427170 ) ) ;
#1154 = ORIENTED_EDGE ( 'NONE', *, *, #898, .F. ) ;
#1155 = CARTESIAN_POINT ( 'NONE',  ( 1.680246740022906637, 1.027015263042708515, 1.188404733016287240 ) ) ;
#1156 = FACE_OUTER_BOUND ( 'NONE', #1241, .T. ) ;
#1157 = CARTESIAN_POINT ( 'NONE',  ( -2.686811433043350044E-16, 0.000000000000000000, 1.199999999999999734 ) ) ;
#1158 = ORIENTED_EDGE ( 'NONE', *, *, #1441, .T. ) ;
#1159 = VECTOR ( 'NONE', #1603, 100.0000000000000000 ) ;
#1160 = CARTESIAN_POINT ( 'NONE',  ( 3.146446609406726491, 0.000000000000000000, 3.500000000000000444 ) ) ;
#1161 = CARTESIAN_POINT ( 'NONE',  ( 1.139208365751560592, 1.658564809310736354, 1.114298357412223384 ) ) ;
#1162 = CARTESIAN_POINT ( 'NONE',  ( 0.000000000000000000, 0.000000000000000000, 0.000000000000000000 ) ) ;
#1163 = ORIENTED_EDGE ( 'NONE', *, *, #1543, .T. ) ;
#1164 = DIRECTION ( 'NONE',  ( -1.359739955510518475E-16, -2.220446049250313081E-16, -1.000000000000000000 ) ) ;
#1165 = CARTESIAN_POINT ( 'NONE',  ( 0.04654946694321852874, 2.917190429162964449, 0.6984505330567813974 ) ) ;
#1166 = CARTESIAN_POINT ( 'NONE',  ( 0.000000000000000000, 3.562302626111376380, 1.000000000000000222 ) ) ;
#1167 = ORIENTED_EDGE ( 'NONE', *, *, #74, .T. ) ;
#1168 = AXIS2_PLACEMENT_3D ( 'NONE', #1758, #216, #1793 ) ;
#1169 = AXIS2_PLACEMENT_3D ( 'NONE', #1230, #313, #1409 ) ;
#1170 = EDGE_CURVE ( 'NONE', #1405, #1660, #694, .T. ) ;
#1171 = EDGE_CURVE ( 'NONE', #1721, #648, #212, .T. ) ;
#1172 = CARTESIAN_POINT ( 'NONE',  ( 0.000000000000000000, 0.9999999999999998890, 2.828427124746189847 ) ) ;
#1173 = AXIS2_PLACEMENT_3D ( 'NONE', #57, #1604, #669 ) ;
#1174 = DIRECTION ( 'NONE',  ( 0.000000000000000000, -1.000000000000000000, 1.119504763768062724E-16 ) ) ;
#1175 = VECTOR ( 'NONE', #1263, 100.0000000000000000 ) ;
#1176 = VERTEX_POINT ( 'NONE', #1300 ) ;
#1177 = DIRECTION ( 'NONE',  ( 1.000000000000000000, 0.000000000000000000, 0.000000000000000000 ) ) ;
#1178 = CARTESIAN_POINT ( 'NONE',  ( 3.999999999999999556, 3.146446609406727823, 4.000000000000000000 ) ) ;
#1179 = AXIS2_PLACEMENT_3D ( 'NONE', #406, #73, #386 ) ;
#1180 = CARTESIAN_POINT ( 'NONE',  ( 2.555525948925891466, 1.187766558950466012, 1.028969436211878419 ) ) ;
#1181 = VERTEX_POINT ( 'NONE', #1165 ) ;
#1182 = CARTESIAN_POINT ( 'NONE',  ( -3.598479194935665827E-16, 3.146446609406726491, 0.4999999999999993339 ) ) ;
#1183 = CARTESIAN_POINT ( 'NONE',  ( 1.114923042411207099, 2.541803056192091681, 1.138622864715281180 ) ) ;
#1184 = EDGE_CURVE ( 'NONE', #1220, #1821, #1275, .T. ) ;
#1185 = CARTESIAN_POINT ( 'NONE',  ( 4.000000000000000000, 3.500000000000000444, 3.146446609406726491 ) ) ;
#1186 = ORIENTED_EDGE ( 'NONE', *, *, #511, .T. ) ;
#1187 = FACE_OUTER_BOUND ( 'NONE', #670, .T. ) ;
#1188 = CARTESIAN_POINT ( 'NONE',  ( 0.000000000000000000, 3.750000000000000000, 1.000000000000000222 ) ) ;
#1189 = DIRECTION ( 'NONE',  ( 1.359739955510518475E-16, -1.000000000000000000, 2.220446049250313081E-16 ) ) ;
#1190 = ORIENTED_EDGE ( 'NONE', *, *, #1244, .T. ) ;
#1191 = PLANE ( 'NONE',  #1396 ) ;
#1192 = ORIENTED_EDGE ( 'NONE', *, *, #1404, .T. ) ;
#1193 = CARTESIAN_POINT ( 'NONE',  ( 0.000000000000000000, 0.000000000000000000, 4.000000000000000000 ) ) ;
#1194 = ADVANCED_FACE ( 'NONE', ( #1447 ), #702, .F. ) ;
#1195 = DIRECTION ( 'NONE',  ( 0.000000000000000000, -0.000000000000000000, -1.000000000000000000 ) ) ;
#1196 = VERTEX_POINT ( 'NONE', #60 ) ;
#1197 = FACE_OUTER_BOUND ( 'NONE', #570, .T. ) ;
#1198 = CARTESIAN_POINT ( 'NONE',  ( 1.200000000000000400, 0.9652231938737957373, 1.708404779385120253 ) ) ;
#1199 = ADVANCED_FACE ( 'NONE', ( #1942 ), #1794, .F. ) ;
#1200 = DIRECTION ( 'NONE',  ( -1.000000000000000000, 0.000000000000000000, -2.523651313803373596E-16 ) ) ;
#1201 = ORIENTED_EDGE ( 'NONE', *, *, #2000, .T. ) ;
#1202 = ORIENTED_EDGE ( 'NONE', *, *, #766, .F. ) ;
#1203 = DIRECTION ( 'NONE',  ( 1.000000000000000000, 0.000000000000000000, 0.000000000000000000 ) ) ;
#1204 = ORIENTED_EDGE ( 'NONE', *, *, #1441, .F. ) ;
#1205 = CARTESIAN_POINT ( 'NONE',  ( 3.590865954648800429, 0.8982487797406537577, 0.000000000000000000 ) ) ;
#1206 = CIRCLE ( 'NONE', #1169, 0.6999999999999999556 ) ;
#1207 = CARTESIAN_POINT ( 'NONE',  ( 0.7504373359243335928, 2.174173251824863762, 0.03109880210698798275 ) ) ;
#1208 = CARTESIAN_POINT ( 'NONE',  ( 0.000000000000000000, 1.199999999999999956, 1.962141687034858029 ) ) ;
#1209 = CARTESIAN_POINT ( 'NONE',  ( 1.199999999999999956, 0.9499999999999998446, 1.716828471338939233 ) ) ;
#1210 = DIRECTION ( 'NONE',  ( -1.119504763768062724E-16, -1.000000000000000000, -0.000000000000000000 ) ) ;
#1211 = ORIENTED_EDGE ( 'NONE', *, *, #1903, .T. ) ;
#1212 = CARTESIAN_POINT ( 'NONE',  ( 1.000000000000000000, 1.000000000000000000, 4.000000000000000000 ) ) ;
#1213 = ADVANCED_FACE ( 'NONE', ( #221 ), #1803, .F. ) ;
#1214 = ORIENTED_EDGE ( 'NONE', *, *, #566, .T. ) ;
#1215 = CARTESIAN_POINT ( 'NONE',  ( 0.000000000000000000, 0.000000000000000000, 0.000000000000000000 ) ) ;
#1216 = EDGE_CURVE ( 'NONE', #1580, #687, #1707, .T. ) ;
#1217 = CARTESIAN_POINT ( 'NONE',  ( 0.3936987950065470865, 2.257106370018315822, 0.2040388987668876886 ) ) ;
#1218 = DIRECTION ( 'NONE',  ( 0.000000000000000000, 0.000000000000000000, -1.000000000000000000 ) ) ;
#1219 = ORIENTED_EDGE ( 'NONE', *, *, #1735, .F. ) ;
#1220 = VERTEX_POINT ( 'NONE', #425 ) ;
#1221 = DIRECTION ( 'NONE',  ( 0.000000000000000000, -0.000000000000000000, 1.000000000000000000 ) ) ;
#1222 = VERTEX_POINT ( 'NONE', #1986 ) ;
#1223 = CARTESIAN_POINT ( 'NONE',  ( 0.7828263957070789036, 0.02335182111656840948, 2.162817957087859622 ) ) ;
#1224 = COLOUR_RGB ( '',0.7921568627450980005, 0.8196078431372548767, 0.9333333333333333481 ) ;
#1225 = DIRECTION ( 'NONE',  ( 0.000000000000000000, 0.000000000000000000, 1.000000000000000000 ) ) ;
#1226 = LINE ( 'NONE', #1843, #1642 ) ;
#1227 = VECTOR ( 'NONE', #516, 100.0000000000000000 ) ;
#1228 = DIRECTION ( 'NONE',  ( 0.000000000000000000, 0.000000000000000000, -1.000000000000000000 ) ) ;
#1229 = VERTEX_POINT ( 'NONE', #1826 ) ;
#1230 = CARTESIAN_POINT ( 'NONE',  ( 0.000000000000000000, 0.000000000000000000, 3.633180424916990781 ) ) ;
#1231 = PRODUCT_DEFINITION_CONTEXT ( 'detailed design', #837, 'design' ) ;
#1232 = APPLICATION_CONTEXT ( 'automotive_design' ) ;
#1233 = VERTEX_POINT ( 'NONE', #1647 ) ;
#1234 = CARTESIAN_POINT ( 'NONE',  ( 0.000000000000000000, 0.000000000000000000, 0.000000000000000000 ) ) ;
#1235 = ADVANCED_FACE ( 'NONE', ( #1815 ), #259, .T. ) ;
#1236 = AXIS2_PLACEMENT_3D ( 'NONE', #306, #928, #1703 ) ;
#1237 = CIRCLE ( 'NONE', #1141, 3.700000000000001066 ) ;
#1238 = CARTESIAN_POINT ( 'NONE',  ( 0.4999999999999992228, 3.323223304703366132, 3.323223304703359027 ) ) ;
#1239 = FILL_AREA_STYLE_COLOUR ( '', #1224 ) ;
#1240 = AXIS2_PLACEMENT_3D ( 'NONE', #339, #942, #1256 ) ;
#1241 = EDGE_LOOP ( 'NONE', ( #1920, #1739, #1378, #345 ) ) ;
#1242 = EDGE_LOOP ( 'NONE', ( #788, #746, #1466, #1154 ) ) ;
#1243 = CARTESIAN_POINT ( 'NONE',  ( -2.686811433043350044E-16, 0.000000000000000000, 1.199999999999999734 ) ) ;
#1244 = EDGE_CURVE ( 'NONE', #1057, #1094, #1052, .T. ) ;
#1245 = AXIS2_PLACEMENT_3D ( 'NONE', #838, #1628, #1030 ) ;
#1246 = CIRCLE ( 'NONE', #978, 3.000000000000000000 ) ;
#1247 = CIRCLE ( 'NONE', #922, 0.2500000000000000000 ) ;
#1248 = CARTESIAN_POINT ( 'NONE',  ( 0.9499999999999999556, 1.716828471338939233, 1.199999999999999956 ) ) ;
#1249 = FACE_OUTER_BOUND ( 'NONE', #577, .T. ) ;
#1250 = EDGE_LOOP ( 'NONE', ( #1113, #1860, #1979, #1886, #611, #27, #593, #459, #266, #904, #1347, #1536 ) ) ;
#1251 = ORIENTED_EDGE ( 'NONE', *, *, #1369, .F. ) ;
#1252 = CARTESIAN_POINT ( 'NONE',  ( 6.798699777552591143E-17, 1.110223024625156540E-16, 0.5000000000000000000 ) ) ;
#1253 = VERTEX_POINT ( 'NONE', #1965 ) ;
#1254 = FACE_OUTER_BOUND ( 'NONE', #628, .T. ) ;
#1255 = EDGE_CURVE ( 'NONE', #202, #1392, #1338, .T. ) ;
#1256 = DIRECTION ( 'NONE',  ( -1.000000000000000000, 0.000000000000000000, 0.000000000000000000 ) ) ;
#1257 = EDGE_CURVE ( 'NONE', #1057, #471, #1508, .T. ) ;
#1258 = CARTESIAN_POINT ( 'NONE',  ( 2.261373980183027488, 0.2470429238222221491, 0.3410532136154285632 ) ) ;
#1259 = AXIS2_PLACEMENT_3D ( 'NONE', #380, #1174, #1307 ) ;
#1260 =( GEOMETRIC_REPRESENTATION_CONTEXT ( 3 ) GLOBAL_UNCERTAINTY_ASSIGNED_CONTEXT ( ( #776 ) ) GLOBAL_UNIT_ASSIGNED_CONTEXT ( ( #690, #1437, #822 ) ) REPRESENTATION_CONTEXT ( 'NONE', 'WORKASPACE' ) );
#1261 = CARTESIAN_POINT ( 'NONE',  ( 1.199999999999999956, 1.199999999999999956, 4.000099999999999767 ) ) ;
#1262 = ORIENTED_EDGE ( 'NONE', *, *, #1216, .T. ) ;
#1263 = DIRECTION ( 'NONE',  ( -0.000000000000000000, -0.000000000000000000, 1.000000000000000000 ) ) ;
#1264 = VECTOR ( 'NONE', #1093, 100.0000000000000000 ) ;
#1265 = PLANE ( 'NONE',  #1303 ) ;
#1266 = PLANE ( 'NONE',  #1489 ) ;
#1267 = VERTEX_POINT ( 'NONE', #1976 ) ;
#1268 = CARTESIAN_POINT ( 'NONE',  ( 0.06008193390049425264, 0.6569949843654516730, 2.203614080306001366 ) ) ;
#1269 = CARTESIAN_POINT ( 'NONE',  ( 1.199999999999999956, 0.000000000000000000, 0.000000000000000000 ) ) ;
#1270 = TOROIDAL_SURFACE ( 'NONE', #809, 0.7500000000000000000, 0.2500000000000000000 ) ;
#1271 = EDGE_CURVE ( 'NONE', #1181, #75, #783, .T. ) ;
#1272 = ORIENTED_EDGE ( 'NONE', *, *, #1128, .F. ) ;
#1273 = EDGE_LOOP ( 'NONE', ( #1681, #1749, #1419, #1123, #1211, #1304, #1043, #1849, #796, #428, #1018, #191 ) ) ;
#1274 = DIRECTION ( 'NONE',  ( -1.000000000000000000, 0.000000000000000000, 0.000000000000000000 ) ) ;
#1275 = B_SPLINE_CURVE_WITH_KNOTS ( 'NONE', 3,
 ( #863, #87, #1485, #1763 ),
 .UNSPECIFIED., .F., .F.,
 ( 4, 4 ),
 ( 0.000000000000000000, 0.003132452653272932690 ),
 .UNSPECIFIED. ) ;
#1276 = CARTESIAN_POINT ( 'NONE',  ( 0.000000000000000000, 0.000000000000000000, 0.000000000000000000 ) ) ;
#1277 = EDGE_CURVE ( 'NONE', #1459, #110, #918, .T. ) ;
#1278 = DIRECTION ( 'NONE',  ( 0.000000000000000000, 0.000000000000000000, 1.000000000000000000 ) ) ;
#1279 = ORIENTED_EDGE ( 'NONE', *, *, #416, .T. ) ;
#1280 = CARTESIAN_POINT ( 'NONE',  ( 0.8989004283851137478, 1.887295860242925662E-17, 2.864171221078160912 ) ) ;
#1281 = CARTESIAN_POINT ( 'NONE',  ( 0.000000000000000000, 2.917190429162964449, 0.000000000000000000 ) ) ;
#1282 = ADVANCED_FACE ( 'NONE', ( #319 ), #781, .T. ) ;
#1283 = B_SPLINE_CURVE_WITH_KNOTS ( 'NONE', 3,
 ( #1050, #472, #1090, #1517, #142, #1380, #1666, #1372, #131, #1506, #1080, #453, #1687, #580, #1217, #923, #122, #281, #149, #1994, #1207, #464, #1842, #1390, #731 ),
 .UNSPECIFIED., .F., .F.,
 ( 4, 2, 2, 2, 2, 2, 1, 2, 2, 2, 2, 2, 4 ),
 ( 0.000000000000000000, 0.002027877279333585320, 0.003041815919000378197, 0.004055754558667171508, 0.006083631838000757262, 0.007097570477667550573, 0.008111509117334346486, 0.009125447757001140664, 0.01013938639666793658, 0.01216726367600153014, 0.01318120231566832258, 0.01419514095533511676, 0.01622301823466870338 ),
 .UNSPECIFIED. ) ;
#1284 = ORIENTED_EDGE ( 'NONE', *, *, #1104, .T. ) ;
#1285 = CARTESIAN_POINT ( 'NONE',  ( 0.000000000000000000, 4.000000000000000000, 3.750000000000000000 ) ) ;
#1286 = CARTESIAN_POINT ( 'NONE',  ( -4.759089844286815526E-16, 4.000000000000000000, 0.4999999999999991673 ) ) ;
#1287 = CARTESIAN_POINT ( 'NONE',  ( 2.893786121051218796, 0.7983071989884333863, 0.01496762463633164765 ) ) ;
#1288 = VERTEX_POINT ( 'NONE', #1425 ) ;
#1289 = CARTESIAN_POINT ( 'NONE',  ( 3.146446609406726491, 0.5000000000000000000, 0.000000000000000000 ) ) ;
#1290 = EDGE_CURVE ( 'NONE', #927, #1597, #707, .T. ) ;
#1291 = DIRECTION ( 'NONE',  ( 0.000000000000000000, 3.552713678800500929E-15, 1.000000000000000000 ) ) ;
#1292 = MECHANICAL_DESIGN_GEOMETRIC_PRESENTATION_REPRESENTATION (  '', ( #935 ), #974 ) ;
#1293 = ORIENTED_EDGE ( 'NONE', *, *, #1766, .F. ) ;
#1294 = DIRECTION ( 'NONE',  ( 0.000000000000000000, -1.119504763768062724E-16, -1.000000000000000000 ) ) ;
#1295 = DIRECTION ( 'NONE',  ( 2.287932219905059780E-16, -1.000000000000000000, 8.881784197001252323E-16 ) ) ;
#1296 = CARTESIAN_POINT ( 'NONE',  ( 2.128001743998886752, 0.005768686730277977279, 0.8753117422505631851 ) ) ;
#1297 = ORIENTED_EDGE ( 'NONE', *, *, #920, .T. ) ;
#1298 = DIRECTION ( 'NONE',  ( -1.000000000000000000, 0.000000000000000000, -0.000000000000000000 ) ) ;
#1299 = VECTOR ( 'NONE', #595, 100.0000000000000000 ) ;
#1300 = CARTESIAN_POINT ( 'NONE',  ( 1.000000000000000000, 0.000000000000000000, 3.562302626111376380 ) ) ;
#1301 = DIRECTION ( 'NONE',  ( -0.000000000000000000, -0.000000000000000000, -1.000000000000000000 ) ) ;
#1302 = EDGE_CURVE ( 'NONE', #866, #297, #41, .T. ) ;
#1303 = AXIS2_PLACEMENT_3D ( 'NONE', #1111, #784, #1725 ) ;
#1304 = ORIENTED_EDGE ( 'NONE', *, *, #597, .T. ) ;
#1305 = DIRECTION ( 'NONE',  ( 0.000000000000000000, 0.000000000000000000, 1.000000000000000000 ) ) ;
#1306 = CARTESIAN_POINT ( 'NONE',  ( 1.199999999999999956, 0.9499999999999998446, 1.716828471338939233 ) ) ;
#1307 = DIRECTION ( 'NONE',  ( 0.000000000000000000, -8.840969474524949602E-17, -1.000000000000000000 ) ) ;
#1308 = CARTESIAN_POINT ( 'NONE',  ( 0.000000000000000000, 1.199999999999999956, 2.749545416973504075 ) ) ;
#1309 = ORIENTED_EDGE ( 'NONE', *, *, #388, .F. ) ;
#1310 = CARTESIAN_POINT ( 'NONE',  ( 1.686604055419272941, 1.011289615253579077, 1.192876773742181928 ) ) ;
#1311 = DIRECTION ( 'NONE',  ( 0.000000000000000000, 0.000000000000000000, 1.000000000000000000 ) ) ;
#1312 = FACE_OUTER_BOUND ( 'NONE', #311, .T. ) ;
#1313 = EDGE_LOOP ( 'NONE', ( #470, #1890, #316, #1988, #965, #362, #1087, #1077 ) ) ;
#1314 = DIRECTION ( 'NONE',  ( 0.000000000000000000, -1.000000000000000000, 0.000000000000000000 ) ) ;
#1315 = CIRCLE ( 'NONE', #180, 0.6999999999999999556 ) ;
#1316 = ADVANCED_FACE ( 'NONE', ( #820 ), #331, .T. ) ;
#1317 = CARTESIAN_POINT ( 'NONE',  ( 0.2500000000000002220, 3.999999999999999556, 3.146446609406726491 ) ) ;
#1318 = EDGE_LOOP ( 'NONE', ( #634, #1482, #341, #305, #1813 ) ) ;
#1319 = CARTESIAN_POINT ( 'NONE',  ( 0.000000000000000000, 1.000000000000000000, 0.000000000000000000 ) ) ;
#1320 = DIRECTION ( 'NONE',  ( -1.359739955510518475E-16, -2.220446049250313081E-16, -1.000000000000000000 ) ) ;
#1321 = ADVANCED_FACE ( 'NONE', ( #1743 ), #359, .F. ) ;
#1322 = CARTESIAN_POINT ( 'NONE',  ( 2.574372656989577290, 1.199999999999999512, 0.9658629129108771139 ) ) ;
#1323 = ORIENTED_EDGE ( 'NONE', *, *, #1595, .T. ) ;
#1324 = ADVANCED_FACE ( 'NONE', ( #975 ), #347, .T. ) ;
#1325 = VECTOR ( 'NONE', #1768, 100.0000000000000000 ) ;
#1326 = CARTESIAN_POINT ( 'NONE',  ( 0.6984505330567813974, 3.633180424916990781, 0.04654946694321870221 ) ) ;
#1327 = CARTESIAN_POINT ( 'NONE',  ( 1.011771874820239780, 1.686397511093982393, 1.192761422945330052 ) ) ;
#1328 = VERTEX_POINT ( 'NONE', #650 ) ;
#1329 = DIRECTION ( 'NONE',  ( 1.000000000000000000, 1.734723475976807094E-16, 0.000000000000000000 ) ) ;
#1330 = DIRECTION ( 'NONE',  ( 1.000000000000000000, 0.000000000000000000, 0.000000000000000000 ) ) ;
#1331 = CARTESIAN_POINT ( 'NONE',  ( 2.569087943353649983, 1.198504269969505209, 0.9816584929329491560 ) ) ;
#1332 = VERTEX_POINT ( 'NONE', #638 ) ;
#1333 = PRODUCT ( 'SM_PuzzleCube_Corner', 'SM_PuzzleCube_Corner', '', ( #887 ) ) ;
#1334 = CIRCLE ( 'NONE', #1745, 0.2500000000000000555 ) ;
#1335 = EDGE_CURVE ( 'NONE', #945, #954, #882, .T. ) ;
#1336 = CARTESIAN_POINT ( 'NONE',  ( 1.073925751999364131, 2.546232001897596131, 1.167761454296633472 ) ) ;
#1337 = LINE ( 'NONE', #1635, #1841 ) ;
#1338 = CIRCLE ( 'NONE', #1754, 0.2500000000000002220 ) ;
#1339 = ORIENTED_EDGE ( 'NONE', *, *, #248, .T. ) ;
#1340 = LINE ( 'NONE', #374, #96 ) ;
#1341 = DIRECTION ( 'NONE',  ( 1.000000000000000000, 0.000000000000000000, 0.000000000000000000 ) ) ;
#1342 = VECTOR ( 'NONE', #786, 100.0000000000000000 ) ;
#1343 = LINE ( 'NONE', #1956, #465 ) ;
#1344 = ORIENTED_EDGE ( 'NONE', *, *, #578, .T. ) ;
#1345 = LINE ( 'NONE', #1182, #1036 ) ;
#1346 = ADVANCED_FACE ( 'NONE', ( #1254 ), #168, .T. ) ;
#1347 = ORIENTED_EDGE ( 'NONE', *, *, #1907, .F. ) ;
#1348 = PLANE ( 'NONE',  #205 ) ;
#1349 = EDGE_CURVE ( 'NONE', #1597, #1586, #177, .T. ) ;
#1350 = CARTESIAN_POINT ( 'NONE',  ( 1.176321238432471938, 1.669835232985213525, 1.057456337646957234 ) ) ;
#1351 = ORIENTED_EDGE ( 'NONE', *, *, #597, .F. ) ;
#1352 = CARTESIAN_POINT ( 'NONE',  ( 2.555522876687581046, 1.028979249085820946, 1.187765024677376324 ) ) ;
#1353 = CARTESIAN_POINT ( 'NONE',  ( 4.000000000000000000, 3.146446609406726935, 3.500000000000000444 ) ) ;
#1354 = LINE ( 'NONE', #1786, #1079 ) ;
#1355 = ORIENTED_EDGE ( 'NONE', *, *, #1335, .T. ) ;
#1356 = ORIENTED_EDGE ( 'NONE', *, *, #1089, .T. ) ;
#1357 = CARTESIAN_POINT ( 'NONE',  ( 1.962141687034858029, 0.000000000000000000, 1.200000000000000178 ) ) ;
#1358 = EDGE_CURVE ( 'NONE', #457, #2001, #791, .T. ) ;
#1359 = ORIENTED_EDGE ( 'NONE', *, *, #779, .T. ) ;
#1360 = DIRECTION ( 'NONE',  ( -1.000000000000000000, -0.000000000000000000, -0.000000000000000000 ) ) ;
#1361 = CARTESIAN_POINT ( 'NONE',  ( 0.000000000000000000, 1.000000000000000000, 0.000000000000000000 ) ) ;
#1362 = ADVANCED_FACE ( 'NONE', ( #514 ), #660, .T. ) ;
#1363 = DIRECTION ( 'NONE',  ( -1.000000000000000000, 0.000000000000000000, 0.000000000000000000 ) ) ;
#1364 = DIRECTION ( 'NONE',  ( 0.000000000000000000, 0.000000000000000000, -1.000000000000000000 ) ) ;
#1365 = CARTESIAN_POINT ( 'NONE',  ( 1.178982612255162543, 4.000000000000000000, 0.4999999999999988898 ) ) ;
#1366 = VERTEX_POINT ( 'NONE', #1723 ) ;
#1367 = FACE_OUTER_BOUND ( 'NONE', #1540, .T. ) ;
#1368 = ORIENTED_EDGE ( 'NONE', *, *, #25, .F. ) ;
#1369 = EDGE_CURVE ( 'NONE', #499, #114, #1572, .T. ) ;
#1370 = LINE ( 'NONE', #568, #1582 ) ;
#1371 = AXIS2_PLACEMENT_3D ( 'NONE', #429, #906, #1024 ) ;
#1372 = CARTESIAN_POINT ( 'NONE',  ( 0.09651347628853140792, 2.228111889010079949, 0.5663811790826650538 ) ) ;
#1373 = CARTESIAN_POINT ( 'NONE',  ( 2.546232001897596131, 1.167761454296633028, 1.073925751999364575 ) ) ;
#1374 = CARTESIAN_POINT ( 'NONE',  ( 1.198600795291309584, 0.9807655256704226332, 1.700515751573996148 ) ) ;
#1375 = ORIENTED_EDGE ( 'NONE', *, *, #1531, .F. ) ;
#1376 = ORIENTED_EDGE ( 'NONE', *, *, #801, .F. ) ;
#1377 = DIRECTION ( 'NONE',  ( -8.840969474524949602E-17, -1.000000000000000000, 0.000000000000000000 ) ) ;
#1378 = ORIENTED_EDGE ( 'NONE', *, *, #160, .F. ) ;
#1379 = CARTESIAN_POINT ( 'NONE',  ( 4.336808689942017736E-17, 3.750000000000000000, 0.2500000000000002220 ) ) ;
#1380 = CARTESIAN_POINT ( 'NONE',  ( 0.04903683215322112571, 2.194097814154805093, 0.6889821447559166812 ) ) ;
#1381 = DIRECTION ( 'NONE',  ( -1.359739955510518722E-16, 1.000000000000000000, -2.220446049250313081E-16 ) ) ;
#1382 = DIRECTION ( 'NONE',  ( 0.7071067811865466846, 0.000000000000000000, -0.7071067811865483499 ) ) ;
#1383 = ORIENTED_EDGE ( 'NONE', *, *, #430, .F. ) ;
#1384 = CARTESIAN_POINT ( 'NONE',  ( 1.167761454296633694, 1.073925751999363909, 2.546232001897596131 ) ) ;
#1385 = EDGE_CURVE ( 'NONE', #314, #929, #964, .T. ) ;
#1386 = EDGE_CURVE ( 'NONE', #659, #1649, #1516, .T. ) ;
#1387 = ORIENTED_EDGE ( 'NONE', *, *, #657, .T. ) ;
#1388 = CARTESIAN_POINT ( 'NONE',  ( 0.02361860684123371842, 0.7816192738129048578, 2.163252714963676659 ) ) ;
#1389 = AXIS2_PLACEMENT_3D ( 'NONE', #436, #1051, #591 ) ;
#1390 = CARTESIAN_POINT ( 'NONE',  ( 0.9383127857033021213, 2.101014385434485821, 2.463171810615505386E-16 ) ) ;
#1391 = CARTESIAN_POINT ( 'NONE',  ( 2.542684199395873978, 1.101993428733095914, 1.149196135937817775 ) ) ;
#1392 = VERTEX_POINT ( 'NONE', #676 ) ;
#1393 = VERTEX_POINT ( 'NONE', #1916 ) ;
#1394 = CARTESIAN_POINT ( 'NONE',  ( 1.028979249085821390, 1.187765024677375880, 2.555522876687581046 ) ) ;
#1395 = B_SPLINE_CURVE_WITH_KNOTS ( 'NONE', 3,
 ( #609, #1427, #321, #1869 ),
 .UNSPECIFIED., .F., .F.,
 ( 4, 4 ),
 ( 0.000000000000000000, 0.003132452653272930088 ),
 .UNSPECIFIED. ) ;
#1396 = AXIS2_PLACEMENT_3D ( 'NONE', #736, #146, #102 ) ;
#1397 = CARTESIAN_POINT ( 'NONE',  ( 0.9999999999999998890, 0.000000000000000000, 2.071231517720797388 ) ) ;
#1398 = DIRECTION ( 'NONE',  ( 1.000000000000000000, 0.000000000000000000, -0.000000000000000000 ) ) ;
#1399 = AXIS2_PLACEMENT_3D ( 'NONE', #644, #1563, #366 ) ;
#1400 = ORIENTED_EDGE ( 'NONE', *, *, #220, .T. ) ;
#1401 = EDGE_LOOP ( 'NONE', ( #1521, #1387, #735, #218, #1894, #993, #423, #129 ) ) ;
#1402 = DIRECTION ( 'NONE',  ( 3.552713678800500929E-15, 1.000000000000000000, -2.287932219905059780E-16 ) ) ;
#1403 = CIRCLE ( 'NONE', #1915, 2.749545416973503631 ) ;
#1404 = EDGE_CURVE ( 'NONE', #929, #336, #1005, .T. ) ;
#1405 = VERTEX_POINT ( 'NONE', #391 ) ;
#1406 = DIRECTION ( 'NONE',  ( 0.000000000000000000, 1.000000000000000000, 0.000000000000000000 ) ) ;
#1407 = FACE_OUTER_BOUND ( 'NONE', #1401, .T. ) ;
#1408 = DIRECTION ( 'NONE',  ( 0.000000000000000000, 0.000000000000000000, -1.000000000000000000 ) ) ;
#1409 = DIRECTION ( 'NONE',  ( 1.000000000000000000, 0.000000000000000000, 0.000000000000000000 ) ) ;
#1410 = LINE ( 'NONE', #1892, #677 ) ;
#1411 = CIRCLE ( 'NONE', #530, 0.2500000000000000000 ) ;
#1412 = ORIENTED_EDGE ( 'NONE', *, *, #697, .T. ) ;
#1413 = ORIENTED_EDGE ( 'NONE', *, *, #1747, .T. ) ;
#1414 = CARTESIAN_POINT ( 'NONE',  ( 0.04654946694321852874, 2.917190429162964449, 0.6984505330567813974 ) ) ;
#1415 = DIRECTION ( 'NONE',  ( 1.000000000000000000, 1.734723475976807094E-16, 0.000000000000000000 ) ) ;
#1416 = EDGE_CURVE ( 'NONE', #1127, #1332, #76, .T. ) ;
#1417 = DIRECTION ( 'NONE',  ( 1.000000000000000000, 0.000000000000000000, 0.000000000000000000 ) ) ;
#1418 = CARTESIAN_POINT ( 'NONE',  ( 1.013132566709333160, 1.192427434577468581, 2.559679299791176810 ) ) ;
#1419 = ORIENTED_EDGE ( 'NONE', *, *, #1947, .T. ) ;
#1420 = VECTOR ( 'NONE', #708, 100.0000000000000000 ) ;
#1421 = FACE_OUTER_BOUND ( 'NONE', #262, .T. ) ;
#1422 = PLANE ( 'NONE',  #71 ) ;
#1423 = ORIENTED_EDGE ( 'NONE', *, *, #55, .T. ) ;
#1424 = ADVANCED_FACE ( 'NONE', ( #1622 ), #233, .T. ) ;
#1425 = CARTESIAN_POINT ( 'NONE',  ( 3.562302626111376380, 1.000000000000000000, 0.000000000000000000 ) ) ;
#1426 = CIRCLE ( 'NONE', #612, 2.299999999999999822 ) ;
#1427 = CARTESIAN_POINT ( 'NONE',  ( 0.01516552602522660241, 0.7976814668767255867, 3.614506154727532117 ) ) ;
#1428 = CARTESIAN_POINT ( 'NONE',  ( 0.000000000000000000, 0.000000000000000000, 0.000000000000000000 ) ) ;
#1429 = ORIENTED_EDGE ( 'NONE', *, *, #745, .T. ) ;
#1430 = SPHERICAL_SURFACE ( 'NONE', #619, 2.299999999999999822 ) ;
#1431 = DIRECTION ( 'NONE',  ( -0.7071067811865466846, 0.000000000000000000, 0.7071067811865483499 ) ) ;
#1432 = VECTOR ( 'NONE', #1896, 100.0000000000000000 ) ;
#1433 = AXIS2_PLACEMENT_3D ( 'NONE', #1129, #338, #810 ) ;
#1434 = ORIENTED_EDGE ( 'NONE', *, *, #265, .F. ) ;
#1435 = DIRECTION ( 'NONE',  ( 0.000000000000000000, 0.000000000000000000, -1.000000000000000000 ) ) ;
#1436 = DIRECTION ( 'NONE',  ( -1.000000000000000000, -1.734723475976807094E-16, 0.000000000000000000 ) ) ;
#1437 =( NAMED_UNIT ( * ) PLANE_ANGLE_UNIT ( ) SI_UNIT ( $, .RADIAN. ) );
#1438 = VERTEX_POINT ( 'NONE', #1148 ) ;
#1439 = CARTESIAN_POINT ( 'NONE',  ( 1.000000000000000000, 0.000000000000000000, 2.828427124746190291 ) ) ;
#1440 = CARTESIAN_POINT ( 'NONE',  ( 1.000000000000000000, 1.000000000000000000, 3.750000000000000000 ) ) ;
#1441 = EDGE_CURVE ( 'NONE', #471, #1828, #224, .T. ) ;
#1442 = ORIENTED_EDGE ( 'NONE', *, *, #759, .F. ) ;
#1443 = CARTESIAN_POINT ( 'NONE',  ( 0.000000000000000000, 2.828427124746190291, 1.000000000000000222 ) ) ;
#1444 = DIRECTION ( 'NONE',  ( 1.000000000000000000, 0.000000000000000000, 0.000000000000000000 ) ) ;
#1445 = VERTEX_POINT ( 'NONE', #1160 ) ;
#1446 = ADVANCED_FACE ( 'NONE', ( #986 ), #688, .F. ) ;
#1447 = FACE_OUTER_BOUND ( 'NONE', #674, .T. ) ;
#1448 = FACE_OUTER_BOUND ( 'NONE', #294, .T. ) ;
#1449 = VERTEX_POINT ( 'NONE', #523 ) ;
#1450 = CARTESIAN_POINT ( 'NONE',  ( 3.146446609406726491, 4.000000000000000888, 4.000000000000000000 ) ) ;
#1451 = FACE_OUTER_BOUND ( 'NONE', #808, .T. ) ;
#1452 = DIRECTION ( 'NONE',  ( -0.000000000000000000, -1.000000000000000000, -0.000000000000000000 ) ) ;
#1453 = DIRECTION ( 'NONE',  ( 1.000000000000000000, 0.000000000000000000, 0.000000000000000000 ) ) ;
#1454 = ORIENTED_EDGE ( 'NONE', *, *, #326, .F. ) ;
#1455 = CARTESIAN_POINT ( 'NONE',  ( 0.2499999999999999722, 4.000000000000000000, 4.000000000000000000 ) ) ;
#1456 = AXIS2_PLACEMENT_3D ( 'NONE', #1122, #653, #1278 ) ;
#1457 = CARTESIAN_POINT ( 'NONE',  ( 0.9804823316337428762, 1.198628983868561093, 1.700658072451457725 ) ) ;
#1458 = CARTESIAN_POINT ( 'NONE',  ( 4.000100000000000655, 0.9499999999999998446, 0.9500000000000008438 ) ) ;
#1459 = VERTEX_POINT ( 'NONE', #995 ) ;
#1460 = ADVANCED_FACE ( 'NONE', ( #1613 ), #842, .F. ) ;
#1461 = CARTESIAN_POINT ( 'NONE',  ( 1.199999999999999956, 4.000100000000000655, 1.199999999999999956 ) ) ;
#1462 = EDGE_CURVE ( 'NONE', #1438, #115, #1778, .T. ) ;
#1463 = CARTESIAN_POINT ( 'NONE',  ( 1.199999999999999956, 0.9499999999999998446, 1.199999999999999956 ) ) ;
#1464 = EDGE_CURVE ( 'NONE', #1828, #115, #393, .T. ) ;
#1465 = CARTESIAN_POINT ( 'NONE',  ( 2.828427124746190291, 1.000000000000000000, 0.000000000000000000 ) ) ;
#1466 = ORIENTED_EDGE ( 'NONE', *, *, #924, .F. ) ;
#1467 = DIRECTION ( 'NONE',  ( 1.000000000000000000, -1.154631945610162802E-14, 0.000000000000000000 ) ) ;
#1468 = CARTESIAN_POINT ( 'NONE',  ( 1.000000000000000000, 0.000000000000000000, 3.562302626111376380 ) ) ;
#1469 = CARTESIAN_POINT ( 'NONE',  ( 0.000000000000000000, 0.5000000000000000000, 0.000000000000000000 ) ) ;
#1470 = ORIENTED_EDGE ( 'NONE', *, *, #1993, .T. ) ;
#1471 = CARTESIAN_POINT ( 'NONE',  ( 1.000000000000000000, 0.000000000000000000, 1.000000000000000222 ) ) ;
#1472 = CARTESIAN_POINT ( 'NONE',  ( 1.115015795899987339, 1.658512078039195758, 1.138582987096463217 ) ) ;
#1473 = EDGE_LOOP ( 'NONE', ( #373, #1167, #798, #884 ) ) ;
#1474 = EDGE_CURVE ( 'NONE', #1459, #499, #243, .T. ) ;
#1475 = CARTESIAN_POINT ( 'NONE',  ( 0.6984505330567813974, 0.04654946694321854261, 3.633180424916990781 ) ) ;
#1476 = LINE ( 'NONE', #1022, #814 ) ;
#1477 = ORIENTED_EDGE ( 'NONE', *, *, #1106, .F. ) ;
#1478 = AXIS2_PLACEMENT_3D ( 'NONE', #1518, #133, #1996 ) ;
#1479 = CARTESIAN_POINT ( 'NONE',  ( 1.175384026909120472, 2.548801738795681615, 1.059416494004433718 ) ) ;
#1480 = AXIS2_PLACEMENT_3D ( 'NONE', #507, #1008, #1748 ) ;
#1481 = DIRECTION ( 'NONE',  ( -1.000000000000000000, -2.220446049250313081E-16, -0.000000000000000000 ) ) ;
#1482 = ORIENTED_EDGE ( 'NONE', *, *, #1171, .T. ) ;
#1483 = LINE ( 'NONE', #529, #293 ) ;
#1484 = EDGE_CURVE ( 'NONE', #625, #1935, #254, .T. ) ;
#1485 = CARTESIAN_POINT ( 'NONE',  ( 3.590865954648800429, 5.779071548675199585E-17, 0.8982487797406538688 ) ) ;
#1486 = CARTESIAN_POINT ( 'NONE',  ( 0.01516552602522661282, 3.614506154727532117, 0.7976814668767252536 ) ) ;
#1487 = ORIENTED_EDGE ( 'NONE', *, *, #1766, .T. ) ;
#1488 = DIRECTION ( 'NONE',  ( 1.000000000000000000, 0.000000000000000000, 0.000000000000000000 ) ) ;
#1489 = AXIS2_PLACEMENT_3D ( 'NONE', #626, #794, #340 ) ;
#1490 = TOROIDAL_SURFACE ( 'NONE', #32, 0.7500000000000000000, 0.2500000000000000000 ) ;
#1491 = CARTESIAN_POINT ( 'NONE',  ( 0.8989004283851135257, 2.864171221078160912, 0.000000000000000000 ) ) ;
#1492 = CIRCLE ( 'NONE', #1399, 1.962141687034858029 ) ;
#1493 = CARTESIAN_POINT ( 'NONE',  ( 0.000000000000000000, 0.5000000000000000000, 0.000000000000000000 ) ) ;
#1494 = AXIS2_PLACEMENT_3D ( 'NONE', #1708, #1868, #966 ) ;
#1495 = VERTEX_POINT ( 'NONE', #996 ) ;
#1496 = AXIS2_PLACEMENT_3D ( 'NONE', #99, #1330, #711 ) ;
#1497 = DIRECTION ( 'NONE',  ( 0.000000000000000000, -1.000000000000000000, 0.000000000000000000 ) ) ;
#1498 = DIRECTION ( 'NONE',  ( 0.000000000000000000, -0.7071067811865466846, 0.7071067811865483499 ) ) ;
#1499 = AXIS2_PLACEMENT_3D ( 'NONE', #1458, #1966, #1012 ) ;
#1500 = CARTESIAN_POINT ( 'NONE',  ( 0.000000000000000000, 3.590865954648800429, 0.8982487797406537577 ) ) ;
#1501 = ORIENTED_EDGE ( 'NONE', *, *, #1689, .F. ) ;
#1502 = ORIENTED_EDGE ( 'NONE', *, *, #1759, .F. ) ;
#1503 = DIRECTION ( 'NONE',  ( 0.000000000000000000, 0.000000000000000000, 1.000000000000000000 ) ) ;
#1504 = VERTEX_POINT ( 'NONE', #1800 ) ;
#1505 = LINE ( 'NONE', #1515, #521 ) ;
#1506 = CARTESIAN_POINT ( 'NONE',  ( 0.1825858929285390786, 2.253646586832277698, 0.4229619143570682582 ) ) ;
#1507 = DIRECTION ( 'NONE',  ( 0.7071067811865469066, -0.7071067811865482389, 6.086111154919957237E-17 ) ) ;
#1508 = LINE ( 'NONE', #733, #365 ) ;
#1509 = DIRECTION ( 'NONE',  ( 0.000000000000000000, -1.000000000000000000, 1.232634612766257794E-16 ) ) ;
#1510 = ORIENTED_EDGE ( 'NONE', *, *, #344, .F. ) ;
#1511 = ORIENTED_EDGE ( 'NONE', *, *, #236, .T. ) ;
#1512 = EDGE_CURVE ( 'NONE', #1229, #1580, #689, .T. ) ;
#1513 = CARTESIAN_POINT ( 'NONE',  ( 0.000000000000000000, 0.000000000000000000, 0.000000000000000000 ) ) ;
#1514 = ORIENTED_EDGE ( 'NONE', *, *, #955, .T. ) ;
#1515 = CARTESIAN_POINT ( 'NONE',  ( 0.000000000000000000, 0.000000000000000000, 1.000000000000000222 ) ) ;
#1516 = CIRCLE ( 'NONE', #1776, 1.000000000000000222 ) ;
#1517 = CARTESIAN_POINT ( 'NONE',  ( 0.02335182111656815621, 2.162817957087859178, 0.7828263957070791257 ) ) ;
#1518 = CARTESIAN_POINT ( 'NONE',  ( 0.000000000000000000, 0.000000000000000000, 0.000000000000000000 ) ) ;
#1519 = CARTESIAN_POINT ( 'NONE',  ( 1.100678753183835790, 1.150211188161338383, 1.660065405768977209 ) ) ;
#1520 = ORIENTED_EDGE ( 'NONE', *, *, #490, .F. ) ;
#1521 = ORIENTED_EDGE ( 'NONE', *, *, #1150, .T. ) ;
#1522 = CARTESIAN_POINT ( 'NONE',  ( 0.6984505330567813974, 3.633180424916990781, 0.04654946694321870221 ) ) ;
#1523 = ORIENTED_EDGE ( 'NONE', *, *, #1464, .F. ) ;
#1524 = CARTESIAN_POINT ( 'NONE',  ( 1.200000000000000178, 2.580213169488133396, 0.9499999999999999556 ) ) ;
#1525 = AXIS2_PLACEMENT_3D ( 'NONE', #300, #760, #1852 ) ;
#1526 = DIRECTION ( 'NONE',  ( 1.000000000000000000, 0.000000000000000000, 0.000000000000000000 ) ) ;
#1527 = VECTOR ( 'NONE', #1097, 100.0000000000000000 ) ;
#1528 = B_SPLINE_CURVE_WITH_KNOTS ( 'NONE', 3,
 ( #1166, #1500, #1486, #89 ),
 .UNSPECIFIED., .F., .F.,
 ( 4, 4 ),
 ( 0.000000000000000000, 0.003132452653272932690 ),
 .UNSPECIFIED. ) ;
#1529 = EDGE_CURVE ( 'NONE', #773, #927, #84, .T. ) ;
#1530 = CARTESIAN_POINT ( 'NONE',  ( 4.000000000000000000, 1.178982612255163431, 0.4999999999999987788 ) ) ;
#1531 = EDGE_CURVE ( 'NONE', #1504, #945, #1337, .T. ) ;
#1532 = CARTESIAN_POINT ( 'NONE',  ( 1.199999999999999956, 1.199999999999999956, 0.9500000000000001776 ) ) ;
#1533 = ORIENTED_EDGE ( 'NONE', *, *, #1335, .F. ) ;
#1534 = FACE_OUTER_BOUND ( 'NONE', #835, .T. ) ;
#1535 = CIRCLE ( 'NONE', #1593, 4.170131892398609708 ) ;
#1536 = ORIENTED_EDGE ( 'NONE', *, *, #899, .F. ) ;
#1537 = DIRECTION ( 'NONE',  ( 1.734723475976805615E-16, -1.000000000000000000, 0.000000000000000000 ) ) ;
#1538 = DIRECTION ( 'NONE',  ( 1.000000000000000000, 2.506581832198772116E-32, 2.239009527536125448E-16 ) ) ;
#1539 = CARTESIAN_POINT ( 'NONE',  ( 2.574371600611963018, 0.9658657820471236999, 1.200000000000000622 ) ) ;
#1540 = EDGE_LOOP ( 'NONE', ( #1413, #276, #1997, #1693, #33, #1063, #97, #18 ) ) ;
#1541 = ORIENTED_EDGE ( 'NONE', *, *, #1552, .T. ) ;
#1542 = CARTESIAN_POINT ( 'NONE',  ( 2.071231517720797388, 0.9999999999999998890, 0.000000000000000000 ) ) ;
#1543 = EDGE_CURVE ( 'NONE', #85, #1196, #77, .T. ) ;
#1544 = ORIENTED_EDGE ( 'NONE', *, *, #957, .T. ) ;
#1545 = CARTESIAN_POINT ( 'NONE',  ( 0.2924732860502372578, 0.2909011687335866236, 2.263459456886845356 ) ) ;
#1546 = CIRCLE ( 'NONE', #1807, 0.2500000000000002220 ) ;
#1547 = CARTESIAN_POINT ( 'NONE',  ( 0.4999999999999991673, 4.000000000000000000, 1.178982612255162765 ) ) ;
#1548 = DIRECTION ( 'NONE',  ( 0.000000000000000000, 1.000000000000000000, 0.000000000000000000 ) ) ;
#1549 = CARTESIAN_POINT ( 'NONE',  ( 0.000000000000000000, 0.000000000000000000, 0.000000000000000000 ) ) ;
#1550 = VERTEX_POINT ( 'NONE', #1317 ) ;
#1551 = DIRECTION ( 'NONE',  ( -1.000000000000000000, 0.000000000000000000, -2.652290842357484881E-16 ) ) ;
#1552 = EDGE_CURVE ( 'NONE', #1222, #1674, #1109, .T. ) ;
#1553 = ORIENTED_EDGE ( 'NONE', *, *, #1972, .T. ) ;
#1554 = ADVANCED_FACE ( 'NONE', ( #1938 ), #1962, .T. ) ;
#1555 = ORIENTED_EDGE ( 'NONE', *, *, #1655, .T. ) ;
#1556 = VECTOR ( 'NONE', #1672, 100.0000000000000000 ) ;
#1557 = CARTESIAN_POINT ( 'NONE',  ( 0.04654946694321854955, 0.6984505330567815085, 2.917190429162964449 ) ) ;
#1558 = DIRECTION ( 'NONE',  ( 0.000000000000000000, 0.000000000000000000, 1.000000000000000000 ) ) ;
#1559 = AXIS2_PLACEMENT_3D ( 'NONE', #1281, #1720, #1146 ) ;
#1560 = DIRECTION ( 'NONE',  ( 0.000000000000000000, 0.000000000000000000, -1.000000000000000000 ) ) ;
#1561 = EDGE_CURVE ( 'NONE', #297, #1626, #1037, .T. ) ;
#1562 = CARTESIAN_POINT ( 'NONE',  ( 3.146446609406726491, 4.000000000000000888, 3.500000000000000444 ) ) ;
#1563 = DIRECTION ( 'NONE',  ( 0.000000000000000000, 0.000000000000000000, -1.000000000000000000 ) ) ;
#1564 = ORIENTED_EDGE ( 'NONE', *, *, #91, .F. ) ;
#1565 = CARTESIAN_POINT ( 'NONE',  ( 0.01496762463633131111, 2.893786121051218796, 0.7983071989884337194 ) ) ;
#1566 = DIRECTION ( 'NONE',  ( 1.734723475976807094E-16, -1.000000000000000000, 0.000000000000000000 ) ) ;
#1567 = CARTESIAN_POINT ( 'NONE',  ( 0.000000000000000000, 1.000000000000000000, 1.000000000000000222 ) ) ;
#1568 = CARTESIAN_POINT ( 'NONE',  ( 1.199999999999999956, 0.9658629129108771139, 2.574372656989577290 ) ) ;
#1569 = FACE_OUTER_BOUND ( 'NONE', #161, .T. ) ;
#1570 = EDGE_CURVE ( 'NONE', #336, #709, #348, .T. ) ;
#1571 = VERTEX_POINT ( 'NONE', #1791 ) ;
#1572 = LINE ( 'NONE', #1285, #976 ) ;
#1573 = CARTESIAN_POINT ( 'NONE',  ( 0.000000000000000000, 0.000000000000000000, 0.000000000000000000 ) ) ;
#1574 = CARTESIAN_POINT ( 'NONE',  ( 2.580213169488133396, 0.9499999999999998446, 1.200000000000000178 ) ) ;
#1575 = LINE ( 'NONE', #1112, #296 ) ;
#1576 = ORIENTED_EDGE ( 'NONE', *, *, #1271, .F. ) ;
#1577 = AXIS2_PLACEMENT_3D ( 'NONE', #1461, #1927, #535 ) ;
#1578 = DIRECTION ( 'NONE',  ( -0.000000000000000000, 0.000000000000000000, -1.000000000000000000 ) ) ;
#1579 = DIRECTION ( 'NONE',  ( 1.000000000000000000, 0.000000000000000000, 0.000000000000000000 ) ) ;
#1580 = VERTEX_POINT ( 'NONE', #94 ) ;
#1581 = DIRECTION ( 'NONE',  ( -0.000000000000000000, 1.000000000000000000, -0.000000000000000000 ) ) ;
#1582 = VECTOR ( 'NONE', #1360, 100.0000000000000000 ) ;
#1583 = DIRECTION ( 'NONE',  ( 0.000000000000000000, 0.000000000000000000, -1.000000000000000000 ) ) ;
#1584 = ADVANCED_FACE ( 'NONE', ( #559 ), #873, .F. ) ;
#1585 = CARTESIAN_POINT ( 'NONE',  ( 2.917190429162964449, 0.6984505330567811754, 0.04654946694321888262 ) ) ;
#1586 = VERTEX_POINT ( 'NONE', #1812 ) ;
#1587 = LINE ( 'NONE', #148, #1657 ) ;
#1588 = CARTESIAN_POINT ( 'NONE',  ( 3.750000000000000000, 0.2500000000000000000, 1.000000000000000222 ) ) ;
#1589 = VECTOR ( 'NONE', #812, 100.0000000000000000 ) ;
#1590 = AXIS2_PLACEMENT_3D ( 'NONE', #56, #1734, #46 ) ;
#1591 = ORIENTED_EDGE ( 'NONE', *, *, #1885, .F. ) ;
#1592 = VECTOR ( 'NONE', #1923, 100.0000000000000000 ) ;
#1593 = AXIS2_PLACEMENT_3D ( 'NONE', #1469, #399, #992 ) ;
#1594 = CARTESIAN_POINT ( 'NONE',  ( 3.146446609406726491, 0.2500000000000000000, 3.750000000000000000 ) ) ;
#1595 = EDGE_CURVE ( 'NONE', #709, #314, #1656, .T. ) ;
#1596 = CARTESIAN_POINT ( 'NONE',  ( 2.917190429162964449, 0.04654946694321861894, 0.6984505330567811754 ) ) ;
#1597 = VERTEX_POINT ( 'NONE', #1698 ) ;
#1598 = CARTESIAN_POINT ( 'NONE',  ( 1.658512078039195758, 1.138582987096462773, 1.115015795899987783 ) ) ;
#1599 = B_SPLINE_CURVE_WITH_KNOTS ( 'NONE', 3,
 ( #1585, #1287, #201, #1465 ),
 .UNSPECIFIED., .F., .F.,
 ( 4, 4 ),
 ( 0.000000000000000000, 0.003177701340551409345 ),
 .UNSPECIFIED. ) ;
#1600 = CARTESIAN_POINT ( 'NONE',  ( 0.8763201523571146900, 0.005652246868008555317, 2.127582430399760138 ) ) ;
#1601 = DIRECTION ( 'NONE',  ( -0.000000000000000000, -1.000000000000000000, -0.000000000000000000 ) ) ;
#1602 = EDGE_LOOP ( 'NONE', ( #1202, #1864, #479, #1351, #663, #3, #1671, #973, #1510, #19, #412, #1044 ) ) ;
#1603 = DIRECTION ( 'NONE',  ( -0.000000000000000000, 1.000000000000000000, -0.000000000000000000 ) ) ;
#1604 = DIRECTION ( 'NONE',  ( -1.000000000000000000, 0.000000000000000000, 0.000000000000000000 ) ) ;
#1605 = CARTESIAN_POINT ( 'NONE',  ( 2.241069659126950775, 0.1280401198953530495, 0.5057995998176025854 ) ) ;
#1606 = ORIENTED_EDGE ( 'NONE', *, *, #1106, .T. ) ;
#1607 = CARTESIAN_POINT ( 'NONE',  ( 0.000000000000000000, 0.000000000000000000, 0.000000000000000000 ) ) ;
#1608 = CARTESIAN_POINT ( 'NONE',  ( 0.000000000000000000, 0.000000000000000000, 0.000000000000000000 ) ) ;
#1609 = DIRECTION ( 'NONE',  ( 0.000000000000000000, 0.000000000000000000, -1.000000000000000000 ) ) ;
#1610 = EDGE_CURVE ( 'NONE', #1332, #919, #1784, .T. ) ;
#1611 = EDGE_CURVE ( 'NONE', #1028, #929, #970, .T. ) ;
#1612 = VERTEX_POINT ( 'NONE', #1397 ) ;
#1613 = FACE_OUTER_BOUND ( 'NONE', #476, .T. ) ;
#1614 = DIRECTION ( 'NONE',  ( 0.000000000000000000, -1.119504763768062724E-16, -1.000000000000000000 ) ) ;
#1615 = CARTESIAN_POINT ( 'NONE',  ( 2.257106370018315822, 0.2040388987668873000, 0.3936987950065475306 ) ) ;
#1616 = EDGE_LOOP ( 'NONE', ( #789, #985, #1960, #934, #1817, #166, #1376, #522, #256, #1576, #502, #1309 ) ) ;
#1617 = CARTESIAN_POINT ( 'NONE',  ( 1.000000000000000000, 0.000000000000000000, 0.000000000000000000 ) ) ;
#1618 = AXIS2_PLACEMENT_3D ( 'NONE', #1513, #1641, #1203 ) ;
#1619 = CARTESIAN_POINT ( 'NONE',  ( -6.505213034913026604E-16, 3.750000000000000000, 0.000000000000000000 ) ) ;
#1620 = FACE_OUTER_BOUND ( 'NONE', #704, .T. ) ;
#1621 = EDGE_LOOP ( 'NONE', ( #1553, #1606, #1117, #1083 ) ) ;
#1622 = FACE_OUTER_BOUND ( 'NONE', #1616, .T. ) ;
#1623 = EDGE_CURVE ( 'NONE', #69, #1902, #886, .T. ) ;
#1624 = CARTESIAN_POINT ( 'NONE',  ( 3.750000000000000000, 0.2500000000000000000, 4.000000000000000000 ) ) ;
#1625 = PLANE ( 'NONE',  #128 ) ;
#1626 = VERTEX_POINT ( 'NONE', #740 ) ;
#1627 = DIRECTION ( 'NONE',  ( 0.000000000000000000, 0.000000000000000000, -1.000000000000000000 ) ) ;
#1628 = DIRECTION ( 'NONE',  ( 0.000000000000000000, -1.000000000000000000, 1.119504763768062724E-16 ) ) ;
#1629 = CARTESIAN_POINT ( 'NONE',  ( 4.000000000000000000, 1.000000000000000000, 0.2500000000000002220 ) ) ;
#1630 = VERTEX_POINT ( 'NONE', #1547 ) ;
#1631 = EDGE_CURVE ( 'NONE', #1028, #1328, #443, .T. ) ;
#1632 = CARTESIAN_POINT ( 'NONE',  ( 3.614506154727532117, 0.7976814668767255867, 0.01516552602522661282 ) ) ;
#1633 = EDGE_CURVE ( 'NONE', #1968, #1662, #1744, .T. ) ;
#1634 = AXIS2_PLACEMENT_3D ( 'NONE', #1042, #734, #914 ) ;
#1635 = CARTESIAN_POINT ( 'NONE',  ( 3.146446609406726491, 4.000000000000000888, 4.000000000000000000 ) ) ;
#1636 = VERTEX_POINT ( 'NONE', #1059 ) ;
#1637 = CARTESIAN_POINT ( 'NONE',  ( 0.000000000000000000, 1.199999999999999734, -1.343405716521675022E-16 ) ) ;
#1638 = LINE ( 'NONE', #1619, #1950 ) ;
#1639 = PLANE ( 'NONE',  #368 ) ;
#1640 = ORIENTED_EDGE ( 'NONE', *, *, #1633, .T. ) ;
#1641 = DIRECTION ( 'NONE',  ( -0.000000000000000000, 1.000000000000000000, 0.000000000000000000 ) ) ;
#1642 = VECTOR ( 'NONE', #454, 100.0000000000000000 ) ;
#1643 = CARTESIAN_POINT ( 'NONE',  ( 3.633180424916990781, 0.6984505330567815085, 0.04654946694321880629 ) ) ;
#1644 = CARTESIAN_POINT ( 'NONE',  ( 0.9499999999999999556, 1.716828471338939233, 1.199999999999999956 ) ) ;
#1645 = ORIENTED_EDGE ( 'NONE', *, *, #957, .F. ) ;
#1646 = LINE ( 'NONE', #1690, #1026 ) ;
#1647 = CARTESIAN_POINT ( 'NONE',  ( 0.2499999999999999722, 4.000000000000000000, 1.000000000000000222 ) ) ;
#1648 = DIRECTION ( 'NONE',  ( 0.000000000000000000, 0.000000000000000000, -1.000000000000000000 ) ) ;
#1649 = VERTEX_POINT ( 'NONE', #5 ) ;
#1650 = DIRECTION ( 'NONE',  ( 0.000000000000000000, 0.000000000000000000, 1.000000000000000000 ) ) ;
#1651 = CIRCLE ( 'NONE', #1133, 0.2500000000000002220 ) ;
#1652 = ORIENTED_EDGE ( 'NONE', *, *, #1655, .F. ) ;
#1653 = CARTESIAN_POINT ( 'NONE',  ( 3.750000000000000000, 0.000000000000000000, 0.2500000000000002220 ) ) ;
#1654 = AXIS2_PLACEMENT_3D ( 'NONE', #1125, #1753, #484 ) ;
#1655 = EDGE_CURVE ( 'NONE', #400, #499, #1651, .T. ) ;
#1656 = LINE ( 'NONE', #309, #610 ) ;
#1657 = VECTOR ( 'NONE', #1124, 100.0000000000000000 ) ;
#1658 = CARTESIAN_POINT ( 'NONE',  ( 2.541803056192091681, 1.138622864715281180, 1.114923042411207543 ) ) ;
#1659 = CARTESIAN_POINT ( 'NONE',  ( 1.192761422945330274, 1.011771874820239558, 1.686397511093982393 ) ) ;
#1660 = VERTEX_POINT ( 'NONE', #770 ) ;
#1661 = ORIENTED_EDGE ( 'NONE', *, *, #176, .T. ) ;
#1662 = VERTEX_POINT ( 'NONE', #590 ) ;
#1663 = DIRECTION ( 'NONE',  ( -1.000000000000000000, 0.000000000000000000, 0.000000000000000000 ) ) ;
#1664 = ORIENTED_EDGE ( 'NONE', *, *, #1529, .T. ) ;
#1665 = DIRECTION ( 'NONE',  ( 0.000000000000000000, 0.000000000000000000, 1.000000000000000000 ) ) ;
#1666 = CARTESIAN_POINT ( 'NONE',  ( 0.05980042771832832366, 2.203377771812741415, 0.6577967572087385362 ) ) ;
#1667 = CIRCLE ( 'NONE', #330, 2.299999999999999822 ) ;
#1668 = CARTESIAN_POINT ( 'NONE',  ( 2.569085728310343875, 0.9816650187034441366, 1.198503739621021191 ) ) ;
#1669 = CARTESIAN_POINT ( 'NONE',  ( 1.027015263042708737, 1.188404733016286796, 1.680246740022906637 ) ) ;
#1670 = SPHERICAL_SURFACE ( 'NONE', #1995, 4.200000000000001066 ) ;
#1671 = ORIENTED_EDGE ( 'NONE', *, *, #1529, .F. ) ;
#1672 = DIRECTION ( 'NONE',  ( 1.359739955510518475E-16, -1.000000000000000000, 2.220446049250313081E-16 ) ) ;
#1673 = EDGE_CURVE ( 'NONE', #1902, #687, #486, .T. ) ;
#1674 = VERTEX_POINT ( 'NONE', #1248 ) ;
#1675 = CARTESIAN_POINT ( 'NONE',  ( 1.101729029263042392, 2.542710951009518272, 1.149388928140173682 ) ) ;
#1676 = EDGE_CURVE ( 'NONE', #1366, #1393, #1283, .T. ) ;
#1677 = ADVANCED_FACE ( 'NONE', ( #600 ), #1823, .T. ) ;
#1678 = VECTOR ( 'NONE', #422, 100.0000000000000000 ) ;
#1679 = DIRECTION ( 'NONE',  ( -1.000000000000000000, 0.000000000000000000, 0.000000000000000000 ) ) ;
#1680 = PLANE ( 'NONE',  #1126 ) ;
#1681 = ORIENTED_EDGE ( 'NONE', *, *, #52, .T. ) ;
#1682 = ORIENTED_EDGE ( 'NONE', *, *, #434, .F. ) ;
#1683 = CARTESIAN_POINT ( 'NONE',  ( 0.000000000000000000, 1.962141687034858029, 1.199999999999999956 ) ) ;
#1684 = VECTOR ( 'NONE', #1910, 100.0000000000000000 ) ;
#1685 = ORIENTED_EDGE ( 'NONE', *, *, #910, .F. ) ;
#1686 = CARTESIAN_POINT ( 'NONE',  ( 0.1280401198953533271, 0.5057995998176019192, 2.241069659126950331 ) ) ;
#1687 = CARTESIAN_POINT ( 'NONE',  ( 0.2909011184371371184, 2.263459508017287458, 0.2924732371705018874 ) ) ;
#1688 = CIRCLE ( 'NONE', #1788, 4.170131892398609708 ) ;
#1689 = EDGE_CURVE ( 'NONE', #471, #1438, #608, .T. ) ;
#1690 = CARTESIAN_POINT ( 'NONE',  ( 0.6984505330567813974, 2.917190429162964449, 0.04654946694321870221 ) ) ;
#1691 = ORIENTED_EDGE ( 'NONE', *, *, #1673, .T. ) ;
#1692 = AXIS2_PLACEMENT_3D ( 'NONE', #1895, #1096, #947 ) ;
#1693 = ORIENTED_EDGE ( 'NONE', *, *, #556, .F. ) ;
#1694 = DIRECTION ( 'NONE',  ( 0.000000000000000000, 0.000000000000000000, -1.000000000000000000 ) ) ;
#1695 = CIRCLE ( 'NONE', #622, 2.749545416973503631 ) ;
#1696 = ORIENTED_EDGE ( 'NONE', *, *, #1089, .F. ) ;
#1697 = CARTESIAN_POINT ( 'NONE',  ( 6.335806445462166536E-17, 0.9383127857033018993, 2.101014385434484932 ) ) ;
#1698 = CARTESIAN_POINT ( 'NONE',  ( 0.04654946694321854261, 0.6984505330567813974, 2.917190429162964449 ) ) ;
#1699 = EDGE_CURVE ( 'NONE', #879, #1127, #647, .T. ) ;
#1700 = B_SPLINE_CURVE_WITH_KNOTS ( 'NONE', 3,
 ( #1019, #211, #98, #1310, #1155, #518, #1921, #710, #384, #1598, #671, #80, #999, #853, #1941, #363, #1762, #539 ),
 .UNSPECIFIED., .F., .F.,
 ( 4, 2, 2, 2, 2, 2, 2, 2, 4 ),
 ( 0.000000000000000000, 0.0005149249598233416204, 0.001029849919646683241, 0.001544774879470024861, 0.002059699839293366481, 0.002574624799116707885, 0.003089549758940049722, 0.003604474718763391559, 0.004119399678586732963 ),
 .UNSPECIFIED. ) ;
#1701 = CARTESIAN_POINT ( 'NONE',  ( 0.000000000000000000, 0.000000000000000000, 0.000000000000000000 ) ) ;
#1702 = ORIENTED_EDGE ( 'NONE', *, *, #739, .F. ) ;
#1703 = DIRECTION ( 'NONE',  ( 0.000000000000000000, -1.119504763768062724E-16, -1.000000000000000000 ) ) ;
#1704 = ADVANCED_FACE ( 'NONE', ( #1534 ), #1989, .F. ) ;
#1705 = ORIENTED_EDGE ( 'NONE', *, *, #1846, .T. ) ;
#1706 = VERTEX_POINT ( 'NONE', #586 ) ;
#1707 = B_SPLINE_CURVE_WITH_KNOTS ( 'NONE', 3,
 ( #1912, #1145, #1457, #72, #1669, #583, #437, #1519, #283, #134, #902, #723, #1041, #744, #1659, #1374, #1198, #1209 ),
 .UNSPECIFIED., .F., .F.,
 ( 4, 2, 2, 2, 2, 2, 2, 2, 4 ),
 ( 0.000000000000000000, 0.0005149249598233422709, 0.001029849919646684542, 0.001544774879470026813, 0.002059699839293369084, 0.002574624799116711354, 0.003089549758940053625, 0.003604474718763395896, 0.004119399678586738167 ),
 .UNSPECIFIED. ) ;
#1708 = CARTESIAN_POINT ( 'NONE',  ( 3.146446609406726491, 4.000000000000001776, 4.000000000000000000 ) ) ;
#1709 = CARTESIAN_POINT ( 'NONE',  ( 0.000000000000000000, 2.828427124746190291, 1.000000000000000222 ) ) ;
#1710 = PLANE ( 'NONE',  #1236 ) ;
#1711 = EDGE_CURVE ( 'NONE', #31, #1630, #581, .T. ) ;
#1712 = ORIENTED_EDGE ( 'NONE', *, *, #1015, .T. ) ;
#1713 = ORIENTED_EDGE ( 'NONE', *, *, #236, .F. ) ;
#1714 = VECTOR ( 'NONE', #1959, 100.0000000000000000 ) ;
#1715 = DIRECTION ( 'NONE',  ( 0.000000000000000000, 0.000000000000000000, 1.000000000000000000 ) ) ;
#1716 = LINE ( 'NONE', #198, #1853 ) ;
#1717 = EDGE_CURVE ( 'NONE', #400, #202, #645, .T. ) ;
#1718 = CARTESIAN_POINT ( 'NONE',  ( -7.771561172376094797E-16, 3.499999999999999556, 3.146446609406726491 ) ) ;
#1719 = CARTESIAN_POINT ( 'NONE',  ( 0.9816650187034444697, 1.198503739621020303, 2.569085728310343875 ) ) ;
#1720 = DIRECTION ( 'NONE',  ( -0.000000000000000000, -1.000000000000000000, -0.000000000000000000 ) ) ;
#1721 = VERTEX_POINT ( 'NONE', #1980 ) ;
#1722 = ORIENTED_EDGE ( 'NONE', *, *, #1017, .T. ) ;
#1723 = CARTESIAN_POINT ( 'NONE',  ( 0.000000000000000000, 2.071231517720797388, 1.000000000000000222 ) ) ;
#1724 =( NAMED_UNIT ( * ) PLANE_ANGLE_UNIT ( ) SI_UNIT ( $, .RADIAN. ) );
#1725 = DIRECTION ( 'NONE',  ( 1.000000000000000000, 0.000000000000000000, -0.000000000000000000 ) ) ;
#1726 = B_SPLINE_CURVE_WITH_KNOTS ( 'NONE', 3,
 ( #816, #607, #1280, #1439 ),
 .UNSPECIFIED., .F., .F.,
 ( 4, 4 ),
 ( 0.000000000000000000, 0.003177701340551405008 ),
 .UNSPECIFIED. ) ;
#1727 = DIRECTION ( 'NONE',  ( 2.239009527536125448E-16, 0.000000000000000000, -1.000000000000000000 ) ) ;
#1728 = ORIENTED_EDGE ( 'NONE', *, *, #104, .T. ) ;
#1729 = PLANE ( 'NONE',  #1756 ) ;
#1730 = CARTESIAN_POINT ( 'NONE',  ( 3.146446609406725603, 3.500000000000000888, -1.204991034506701900E-15 ) ) ;
#1731 = CLOSED_SHELL ( 'NONE', ( #658, #617, #1809, #532, #979, #872, #1990, #121, #1064, #132, #742, #953, #324, #1704, #1733, #28, #1081, #1321, #1194, #1000, #627, #1922, #1958, #756, #1199, #549, #410, #1783, #1282, #371, #1213, #270, #727, #1460, #1677, #1584, #117, #1424, #630, #769, #154, #675, #1554, #1362, #200, #804, #1446, #1235, #11, #1867, #1316, #1324, #525, #120, #1346, #328 ) ) ;
#1732 = ORIENTED_EDGE ( 'NONE', *, *, #1799, .T. ) ;
#1733 = ADVANCED_FACE ( 'NONE', ( #1367 ), #1191, .F. ) ;
#1734 = DIRECTION ( 'NONE',  ( 0.000000000000000000, 1.000000000000000000, 0.000000000000000000 ) ) ;
#1735 = EDGE_CURVE ( 'NONE', #1495, #981, #1345, .T. ) ;
#1736 = DIRECTION ( 'NONE',  ( 0.000000000000000000, 0.000000000000000000, -1.000000000000000000 ) ) ;
#1737 = CIRCLE ( 'NONE', #413, 1.000000000000000000 ) ;
#1738 = CARTESIAN_POINT ( 'NONE',  ( 0.9499999999999999556, 2.580213169488133396, 1.199999999999999956 ) ) ;
#1739 = ORIENTED_EDGE ( 'NONE', *, *, #1631, .T. ) ;
#1740 = CARTESIAN_POINT ( 'NONE',  ( 0.04654946694321852874, 3.633180424916990781, 0.6984505330567813974 ) ) ;
#1741 = CARTESIAN_POINT ( 'NONE',  ( 3.146446609406726491, 4.000000000000000888, 3.500000000000000444 ) ) ;
#1742 = EDGE_LOOP ( 'NONE', ( #803, #1107, #62, #39 ) ) ;
#1743 = FACE_OUTER_BOUND ( 'NONE', #184, .T. ) ;
#1744 = CIRCLE ( 'NONE', #1905, 2.749545416973503631 ) ;
#1745 = AXIS2_PLACEMENT_3D ( 'NONE', #1058, #409, #1971 ) ;
#1746 = DIRECTION ( 'NONE',  ( 0.000000000000000000, 0.000000000000000000, 1.000000000000000000 ) ) ;
#1747 = EDGE_CURVE ( 'NONE', #1649, #648, #447, .T. ) ;
#1748 = DIRECTION ( 'NONE',  ( 0.000000000000000000, -1.261825656901686798E-16, -1.000000000000000000 ) ) ;
#1749 = ORIENTED_EDGE ( 'NONE', *, *, #1184, .T. ) ;
#1750 = CARTESIAN_POINT ( 'NONE',  ( 0.6984505330567815085, 0.04654946694321854955, 2.917190429162964449 ) ) ;
#1751 = AXIS2_PLACEMENT_3D ( 'NONE', #951, #963, #972 ) ;
#1752 = CARTESIAN_POINT ( 'NONE',  ( 0.3952615506187373562, 0.2028546513324925582, 2.256938703690000381 ) ) ;
#1753 = DIRECTION ( 'NONE',  ( 0.000000000000000000, 0.000000000000000000, -1.000000000000000000 ) ) ;
#1754 = AXIS2_PLACEMENT_3D ( 'NONE', #572, #124, #889 ) ;
#1755 = ORIENTED_EDGE ( 'NONE', *, *, #451, .F. ) ;
#1756 = AXIS2_PLACEMENT_3D ( 'NONE', #342, #962, #1578 ) ;
#1757 = DIRECTION ( 'NONE',  ( 0.000000000000000000, 0.000000000000000000, 1.000000000000000000 ) ) ;
#1758 = CARTESIAN_POINT ( 'NONE',  ( 0.2500000000000000000, 0.000000000000000000, 3.750000000000000000 ) ) ;
#1759 = EDGE_CURVE ( 'NONE', #1222, #1571, #772, .T. ) ;
#1760 = FACE_OUTER_BOUND ( 'NONE', #606, .T. ) ;
#1761 = ORIENTED_EDGE ( 'NONE', *, *, #430, .T. ) ;
#1762 = CARTESIAN_POINT ( 'NONE',  ( 1.708404779385120253, 1.199999999999999956, 0.9652231938737965145 ) ) ;
#1763 = CARTESIAN_POINT ( 'NONE',  ( 3.562302626111376380, 0.000000000000000000, 1.000000000000000222 ) ) ;
#1764 = EDGE_CURVE ( 'NONE', #420, #284, #440, .T. ) ;
#1765 = DIRECTION ( 'NONE',  ( 1.000000000000000000, 0.000000000000000000, 0.000000000000000000 ) ) ;
#1766 = EDGE_CURVE ( 'NONE', #1902, #1612, #164, .T. ) ;
#1767 = VERTEX_POINT ( 'NONE', #1797 ) ;
#1768 = DIRECTION ( 'NONE',  ( -1.000000000000000000, -0.000000000000000000, -0.000000000000000000 ) ) ;
#1769 = CARTESIAN_POINT ( 'NONE',  ( 1.000000000000000000, 0.000000000000000000, 3.750000000000000000 ) ) ;
#1770 = CARTESIAN_POINT ( 'NONE',  ( 1.072950526740815924, 1.665547805729044484, 1.168343330755437171 ) ) ;
#1771 = CARTESIAN_POINT ( 'NONE',  ( 2.101014385434484488, -5.759824041329238608E-17, 0.9383127857033025654 ) ) ;
#1772 = ORIENTED_EDGE ( 'NONE', *, *, #1255, .T. ) ;
#1773 = CARTESIAN_POINT ( 'NONE',  ( 0.000000000000000000, 0.000000000000000000, 0.000000000000000000 ) ) ;
#1774 = PLANE ( 'NONE',  #883 ) ;
#1775 = DIRECTION ( 'NONE',  ( 0.000000000000000000, 0.000000000000000000, 1.000000000000000000 ) ) ;
#1776 = AXIS2_PLACEMENT_3D ( 'NONE', #1120, #1139, #1757 ) ;
#1777 = ORIENTED_EDGE ( 'NONE', *, *, #390, .F. ) ;
#1778 = LINE ( 'NONE', #1185, #22 ) ;
#1779 = CARTESIAN_POINT ( 'NONE',  ( 1.101453410093378604, 1.659954090785924263, 1.149630926167037659 ) ) ;
#1780 = CARTESIAN_POINT ( 'NONE',  ( 3.323223304703367020, 3.323223304703360803, 0.4999999999999987788 ) ) ;
#1781 = ORIENTED_EDGE ( 'NONE', *, *, #1928, .T. ) ;
#1782 = CARTESIAN_POINT ( 'NONE',  ( 0.2500000000000000000, 3.750000000000000000, 1.000000000000000222 ) ) ;
#1783 = ADVANCED_FACE ( 'NONE', ( #728 ), #576, .T. ) ;
#1784 = CIRCLE ( 'NONE', #1525, 0.2500000000000000000 ) ;
#1785 = DIRECTION ( 'NONE',  ( -0.000000000000000000, 1.000000000000000000, 0.000000000000000000 ) ) ;
#1786 = CARTESIAN_POINT ( 'NONE',  ( 1.199999999999999956, 1.199999999999999956, 0.000000000000000000 ) ) ;
#1787 = ORIENTED_EDGE ( 'NONE', *, *, #232, .T. ) ;
#1788 = AXIS2_PLACEMENT_3D ( 'NONE', #679, #524, #1295 ) ;
#1789 = CARTESIAN_POINT ( 'NONE',  ( 2.749545416973503631, 1.199999999999999956, 0.000000000000000000 ) ) ;
#1790 = AXIS2_PLACEMENT_3D ( 'NONE', #343, #1934, #1648 ) ;
#1791 = CARTESIAN_POINT ( 'NONE',  ( 1.199999999999999956, 1.962141687034858029, 0.000000000000000000 ) ) ;
#1792 = ORIENTED_EDGE ( 'NONE', *, *, #1462, .F. ) ;
#1793 = DIRECTION ( 'NONE',  ( 0.000000000000000000, 0.000000000000000000, 1.000000000000000000 ) ) ;
#1794 = SPHERICAL_SURFACE ( 'NONE', #555, 2.299999999999999822 ) ;
#1795 = FACE_OUTER_BOUND ( 'NONE', #1742, .T. ) ;
#1796 = VERTEX_POINT ( 'NONE', #1357 ) ;
#1797 = CARTESIAN_POINT ( 'NONE',  ( 3.750000000000000000, 3.146446609406726935, -1.208553977619865205E-15 ) ) ;
#1798 = FACE_OUTER_BOUND ( 'NONE', #488, .T. ) ;
#1799 = EDGE_CURVE ( 'NONE', #493, #1660, #881, .T. ) ;
#1800 = CARTESIAN_POINT ( 'NONE',  ( 3.146446609406726491, 0.4999999999999997780, 4.000000000000000000 ) ) ;
#1801 = EDGE_LOOP ( 'NONE', ( #969, #1514, #1084, #691 ) ) ;
#1802 = CARTESIAN_POINT ( 'NONE',  ( 2.542710951009518272, 1.149388928140173682, 1.101729029263043058 ) ) ;
#1803 = PLANE ( 'NONE',  #1245 ) ;
#1804 = CARTESIAN_POINT ( 'NONE',  ( 0.000000000000000000, 0.000000000000000000, 2.917190429162964449 ) ) ;
#1805 = ORIENTED_EDGE ( 'NONE', *, *, #1570, .T. ) ;
#1806 = CARTESIAN_POINT ( 'NONE',  ( 4.000000000000000000, 0.000000000000000000, 0.000000000000000000 ) ) ;
#1807 = AXIS2_PLACEMENT_3D ( 'NONE', #303, #1824, #1363 ) ;
#1808 = VERTEX_POINT ( 'NONE', #1683 ) ;
#1809 = ADVANCED_FACE ( 'NONE', ( #1819 ), #1045, .F. ) ;
#1810 = DIRECTION ( 'NONE',  ( 1.000000000000000000, 0.000000000000000000, 0.000000000000000000 ) ) ;
#1811 = AXIS2_PLACEMENT_3D ( 'NONE', #1162, #997, #271 ) ;
#1812 = CARTESIAN_POINT ( 'NONE',  ( 0.04654946694321854955, 0.6984505330567815085, 3.633180424916990781 ) ) ;
#1813 = ORIENTED_EDGE ( 'NONE', *, *, #1170, .F. ) ;
#1814 = CARTESIAN_POINT ( 'NONE',  ( 2.559679299791176810, 1.013132566709332938, 1.192427434577469469 ) ) ;
#1815 = FACE_OUTER_BOUND ( 'NONE', #880, .T. ) ;
#1816 = DIRECTION ( 'NONE',  ( -1.000000000000000000, -2.220446049250313081E-16, -0.000000000000000000 ) ) ;
#1817 = ORIENTED_EDGE ( 'NONE', *, *, #578, .F. ) ;
#1818 = ORIENTED_EDGE ( 'NONE', *, *, #1302, .T. ) ;
#1819 = FACE_OUTER_BOUND ( 'NONE', #905, .T. ) ;
#1820 = CIRCLE ( 'NONE', #65, 4.170131892398609708 ) ;
#1821 = VERTEX_POINT ( 'NONE', #408 ) ;
#1822 = DIRECTION ( 'NONE',  ( -0.000000000000000000, -0.000000000000000000, -1.000000000000000000 ) ) ;
#1823 = CYLINDRICAL_SURFACE ( 'NONE', #255, 0.6999999999999999556 ) ;
#1824 = DIRECTION ( 'NONE',  ( -0.000000000000000000, -0.000000000000000000, 1.000000000000000000 ) ) ;
#1825 = EDGE_CURVE ( 'NONE', #468, #400, #748, .T. ) ;
#1826 = CARTESIAN_POINT ( 'NONE',  ( 0.9500000000000001776, 1.199999999999999956, 2.580213169488133396 ) ) ;
#1827 = LINE ( 'NONE', #144, #894 ) ;
#1828 = VERTEX_POINT ( 'NONE', #565 ) ;
#1829 = DIRECTION ( 'NONE',  ( 1.000000000000000000, 0.000000000000000000, 0.000000000000000000 ) ) ;
#1830 = EDGE_CURVE ( 'NONE', #493, #564, #741, .T. ) ;
#1831 = EDGE_CURVE ( 'NONE', #114, #1828, #277, .T. ) ;
#1832 = ORIENTED_EDGE ( 'NONE', *, *, #1903, .F. ) ;
#1833 = CARTESIAN_POINT ( 'NONE',  ( 0.6984505330567813974, 2.917190429162964449, 0.04654946694321870221 ) ) ;
#1834 = DIRECTION ( 'NONE',  ( -1.000000000000000000, -0.000000000000000000, 0.000000000000000000 ) ) ;
#1835 = LINE ( 'NONE', #444, #764 ) ;
#1836 = CARTESIAN_POINT ( 'NONE',  ( 3.750000000000000000, 0.000000000000000000, 0.000000000000000000 ) ) ;
#1837 = ORIENTED_EDGE ( 'NONE', *, *, #924, .T. ) ;
#1838 = DIRECTION ( 'NONE',  ( 1.000000000000000000, 1.359739955510518475E-16, -1.359739955510518475E-16 ) ) ;
#1839 = ORIENTED_EDGE ( 'NONE', *, *, #940, .F. ) ;
#1840 = DIRECTION ( 'NONE',  ( 1.000000000000000000, 0.000000000000000000, 0.000000000000000000 ) ) ;
#1841 = VECTOR ( 'NONE', #1452, 100.0000000000000000 ) ;
#1842 = CARTESIAN_POINT ( 'NONE',  ( 0.8753117422505625189, 2.128001743998887196, 0.005768686730278286927 ) ) ;
#1843 = CARTESIAN_POINT ( 'NONE',  ( 0.000000000000000000, 0.000000000000000000, 1.000000000000000222 ) ) ;
#1844 = ORIENTED_EDGE ( 'NONE', *, *, #21, .F. ) ;
#1845 = ORIENTED_EDGE ( 'NONE', *, *, #1416, .T. ) ;
#1846 = EDGE_CURVE ( 'NONE', #961, #1229, #53, .T. ) ;
#1847 = CARTESIAN_POINT ( 'NONE',  ( 2.194097814154805093, 0.6889821447559160150, 0.04903683215322136163 ) ) ;
#1848 = VECTOR ( 'NONE', #119, 100.0000000000000000 ) ;
#1849 = ORIENTED_EDGE ( 'NONE', *, *, #388, .T. ) ;
#1850 = CARTESIAN_POINT ( 'NONE',  ( 0.1837282879394748492, 0.4213485426416717639, 2.253855475171163469 ) ) ;
#1851 = EDGE_CURVE ( 'NONE', #1196, #1796, #34, .T. ) ;
#1852 = DIRECTION ( 'NONE',  ( 0.000000000000000000, 0.000000000000000000, -1.000000000000000000 ) ) ;
#1853 = VECTOR ( 'NONE', #1436, 100.0000000000000000 ) ;
#1854 =( NAMED_UNIT ( * ) SI_UNIT ( $, .STERADIAN. ) SOLID_ANGLE_UNIT ( ) );
#1855 = ORIENTED_EDGE ( 'NONE', *, *, #898, .T. ) ;
#1856 = ORIENTED_EDGE ( 'NONE', *, *, #248, .F. ) ;
#1857 = VECTOR ( 'NONE', #81, 100.0000000000000000 ) ;
#1858 = CARTESIAN_POINT ( 'NONE',  ( 1.149388928140174126, 1.101729029263042392, 2.542710951009518272 ) ) ;
#1859 = AXIS2_PLACEMENT_3D ( 'NONE', #1157, #848, #1200 ) ;
#1860 = ORIENTED_EDGE ( 'NONE', *, *, #1386, .T. ) ;
#1861 = DIRECTION ( 'NONE',  ( 0.000000000000000000, -1.000000000000000000, 0.000000000000000000 ) ) ;
#1862 = SURFACE_SIDE_STYLE ('',( #1877 ) ) ;
#1863 = CARTESIAN_POINT ( 'NONE',  ( 2.917190429162964449, 0.000000000000000000, 0.000000000000000000 ) ) ;
#1864 = ORIENTED_EDGE ( 'NONE', *, *, #139, .T. ) ;
#1865 = CARTESIAN_POINT ( 'NONE',  ( 1.101993428733096581, 1.149196135937817553, 2.542684199395873978 ) ) ;
#1866 = ORIENTED_EDGE ( 'NONE', *, *, #864, .F. ) ;
#1867 = ADVANCED_FACE ( 'NONE', ( #334 ), #1266, .T. ) ;
#1868 = DIRECTION ( 'NONE',  ( 1.000000000000000000, 1.359739955510518229E-16, -1.359739955510518722E-16 ) ) ;
#1869 = CARTESIAN_POINT ( 'NONE',  ( 0.000000000000000000, 1.000000000000000000, 3.562302626111376380 ) ) ;
#1870 = DIRECTION ( 'NONE',  ( -1.000000000000000000, -1.359739955510518229E-16, 1.359739955510518722E-16 ) ) ;
#1871 = CARTESIAN_POINT ( 'NONE',  ( -6.986514943034208816E-16, 3.146446609406726491, 4.000000000000000000 ) ) ;
#1872 = LINE ( 'NONE', #183, #1038 ) ;
#1873 = ORIENTED_EDGE ( 'NONE', *, *, #1385, .T. ) ;
#1874 = ORIENTED_EDGE ( 'NONE', *, *, #1595, .F. ) ;
#1875 = AXIS2_PLACEMENT_3D ( 'NONE', #1243, #1727, #1551 ) ;
#1876 = DIRECTION ( 'NONE',  ( -0.000000000000000000, 1.119504763768062970E-16, 1.000000000000000000 ) ) ;
#1877 = SURFACE_STYLE_FILL_AREA ( #1110 ) ;
#1878 = DIRECTION ( 'NONE',  ( 1.000000000000000000, -0.000000000000000000, -0.000000000000000000 ) ) ;
#1879 = LINE ( 'NONE', #605, #1264 ) ;
#1880 = VERTEX_POINT ( 'NONE', #960 ) ;
#1881 = EDGE_CURVE ( 'NONE', #564, #31, #1820, .T. ) ;
#1882 = FACE_OUTER_BOUND ( 'NONE', #666, .T. ) ;
#1883 = DIRECTION ( 'NONE',  ( -1.000000000000000000, 1.119504763768062724E-16, 0.000000000000000000 ) ) ;
#1884 = EDGE_CURVE ( 'NONE', #1636, #1445, #477, .T. ) ;
#1885 = EDGE_CURVE ( 'NONE', #687, #961, #1879, .T. ) ;
#1886 = ORIENTED_EDGE ( 'NONE', *, *, #1184, .F. ) ;
#1887 = DIRECTION ( 'NONE',  ( -0.000000000000000000, 1.000000000000000000, -1.119504763768062724E-16 ) ) ;
#1888 = CARTESIAN_POINT ( 'NONE',  ( 0.4999999999999991673, 4.000000000000000000, 4.000000000000000000 ) ) ;
#1889 = CARTESIAN_POINT ( 'NONE',  ( 2.228507113323310307, 0.09724228806365525779, 0.5647734377795602390 ) ) ;
#1890 = ORIENTED_EDGE ( 'NONE', *, *, #452, .T. ) ;
#1891 = DIRECTION ( 'NONE',  ( -2.220446049250313081E-16, 1.000000000000000000, 0.000000000000000000 ) ) ;
#1892 = CARTESIAN_POINT ( 'NONE',  ( 3.999999999999999556, 4.000000000000000888, 3.146446609406726491 ) ) ;
#1893 = AXIS2_PLACEMENT_3D ( 'NONE', #438, #2006, #584 ) ;
#1894 = ORIENTED_EDGE ( 'NONE', *, *, #678, .F. ) ;
#1895 = CARTESIAN_POINT ( 'NONE',  ( 3.146446609406726491, 3.500000000000001776, 4.000000000000000000 ) ) ;
#1896 = DIRECTION ( 'NONE',  ( -1.000000000000000000, -1.359739955510518229E-16, 1.359739955510518475E-16 ) ) ;
#1897 = CIRCLE ( 'NONE', #604, 0.7500000000000001110 ) ;
#1898 = CARTESIAN_POINT ( 'NONE',  ( 1.200000000000000178, 2.749545416973504075, 0.000000000000000000 ) ) ;
#1899 = EDGE_LOOP ( 'NONE', ( #1787, #1072, #1564, #377, #1792 ) ) ;
#1900 = CARTESIAN_POINT ( 'NONE',  ( 0.5663811790826648318, 0.09651347628853129690, 2.228111889010079061 ) ) ;
#1901 = CARTESIAN_POINT ( 'NONE',  ( 3.750000000000000000, 1.000000000000000000, 0.2500000000000000000 ) ) ;
#1902 = VERTEX_POINT ( 'NONE', #26 ) ;
#1903 = EDGE_CURVE ( 'NONE', #528, #1586, #1206, .T. ) ;
#1904 = CARTESIAN_POINT ( 'NONE',  ( 3.098463381323559944E-17, 2.864171221078160467, 0.8989004283851135257 ) ) ;
#1905 = AXIS2_PLACEMENT_3D ( 'NONE', #1973, #931, #909 ) ;
#1906 = LINE ( 'NONE', #987, #550 ) ;
#1907 = EDGE_CURVE ( 'NONE', #852, #542, #1575, .T. ) ;
#1908 = APPLICATION_PROTOCOL_DEFINITION ( 'draft international standard', 'automotive_design', 1998, #1232 ) ;
#1909 = ORIENTED_EDGE ( 'NONE', *, *, #1846, .F. ) ;
#1910 = DIRECTION ( 'NONE',  ( -1.000000000000000000, -0.000000000000000000, 0.000000000000000000 ) ) ;
#1911 = CIRCLE ( 'NONE', #1751, 1.280624847486572682 ) ;
#1912 = CARTESIAN_POINT ( 'NONE',  ( 0.9500000000000001776, 1.199999999999999956, 1.716828471338939455 ) ) ;
#1913 = CARTESIAN_POINT ( 'NONE',  ( 2.893786121051218796, 0.01496762463633151234, 0.7983071989884331643 ) ) ;
#1914 = ORIENTED_EDGE ( 'NONE', *, *, #1102, .T. ) ;
#1915 = AXIS2_PLACEMENT_3D ( 'NONE', #685, #855, #1001 ) ;
#1916 = CARTESIAN_POINT ( 'NONE',  ( 0.9999999999999998890, 2.071231517720797388, 0.000000000000000000 ) ) ;
#1917 = LINE ( 'NONE', #47, #649 ) ;
#1918 = CARTESIAN_POINT ( 'NONE',  ( 0.000000000000000000, 1.000000000000000000, 4.000000000000000000 ) ) ;
#1919 = LINE ( 'NONE', #1780, #349 ) ;
#1920 = ORIENTED_EDGE ( 'NONE', *, *, #1611, .F. ) ;
#1921 = CARTESIAN_POINT ( 'NONE',  ( 1.665736379848098414, 1.072208461386845668, 1.168754882211735291 ) ) ;
#1922 = ADVANCED_FACE ( 'NONE', ( #1085 ), #1710, .F. ) ;
#1923 = DIRECTION ( 'NONE',  ( -1.359739955510518475E-16, -2.220446049250313081E-16, -1.000000000000000000 ) ) ;
#1924 = DIRECTION ( 'NONE',  ( 1.000000000000000000, 0.000000000000000000, 0.000000000000000000 ) ) ;
#1925 = VECTOR ( 'NONE', #1210, 100.0000000000000000 ) ;
#1926 = ORIENTED_EDGE ( 'NONE', *, *, #693, .F. ) ;
#1927 = DIRECTION ( 'NONE',  ( 2.239009527536125448E-16, 0.000000000000000000, -1.000000000000000000 ) ) ;
#1928 = EDGE_CURVE ( 'NONE', #1328, #625, #870, .T. ) ;
#1929 = CARTESIAN_POINT ( 'NONE',  ( 1.150211188161338383, 1.660065405768977209, 1.100678753183835346 ) ) ;
#1930 = CARTESIAN_POINT ( 'NONE',  ( 0.000000000000000000, 3.750000000000000000, 4.000000000000000000 ) ) ;
#1931 = ORIENTED_EDGE ( 'NONE', *, *, #485, .T. ) ;
#1932 = LINE ( 'NONE', #1617, #456 ) ;
#1933 = CARTESIAN_POINT ( 'NONE',  ( 0.04654946694321852874, 3.633180424916990781, 0.6984505330567813974 ) ) ;
#1934 = DIRECTION ( 'NONE',  ( -1.000000000000000000, -0.000000000000000000, -0.000000000000000000 ) ) ;
#1935 = VERTEX_POINT ( 'NONE', #227 ) ;
#1936 = VECTOR ( 'NONE', #411, 100.0000000000000000 ) ;
#1937 = CARTESIAN_POINT ( 'NONE',  ( 1.192427434577468803, 2.559679299791176810, 1.013132566709332938 ) ) ;
#1938 = FACE_OUTER_BOUND ( 'NONE', #395, .T. ) ;
#1939 = CIRCLE ( 'NONE', #194, 3.000000000000000000 ) ;
#1940 = ORIENTED_EDGE ( 'NONE', *, *, #828, .T. ) ;
#1941 = CARTESIAN_POINT ( 'NONE',  ( 1.686397511093982393, 1.192761422945330052, 1.011771874820240225 ) ) ;
#1942 = FACE_OUTER_BOUND ( 'NONE', #449, .T. ) ;
#1943 = CYLINDRICAL_SURFACE ( 'NONE', #108, 0.6999999999999999556 ) ;
#1944 = ORIENTED_EDGE ( 'NONE', *, *, #717, .F. ) ;
#1945 = CARTESIAN_POINT ( 'NONE',  ( 0.7976814668767255867, 3.614506154727532117, 0.01516552602522674292 ) ) ;
#1946 = AXIS2_PLACEMENT_3D ( 'NONE', #1701, #179, #1398 ) ;
#1947 = EDGE_CURVE ( 'NONE', #1821, #1176, #325, .T. ) ;
#1948 = CARTESIAN_POINT ( 'NONE',  ( 1.028969436211878197, 2.555525948925891466, 1.187766558950466012 ) ) ;
#1949 = VECTOR ( 'NONE', #112, 100.0000000000000000 ) ;
#1950 = VECTOR ( 'NONE', #375, 100.0000000000000000 ) ;
#1951 = AXIS2_PLACEMENT_3D ( 'NONE', #1588, #665, #204 ) ;
#1952 = CARTESIAN_POINT ( 'NONE',  ( 1.199999999999999956, 1.716828471338939455, 0.9499999999999999556 ) ) ;
#1953 = ORIENTED_EDGE ( 'NONE', *, *, #286, .T. ) ;
#1954 = DIRECTION ( 'NONE',  ( -0.000000000000000000, -0.000000000000000000, 1.000000000000000000 ) ) ;
#1955 = DIRECTION ( 'NONE',  ( 0.7071067811865467956, 0.000000000000000000, -0.7071067811865482389 ) ) ;
#1956 = CARTESIAN_POINT ( 'NONE',  ( 3.146446609406726491, 5.388572197316079756E-16, 0.4999999999999995559 ) ) ;
#1957 = ORIENTED_EDGE ( 'NONE', *, *, #596, .F. ) ;
#1958 = ADVANCED_FACE ( 'NONE', ( #1760 ), #802, .F. ) ;
#1959 = DIRECTION ( 'NONE',  ( 0.000000000000000000, -1.000000000000000000, 0.000000000000000000 ) ) ;
#1960 = ORIENTED_EDGE ( 'NONE', *, *, #1416, .F. ) ;
#1961 = CARTESIAN_POINT ( 'NONE',  ( 0.9999999999999998890, 2.828427124746189847, 0.000000000000000000 ) ) ;
#1962 = CYLINDRICAL_SURFACE ( 'NONE', #1061, 0.2500000000000002220 ) ;
#1963 = ORIENTED_EDGE ( 'NONE', *, *, #1512, .T. ) ;
#1964 = CARTESIAN_POINT ( 'NONE',  ( 0.2500000000000000000, 3.146446609406726491, 4.000000000000000000 ) ) ;
#1965 = CARTESIAN_POINT ( 'NONE',  ( 3.146446609406725603, 3.500000000000000888, 0.5000000000000004441 ) ) ;
#1966 = DIRECTION ( 'NONE',  ( 1.000000000000000000, 2.506581832198772116E-32, 2.239009527536125448E-16 ) ) ;
#1967 = ORIENTED_EDGE ( 'NONE', *, *, #1885, .T. ) ;
#1968 = VERTEX_POINT ( 'NONE', #1738 ) ;
#1969 = CARTESIAN_POINT ( 'NONE',  ( 3.146446609406725603, 4.000000000000000888, -1.316013336969217751E-15 ) ) ;
#1970 = EDGE_LOOP ( 'NONE', ( #1944, #747, #587, #1344 ) ) ;
#1971 = DIRECTION ( 'NONE',  ( 0.000000000000000000, 0.000000000000000000, 1.000000000000000000 ) ) ;
#1972 = EDGE_CURVE ( 'NONE', #1253, #1495, #1919, .T. ) ;
#1973 = CARTESIAN_POINT ( 'NONE',  ( 0.000000000000000000, 0.000000000000000000, 1.199999999999999956 ) ) ;
#1974 = EDGE_CURVE ( 'NONE', #1796, #1267, #38, .T. ) ;
#1975 = CARTESIAN_POINT ( 'NONE',  ( 0.000000000000000000, 2.749545416973503631, 1.199999999999999956 ) ) ;
#1976 = CARTESIAN_POINT ( 'NONE',  ( 2.749545416973504075, 0.000000000000000000, 1.200000000000000400 ) ) ;
#1977 = EDGE_CURVE ( 'NONE', #542, #1028, #1599, .T. ) ;
#1978 = PLANE ( 'NONE',  #1634 ) ;
#1979 = ORIENTED_EDGE ( 'NONE', *, *, #592, .F. ) ;
#1980 = CARTESIAN_POINT ( 'NONE',  ( 3.499999999999999556, 0.000000000000000000, 3.146446609406726491 ) ) ;
#1981 = VECTOR ( 'NONE', #469, 100.0000000000000000 ) ;
#1982 = ORIENTED_EDGE ( 'NONE', *, *, #91, .T. ) ;
#1983 = DIRECTION ( 'NONE',  ( 0.000000000000000000, 1.000000000000000000, -0.000000000000000000 ) ) ;
#1984 = CARTESIAN_POINT ( 'NONE',  ( 1.199999999999999956, 0.000000000000000000, 1.199999999999999956 ) ) ;
#1985 = DIRECTION ( 'NONE',  ( 0.000000000000000000, 2.220446049250313081E-16, 1.000000000000000000 ) ) ;
#1986 = CARTESIAN_POINT ( 'NONE',  ( 1.199999999999999956, 1.716828471338939455, 0.9499999999999999556 ) ) ;
#1987 = ORIENTED_EDGE ( 'NONE', *, *, #232, .F. ) ;
#1988 = ORIENTED_EDGE ( 'NONE', *, *, #596, .T. ) ;
#1989 = PLANE ( 'NONE',  #95 ) ;
#1990 = ADVANCED_FACE ( 'NONE', ( #527 ), #1625, .F. ) ;
#1991 = VERTEX_POINT ( 'NONE', #1898 ) ;
#1992 = CARTESIAN_POINT ( 'NONE',  ( 2.828427124746190291, 1.000000000000000000, 0.000000000000000000 ) ) ;
#1993 = EDGE_CURVE ( 'NONE', #2001, #1229, #317, .T. ) ;
#1994 = CARTESIAN_POINT ( 'NONE',  ( 0.6882038554198192104, 2.194333114259655826, 0.04929803891861442300 ) ) ;
#1995 = AXIS2_PLACEMENT_3D ( 'NONE', #1549, #624, #1509 ) ;
#1996 = DIRECTION ( 'NONE',  ( 1.000000000000000000, 0.000000000000000000, 0.000000000000000000 ) ) ;
#1997 = ORIENTED_EDGE ( 'NONE', *, *, #1104, .F. ) ;
#1998 = ORIENTED_EDGE ( 'NONE', *, *, #1851, .F. ) ;
#1999 = CARTESIAN_POINT ( 'NONE',  ( 1.138622864715281846, 1.114923042411206877, 2.541803056192091681 ) ) ;
#2000 = EDGE_CURVE ( 'NONE', #1449, #1071, #834, .T. ) ;
#2001 = VERTEX_POINT ( 'NONE', #1308 ) ;
#2002 = VECTOR ( 'NONE', #1218, 100.0000000000000000 ) ;
#2003 = CARTESIAN_POINT ( 'NONE',  ( 0.3426635033063827884, 0.2456406498379846981, 2.261282027927436378 ) ) ;
#2004 = CARTESIAN_POINT ( 'NONE',  ( 0.000000000000000000, 0.000000000000000000, 0.000000000000000000 ) ) ;
#2005 = LINE ( 'NONE', #601, #2002 ) ;
#2006 = DIRECTION ( 'NONE',  ( 2.220446049250313081E-16, -1.000000000000000000, -0.000000000000000000 ) ) ;
#2007 = EDGE_LOOP ( 'NONE', ( #547, #1520, #575, #567 ) ) ;
#2008 = CARTESIAN_POINT ( 'NONE',  ( 1.199999999999999956, 0.9499999999999999556, 2.580213169488133396 ) ) ;
ENDSEC;
END-ISO-10303-21;
