ISO-10303-21;
HEADER;
FILE_DESCRIPTION (( 'STEP AP214' ),
    '1' );
FILE_NAME ('Gizmo_Box.STEP',
    '2026-07-17T01:10:22',
    ( '' ),
    ( '' ),
    'SwSTEP 2.0',
    'SolidWorks 2025',
    '' );
FILE_SCHEMA (( 'AUTOMOTIVE_DESIGN' ));
ENDSEC;

DATA;
#1 = COLOUR_RGB ( '',0.3254901960784313819, 0.7843137254901960675, 0.01568627450980392135 ) ;
#2 = ORIENTED_EDGE ( 'NONE', *, *, #2447, .T. ) ;
#3 = MECHANICAL_DESIGN_GEOMETRIC_PRESENTATION_REPRESENTATION (  '', ( #95 ), #358 ) ;
#4 = SURFACE_SIDE_STYLE ('',( #984 ) ) ;
#5 = PLANE ( 'NONE',  #63 ) ;
#6 = FACE_OUTER_BOUND ( 'NONE', #333, .T. ) ;
#7 = COLOUR_RGB ( '',1.000000000000000000, 0.1490196078431372528, 0.1490196078431372528 ) ;
#8 = CARTESIAN_POINT ( 'NONE',  ( 75.00000000000001421, -2.618611004132350648E-13, 0.000000000000000000 ) ) ;
#9 = PRESENTATION_LAYER_ASSIGNMENT (  '', '', ( #1885 ) ) ;
#10 = VECTOR ( 'NONE', #2316, 1000.000000000000114 ) ;
#11 = FILL_AREA_STYLE_COLOUR ( '', #741 ) ;
#12 = SURFACE_STYLE_USAGE ( .BOTH. , #1247 ) ;
#13 = ADVANCED_FACE ( 'NONE', ( #6 ), #2209, .T. ) ;
#14 = ORIENTED_EDGE ( 'NONE', *, *, #2270, .T. ) ;
#15 = CARTESIAN_POINT ( 'NONE',  ( 25.00000000000001776, -10.00000000000000888, 5.599315068493148750 ) ) ;
#16 = PRESENTATION_STYLE_ASSIGNMENT (( #1003 ) ) ;
#17 = FACE_OUTER_BOUND ( 'NONE', #2069, .T. ) ;
#18 = ORIENTED_EDGE ( 'NONE', *, *, #2535, .T. ) ;
#19 = LINE ( 'NONE', #2044, #1220 ) ;
#20 = VECTOR ( 'NONE', #236, 1000.000000000000000 ) ;
#21 = ORIENTED_EDGE ( 'NONE', *, *, #79, .F. ) ;
#22 = DIRECTION ( 'NONE',  ( 0.000000000000000000, 1.000000000000000000, 0.000000000000000000 ) ) ;
#23 = PRESENTATION_LAYER_ASSIGNMENT (  '', '', ( #1854 ) ) ;
#24 = DIRECTION ( 'NONE',  ( 1.000000000000000000, -0.000000000000000000, 0.000000000000000000 ) ) ;
#25 = ORIENTED_EDGE ( 'NONE', *, *, #1528, .F. ) ;
#26 = EDGE_CURVE ( 'NONE', #877, #160, #477, .T. ) ;
#27 = CARTESIAN_POINT ( 'NONE',  ( -24.99999999999998579, 25.00000000000000000, 25.00000000000000000 ) ) ;
#28 = PLANE ( 'NONE',  #137 ) ;
#29 = ORIENTED_EDGE ( 'NONE', *, *, #537, .F. ) ;
#30 = CARTESIAN_POINT ( 'NONE',  ( -6.369863013698608079, 25.00000000000000000, 10.00000000000000533 ) ) ;
#31 = SURFACE_STYLE_FILL_AREA ( #260 ) ;
#32 = DIRECTION ( 'NONE',  ( 0.000000000000000000, 1.000000000000000000, 0.000000000000000000 ) ) ;
#33 = UNCERTAINTY_MEASURE_WITH_UNIT (LENGTH_MEASURE( 1.000000000000000082E-05 ), #1775, 'distance_accuracy_value', 'NONE');
#34 = LINE ( 'NONE', #846, #2508 ) ;
#35 = EDGE_CURVE ( 'NONE', #115, #1152, #1831, .T. ) ;
#36 = CARTESIAN_POINT ( 'NONE',  ( 20.00000000000001776, -25.00000000000000711, 6.215753424657532555 ) ) ;
#37 = FILL_AREA_STYLE_COLOUR ( '', #50 ) ;
#38 =( NAMED_UNIT ( * ) SI_UNIT ( $, .STERADIAN. ) SOLID_ANGLE_UNIT ( ) );
#39 = CARTESIAN_POINT ( 'NONE',  ( 20.00000000000001776, -10.00000000000000888, 5.599315068493148750 ) ) ;
#40 = ORIENTED_EDGE ( 'NONE', *, *, #508, .F. ) ;
#41 = SURFACE_STYLE_FILL_AREA ( #1620 ) ;
#42 = ADVANCED_FACE ( 'NONE', ( #761 ), #1934, .T. ) ;
#43 = ORIENTED_EDGE ( 'NONE', *, *, #356, .F. ) ;
#44 = CARTESIAN_POINT ( 'NONE',  ( 0.4783818493150895357, 20.00000000000000000, 15.81121575342466379 ) ) ;
#45 = STYLED_ITEM ( 'NONE', ( #169 ), #479 ) ;
#46 = CARTESIAN_POINT ( 'NONE',  ( -5.650684931506831710, -25.00000000000000355, 20.00000000000000000 ) ) ;
#47 = CIRCLE ( 'NONE', #2588, 5.000000000000000000 ) ;
#48 = PRESENTATION_LAYER_ASSIGNMENT (  '', '', ( #2545 ) ) ;
#49 = CARTESIAN_POINT ( 'NONE',  ( -24.99999999999998579, -25.00000000000000000, 25.00000000000000000 ) ) ;
#50 = COLOUR_RGB ( '',0.3254901960784313819, 0.7843137254901960675, 0.01568627450980392135 ) ;
#51 = MECHANICAL_DESIGN_GEOMETRIC_PRESENTATION_REPRESENTATION (  '', ( #1920 ), #2125 ) ;
#52 = COLOUR_RGB ( '',1.000000000000000000, 0.1490196078431372528, 0.1490196078431372528 ) ;
#53 = COLOUR_RGB ( '',1.000000000000000000, 0.1490196078431372528, 0.1490196078431372528 ) ;
#54 = PRESENTATION_STYLE_ASSIGNMENT (( #895 ) ) ;
#55 = SURFACE_SIDE_STYLE ('',( #1239 ) ) ;
#56 = MECHANICAL_DESIGN_GEOMETRIC_PRESENTATION_REPRESENTATION (  '', ( #2505 ), #1384 ) ;
#57 =( LENGTH_UNIT ( ) NAMED_UNIT ( * ) SI_UNIT ( .MILLI., .METRE. ) );
#58 = ORIENTED_EDGE ( 'NONE', *, *, #584, .F. ) ;
#59 = LINE ( 'NONE', #1216, #230 ) ;
#60 = ORIENTED_EDGE ( 'NONE', *, *, #1350, .T. ) ;
#61 =( NAMED_UNIT ( * ) PLANE_ANGLE_UNIT ( ) SI_UNIT ( $, .RADIAN. ) );
#62 = EDGE_CURVE ( 'NONE', #2193, #2138, #1351, .T. ) ;
#63 = AXIS2_PLACEMENT_3D ( 'NONE', #1531, #2491, #1108 ) ;
#64 = SURFACE_STYLE_FILL_AREA ( #1851 ) ;
#65 = UNCERTAINTY_MEASURE_WITH_UNIT (LENGTH_MEASURE( 1.000000000000000082E-05 ), #2063, 'distance_accuracy_value', 'NONE');
#66 = PLANE ( 'NONE',  #1716 ) ;
#67 = APPLICATION_PROTOCOL_DEFINITION ( 'draft international standard', 'automotive_design', 1998, #331 ) ;
#68 = DIRECTION ( 'NONE',  ( 1.000000000000000000, -0.000000000000000000, -0.000000000000000000 ) ) ;
#69 =( NAMED_UNIT ( * ) SI_UNIT ( $, .STERADIAN. ) SOLID_ANGLE_UNIT ( ) );
#70 = DIRECTION ( 'NONE',  ( 0.000000000000000000, 1.000000000000000000, 0.000000000000000000 ) ) ;
#71 = ORIENTED_EDGE ( 'NONE', *, *, #665, .F. ) ;
#72 = SURFACE_STYLE_FILL_AREA ( #1314 ) ;
#73 = EDGE_CURVE ( 'NONE', #396, #541, #311, .T. ) ;
#74 =( GEOMETRIC_REPRESENTATION_CONTEXT ( 3 ) GLOBAL_UNCERTAINTY_ASSIGNED_CONTEXT ( ( #2476 ) ) GLOBAL_UNIT_ASSIGNED_CONTEXT ( ( #221, #1603, #1205 ) ) REPRESENTATION_CONTEXT ( 'NONE', 'WORKASPACE' ) );
#75 = ORIENTED_EDGE ( 'NONE', *, *, #508, .T. ) ;
#76 = FILL_AREA_STYLE_COLOUR ( '', #7 ) ;
#77 = LINE ( 'NONE', #2071, #480 ) ;
#78 = SURFACE_STYLE_FILL_AREA ( #1297 ) ;
#79 = EDGE_CURVE ( 'NONE', #1520, #1209, #1788, .T. ) ;
#80 =( NAMED_UNIT ( * ) SI_UNIT ( $, .STERADIAN. ) SOLID_ANGLE_UNIT ( ) );
#81 = DIRECTION ( 'NONE',  ( 0.000000000000000000, 0.000000000000000000, -1.000000000000000000 ) ) ;
#82 = SURFACE_STYLE_USAGE ( .BOTH. , #317 ) ;
#83 = ORIENTED_EDGE ( 'NONE', *, *, #2240, .F. ) ;
#84 = FILL_AREA_STYLE_COLOUR ( '', #1 ) ;
#85 = DIRECTION ( 'NONE',  ( 0.000000000000000000, -3.491481338843133355E-15, 1.000000000000000000 ) ) ;
#86 = VECTOR ( 'NONE', #2308, 1000.000000000000000 ) ;
#87 = ORIENTED_EDGE ( 'NONE', *, *, #2282, .F. ) ;
#88 = PLANE ( 'NONE',  #646 ) ;
#89 = FILL_AREA_STYLE_COLOUR ( '', #2117 ) ;
#90 = VECTOR ( 'NONE', #2540, 1000.000000000000000 ) ;
#91 = UNCERTAINTY_MEASURE_WITH_UNIT (LENGTH_MEASURE( 1.000000000000000082E-05 ), #588, 'distance_accuracy_value', 'NONE');
#92 = SHAPE_DEFINITION_REPRESENTATION ( #2482, #2275 ) ;
#93 = SURFACE_STYLE_FILL_AREA ( #872 ) ;
#94 = STYLED_ITEM ( 'NONE', ( #1964 ), #1454 ) ;
#95 = STYLED_ITEM ( 'NONE', ( #365 ), #841 ) ;
#96 = FILL_AREA_STYLE_COLOUR ( '', #1126 ) ;
#97 = ADVANCED_FACE ( 'NONE', ( #469 ), #2014, .T. ) ;
#98 = AXIS2_PLACEMENT_3D ( 'NONE', #1149, #1946, #1718 ) ;
#99 = AXIS2_PLACEMENT_3D ( 'NONE', #2563, #2332, #635 ) ;
#100 = CARTESIAN_POINT ( 'NONE',  ( 20.00000000000001776, -17.00556506849315852, -1.958476027397261232 ) ) ;
#101 = ORIENTED_EDGE ( 'NONE', *, *, #2374, .F. ) ;
#102 = DIRECTION ( 'NONE',  ( 0.4813609555486147440, 0.000000000000000000, 0.8765224643289666329 ) ) ;
#103 = DIRECTION ( 'NONE',  ( 0.000000000000000000, -0.8761213546944321973, 0.4820906261776857771 ) ) ;
#104 = VECTOR ( 'NONE', #1187, 1000.000000000000000 ) ;
#105 = ORIENTED_EDGE ( 'NONE', *, *, #1379, .T. ) ;
#106 = FACE_OUTER_BOUND ( 'NONE', #2502, .T. ) ;
#107 = SURFACE_STYLE_FILL_AREA ( #1680 ) ;
#108 = LINE ( 'NONE', #1782, #1161 ) ;
#109 =( NAMED_UNIT ( * ) SI_UNIT ( $, .STERADIAN. ) SOLID_ANGLE_UNIT ( ) );
#110 = VECTOR ( 'NONE', #1041, 1000.000000000000114 ) ;
#111 =( NAMED_UNIT ( * ) PLANE_ANGLE_UNIT ( ) SI_UNIT ( $, .RADIAN. ) );
#112 = SURFACE_STYLE_FILL_AREA ( #1478 ) ;
#113 = CARTESIAN_POINT ( 'NONE',  ( -1.836472602739708471, -22.32876712328767965, 25.00000000000000000 ) ) ;
#114 = EDGE_CURVE ( 'NONE', #115, #953, #2417, .T. ) ;
#115 = VERTEX_POINT ( 'NONE', #2024 ) ;
#116 = CARTESIAN_POINT ( 'NONE',  ( 0.000000000000000000, 0.000000000000000000, 0.000000000000000000 ) ) ;
#117 = UNCERTAINTY_MEASURE_WITH_UNIT (LENGTH_MEASURE( 1.000000000000000082E-05 ), #2000, 'distance_accuracy_value', 'NONE');
#118 = ORIENTED_EDGE ( 'NONE', *, *, #1990, .T. ) ;
#119 = FILL_AREA_STYLE ('',( #129 ) ) ;
#120 = DIRECTION ( 'NONE',  ( 0.4813609555486147440, 0.000000000000000000, 0.8765224643289666329 ) ) ;
#121 = UNCERTAINTY_MEASURE_WITH_UNIT (LENGTH_MEASURE( 1.000000000000000082E-05 ), #2473, 'distance_accuracy_value', 'NONE');
#122 = DIRECTION ( 'NONE',  ( -1.000000000000000000, 0.000000000000000000, -0.000000000000000000 ) ) ;
#123 = CARTESIAN_POINT ( 'NONE',  ( 25.00000000000001776, -25.00000000000000000, 25.00000000000000000 ) ) ;
#124 = FILL_AREA_STYLE_COLOUR ( '', #664 ) ;
#125 = LINE ( 'NONE', #1705, #1210 ) ;
#126 = ORIENTED_EDGE ( 'NONE', *, *, #166, .T. ) ;
#127 =( NAMED_UNIT ( * ) PLANE_ANGLE_UNIT ( ) SI_UNIT ( $, .RADIAN. ) );
#128 = ORIENTED_EDGE ( 'NONE', *, *, #1379, .F. ) ;
#129 = FILL_AREA_STYLE_COLOUR ( '', #53 ) ;
#130 = EDGE_CURVE ( 'NONE', #2202, #1649, #1036, .T. ) ;
#131 = VECTOR ( 'NONE', #942, 1000.000000000000000 ) ;
#132 = MECHANICAL_DESIGN_GEOMETRIC_PRESENTATION_REPRESENTATION (  '', ( #2285 ), #924 ) ;
#133 = CARTESIAN_POINT ( 'NONE',  ( -24.99999999999998579, -25.00000000000000000, 25.00000000000000000 ) ) ;
#134 =( NAMED_UNIT ( * ) SI_UNIT ( $, .STERADIAN. ) SOLID_ANGLE_UNIT ( ) );
#135 = PRESENTATION_LAYER_ASSIGNMENT (  '', '', ( #1206 ) ) ;
#136 = VECTOR ( 'NONE', #102, 1000.000000000000000 ) ;
#137 = AXIS2_PLACEMENT_3D ( 'NONE', #1491, #1684, #1855 ) ;
#138 = SURFACE_STYLE_USAGE ( .BOTH. , #2353 ) ;
#139 = ORIENTED_EDGE ( 'NONE', *, *, #1621, .F. ) ;
#140 =( LENGTH_UNIT ( ) NAMED_UNIT ( * ) SI_UNIT ( .MILLI., .METRE. ) );
#141 = MECHANICAL_DESIGN_GEOMETRIC_PRESENTATION_REPRESENTATION (  '', ( #2167 ), #1957 ) ;
#142 = COLOUR_RGB ( '',0.1176470588235294101, 0.4039215686274509887, 0.8823529411764705621 ) ;
#143 = MECHANICAL_DESIGN_GEOMETRIC_PRESENTATION_REPRESENTATION (  '', ( #860 ), #700 ) ;
#144 = VERTEX_POINT ( 'NONE', #237 ) ;
#145 = COLOUR_RGB ( '',0.1176470588235294101, 0.4039215686274509887, 0.8823529411764705621 ) ;
#146 = PLANE ( 'NONE',  #444 ) ;
#147 = SURFACE_STYLE_USAGE ( .BOTH. , #1918 ) ;
#148 = UNCERTAINTY_MEASURE_WITH_UNIT (LENGTH_MEASURE( 1.000000000000000082E-05 ), #1945, 'distance_accuracy_value', 'NONE');
#149 = EDGE_CURVE ( 'NONE', #2032, #983, #994, .T. ) ;
#150 =( LENGTH_UNIT ( ) NAMED_UNIT ( * ) SI_UNIT ( .MILLI., .METRE. ) );
#151 =( NAMED_UNIT ( * ) SI_UNIT ( $, .STERADIAN. ) SOLID_ANGLE_UNIT ( ) );
#152 = SURFACE_STYLE_USAGE ( .BOTH. , #370 ) ;
#153 = DIRECTION ( 'NONE',  ( 0.000000000000000000, 0.000000000000000000, -1.000000000000000000 ) ) ;
#154 = STYLED_ITEM ( 'NONE', ( #424 ), #2026 ) ;
#155 = SURFACE_SIDE_STYLE ('',( #977 ) ) ;
#156 = EDGE_LOOP ( 'NONE', ( #2256, #1657, #1939, #354 ) ) ;
#157 =( GEOMETRIC_REPRESENTATION_CONTEXT ( 3 ) GLOBAL_UNCERTAINTY_ASSIGNED_CONTEXT ( ( #2579 ) ) GLOBAL_UNIT_ASSIGNED_CONTEXT ( ( #1301, #897, #134 ) ) REPRESENTATION_CONTEXT ( 'NONE', 'WORKASPACE' ) );
#158 = FILL_AREA_STYLE ('',( #1345 ) ) ;
#159 = SURFACE_STYLE_USAGE ( .BOTH. , #1532 ) ;
#160 = VERTEX_POINT ( 'NONE', #2197 ) ;
#161 = DIRECTION ( 'NONE',  ( -0.000000000000000000, -0.000000000000000000, 1.000000000000000000 ) ) ;
#162 = FILL_AREA_STYLE_COLOUR ( '', #642 ) ;
#163 = EDGE_CURVE ( 'NONE', #2243, #2339, #1793, .T. ) ;
#164 = CARTESIAN_POINT ( 'NONE',  ( 20.00000000000001776, -17.00556506849315852, -1.958476027397261232 ) ) ;
#165 = SURFACE_SIDE_STYLE ('',( #560 ) ) ;
#166 = EDGE_CURVE ( 'NONE', #727, #1494, #667, .T. ) ;
#167 = ORIENTED_EDGE ( 'NONE', *, *, #1074, .F. ) ;
#168 = SURFACE_SIDE_STYLE ('',( #180 ) ) ;
#169 = PRESENTATION_STYLE_ASSIGNMENT (( #2151 ) ) ;
#170 = VERTEX_POINT ( 'NONE', #1392 ) ;
#171 = CARTESIAN_POINT ( 'NONE',  ( 20.00000000000001776, -19.34610445205480289, 0.1830051369862998878 ) ) ;
#172 = CARTESIAN_POINT ( 'NONE',  ( -5.130565068493131875, -12.67123287671233456, 20.00000000000000000 ) ) ;
#173 = PLANE ( 'NONE',  #2334 ) ;
#174 = SURFACE_STYLE_USAGE ( .BOTH. , #585 ) ;
#175 = MECHANICAL_DESIGN_GEOMETRIC_PRESENTATION_REPRESENTATION (  '', ( #516 ), #2191 ) ;
#176 = CARTESIAN_POINT ( 'NONE',  ( 100.0000000000000000, -3.560870277882205639E-13, 0.000000000000000000 ) ) ;
#177 = FACE_OUTER_BOUND ( 'NONE', #1412, .T. ) ;
#178 = AXIS2_PLACEMENT_3D ( 'NONE', #459, #1234, #1035 ) ;
#179 = FILL_AREA_STYLE ('',( #1151 ) ) ;
#180 = SURFACE_STYLE_FILL_AREA ( #1276 ) ;
#181 = EDGE_CURVE ( 'NONE', #1056, #1856, #2235, .T. ) ;
#182 = CARTESIAN_POINT ( 'NONE',  ( 6.938893903907228378E-15, 100.0000000000000000, 0.000000000000000000 ) ) ;
#183 =( GEOMETRIC_REPRESENTATION_CONTEXT ( 3 ) GLOBAL_UNCERTAINTY_ASSIGNED_CONTEXT ( ( #445 ) ) GLOBAL_UNIT_ASSIGNED_CONTEXT ( ( #1269, #495, #519 ) ) REPRESENTATION_CONTEXT ( 'NONE', 'WORKASPACE' ) );
#184 = FILL_AREA_STYLE ('',( #567 ) ) ;
#185 = ORIENTED_EDGE ( 'NONE', *, *, #2299, .T. ) ;
#186 = DIRECTION ( 'NONE',  ( 0.000000000000000000, -3.491481338843133355E-15, 1.000000000000000000 ) ) ;
#187 = CARTESIAN_POINT ( 'NONE',  ( 20.00000000000001776, -25.00000000000000711, 6.215753424657532555 ) ) ;
#188 = VECTOR ( 'NONE', #68, 1000.000000000000000 ) ;
#189 =( NAMED_UNIT ( * ) PLANE_ANGLE_UNIT ( ) SI_UNIT ( $, .RADIAN. ) );
#190 = VECTOR ( 'NONE', #1959, 1000.000000000000000 ) ;
#191 = MECHANICAL_DESIGN_GEOMETRIC_PRESENTATION_REPRESENTATION (  '', ( #1172 ), #1555 ) ;
#192 = PLANE ( 'NONE',  #1139 ) ;
#193 = AXIS2_PLACEMENT_3D ( 'NONE', #940, #1715, #749 ) ;
#194 = FACE_OUTER_BOUND ( 'NONE', #2220, .T. ) ;
#195 = CARTESIAN_POINT ( 'NONE',  ( 75.00000000000001421, -2.618611004132350648E-13, 0.000000000000000000 ) ) ;
#196 = EDGE_CURVE ( 'NONE', #990, #800, #845, .T. ) ;
#197 = FILL_AREA_STYLE ('',( #2115 ) ) ;
#198 = SURFACE_STYLE_FILL_AREA ( #158 ) ;
#199 =( GEOMETRIC_REPRESENTATION_CONTEXT ( 3 ) GLOBAL_UNCERTAINTY_ASSIGNED_CONTEXT ( ( #755 ) ) GLOBAL_UNIT_ASSIGNED_CONTEXT ( ( #675, #1809, #413 ) ) REPRESENTATION_CONTEXT ( 'NONE', 'WORKASPACE' ) );
#200 = COLOUR_RGB ( '',0.7921568627450980005, 0.8196078431372548767, 0.9333333333333333481 ) ;
#201 =( NAMED_UNIT ( * ) SI_UNIT ( $, .STERADIAN. ) SOLID_ANGLE_UNIT ( ) );
#202 = ORIENTED_EDGE ( 'NONE', *, *, #1893, .F. ) ;
#203 = EDGE_CURVE ( 'NONE', #2043, #1697, #2182, .T. ) ;
#204 = ORIENTED_EDGE ( 'NONE', *, *, #625, .F. ) ;
#205 =( LENGTH_UNIT ( ) NAMED_UNIT ( * ) SI_UNIT ( .MILLI., .METRE. ) );
#206 =( NAMED_UNIT ( * ) PLANE_ANGLE_UNIT ( ) SI_UNIT ( $, .RADIAN. ) );
#207 = SURFACE_STYLE_USAGE ( .BOTH. , #987 ) ;
#208 = EDGE_LOOP ( 'NONE', ( #1387, #286, #1605 ) ) ;
#209 = PLANE ( 'NONE',  #318 ) ;
#210 = PLANE ( 'NONE',  #1059 ) ;
#211 = DIRECTION ( 'NONE',  ( 0.000000000000000000, -1.000000000000000000, -0.000000000000000000 ) ) ;
#212 = ORIENTED_EDGE ( 'NONE', *, *, #716, .F. ) ;
#213 = FILL_AREA_STYLE ('',( #1547 ) ) ;
#214 = EDGE_LOOP ( 'NONE', ( #1232, #2304, #465, #2450 ) ) ;
#215 = DIRECTION ( 'NONE',  ( 0.000000000000000000, -3.491481338843133355E-15, 1.000000000000000000 ) ) ;
#216 = DIRECTION ( 'NONE',  ( 0.000000000000000000, -0.000000000000000000, 1.000000000000000000 ) ) ;
#217 = EDGE_CURVE ( 'NONE', #2079, #1646, #833, .T. ) ;
#218 = ORIENTED_EDGE ( 'NONE', *, *, #114, .F. ) ;
#219 = CARTESIAN_POINT ( 'NONE',  ( 0.4783818493150895357, 25.00000000000000000, 15.81121575342466379 ) ) ;
#220 = CARTESIAN_POINT ( 'NONE',  ( 0.000000000000000000, 0.000000000000000000, 0.000000000000000000 ) ) ;
#221 =( LENGTH_UNIT ( ) NAMED_UNIT ( * ) SI_UNIT ( .MILLI., .METRE. ) );
#222 = UNCERTAINTY_MEASURE_WITH_UNIT (LENGTH_MEASURE( 1.000000000000000082E-05 ), #263, 'distance_accuracy_value', 'NONE');
#223 = SURFACE_STYLE_FILL_AREA ( #2216 ) ;
#224 = EDGE_LOOP ( 'NONE', ( #1410, #1849, #298, #2581 ) ) ;
#225 = SURFACE_STYLE_FILL_AREA ( #2219 ) ;
#226 = AXIS2_PLACEMENT_3D ( 'NONE', #2558, #1579, #937 ) ;
#227 = FILL_AREA_STYLE ('',( #849 ) ) ;
#228 = ORIENTED_EDGE ( 'NONE', *, *, #1326, .F. ) ;
#229 = LINE ( 'NONE', #1634, #2471 ) ;
#230 = VECTOR ( 'NONE', #2009, 1000.000000000000000 ) ;
#231 = VECTOR ( 'NONE', #452, 1000.000000000000114 ) ;
#232 =( GEOMETRIC_REPRESENTATION_CONTEXT ( 3 ) GLOBAL_UNCERTAINTY_ASSIGNED_CONTEXT ( ( #1834 ) ) GLOBAL_UNIT_ASSIGNED_CONTEXT ( ( #730, #1081, #884 ) ) REPRESENTATION_CONTEXT ( 'NONE', 'WORKASPACE' ) );
#233 = EDGE_LOOP ( 'NONE', ( #1135, #1686, #1230, #855 ) ) ;
#234 =( GEOMETRIC_REPRESENTATION_CONTEXT ( 3 ) GLOBAL_UNCERTAINTY_ASSIGNED_CONTEXT ( ( #470 ) ) GLOBAL_UNIT_ASSIGNED_CONTEXT ( ( #1559, #2539, #353 ) ) REPRESENTATION_CONTEXT ( 'NONE', 'WORKASPACE' ) );
#235 =( LENGTH_UNIT ( ) NAMED_UNIT ( * ) SI_UNIT ( .MILLI., .METRE. ) );
#236 = DIRECTION ( 'NONE',  ( 0.000000000000000000, 1.000000000000000000, 0.000000000000000000 ) ) ;
#237 = CARTESIAN_POINT ( 'NONE',  ( 20.00000000000001776, -10.00000000000000888, 5.599315068493148750 ) ) ;
#238 = STYLED_ITEM ( 'NONE', ( #1933 ), #1922 ) ;
#239 = AXIS2_PLACEMENT_3D ( 'NONE', #421, #1243, #1829 ) ;
#240 = CARTESIAN_POINT ( 'NONE',  ( 25.00000000000001776, -25.00000000000000711, 6.215753424657532555 ) ) ;
#241 = CARTESIAN_POINT ( 'NONE',  ( 20.00000000000001776, -10.00000000000000888, -3.152825342465754410 ) ) ;
#242 = ORIENTED_EDGE ( 'NONE', *, *, #909, .F. ) ;
#243 = DIRECTION ( 'NONE',  ( 0.000000000000000000, -3.491481338843133355E-15, 1.000000000000000000 ) ) ;
#244 = ORIENTED_EDGE ( 'NONE', *, *, #255, .F. ) ;
#245 = DIRECTION ( 'NONE',  ( -0.000000000000000000, 1.000000000000000000, -0.000000000000000000 ) ) ;
#246 = VECTOR ( 'NONE', #641, 1000.000000000000000 ) ;
#247 = EDGE_LOOP ( 'NONE', ( #844, #820, #1459, #453 ) ) ;
#248 = DIRECTION ( 'NONE',  ( -1.000000000000000000, 0.000000000000000000, 0.000000000000000000 ) ) ;
#249 =( LENGTH_UNIT ( ) NAMED_UNIT ( * ) SI_UNIT ( .MILLI., .METRE. ) );
#250 = CARTESIAN_POINT ( 'NONE',  ( 0.000000000000000000, 75.00000000000001421, 0.000000000000000000 ) ) ;
#251 = SURFACE_STYLE_FILL_AREA ( #836 ) ;
#252 = CARTESIAN_POINT ( 'NONE',  ( -1.836472602739708471, -22.32876712328767965, 20.00000000000000000 ) ) ;
#253 = DIRECTION ( 'NONE',  ( 0.000000000000000000, 0.000000000000000000, -1.000000000000000000 ) ) ;
#254 = CARTESIAN_POINT ( 'NONE',  ( 20.00000000000001776, -17.05693493150685924, 1.669520547945203770 ) ) ;
#255 = EDGE_CURVE ( 'NONE', #729, #1899, #1407, .T. ) ;
#256 = ORIENTED_EDGE ( 'NONE', *, *, #766, .F. ) ;
#257 = LINE ( 'NONE', #1033, #349 ) ;
#258 = ORIENTED_EDGE ( 'NONE', *, *, #543, .T. ) ;
#259 = SURFACE_STYLE_USAGE ( .BOTH. , #1993 ) ;
#260 = FILL_AREA_STYLE ('',( #1025 ) ) ;
#261 = DIRECTION ( 'NONE',  ( 0.000000000000000000, 0.000000000000000000, 1.000000000000000000 ) ) ;
#262 = DIRECTION ( 'NONE',  ( 1.000000000000000000, -3.491481338843133355E-15, 0.000000000000000000 ) ) ;
#263 =( LENGTH_UNIT ( ) NAMED_UNIT ( * ) SI_UNIT ( .MILLI., .METRE. ) );
#264 =( LENGTH_UNIT ( ) NAMED_UNIT ( * ) SI_UNIT ( .MILLI., .METRE. ) );
#265 = LINE ( 'NONE', #2039, #110 ) ;
#266 =( NAMED_UNIT ( * ) PLANE_ANGLE_UNIT ( ) SI_UNIT ( $, .RADIAN. ) );
#267 = EDGE_CURVE ( 'NONE', #1899, #1346, #1662, .T. ) ;
#268 = ORIENTED_EDGE ( 'NONE', *, *, #2343, .F. ) ;
#269 =( GEOMETRIC_REPRESENTATION_CONTEXT ( 3 ) GLOBAL_UNCERTAINTY_ASSIGNED_CONTEXT ( ( #834 ) ) GLOBAL_UNIT_ASSIGNED_CONTEXT ( ( #249, #1996, #2196 ) ) REPRESENTATION_CONTEXT ( 'NONE', 'WORKASPACE' ) );
#270 = ORIENTED_EDGE ( 'NONE', *, *, #471, .F. ) ;
#271 = CARTESIAN_POINT ( 'NONE',  ( 0.000000000000000000, 12.49999999999973888, 75.00000000000005684 ) ) ;
#272 = STYLED_ITEM ( 'NONE', ( #300 ), #363 ) ;
#273 =( NAMED_UNIT ( * ) SI_UNIT ( $, .STERADIAN. ) SOLID_ANGLE_UNIT ( ) );
#274 =( GEOMETRIC_REPRESENTATION_CONTEXT ( 3 ) GLOBAL_UNCERTAINTY_ASSIGNED_CONTEXT ( ( #731 ) ) GLOBAL_UNIT_ASSIGNED_CONTEXT ( ( #1986, #1211, #2439 ) ) REPRESENTATION_CONTEXT ( 'NONE', 'WORKASPACE' ) );
#275 = VECTOR ( 'NONE', #1386, 1000.000000000000000 ) ;
#276 = DIRECTION ( 'NONE',  ( 0.000000000000000000, 0.4732344866276124717, -0.8809365020626062082 ) ) ;
#277 = PRESENTATION_LAYER_ASSIGNMENT (  '', '', ( #1920 ) ) ;
#278 = PRESENTATION_LAYER_ASSIGNMENT (  '', '', ( #1174 ) ) ;
#279 =( NAMED_UNIT ( * ) SI_UNIT ( $, .STERADIAN. ) SOLID_ANGLE_UNIT ( ) );
#280 = DIRECTION ( 'NONE',  ( 0.000000000000000000, 0.000000000000000000, -1.000000000000000000 ) ) ;
#281 = EDGE_CURVE ( 'NONE', #2138, #946, #2495, .T. ) ;
#282 = SURFACE_STYLE_USAGE ( .BOTH. , #2449 ) ;
#283 = ORIENTED_EDGE ( 'NONE', *, *, #827, .F. ) ;
#284 = DIRECTION ( 'NONE',  ( 0.000000000000000000, 0.8678975213414771295, -0.4967432862649683867 ) ) ;
#285 = CARTESIAN_POINT ( 'NONE',  ( 1.849315068493171843, 25.00000000000000000, 25.00000000000000355 ) ) ;
#286 = ORIENTED_EDGE ( 'NONE', *, *, #1200, .T. ) ;
#287 = CARTESIAN_POINT ( 'NONE',  ( -24.99999999999998579, -25.00000000000000000, 25.00000000000000000 ) ) ;
#288 = STYLED_ITEM ( 'NONE', ( #1865 ), #2103 ) ;
#289 = EDGE_CURVE ( 'NONE', #910, #2031, #2013, .T. ) ;
#290 = SURFACE_STYLE_USAGE ( .BOTH. , #2102 ) ;
#291 = ORIENTED_EDGE ( 'NONE', *, *, #1326, .T. ) ;
#292 = MECHANICAL_DESIGN_GEOMETRIC_PRESENTATION_REPRESENTATION (  '', ( #709 ), #902 ) ;
#293 = CARTESIAN_POINT ( 'NONE',  ( 0.000000000000000000, 75.00000000000001421, 0.000000000000000000 ) ) ;
#294 = PRESENTATION_STYLE_ASSIGNMENT (( #1656 ) ) ;
#295 = VERTEX_POINT ( 'NONE', #724 ) ;
#296 = CARTESIAN_POINT ( 'NONE',  ( 0.000000000000000000, 75.00000000000001421, 0.000000000000000000 ) ) ;
#297 = SURFACE_SIDE_STYLE ('',( #1672 ) ) ;
#298 = ORIENTED_EDGE ( 'NONE', *, *, #1170, .T. ) ;
#299 = SURFACE_STYLE_USAGE ( .BOTH. , #2261 ) ;
#300 = PRESENTATION_STYLE_ASSIGNMENT (( #2059 ) ) ;
#301 = EDGE_CURVE ( 'NONE', #1899, #768, #77, .T. ) ;
#302 = DIRECTION ( 'NONE',  ( 0.000000000000000000, 0.8809365020626060971, 0.4732344866276124162 ) ) ;
#303 = CARTESIAN_POINT ( 'NONE',  ( 0.000000000000000000, 25.00000000000000000, 0.000000000000000000 ) ) ;
#304 = SURFACE_STYLE_USAGE ( .BOTH. , #1285 ) ;
#305 = FACE_OUTER_BOUND ( 'NONE', #1988, .T. ) ;
#306 = ORIENTED_EDGE ( 'NONE', *, *, #79, .T. ) ;
#307 = CARTESIAN_POINT ( 'NONE',  ( 0.000000000000000000, -2.618611004132350648E-13, 75.00000000000001421 ) ) ;
#308 = COLOUR_RGB ( '',1.000000000000000000, 0.1490196078431372528, 0.1490196078431372528 ) ;
#309 = ORIENTED_EDGE ( 'NONE', *, *, #196, .F. ) ;
#310 = SURFACE_STYLE_FILL_AREA ( #119 ) ;
#311 = CIRCLE ( 'NONE', #1748, 4.999999999999975131 ) ;
#312 = CYLINDRICAL_SURFACE ( 'NONE', #1910, 4.999999999999986677 ) ;
#313 = VECTOR ( 'NONE', #70, 1000.000000000000000 ) ;
#314 = EDGE_CURVE ( 'NONE', #757, #385, #532, .T. ) ;
#315 = CARTESIAN_POINT ( 'NONE',  ( 25.00000000000001776, -10.00000000000000888, 2.064426369863011868 ) ) ;
#316 = PRESENTATION_LAYER_ASSIGNMENT (  '', '', ( #2041 ) ) ;
#317 = SURFACE_SIDE_STYLE ('',( #1498 ) ) ;
#318 = AXIS2_PLACEMENT_3D ( 'NONE', #123, #2477, #280 ) ;
#319 = VECTOR ( 'NONE', #770, 1000.000000000000000 ) ;
#320 = SURFACE_STYLE_FILL_AREA ( #1669 ) ;
#321 = ORIENTED_EDGE ( 'NONE', *, *, #1537, .F. ) ;
#322 = PRESENTATION_STYLE_ASSIGNMENT (( #1289 ) ) ;
#323 = VECTOR ( 'NONE', #1073, 1000.000000000000000 ) ;
#324 = ORIENTED_EDGE ( 'NONE', *, *, #1827, .F. ) ;
#325 = PRESENTATION_STYLE_ASSIGNMENT (( #1293 ) ) ;
#326 = STYLED_ITEM ( 'NONE', ( #2174 ), #2204 ) ;
#327 = VECTOR ( 'NONE', #2093, 1000.000000000000000 ) ;
#328 = CARTESIAN_POINT ( 'NONE',  ( 25.00000000000001776, -10.00000000000000888, -6.010273972602740322 ) ) ;
#329 = ORIENTED_EDGE ( 'NONE', *, *, #827, .T. ) ;
#330 = EDGE_CURVE ( 'NONE', #1343, #1060, #485, .T. ) ;
#331 = APPLICATION_CONTEXT ( 'automotive_design' ) ;
#332 = UNCERTAINTY_MEASURE_WITH_UNIT (LENGTH_MEASURE( 1.000000000000000082E-05 ), #525, 'distance_accuracy_value', 'NONE');
#333 = EDGE_LOOP ( 'NONE', ( #850, #632, #481, #2445 ) ) ;
#334 = DIRECTION ( 'NONE',  ( 0.4655045794515104141, 0.000000000000000000, -0.8850454714361699615 ) ) ;
#335 = DIRECTION ( 'NONE',  ( 0.000000000000000000, 0.000000000000000000, -1.000000000000000000 ) ) ;
#336 = PRODUCT_DEFINITION_FORMATION_WITH_SPECIFIED_SOURCE ( 'ANY', '', #1506, .NOT_KNOWN. ) ;
#337 = SURFACE_STYLE_USAGE ( .BOTH. , #535 ) ;
#338 = SURFACE_STYLE_USAGE ( .BOTH. , #155 ) ;
#339 = VERTEX_POINT ( 'NONE', #889 ) ;
#340 = DIRECTION ( 'NONE',  ( 0.000000000000000000, -0.8656434948327349499, 0.5006609030609127098 ) ) ;
#341 = DIRECTION ( 'NONE',  ( -1.000000000000000000, 0.000000000000000000, -1.224646799147353207E-16 ) ) ;
#342 = ADVANCED_FACE ( 'NONE', ( #879 ), #2271, .T. ) ;
#343 = ORIENTED_EDGE ( 'NONE', *, *, #2481, .T. ) ;
#344 = FILL_AREA_STYLE ('',( #2111 ) ) ;
#345 = AXIS2_PLACEMENT_3D ( 'NONE', #241, #2027, #1192 ) ;
#346 = VECTOR ( 'NONE', #623, 1000.000000000000000 ) ;
#347 = CARTESIAN_POINT ( 'NONE',  ( 20.00000000000001776, -10.00000000000000888, 5.599315068493148750 ) ) ;
#348 = MECHANICAL_DESIGN_GEOMETRIC_PRESENTATION_REPRESENTATION (  '', ( #45 ), #1791 ) ;
#349 = VECTOR ( 'NONE', #1252, 1000.000000000000000 ) ;
#350 = CARTESIAN_POINT ( 'NONE',  ( 1.849315068493171843, 20.00000000000000000, 25.00000000000000355 ) ) ;
#351 = VECTOR ( 'NONE', #2338, 1000.000000000000000 ) ;
#352 =( GEOMETRIC_REPRESENTATION_CONTEXT ( 3 ) GLOBAL_UNCERTAINTY_ASSIGNED_CONTEXT ( ( #1203 ) ) GLOBAL_UNIT_ASSIGNED_CONTEXT ( ( #264, #405, #627 ) ) REPRESENTATION_CONTEXT ( 'NONE', 'WORKASPACE' ) );
#353 =( NAMED_UNIT ( * ) SI_UNIT ( $, .STERADIAN. ) SOLID_ANGLE_UNIT ( ) );
#354 = ORIENTED_EDGE ( 'NONE', *, *, #1654, .T. ) ;
#355 = SURFACE_STYLE_FILL_AREA ( #1976 ) ;
#356 = EDGE_CURVE ( 'NONE', #551, #718, #1868, .T. ) ;
#357 = VECTOR ( 'NONE', #575, 1000.000000000000000 ) ;
#358 =( GEOMETRIC_REPRESENTATION_CONTEXT ( 3 ) GLOBAL_UNCERTAINTY_ASSIGNED_CONTEXT ( ( #903 ) ) GLOBAL_UNIT_ASSIGNED_CONTEXT ( ( #681, #671, #80 ) ) REPRESENTATION_CONTEXT ( 'NONE', 'WORKASPACE' ) );
#359 = UNCERTAINTY_MEASURE_WITH_UNIT (LENGTH_MEASURE( 1.000000000000000082E-05 ), #1659, 'distance_accuracy_value', 'NONE');
#360 = DIRECTION ( 'NONE',  ( 1.000000000000000000, -0.000000000000000000, -0.000000000000000000 ) ) ;
#361 = ORIENTED_EDGE ( 'NONE', *, *, #2535, .F. ) ;
#362 = VECTOR ( 'NONE', #2548, 1000.000000000000000 ) ;
#363 = ADVANCED_FACE ( 'NONE', ( #1271 ), #312, .T. ) ;
#364 = DIRECTION ( 'NONE',  ( 1.000000000000000000, -3.491481338843133355E-15, 0.000000000000000000 ) ) ;
#365 = PRESENTATION_STYLE_ASSIGNMENT (( #1464 ) ) ;
#366 = CARTESIAN_POINT ( 'NONE',  ( -5.130565068493131875, -12.67123287671233456, 25.00000000000000000 ) ) ;
#367 = ADVANCED_FACE ( 'NONE', ( #1524 ), #1968, .T. ) ;
#368 = FILL_AREA_STYLE_COLOUR ( '', #431 ) ;
#369 = AXIS2_PLACEMENT_3D ( 'NONE', #505, #1304, #1708 ) ;
#370 = SURFACE_SIDE_STYLE ('',( #975 ) ) ;
#371 = ORIENTED_EDGE ( 'NONE', *, *, #2068, .T. ) ;
#372 =( NAMED_UNIT ( * ) PLANE_ANGLE_UNIT ( ) SI_UNIT ( $, .RADIAN. ) );
#373 = MECHANICAL_DESIGN_GEOMETRIC_PRESENTATION_REPRESENTATION (  '', ( #1854 ), #2578 ) ;
#374 = FILL_AREA_STYLE_COLOUR ( '', #1994 ) ;
#375 = ORIENTED_EDGE ( 'NONE', *, *, #181, .F. ) ;
#376 = LINE ( 'NONE', #1944, #362 ) ;
#377 = SURFACE_STYLE_FILL_AREA ( #2140 ) ;
#378 = CARTESIAN_POINT ( 'NONE',  ( 20.00000000000001776, -25.00000000000000711, -2.854238013698632059 ) ) ;
#379 =( NAMED_UNIT ( * ) PLANE_ANGLE_UNIT ( ) SI_UNIT ( $, .RADIAN. ) );
#380 = CARTESIAN_POINT ( 'NONE',  ( -6.369863013698608079, 20.00000000000000000, 10.00000000000000533 ) ) ;
#381 = ADVANCED_FACE ( 'NONE', ( #553 ), #410, .T. ) ;
#382 = CARTESIAN_POINT ( 'NONE',  ( 25.00000000000001776, -25.00000000000000711, 6.215753424657532555 ) ) ;
#383 = ORIENTED_EDGE ( 'NONE', *, *, #314, .F. ) ;
#384 = FILL_AREA_STYLE_COLOUR ( '', #200 ) ;
#385 = VERTEX_POINT ( 'NONE', #1787 ) ;
#386 = CARTESIAN_POINT ( 'NONE',  ( -5.650684931506831710, -25.00000000000000355, 20.00000000000000000 ) ) ;
#387 = SURFACE_STYLE_FILL_AREA ( #1319 ) ;
#388 = FACE_OUTER_BOUND ( 'NONE', #1580, .T. ) ;
#389 = AXIS2_PLACEMENT_3D ( 'NONE', #195, #1973, #153 ) ;
#390 = CARTESIAN_POINT ( 'NONE',  ( 20.00000000000001776, -14.81271404109589795, -0.4944349315068510275 ) ) ;
#391 = VECTOR ( 'NONE', #32, 1000.000000000000000 ) ;
#392 = CARTESIAN_POINT ( 'NONE',  ( -1.438356164383539859, 20.00000000000000000, 18.69113869863014443 ) ) ;
#393 =( NAMED_UNIT ( * ) PLANE_ANGLE_UNIT ( ) SI_UNIT ( $, .RADIAN. ) );
#394 =( LENGTH_UNIT ( ) NAMED_UNIT ( * ) SI_UNIT ( .MILLI., .METRE. ) );
#395 = AXIS2_PLACEMENT_3D ( 'NONE', #39, #211, #2427 ) ;
#396 = VERTEX_POINT ( 'NONE', #1147 ) ;
#397 = CARTESIAN_POINT ( 'NONE',  ( -5.650684931506831710, -22.67551369863014088, 20.00000000000000000 ) ) ;
#398 = AXIS2_PLACEMENT_3D ( 'NONE', #2451, #1671, #528 ) ;
#399 = COLOUR_RGB ( '',1.000000000000000000, 0.1490196078431372528, 0.1490196078431372528 ) ;
#400 = FILL_AREA_STYLE_COLOUR ( '', #145 ) ;
#401 = FACE_OUTER_BOUND ( 'NONE', #1612, .T. ) ;
#402 = COLOUR_RGB ( '',0.1176470588235294101, 0.4039215686274509887, 0.8823529411764705621 ) ;
#403 = FACE_OUTER_BOUND ( 'NONE', #1437, .T. ) ;
#404 =( NAMED_UNIT ( * ) PLANE_ANGLE_UNIT ( ) SI_UNIT ( $, .RADIAN. ) );
#405 =( NAMED_UNIT ( * ) PLANE_ANGLE_UNIT ( ) SI_UNIT ( $, .RADIAN. ) );
#406 =( GEOMETRIC_REPRESENTATION_CONTEXT ( 3 ) GLOBAL_UNCERTAINTY_ASSIGNED_CONTEXT ( ( #1417 ) ) GLOBAL_UNIT_ASSIGNED_CONTEXT ( ( #2517, #127, #1316 ) ) REPRESENTATION_CONTEXT ( 'NONE', 'WORKASPACE' ) );
#407 = EDGE_CURVE ( 'NONE', #1978, #609, #2348, .T. ) ;
#408 = ORIENTED_EDGE ( 'NONE', *, *, #130, .T. ) ;
#409 = DIRECTION ( 'NONE',  ( -0.000000000000000000, -0.000000000000000000, 1.000000000000000000 ) ) ;
#410 = SPHERICAL_SURFACE ( 'NONE', #997, 10.00000000000000000 ) ;
#411 = VERTEX_POINT ( 'NONE', #1177 ) ;
#412 = DIRECTION ( 'NONE',  ( 0.000000000000000000, -1.000000000000000000, 0.000000000000000000 ) ) ;
#413 =( NAMED_UNIT ( * ) SI_UNIT ( $, .STERADIAN. ) SOLID_ANGLE_UNIT ( ) );
#414 = DIRECTION ( 'NONE',  ( 0.4655045794515105251, 0.000000000000000000, -0.8850454714361700725 ) ) ;
#415 = CARTESIAN_POINT ( 'NONE',  ( 0.4783818493150895357, 20.00000000000000000, 15.81121575342466379 ) ) ;
#416 = DIRECTION ( 'NONE',  ( -0.000000000000000000, 1.000000000000000000, -0.000000000000000000 ) ) ;
#417 = ORIENTED_EDGE ( 'NONE', *, *, #1364, .F. ) ;
#418 = LINE ( 'NONE', #1606, #2169 ) ;
#419 = FILL_AREA_STYLE_COLOUR ( '', #1229 ) ;
#420 = EDGE_LOOP ( 'NONE', ( #87, #1866, #868 ) ) ;
#421 = CARTESIAN_POINT ( 'NONE',  ( 0.000000000000000000, 75.00000000000001421, 0.000000000000000000 ) ) ;
#422 = ORIENTED_EDGE ( 'NONE', *, *, #2173, .T. ) ;
#423 = CARTESIAN_POINT ( 'NONE',  ( 25.00000000000001776, -25.00000000000000711, -6.421232876712329229 ) ) ;
#424 = PRESENTATION_STYLE_ASSIGNMENT (( #2180 ) ) ;
#425 = CARTESIAN_POINT ( 'NONE',  ( 0.000000000000000000, 75.00000000000001421, -12.50000000000000000 ) ) ;
#426 = CONICAL_SURFACE ( 'NONE', #389, 12.50000000000000000, 0.4636476090008059825 ) ;
#427 = PLANE ( 'NONE',  #1166 ) ;
#428 = ORIENTED_EDGE ( 'NONE', *, *, #281, .T. ) ;
#429 = FACE_OUTER_BOUND ( 'NONE', #935, .T. ) ;
#430 = CYLINDRICAL_SURFACE ( 'NONE', #2344, 4.999999999999986677 ) ;
#431 = COLOUR_RGB ( '',1.000000000000000000, 0.1490196078431372528, 0.1490196078431372528 ) ;
#432 = PRESENTATION_LAYER_ASSIGNMENT (  '', '', ( #272 ) ) ;
#433 =( NAMED_UNIT ( * ) SI_UNIT ( $, .STERADIAN. ) SOLID_ANGLE_UNIT ( ) );
#434 = ORIENTED_EDGE ( 'NONE', *, *, #1250, .T. ) ;
#435 = CARTESIAN_POINT ( 'NONE',  ( 75.00000000000001421, -2.618611004132350648E-13, 4.999999999999975131 ) ) ;
#436 = EDGE_CURVE ( 'NONE', #768, #718, #1953, .T. ) ;
#437 = MECHANICAL_DESIGN_GEOMETRIC_PRESENTATION_REPRESENTATION (  '', ( #2286 ), #1294 ) ;
#438 = PRESENTATION_LAYER_ASSIGNMENT (  '', '', ( #928 ) ) ;
#439 = PRESENTATION_LAYER_ASSIGNMENT (  '', '', ( #776 ) ) ;
#440 = ORIENTED_EDGE ( 'NONE', *, *, #2576, .F. ) ;
#441 = STYLED_ITEM ( 'NONE', ( #2567 ), #753 ) ;
#442 = FILL_AREA_STYLE ('',( #2431 ) ) ;
#443 = DIRECTION ( 'NONE',  ( 0.000000000000000000, -1.000000000000000000, 0.000000000000000000 ) ) ;
#444 = AXIS2_PLACEMENT_3D ( 'NONE', #1486, #1903, #1896 ) ;
#445 = UNCERTAINTY_MEASURE_WITH_UNIT (LENGTH_MEASURE( 1.000000000000000082E-05 ), #1269, 'distance_accuracy_value', 'NONE');
#446 = EDGE_CURVE ( 'NONE', #1609, #980, #108, .T. ) ;
#447 = VECTOR ( 'NONE', #1615, 1000.000000000000000 ) ;
#448 = DIRECTION ( 'NONE',  ( -0.4935069980823074687, 0.000000000000000000, -0.8697418253963583590 ) ) ;
#449 = DIRECTION ( 'NONE',  ( 0.000000000000000000, 0.000000000000000000, 1.000000000000000000 ) ) ;
#450 = SURFACE_STYLE_USAGE ( .BOTH. , #2172 ) ;
#451 = SURFACE_STYLE_FILL_AREA ( #1427 ) ;
#452 = DIRECTION ( 'NONE',  ( -0.8944271909999158554, 3.068107976503669113E-15, 0.4472135954999577612 ) ) ;
#453 = ORIENTED_EDGE ( 'NONE', *, *, #2470, .T. ) ;
#454 = DIRECTION ( 'NONE',  ( 0.000000000000000000, -3.491481338843133355E-15, 1.000000000000000000 ) ) ;
#455 = PRESENTATION_LAYER_ASSIGNMENT (  '', '', ( #154 ) ) ;
#456 = STYLED_ITEM ( 'NONE', ( #16 ), #2312 ) ;
#457 = ORIENTED_EDGE ( 'NONE', *, *, #2126, .T. ) ;
#458 = SURFACE_STYLE_USAGE ( .BOTH. , #2223 ) ;
#459 = CARTESIAN_POINT ( 'NONE',  ( 0.000000000000000000, 0.000000000000000000, 0.000000000000000000 ) ) ;
#460 = FILL_AREA_STYLE ('',( #11 ) ) ;
#461 = LINE ( 'NONE', #1038, #958 ) ;
#462 = EDGE_CURVE ( 'NONE', #1646, #411, #1652, .T. ) ;
#463 = CARTESIAN_POINT ( 'NONE',  ( 0.000000000000000000, 0.000000000000000000, 0.000000000000000000 ) ) ;
#464 = CARTESIAN_POINT ( 'NONE',  ( 0.000000000000000000, 100.0000000000000000, 0.000000000000000000 ) ) ;
#465 = ORIENTED_EDGE ( 'NONE', *, *, #62, .T. ) ;
#466 = DIRECTION ( 'NONE',  ( -1.000000000000000000, -0.000000000000000000, -0.000000000000000000 ) ) ;
#467 = ORIENTED_EDGE ( 'NONE', *, *, #670, .T. ) ;
#468 = CARTESIAN_POINT ( 'NONE',  ( -5.130565068493131875, -12.67123287671233456, 25.00000000000000000 ) ) ;
#469 = FACE_OUTER_BOUND ( 'NONE', #2058, .T. ) ;
#470 = UNCERTAINTY_MEASURE_WITH_UNIT (LENGTH_MEASURE( 1.000000000000000082E-05 ), #1559, 'distance_accuracy_value', 'NONE');
#471 = EDGE_CURVE ( 'NONE', #1699, #1520, #2531, .T. ) ;
#472 =( NAMED_UNIT ( * ) PLANE_ANGLE_UNIT ( ) SI_UNIT ( $, .RADIAN. ) );
#473 = SURFACE_SIDE_STYLE ('',( #1490 ) ) ;
#474 = SURFACE_SIDE_STYLE ('',( #225 ) ) ;
#475 = VECTOR ( 'NONE', #2171, 1000.000000000000000 ) ;
#476 = ORIENTED_EDGE ( 'NONE', *, *, #927, .T. ) ;
#477 = CIRCLE ( 'NONE', #178, 5.000000000000000000 ) ;
#478 = CARTESIAN_POINT ( 'NONE',  ( 25.00000000000001776, -19.34610445205480289, 0.1830051369862998878 ) ) ;
#479 = ADVANCED_FACE ( 'NONE', ( #1942 ), #2137, .F. ) ;
#480 = VECTOR ( 'NONE', #2089, 1000.000000000000000 ) ;
#481 = ORIENTED_EDGE ( 'NONE', *, *, #944, .T. ) ;
#482 = DIRECTION ( 'NONE',  ( 0.000000000000000000, 0.4472135954999609253, -0.8944271909999144121 ) ) ;
#483 = VECTOR ( 'NONE', #1610, 1000.000000000000000 ) ;
#484 = STYLED_ITEM ( 'NONE', ( #1043 ), #546 ) ;
#485 = LINE ( 'NONE', #1701, #2037 ) ;
#486 =( GEOMETRIC_REPRESENTATION_CONTEXT ( 3 ) GLOBAL_UNCERTAINTY_ASSIGNED_CONTEXT ( ( #1236 ) ) GLOBAL_UNIT_ASSIGNED_CONTEXT ( ( #2098, #1107, #2480 ) ) REPRESENTATION_CONTEXT ( 'NONE', 'WORKASPACE' ) );
#487 = MECHANICAL_DESIGN_GEOMETRIC_PRESENTATION_REPRESENTATION (  '', ( #238 ), #2088 ) ;
#488 = VECTOR ( 'NONE', #1137, 1000.000000000000000 ) ;
#489 = LINE ( 'NONE', #714, #1674 ) ;
#490 = FACE_OUTER_BOUND ( 'NONE', #2206, .T. ) ;
#491 = ORIENTED_EDGE ( 'NONE', *, *, #600, .T. ) ;
#492 = SURFACE_STYLE_USAGE ( .BOTH. , #1180 ) ;
#493 = EDGE_CURVE ( 'NONE', #295, #1591, #767, .T. ) ;
#494 = ORIENTED_EDGE ( 'NONE', *, *, #2185, .T. ) ;
#495 =( NAMED_UNIT ( * ) PLANE_ANGLE_UNIT ( ) SI_UNIT ( $, .RADIAN. ) );
#496 = DIRECTION ( 'NONE',  ( 0.000000000000000000, 0.000000000000000000, -1.000000000000000000 ) ) ;
#497 = PRESENTATION_LAYER_ASSIGNMENT (  '', '', ( #709 ) ) ;
#498 = FILL_AREA_STYLE_COLOUR ( '', #971 ) ;
#499 = FILL_AREA_STYLE_COLOUR ( '', #1257 ) ;
#500 = PLANE ( 'NONE',  #2084 ) ;
#501 = DIRECTION ( 'NONE',  ( 0.000000000000000000, -0.000000000000000000, -1.000000000000000000 ) ) ;
#502 = LINE ( 'NONE', #1274, #2589 ) ;
#503 = VERTEX_POINT ( 'NONE', #2366 ) ;
#504 = CARTESIAN_POINT ( 'NONE',  ( 25.00000000000001776, -10.00000000000000888, -6.010273972602740322 ) ) ;
#505 = CARTESIAN_POINT ( 'NONE',  ( 6.575342465753445609, 20.00000000000000000, 10.00000000000000533 ) ) ;
#506 = ORIENTED_EDGE ( 'NONE', *, *, #1416, .T. ) ;
#507 = SURFACE_STYLE_USAGE ( .BOTH. , #2070 ) ;
#508 = EDGE_CURVE ( 'NONE', #2310, #2410, #1773, .T. ) ;
#509 = FILL_AREA_STYLE ('',( #89 ) ) ;
#510 = DIRECTION ( 'NONE',  ( 0.000000000000000000, 0.000000000000000000, 1.000000000000000000 ) ) ;
#511 = SURFACE_SIDE_STYLE ('',( #112 ) ) ;
#512 = SURFACE_STYLE_USAGE ( .BOTH. , #2499 ) ;
#513 = ORIENTED_EDGE ( 'NONE', *, *, #893, .T. ) ;
#514 = FILL_AREA_STYLE_COLOUR ( '', #1551 ) ;
#515 = SURFACE_STYLE_USAGE ( .BOTH. , #297 ) ;
#516 = STYLED_ITEM ( 'NONE', ( #1440 ), #2572 ) ;
#517 = ADVANCED_FACE ( 'NONE', ( #1914 ), #1571, .T. ) ;
#518 = ORIENTED_EDGE ( 'NONE', *, *, #1935, .T. ) ;
#519 =( NAMED_UNIT ( * ) SI_UNIT ( $, .STERADIAN. ) SOLID_ANGLE_UNIT ( ) );
#520 = PRESENTATION_LAYER_ASSIGNMENT (  '', '', ( #2538 ) ) ;
#521 = DIRECTION ( 'NONE',  ( -1.000000000000000000, 0.000000000000000000, -0.000000000000000000 ) ) ;
#522 = PRESENTATION_LAYER_ASSIGNMENT (  '', '', ( #1794 ) ) ;
#523 = EDGE_CURVE ( 'NONE', #2443, #1056, #2570, .T. ) ;
#524 = STYLED_ITEM ( 'NONE', ( #2159 ), #1452 ) ;
#525 =( LENGTH_UNIT ( ) NAMED_UNIT ( * ) SI_UNIT ( .MILLI., .METRE. ) );
#526 = DIRECTION ( 'NONE',  ( -0.000000000000000000, -0.000000000000000000, 1.000000000000000000 ) ) ;
#527 = ORIENTED_EDGE ( 'NONE', *, *, #1842, .F. ) ;
#528 = DIRECTION ( 'NONE',  ( -0.4935069980823074687, 0.000000000000000000, -0.8697418253963582480 ) ) ;
#529 = CIRCLE ( 'NONE', #1129, 5.000000000000000000 ) ;
#530 = PLANE ( 'NONE',  #369 ) ;
#531 = ORIENTED_EDGE ( 'NONE', *, *, #1150, .T. ) ;
#532 = LINE ( 'NONE', #1495, #2416 ) ;
#533 = COLOUR_RGB ( '',1.000000000000000000, 0.1490196078431372528, 0.1490196078431372528 ) ;
#534 = AXIS2_PLACEMENT_3D ( 'NONE', #1064, #536, #1311 ) ;
#535 = SURFACE_SIDE_STYLE ('',( #2297 ) ) ;
#536 = DIRECTION ( 'NONE',  ( -1.000000000000000000, 0.000000000000000000, -0.000000000000000000 ) ) ;
#537 = EDGE_CURVE ( 'NONE', #727, #1774, #549, .T. ) ;
#538 = CARTESIAN_POINT ( 'NONE',  ( -24.99999999999998579, -25.00000000000000000, 25.00000000000000000 ) ) ;
#539 = VERTEX_POINT ( 'NONE', #1134 ) ;
#540 = SURFACE_SIDE_STYLE ('',( #1687 ) ) ;
#541 = VERTEX_POINT ( 'NONE', #1929 ) ;
#542 = CARTESIAN_POINT ( 'NONE',  ( 0.000000000000000000, -2.618611004132350648E-13, 75.00000000000001421 ) ) ;
#543 = EDGE_CURVE ( 'NONE', #1699, #1209, #1734, .T. ) ;
#544 = DIRECTION ( 'NONE',  ( -0.000000000000000000, 0.000000000000000000, 1.000000000000000000 ) ) ;
#545 = UNCERTAINTY_MEASURE_WITH_UNIT (LENGTH_MEASURE( 1.000000000000000082E-05 ), #1144, 'distance_accuracy_value', 'NONE');
#546 = ADVANCED_FACE ( 'NONE', ( #1031 ), #864, .T. ) ;
#547 = ORIENTED_EDGE ( 'NONE', *, *, #1639, .T. ) ;
#548 = CARTESIAN_POINT ( 'NONE',  ( 20.00000000000001776, -25.00000000000000711, 6.215753424657532555 ) ) ;
#549 = LINE ( 'NONE', #2120, #1165 ) ;
#550 = ADVANCED_FACE ( 'NONE', ( #2175 ), #1185, .T. ) ;
#551 = VERTEX_POINT ( 'NONE', #1195 ) ;
#552 = LINE ( 'NONE', #769, #1476 ) ;
#553 = FACE_OUTER_BOUND ( 'NONE', #2568, .T. ) ;
#554 = FACE_OUTER_BOUND ( 'NONE', #2321, .T. ) ;
#555 = VECTOR ( 'NONE', #1859, 1000.000000000000000 ) ;
#556 = SURFACE_SIDE_STYLE ('',( #1755 ) ) ;
#557 = VECTOR ( 'NONE', #1544, 1000.000000000000000 ) ;
#558 = PLANE ( 'NONE',  #98 ) ;
#559 = PRESENTATION_LAYER_ASSIGNMENT (  '', '', ( #2006 ) ) ;
#560 = SURFACE_STYLE_FILL_AREA ( #2113 ) ;
#561 = MECHANICAL_DESIGN_GEOMETRIC_PRESENTATION_REPRESENTATION (  '', ( #524 ), #696 ) ;
#562 = ORIENTED_EDGE ( 'NONE', *, *, #1092, .F. ) ;
#563 = CARTESIAN_POINT ( 'NONE',  ( 75.00000000000001421, -2.618611004132350648E-13, 0.000000000000000000 ) ) ;
#564 = MECHANICAL_DESIGN_GEOMETRIC_PRESENTATION_REPRESENTATION (  '', ( #1217 ), #1298 ) ;
#565 = MECHANICAL_DESIGN_GEOMETRIC_PRESENTATION_REPRESENTATION (  '', ( #2377 ), #2291 ) ;
#566 = UNCERTAINTY_MEASURE_WITH_UNIT (LENGTH_MEASURE( 1.000000000000000082E-05 ), #1442, 'distance_accuracy_value', 'NONE');
#567 = FILL_AREA_STYLE_COLOUR ( '', #1423 ) ;
#568 = EDGE_LOOP ( 'NONE', ( #1251, #1186, #2, #1397, #2479, #185, #732, #1915, #592, #2148, #408, #1313, #1094 ) ) ;
#569 = COLOUR_RGB ( '',0.1176470588235294101, 0.4039215686274509887, 0.8823529411764705621 ) ;
#570 = DIRECTION ( 'NONE',  ( 0.000000000000000000, 0.4820906261776857216, 0.8761213546944320862 ) ) ;
#571 = ADVANCED_FACE ( 'NONE', ( #17 ), #28, .T. ) ;
#572 = FILL_AREA_STYLE_COLOUR ( '', #1374 ) ;
#573 = DIRECTION ( 'NONE',  ( 0.000000000000000000, -3.491481338843133355E-15, 1.000000000000000000 ) ) ;
#574 = DIRECTION ( 'NONE',  ( 0.000000000000000000, -3.491481338843133355E-15, 1.000000000000000000 ) ) ;
#575 = DIRECTION ( 'NONE',  ( -0.000000000000000000, -0.000000000000000000, 1.000000000000000000 ) ) ;
#576 = PRESENTATION_LAYER_ASSIGNMENT (  '', '', ( #1307 ) ) ;
#577 = ORIENTED_EDGE ( 'NONE', *, *, #1399, .F. ) ;
#578 = DIRECTION ( 'NONE',  ( -1.000000000000000000, 3.491481338843133355E-15, 0.000000000000000000 ) ) ;
#579 = CARTESIAN_POINT ( 'NONE',  ( -5.650684931506831710, -22.67551369863014088, 20.00000000000000000 ) ) ;
#580 = ORIENTED_EDGE ( 'NONE', *, *, #1250, .F. ) ;
#581 = LINE ( 'NONE', #1360, #10 ) ;
#582 = CARTESIAN_POINT ( 'NONE',  ( 20.00000000000001776, -25.00000000000000711, -6.421232876712329229 ) ) ;
#583 = DIRECTION ( 'NONE',  ( 1.000000000000000000, -3.491481338843133355E-15, 0.000000000000000000 ) ) ;
#584 = EDGE_CURVE ( 'NONE', #1724, #539, #1287, .T. ) ;
#585 = SURFACE_SIDE_STYLE ('',( #1373 ) ) ;
#586 = AXIS2_PLACEMENT_3D ( 'NONE', #1409, #449, #1395 ) ;
#587 = LINE ( 'NONE', #1740, #1919 ) ;
#588 =( LENGTH_UNIT ( ) NAMED_UNIT ( * ) SI_UNIT ( .MILLI., .METRE. ) );
#589 = DIRECTION ( 'NONE',  ( 0.000000000000000000, 0.000000000000000000, 1.000000000000000000 ) ) ;
#590 = SURFACE_STYLE_FILL_AREA ( #2160 ) ;
#591 = DIRECTION ( 'NONE',  ( 1.000000000000000000, -0.000000000000000000, 0.000000000000000000 ) ) ;
#592 = ORIENTED_EDGE ( 'NONE', *, *, #330, .T. ) ;
#593 = DIRECTION ( 'NONE',  ( 0.000000000000000000, -1.000000000000000000, -3.491481338843133355E-15 ) ) ;
#594 = DIRECTION ( 'NONE',  ( 0.000000000000000000, 0.000000000000000000, 1.000000000000000000 ) ) ;
#595 = CARTESIAN_POINT ( 'NONE',  ( 1.762628424657552539, -12.67123287671233456, 20.00000000000000000 ) ) ;
#596 = MANIFOLD_SOLID_BREP ( 'Revolve2', #1202 ) ;
#597 =( GEOMETRIC_REPRESENTATION_CONTEXT ( 3 ) GLOBAL_UNCERTAINTY_ASSIGNED_CONTEXT ( ( #2423 ) ) GLOBAL_UNIT_ASSIGNED_CONTEXT ( ( #2363, #404, #1354 ) ) REPRESENTATION_CONTEXT ( 'NONE', 'WORKASPACE' ) );
#598 = DIRECTION ( 'NONE',  ( 0.000000000000000000, 0.8753391005662073399, -0.4835095231946761607 ) ) ;
#599 = VECTOR ( 'NONE', #636, 999.9999999999998863 ) ;
#600 = EDGE_CURVE ( 'NONE', #838, #1152, #2478, .T. ) ;
#601 = CARTESIAN_POINT ( 'NONE',  ( -1.438356164383539859, 20.00000000000000000, 25.00000000000000355 ) ) ;
#602 = AXIS2_PLACEMENT_3D ( 'NONE', #1940, #1238, #659 ) ;
#603 = COLOUR_RGB ( '',1.000000000000000000, 0.1490196078431372528, 0.1490196078431372528 ) ;
#604 = DIRECTION ( 'NONE',  ( -0.000000000000000000, -0.000000000000000000, 1.000000000000000000 ) ) ;
#605 = ORIENTED_EDGE ( 'NONE', *, *, #2142, .F. ) ;
#606 = SURFACE_STYLE_FILL_AREA ( #213 ) ;
#607 = CONICAL_SURFACE ( 'NONE', #2250, 12.50000000000000000, 0.4636476090008059825 ) ;
#608 = COLOUR_RGB ( '',0.1176470588235294101, 0.4039215686274509887, 0.8823529411764705621 ) ;
#609 = VERTEX_POINT ( 'NONE', #1696 ) ;
#610 = SURFACE_STYLE_USAGE ( .BOTH. , #2372 ) ;
#611 = SURFACE_STYLE_FILL_AREA ( #2564 ) ;
#612 = CARTESIAN_POINT ( 'NONE',  ( 20.00000000000001776, -10.00000000000000888, 2.064426369863011868 ) ) ;
#613 = DIRECTION ( 'NONE',  ( 1.000000000000000000, -0.000000000000000000, -0.000000000000000000 ) ) ;
#614 = PLANE ( 'NONE',  #2461 ) ;
#615 = ORIENTED_EDGE ( 'NONE', *, *, #1795, .T. ) ;
#616 = CARTESIAN_POINT ( 'NONE',  ( -5.130565068493131875, -12.67123287671233456, 20.00000000000000000 ) ) ;
#617 = EDGE_CURVE ( 'NONE', #1448, #2032, #2096, .T. ) ;
#618 = VECTOR ( 'NONE', #2278, 1000.000000000000114 ) ;
#619 = EDGE_LOOP ( 'NONE', ( #21, #83 ) ) ;
#620 =( NAMED_UNIT ( * ) PLANE_ANGLE_UNIT ( ) SI_UNIT ( $, .RADIAN. ) );
#621 = ORIENTED_EDGE ( 'NONE', *, *, #927, .F. ) ;
#622 = SURFACE_STYLE_FILL_AREA ( #2390 ) ;
#623 = DIRECTION ( 'NONE',  ( -1.000000000000000000, -0.000000000000000000, -0.000000000000000000 ) ) ;
#624 = LINE ( 'NONE', #1408, #1090 ) ;
#625 = EDGE_CURVE ( 'NONE', #144, #990, #125, .T. ) ;
#626 = VECTOR ( 'NONE', #416, 1000.000000000000000 ) ;
#627 =( NAMED_UNIT ( * ) SI_UNIT ( $, .STERADIAN. ) SOLID_ANGLE_UNIT ( ) );
#628 = ORIENTED_EDGE ( 'NONE', *, *, #2299, .F. ) ;
#629 = SURFACE_STYLE_USAGE ( .BOTH. , #1019 ) ;
#630 = CARTESIAN_POINT ( 'NONE',  ( 0.000000000000000000, 75.00000000000001421, -12.50000000000000000 ) ) ;
#631 = SURFACE_SIDE_STYLE ('',( #1398 ) ) ;
#632 = ORIENTED_EDGE ( 'NONE', *, *, #751, .F. ) ;
#633 = CARTESIAN_POINT ( 'NONE',  ( -5.130565068493131875, -10.00000000000000533, 20.00000000000000000 ) ) ;
#634 = ADVANCED_FACE ( 'NONE', ( #305 ), #1065, .T. ) ;
#635 = DIRECTION ( 'NONE',  ( -0.5938603754279599967, -0.8045681167536795630, 0.000000000000000000 ) ) ;
#636 = DIRECTION ( 'NONE',  ( 0.000000000000000000, -0.8761213546944321973, 0.4820906261776857771 ) ) ;
#637 =( NAMED_UNIT ( * ) PLANE_ANGLE_UNIT ( ) SI_UNIT ( $, .RADIAN. ) );
#638 = PRESENTATION_LAYER_ASSIGNMENT (  '', '', ( #1747 ) ) ;
#639 = FACE_OUTER_BOUND ( 'NONE', #2066, .T. ) ;
#640 = SURFACE_SIDE_STYLE ('',( #839 ) ) ;
#641 = DIRECTION ( 'NONE',  ( -0.4935069980823074687, 0.000000000000000000, -0.8697418253963583590 ) ) ;
#642 = COLOUR_RGB ( '',1.000000000000000000, 0.1490196078431372528, 0.1490196078431372528 ) ;
#643 =( NAMED_UNIT ( * ) PLANE_ANGLE_UNIT ( ) SI_UNIT ( $, .RADIAN. ) );
#644 = ORIENTED_EDGE ( 'NONE', *, *, #523, .F. ) ;
#645 = LINE ( 'NONE', #1231, #1679 ) ;
#646 = AXIS2_PLACEMENT_3D ( 'NONE', #397, #1157, #1534 ) ;
#647 = VECTOR ( 'NONE', #954, 1000.000000000000000 ) ;
#648 = ORIENTED_EDGE ( 'NONE', *, *, #982, .T. ) ;
#649 = MECHANICAL_DESIGN_GEOMETRIC_PRESENTATION_REPRESENTATION (  '', ( #441 ), #1552 ) ;
#650 = PLANE ( 'NONE',  #1958 ) ;
#651 = EDGE_CURVE ( 'NONE', #170, #2310, #502, .T. ) ;
#652 = PRESENTATION_STYLE_ASSIGNMENT (( #822 ) ) ;
#653 = VECTOR ( 'NONE', #253, 1000.000000000000000 ) ;
#654 =( LENGTH_UNIT ( ) NAMED_UNIT ( * ) SI_UNIT ( .MILLI., .METRE. ) );
#655 = UNCERTAINTY_MEASURE_WITH_UNIT (LENGTH_MEASURE( 1.000000000000000082E-05 ), #1597, 'distance_accuracy_value', 'NONE');
#656 = DIRECTION ( 'NONE',  ( 0.000000000000000000, 0.8678975213414771295, -0.4967432862649683867 ) ) ;
#657 = FACE_OUTER_BOUND ( 'NONE', #1560, .T. ) ;
#658 = FILL_AREA_STYLE ('',( #2425 ) ) ;
#659 = DIRECTION ( 'NONE',  ( 0.000000000000000000, 0.000000000000000000, 1.000000000000000000 ) ) ;
#660 = PRESENTATION_STYLE_ASSIGNMENT (( #1214 ) ) ;
#661 = ORIENTED_EDGE ( 'NONE', *, *, #1545, .T. ) ;
#662 = CARTESIAN_POINT ( 'NONE',  ( 75.00000000000001421, -2.633919089121692162E-13, 12.50000000000000000 ) ) ;
#663 = COLOUR_RGB ( '',0.1176470588235294101, 0.4039215686274509887, 0.8823529411764705621 ) ;
#664 = COLOUR_RGB ( '',0.3254901960784313819, 0.7843137254901960675, 0.01568627450980392135 ) ;
#665 = EDGE_CURVE ( 'NONE', #865, #757, #965, .T. ) ;
#666 = PLANE ( 'NONE',  #2466 ) ;
#667 = LINE ( 'NONE', #1450, #1042 ) ;
#668 = CARTESIAN_POINT ( 'NONE',  ( -2.712970890410937308, 20.00000000000000000, 10.00000000000000533 ) ) ;
#669 = SURFACE_STYLE_FILL_AREA ( #1815 ) ;
#670 = EDGE_CURVE ( 'NONE', #1724, #2043, #2523, .T. ) ;
#671 =( NAMED_UNIT ( * ) PLANE_ANGLE_UNIT ( ) SI_UNIT ( $, .RADIAN. ) );
#672 = CARTESIAN_POINT ( 'NONE',  ( 75.00000000000001421, -2.618611004132350648E-13, -12.50000000000000000 ) ) ;
#673 = DIRECTION ( 'NONE',  ( 0.000000000000000000, 0.000000000000000000, 1.000000000000000000 ) ) ;
#674 = ORIENTED_EDGE ( 'NONE', *, *, #2576, .T. ) ;
#675 =( LENGTH_UNIT ( ) NAMED_UNIT ( * ) SI_UNIT ( .MILLI., .METRE. ) );
#676 = ORIENTED_EDGE ( 'NONE', *, *, #2282, .T. ) ;
#677 = DIRECTION ( 'NONE',  ( 0.000000000000000000, 0.000000000000000000, 1.000000000000000000 ) ) ;
#678 = ORIENTED_EDGE ( 'NONE', *, *, #181, .T. ) ;
#679 = UNCERTAINTY_MEASURE_WITH_UNIT (LENGTH_MEASURE( 1.000000000000000082E-05 ), #1358, 'distance_accuracy_value', 'NONE');
#680 = SURFACE_STYLE_USAGE ( .BOTH. , #1692 ) ;
#681 =( LENGTH_UNIT ( ) NAMED_UNIT ( * ) SI_UNIT ( .MILLI., .METRE. ) );
#682 =( NAMED_UNIT ( * ) PLANE_ANGLE_UNIT ( ) SI_UNIT ( $, .RADIAN. ) );
#683 = FACE_OUTER_BOUND ( 'NONE', #1425, .T. ) ;
#684 = ADVANCED_FACE ( 'NONE', ( #1367 ), #1948, .T. ) ;
#685 = VECTOR ( 'NONE', #1741, 1000.000000000000000 ) ;
#686 = VERTEX_POINT ( 'NONE', #743 ) ;
#687 =( GEOMETRIC_REPRESENTATION_CONTEXT ( 3 ) GLOBAL_UNCERTAINTY_ASSIGNED_CONTEXT ( ( #2090 ) ) GLOBAL_UNIT_ASSIGNED_CONTEXT ( ( #654, #1622, #273 ) ) REPRESENTATION_CONTEXT ( 'NONE', 'WORKASPACE' ) );
#688 = DIRECTION ( 'NONE',  ( 0.000000000000000000, -0.8731629945273264859, -0.4874283383104351941 ) ) ;
#689 = CARTESIAN_POINT ( 'NONE',  ( 25.00000000000001776, -25.00000000000000000, 25.00000000000000000 ) ) ;
#690 = PRESENTATION_LAYER_ASSIGNMENT (  '', '', ( #2285 ) ) ;
#691 = ORIENTED_EDGE ( 'NONE', *, *, #1102, .T. ) ;
#692 =( NAMED_UNIT ( * ) PLANE_ANGLE_UNIT ( ) SI_UNIT ( $, .RADIAN. ) );
#693 = STYLED_ITEM ( 'NONE', ( #2469 ), #1372 ) ;
#694 = VECTOR ( 'NONE', #1312, 1000.000000000000000 ) ;
#695 = CARTESIAN_POINT ( 'NONE',  ( 25.00000000000001776, -25.00000000000000000, 25.00000000000000000 ) ) ;
#696 =( GEOMETRIC_REPRESENTATION_CONTEXT ( 3 ) GLOBAL_UNCERTAINTY_ASSIGNED_CONTEXT ( ( #859 ) ) GLOBAL_UNIT_ASSIGNED_CONTEXT ( ( #1733, #393, #2525 ) ) REPRESENTATION_CONTEXT ( 'NONE', 'WORKASPACE' ) );
#697 = CARTESIAN_POINT ( 'NONE',  ( 20.00000000000001776, -25.00000000000000711, 3.294092465753422960 ) ) ;
#698 = VECTOR ( 'NONE', #1040, 1000.000000000000000 ) ;
#699 = COLOUR_RGB ( '',0.1176470588235294101, 0.4039215686274509887, 0.8823529411764705621 ) ;
#700 =( GEOMETRIC_REPRESENTATION_CONTEXT ( 3 ) GLOBAL_UNCERTAINTY_ASSIGNED_CONTEXT ( ( #1116 ) ) GLOBAL_UNIT_ASSIGNED_CONTEXT ( ( #1089, #1488, #109 ) ) REPRESENTATION_CONTEXT ( 'NONE', 'WORKASPACE' ) );
#701 = FILL_AREA_STYLE_COLOUR ( '', #1047 ) ;
#702 = CARTESIAN_POINT ( 'NONE',  ( -5.130565068493131875, -10.00000000000000533, 20.00000000000000000 ) ) ;
#703 = DIRECTION ( 'NONE',  ( 0.000000000000000000, -0.4874283383104352496, 0.8731629945273264859 ) ) ;
#704 = ORIENTED_EDGE ( 'NONE', *, *, #670, .F. ) ;
#705 = SURFACE_SIDE_STYLE ('',( #72 ) ) ;
#706 = PRESENTATION_LAYER_ASSIGNMENT (  '', '', ( #288 ) ) ;
#707 = ORIENTED_EDGE ( 'NONE', *, *, #1471, .F. ) ;
#708 = FACE_OUTER_BOUND ( 'NONE', #1481, .T. ) ;
#709 = STYLED_ITEM ( 'NONE', ( #2383 ), #2266 ) ;
#710 = FILL_AREA_STYLE_COLOUR ( '', #1666 ) ;
#711 = UNCERTAINTY_MEASURE_WITH_UNIT (LENGTH_MEASURE( 1.000000000000000082E-05 ), #1469, 'distance_accuracy_value', 'NONE');
#712 = PRESENTATION_LAYER_ASSIGNMENT (  '', '', ( #2139 ) ) ;
#713 = CARTESIAN_POINT ( 'NONE',  ( 5.650684931506866349, -22.32876712328767965, 25.00000000000000000 ) ) ;
#714 = CARTESIAN_POINT ( 'NONE',  ( -1.438356164383539859, 25.00000000000000000, 25.00000000000000355 ) ) ;
#715 = CARTESIAN_POINT ( 'NONE',  ( 5.438784246575359305, -12.47217465753425181, 25.00000000000000000 ) ) ;
#716 = EDGE_CURVE ( 'NONE', #385, #1771, #1926, .T. ) ;
#717 = PRESENTATION_STYLE_ASSIGNMENT (( #282 ) ) ;
#718 = VERTEX_POINT ( 'NONE', #382 ) ;
#719 = FILL_AREA_STYLE_COLOUR ( '', #812 ) ;
#720 = SURFACE_STYLE_USAGE ( .BOTH. , #2195 ) ;
#721 = ORIENTED_EDGE ( 'NONE', *, *, #1779, .T. ) ;
#722 = DIRECTION ( 'NONE',  ( -1.000000000000000000, 0.000000000000000000, 0.000000000000000000 ) ) ;
#723 = ADVANCED_FACE ( 'NONE', ( #1962 ), #607, .T. ) ;
#724 = CARTESIAN_POINT ( 'NONE',  ( -5.650684931506831710, -22.67551369863014088, 20.00000000000000000 ) ) ;
#725 = DIRECTION ( 'NONE',  ( 0.000000000000000000, 0.000000000000000000, -1.000000000000000000 ) ) ;
#726 = PRESENTATION_STYLE_ASSIGNMENT (( #82 ) ) ;
#727 = VERTEX_POINT ( 'NONE', #2309 ) ;
#728 = FILL_AREA_STYLE_COLOUR ( '', #1122 ) ;
#729 = VERTEX_POINT ( 'NONE', #1323 ) ;
#730 =( LENGTH_UNIT ( ) NAMED_UNIT ( * ) SI_UNIT ( .MILLI., .METRE. ) );
#731 = UNCERTAINTY_MEASURE_WITH_UNIT (LENGTH_MEASURE( 1.000000000000000082E-05 ), #1986, 'distance_accuracy_value', 'NONE');
#732 = ORIENTED_EDGE ( 'NONE', *, *, #1573, .T. ) ;
#733 = VECTOR ( 'NONE', #120, 1000.000000000000000 ) ;
#734 = CARTESIAN_POINT ( 'NONE',  ( 0.4783818493150895357, 20.00000000000000000, 15.81121575342466379 ) ) ;
#735 = PRESENTATION_LAYER_ASSIGNMENT (  '', '', ( #2322 ) ) ;
#736 = EDGE_CURVE ( 'NONE', #1792, #1930, #1131, .T. ) ;
#737 = DIRECTION ( 'NONE',  ( 0.000000000000000000, -1.000000000000000000, -3.491481338843133355E-15 ) ) ;
#738 = MECHANICAL_DESIGN_GEOMETRIC_PRESENTATION_REPRESENTATION (  '', ( #1513 ), #274 ) ;
#739 = STYLED_ITEM ( 'NONE', ( #914 ), #1566 ) ;
#740 = CARTESIAN_POINT ( 'NONE',  ( -24.99999999999998579, -25.00000000000000000, 25.00000000000000000 ) ) ;
#741 = COLOUR_RGB ( '',1.000000000000000000, 0.1490196078431372528, 0.1490196078431372528 ) ;
#742 = CIRCLE ( 'NONE', #819, 4.999999999999975131 ) ;
#743 = CARTESIAN_POINT ( 'NONE',  ( 25.00000000000001776, 25.00000000000000000, -25.00000000000000000 ) ) ;
#744 = ORIENTED_EDGE ( 'NONE', *, *, #2492, .F. ) ;
#745 = AXIS2_PLACEMENT_3D ( 'NONE', #1585, #262, #1984 ) ;
#746 = DIRECTION ( 'NONE',  ( 1.224646799147353207E-16, 0.000000000000000000, -1.000000000000000000 ) ) ;
#747 = VERTEX_POINT ( 'NONE', #1938 ) ;
#748 = ADVANCED_FACE ( 'NONE', ( #1742 ), #614, .T. ) ;
#749 = DIRECTION ( 'NONE',  ( 0.000000000000000000, 0.000000000000000000, 1.000000000000000000 ) ) ;
#750 = VECTOR ( 'NONE', #103, 999.9999999999998863 ) ;
#751 = EDGE_CURVE ( 'NONE', #2047, #838, #1801, .T. ) ;
#752 = STYLED_ITEM ( 'NONE', ( #1695 ), #2437 ) ;
#753 = ADVANCED_FACE ( 'NONE', ( #639 ), #427, .T. ) ;
#754 = ORIENTED_EDGE ( 'NONE', *, *, #1315, .F. ) ;
#755 = UNCERTAINTY_MEASURE_WITH_UNIT (LENGTH_MEASURE( 1.000000000000000082E-05 ), #675, 'distance_accuracy_value', 'NONE');
#756 = DIRECTION ( 'NONE',  ( -0.8944271909999158554, 3.122875846330089233E-15, -0.4472135954999577612 ) ) ;
#757 = VERTEX_POINT ( 'NONE', #601 ) ;
#758 = PLANE ( 'NONE',  #1208 ) ;
#759 = SURFACE_SIDE_STYLE ('',( #377 ) ) ;
#760 = DIRECTION ( 'NONE',  ( 0.000000000000000000, 1.000000000000000000, 0.000000000000000000 ) ) ;
#761 = FACE_OUTER_BOUND ( 'NONE', #1446, .T. ) ;
#762 =( NAMED_UNIT ( * ) SI_UNIT ( $, .STERADIAN. ) SOLID_ANGLE_UNIT ( ) );
#763 = DIRECTION ( 'NONE',  ( 0.000000000000000000, 0.000000000000000000, -1.000000000000000000 ) ) ;
#764 = CARTESIAN_POINT ( 'NONE',  ( -5.130565068493131875, -10.00000000000000533, 25.00000000000000000 ) ) ;
#765 = ORIENTED_EDGE ( 'NONE', *, *, #1537, .T. ) ;
#766 = EDGE_CURVE ( 'NONE', #1882, #910, #811, .T. ) ;
#767 = LINE ( 'NONE', #579, #557 ) ;
#768 = VERTEX_POINT ( 'NONE', #36 ) ;
#769 = CARTESIAN_POINT ( 'NONE',  ( -6.369863013698608079, 20.00000000000000000, 10.00000000000000533 ) ) ;
#770 = DIRECTION ( 'NONE',  ( 1.000000000000000000, -0.000000000000000000, -0.000000000000000000 ) ) ;
#771 = STYLED_ITEM ( 'NONE', ( #2144 ), #42 ) ;
#772 =( LENGTH_UNIT ( ) NAMED_UNIT ( * ) SI_UNIT ( .MILLI., .METRE. ) );
#773 = VECTOR ( 'NONE', #756, 1000.000000000000114 ) ;
#774 = LINE ( 'NONE', #931, #190 ) ;
#775 = AXIS2_PLACEMENT_3D ( 'NONE', #100, #703, #1480 ) ;
#776 = STYLED_ITEM ( 'NONE', ( #322 ), #1383 ) ;
#777 = PRESENTATION_LAYER_ASSIGNMENT (  '', '', ( #441 ) ) ;
#778 = DIRECTION ( 'NONE',  ( 0.000000000000000000, -1.000000000000000000, 0.000000000000000000 ) ) ;
#779 = ORIENTED_EDGE ( 'NONE', *, *, #543, .F. ) ;
#780 =( LENGTH_UNIT ( ) NAMED_UNIT ( * ) SI_UNIT ( .MILLI., .METRE. ) );
#781 = AXIS2_PLACEMENT_3D ( 'NONE', #1300, #1694, #2498 ) ;
#782 = AXIS2_PLACEMENT_3D ( 'NONE', #1754, #215, #1583 ) ;
#783 = VECTOR ( 'NONE', #598, 1000.000000000000114 ) ;
#784 = ORIENTED_EDGE ( 'NONE', *, *, #1990, .F. ) ;
#785 = CARTESIAN_POINT ( 'NONE',  ( 75.00000000000001421, -2.618611004132350648E-13, 0.000000000000000000 ) ) ;
#786 = CIRCLE ( 'NONE', #2388, 10.00000000000000000 ) ;
#787 = LINE ( 'NONE', #133, #2330 ) ;
#788 = PRESENTATION_STYLE_ASSIGNMENT (( #1340 ) ) ;
#789 =( GEOMETRIC_REPRESENTATION_CONTEXT ( 3 ) GLOBAL_UNCERTAINTY_ASSIGNED_CONTEXT ( ( #2380 ) ) GLOBAL_UNIT_ASSIGNED_CONTEXT ( ( #1020, #1607, #848 ) ) REPRESENTATION_CONTEXT ( 'NONE', 'WORKASPACE' ) );
#790 = UNCERTAINTY_MEASURE_WITH_UNIT (LENGTH_MEASURE( 1.000000000000000082E-05 ), #2188, 'distance_accuracy_value', 'NONE');
#791 = FACE_OUTER_BOUND ( 'NONE', #247, .T. ) ;
#792 =( NAMED_UNIT ( * ) PLANE_ANGLE_UNIT ( ) SI_UNIT ( $, .RADIAN. ) );
#793 = EDGE_LOOP ( 'NONE', ( #1277, #1501, #830, #674 ) ) ;
#794 = FACE_OUTER_BOUND ( 'NONE', #2279, .T. ) ;
#795 = DIRECTION ( 'NONE',  ( 0.000000000000000000, 0.000000000000000000, 1.000000000000000000 ) ) ;
#796 = CARTESIAN_POINT ( 'NONE',  ( 0.000000000000000000, -3.491481338843133355E-13, 100.0000000000000000 ) ) ;
#797 = ADVANCED_FACE ( 'NONE', ( #1184 ), #2003, .T. ) ;
#798 = CARTESIAN_POINT ( 'NONE',  ( 1.849315068493171843, 20.00000000000000000, 18.63013698630137682 ) ) ;
#799 = CARTESIAN_POINT ( 'NONE',  ( 20.00000000000001776, -10.00000000000000888, -6.010273972602740322 ) ) ;
#800 = VERTEX_POINT ( 'NONE', #315 ) ;
#801 = SURFACE_SIDE_STYLE ('',( #590 ) ) ;
#802 = SURFACE_STYLE_FILL_AREA ( #1155 ) ;
#803 = VERTEX_POINT ( 'NONE', #1248 ) ;
#804 = PRESENTATION_STYLE_ASSIGNMENT (( #2153 ) ) ;
#805 = ORIENTED_EDGE ( 'NONE', *, *, #2270, .F. ) ;
#806 = SURFACE_STYLE_USAGE ( .BOTH. , #4 ) ;
#807 = DIRECTION ( 'NONE',  ( -0.000000000000000000, 1.000000000000000000, 0.000000000000000000 ) ) ;
#808 =( GEOMETRIC_REPRESENTATION_CONTEXT ( 3 ) GLOBAL_UNCERTAINTY_ASSIGNED_CONTEXT ( ( #222 ) ) GLOBAL_UNIT_ASSIGNED_CONTEXT ( ( #263, #1640, #2421 ) ) REPRESENTATION_CONTEXT ( 'NONE', 'WORKASPACE' ) );
#809 = ADVANCED_FACE ( 'NONE', ( #1889 ), #1693, .F. ) ;
#810 = SURFACE_STYLE_USAGE ( .BOTH. , #1225 ) ;
#811 = LINE ( 'NONE', #2186, #2001 ) ;
#812 = COLOUR_RGB ( '',0.3254901960784313819, 0.7843137254901960675, 0.01568627450980392135 ) ;
#813 = VERTEX_POINT ( 'NONE', #1655 ) ;
#814 = CARTESIAN_POINT ( 'NONE',  ( 25.00000000000001776, 25.00000000000000000, 25.00000000000000000 ) ) ;
#815 = DIRECTION ( 'NONE',  ( 0.000000000000000000, 0.8678975213414770185, -0.4967432862649684422 ) ) ;
#816 = COLOUR_RGB ( '',0.3254901960784313819, 0.7843137254901960675, 0.01568627450980392135 ) ;
#817 = ORIENTED_EDGE ( 'NONE', *, *, #2574, .T. ) ;
#818 = PRESENTATION_LAYER_ASSIGNMENT (  '', '', ( #739 ) ) ;
#819 = AXIS2_PLACEMENT_3D ( 'NONE', #1418, #831, #1858 ) ;
#820 = ORIENTED_EDGE ( 'NONE', *, *, #2574, .F. ) ;
#821 = FILL_AREA_STYLE_COLOUR ( '', #663 ) ;
#822 = SURFACE_STYLE_USAGE ( .BOTH. , #1406 ) ;
#823 = EDGE_CURVE ( 'NONE', #1978, #983, #1871, .T. ) ;
#824 = CARTESIAN_POINT ( 'NONE',  ( 5.650684931506866349, -25.00000000000000355, 20.00000000000000000 ) ) ;
#825 = ORIENTED_EDGE ( 'NONE', *, *, #1120, .T. ) ;
#826 = VECTOR ( 'NONE', #1095, 1000.000000000000114 ) ;
#827 = EDGE_CURVE ( 'NONE', #2410, #838, #1681, .T. ) ;
#828 = ORIENTED_EDGE ( 'NONE', *, *, #217, .F. ) ;
#829 = CARTESIAN_POINT ( 'NONE',  ( 75.00000000000001421, -1.315428736061913343E-13, -4.999999999999975131 ) ) ;
#830 = ORIENTED_EDGE ( 'NONE', *, *, #523, .T. ) ;
#831 = DIRECTION ( 'NONE',  ( -0.000000000000000000, 1.000000000000000000, -0.000000000000000000 ) ) ;
#832 = FACE_BOUND ( 'NONE', #2571, .T. ) ;
#833 = LINE ( 'NONE', #2392, #346 ) ;
#834 = UNCERTAINTY_MEASURE_WITH_UNIT (LENGTH_MEASURE( 1.000000000000000082E-05 ), #249, 'distance_accuracy_value', 'NONE');
#835 = CARTESIAN_POINT ( 'NONE',  ( 5.438784246575359305, -10.00000000000000533, 25.00000000000000000 ) ) ;
#836 = FILL_AREA_STYLE ('',( #2184 ) ) ;
#837 = CARTESIAN_POINT ( 'NONE',  ( -5.130565068493131875, -12.67123287671233456, 20.00000000000000000 ) ) ;
#838 = VERTEX_POINT ( 'NONE', #1284 ) ;
#839 = SURFACE_STYLE_FILL_AREA ( #862 ) ;
#840 = CARTESIAN_POINT ( 'NONE',  ( 25.00000000000001776, -10.00000000000000888, 5.599315068493148750 ) ) ;
#841 = ADVANCED_FACE ( 'NONE', ( #554 ), #1218, .T. ) ;
#842 = VERTEX_POINT ( 'NONE', #2194 ) ;
#843 = DIRECTION ( 'NONE',  ( 1.000000000000000000, 0.000000000000000000, 0.000000000000000000 ) ) ;
#844 = ORIENTED_EDGE ( 'NONE', *, *, #289, .F. ) ;
#845 = LINE ( 'NONE', #612, #1327 ) ;
#846 = CARTESIAN_POINT ( 'NONE',  ( 20.00000000000001776, -10.00000000000000888, -6.010273972602740322 ) ) ;
#847 = DIRECTION ( 'NONE',  ( 0.000000000000000000, 0.000000000000000000, -1.000000000000000000 ) ) ;
#848 =( NAMED_UNIT ( * ) SI_UNIT ( $, .STERADIAN. ) SOLID_ANGLE_UNIT ( ) );
#849 = FILL_AREA_STYLE_COLOUR ( '', #2419 ) ;
#850 = ORIENTED_EDGE ( 'NONE', *, *, #600, .F. ) ;
#851 = SURFACE_SIDE_STYLE ('',( #41 ) ) ;
#852 = COLOUR_RGB ( '',0.1176470588235294101, 0.4039215686274509887, 0.8823529411764705621 ) ;
#853 = MECHANICAL_DESIGN_GEOMETRIC_PRESENTATION_REPRESENTATION (  '', ( #1426 ), #2078 ) ;
#854 = AXIS2_PLACEMENT_3D ( 'NONE', #296, #2080, #1265 ) ;
#855 = ORIENTED_EDGE ( 'NONE', *, *, #716, .T. ) ;
#856 =( NAMED_UNIT ( * ) SI_UNIT ( $, .STERADIAN. ) SOLID_ANGLE_UNIT ( ) );
#857 = PRESENTATION_LAYER_ASSIGNMENT (  '', '', ( #1713 ) ) ;
#858 = COLOUR_RGB ( '',0.3254901960784313819, 0.7843137254901960675, 0.01568627450980392135 ) ;
#859 = UNCERTAINTY_MEASURE_WITH_UNIT (LENGTH_MEASURE( 1.000000000000000082E-05 ), #1733, 'distance_accuracy_value', 'NONE');
#860 = STYLED_ITEM ( 'NONE', ( #1461 ), #1850 ) ;
#861 = SURFACE_STYLE_USAGE ( .BOTH. , #1836 ) ;
#862 = FILL_AREA_STYLE ('',( #37 ) ) ;
#863 = DIRECTION ( 'NONE',  ( 1.000000000000000000, 0.000000000000000000, 0.000000000000000000 ) ) ;
#864 = PLANE ( 'NONE',  #395 ) ;
#865 = VERTEX_POINT ( 'NONE', #974 ) ;
#866 = DIRECTION ( 'NONE',  ( 1.000000000000000000, 0.000000000000000000, 0.000000000000000000 ) ) ;
#867 = CIRCLE ( 'NONE', #1683, 10.00000000000000000 ) ;
#868 = ORIENTED_EDGE ( 'NONE', *, *, #960, .T. ) ;
#869 = EDGE_CURVE ( 'NONE', #842, #1260, #1636, .T. ) ;
#870 = FILL_AREA_STYLE ('',( #498 ) ) ;
#871 = CARTESIAN_POINT ( 'NONE',  ( 0.000000000000000000, 0.000000000000000000, 0.000000000000000000 ) ) ;
#872 = FILL_AREA_STYLE ('',( #499 ) ) ;
#873 =( NAMED_UNIT ( * ) PLANE_ANGLE_UNIT ( ) SI_UNIT ( $, .RADIAN. ) );
#874 = SURFACE_SIDE_STYLE ('',( #2267 ) ) ;
#875 = EDGE_LOOP ( 'NONE', ( #972, #2222, #1470, #242 ) ) ;
#876 = LINE ( 'NONE', #1658, #1673 ) ;
#877 = VERTEX_POINT ( 'NONE', #948 ) ;
#878 = LINE ( 'NONE', #1258, #2086 ) ;
#879 = FACE_OUTER_BOUND ( 'NONE', #1079, .T. ) ;
#880 = DIRECTION ( 'NONE',  ( 0.000000000000000000, -1.000000000000000000, 0.000000000000000000 ) ) ;
#881 = FILL_AREA_STYLE ('',( #1335 ) ) ;
#882 = DIRECTION ( 'NONE',  ( 1.000000000000000000, -0.000000000000000000, -0.000000000000000000 ) ) ;
#883 = ORIENTED_EDGE ( 'NONE', *, *, #2397, .F. ) ;
#884 =( NAMED_UNIT ( * ) SI_UNIT ( $, .STERADIAN. ) SOLID_ANGLE_UNIT ( ) );
#885 = FACE_OUTER_BOUND ( 'NONE', #1638, .T. ) ;
#886 = ORIENTED_EDGE ( 'NONE', *, *, #1263, .F. ) ;
#887 = PRESENTATION_STYLE_ASSIGNMENT (( #299 ) ) ;
#888 = CIRCLE ( 'NONE', #1668, 12.50000000000000000 ) ;
#889 = CARTESIAN_POINT ( 'NONE',  ( 25.00000000000001776, -17.05693493150685924, 1.669520547945203770 ) ) ;
#890 = PRESENTATION_LAYER_ASSIGNMENT (  '', '', ( #2124 ) ) ;
#891 = COLOUR_RGB ( '',0.1176470588235294101, 0.4039215686274509887, 0.8823529411764705621 ) ;
#892 = LINE ( 'NONE', #713, #1804 ) ;
#893 = EDGE_CURVE ( 'NONE', #1473, #980, #1738, .T. ) ;
#894 = VECTOR ( 'NONE', #1110, 1000.000000000000000 ) ;
#895 = SURFACE_STYLE_USAGE ( .BOTH. , #2274 ) ;
#896 =( LENGTH_UNIT ( ) NAMED_UNIT ( * ) SI_UNIT ( .MILLI., .METRE. ) );
#897 =( NAMED_UNIT ( * ) PLANE_ANGLE_UNIT ( ) SI_UNIT ( $, .RADIAN. ) );
#898 = ORIENTED_EDGE ( 'NONE', *, *, #869, .F. ) ;
#899 = CARTESIAN_POINT ( 'NONE',  ( 0.4783818493150895357, 20.00000000000000000, 15.81121575342466379 ) ) ;
#900 = EDGE_CURVE ( 'NONE', #609, #1863, #1574, .T. ) ;
#901 = EDGE_LOOP ( 'NONE', ( #139, #648, #2415 ) ) ;
#902 =( GEOMETRIC_REPRESENTATION_CONTEXT ( 3 ) GLOBAL_UNCERTAINTY_ASSIGNED_CONTEXT ( ( #790 ) ) GLOBAL_UNIT_ASSIGNED_CONTEXT ( ( #2188, #2030, #38 ) ) REPRESENTATION_CONTEXT ( 'NONE', 'WORKASPACE' ) );
#903 = UNCERTAINTY_MEASURE_WITH_UNIT (LENGTH_MEASURE( 1.000000000000000082E-05 ), #681, 'distance_accuracy_value', 'NONE');
#904 = PRESENTATION_STYLE_ASSIGNMENT (( #2076 ) ) ;
#905 =( NAMED_UNIT ( * ) PLANE_ANGLE_UNIT ( ) SI_UNIT ( $, .RADIAN. ) );
#906 = ORIENTED_EDGE ( 'NONE', *, *, #1092, .T. ) ;
#907 = FILL_AREA_STYLE ('',( #719 ) ) ;
#908 = CARTESIAN_POINT ( 'NONE',  ( 0.000000000000000000, 0.000000000000000000, 0.000000000000000000 ) ) ;
#909 = EDGE_CURVE ( 'NONE', #1011, #1215, #1767, .T. ) ;
#910 = VERTEX_POINT ( 'NONE', #1370 ) ;
#911 = FILL_AREA_STYLE_COLOUR ( '', #1434 ) ;
#912 =( NAMED_UNIT ( * ) PLANE_ANGLE_UNIT ( ) SI_UNIT ( $, .RADIAN. ) );
#913 = CARTESIAN_POINT ( 'NONE',  ( 5.438784246575359305, -10.00000000000000533, 25.00000000000000000 ) ) ;
#914 = PRESENTATION_STYLE_ASSIGNMENT (( #304 ) ) ;
#915 =( NAMED_UNIT ( * ) PLANE_ANGLE_UNIT ( ) SI_UNIT ( $, .RADIAN. ) );
#916 = CARTESIAN_POINT ( 'NONE',  ( -24.99999999999998579, -25.00000000000000000, 25.00000000000000000 ) ) ;
#917 = ORIENTED_EDGE ( 'NONE', *, *, #1745, .F. ) ;
#918 = COLOUR_RGB ( '',1.000000000000000000, 0.1490196078431372528, 0.1490196078431372528 ) ;
#919 = ADVANCED_FACE ( 'NONE', ( #1390 ), #1362, .T. ) ;
#920 = AXIS2_PLACEMENT_3D ( 'NONE', #8, #1614, #261 ) ;
#921 = ORIENTED_EDGE ( 'NONE', *, *, #2109, .F. ) ;
#922 = ADVANCED_FACE ( 'NONE', ( #388 ), #1404, .T. ) ;
#923 = MECHANICAL_DESIGN_GEOMETRIC_PRESENTATION_REPRESENTATION (  '', ( #2035 ), #269 ) ;
#924 =( GEOMETRIC_REPRESENTATION_CONTEXT ( 3 ) GLOBAL_UNCERTAINTY_ASSIGNED_CONTEXT ( ( #2272 ) ) GLOBAL_UNIT_ASSIGNED_CONTEXT ( ( #1148, #189, #2562 ) ) REPRESENTATION_CONTEXT ( 'NONE', 'WORKASPACE' ) );
#925 = UNCERTAINTY_MEASURE_WITH_UNIT (LENGTH_MEASURE( 1.000000000000000082E-05 ), #57, 'distance_accuracy_value', 'NONE');
#926 = DIRECTION ( 'NONE',  ( 1.000000000000000000, -3.491481338843133355E-15, 0.000000000000000000 ) ) ;
#927 = EDGE_CURVE ( 'NONE', #541, #396, #742, .T. ) ;
#928 = STYLED_ITEM ( 'NONE', ( #2501 ), #634 ) ;
#929 = COLOUR_RGB ( '',1.000000000000000000, 0.1490196078431372528, 0.1490196078431372528 ) ;
#930 = MECHANICAL_DESIGN_GEOMETRIC_PRESENTATION_REPRESENTATION (  '', ( #2041 ), #964 ) ;
#931 = CARTESIAN_POINT ( 'NONE',  ( -24.99999999999998579, 25.00000000000000000, 25.00000000000000000 ) ) ;
#932 = LINE ( 'NONE', #1719, #1159 ) ;
#933 = MECHANICAL_DESIGN_GEOMETRIC_PRESENTATION_REPRESENTATION (  '', ( #1885 ), #1961 ) ;
#934 = VECTOR ( 'NONE', #2573, 1000.000000000000000 ) ;
#935 = EDGE_LOOP ( 'NONE', ( #2010, #1132 ) ) ;
#936 = LINE ( 'NONE', #1493, #618 ) ;
#937 = DIRECTION ( 'NONE',  ( 0.000000000000000000, -1.000000000000000000, -3.491481338843133355E-15 ) ) ;
#938 = ORIENTED_EDGE ( 'NONE', *, *, #1726, .F. ) ;
#939 = SURFACE_STYLE_FILL_AREA ( #344 ) ;
#940 = CARTESIAN_POINT ( 'NONE',  ( 0.000000000000000000, 0.000000000000000000, 0.000000000000000000 ) ) ;
#941 =( GEOMETRIC_REPRESENTATION_CONTEXT ( 3 ) GLOBAL_UNCERTAINTY_ASSIGNED_CONTEXT ( ( #1540 ) ) GLOBAL_UNIT_ASSIGNED_CONTEXT ( ( #140, #2099, #2081 ) ) REPRESENTATION_CONTEXT ( 'NONE', 'WORKASPACE' ) );
#942 = DIRECTION ( 'NONE',  ( -0.000000000000000000, -0.000000000000000000, 1.000000000000000000 ) ) ;
#943 = VECTOR ( 'NONE', #526, 1000.000000000000000 ) ;
#944 = EDGE_CURVE ( 'NONE', #2047, #115, #878, .T. ) ;
#945 = PRESENTATION_STYLE_ASSIGNMENT (( #152 ) ) ;
#946 = VERTEX_POINT ( 'NONE', #44 ) ;
#947 = VERTEX_POINT ( 'NONE', #1650 ) ;
#948 = CARTESIAN_POINT ( 'NONE',  ( 0.000000000000000000, 0.000000000000000000, 5.000000000000000000 ) ) ;
#949 = SURFACE_STYLE_USAGE ( .BOTH. , #1272 ) ;
#950 = LINE ( 'NONE', #798, #475 ) ;
#951 = ADVANCED_FACE ( 'NONE', ( #1661 ), #650, .T. ) ;
#952 =( NAMED_UNIT ( * ) SI_UNIT ( $, .STERADIAN. ) SOLID_ANGLE_UNIT ( ) );
#953 = VERTEX_POINT ( 'NONE', #2033 ) ;
#954 = DIRECTION ( 'NONE',  ( 0.5953693687775543086, 0.8034521234780679366, 0.000000000000000000 ) ) ;
#955 =( LENGTH_UNIT ( ) NAMED_UNIT ( * ) SI_UNIT ( .MILLI., .METRE. ) );
#956 = ORIENTED_EDGE ( 'NONE', *, *, #2470, .F. ) ;
#957 = CARTESIAN_POINT ( 'NONE',  ( 5.650684931506866349, -22.32876712328767965, 25.00000000000000000 ) ) ;
#958 = VECTOR ( 'NONE', #1587, 1000.000000000000000 ) ;
#959 = VECTOR ( 'NONE', #1751, 1000.000000000000000 ) ;
#960 = EDGE_CURVE ( 'NONE', #2339, #2509, #1130, .T. ) ;
#961 = PLANE ( 'NONE',  #1847 ) ;
#962 = PLANE ( 'NONE',  #345 ) ;
#963 = MECHANICAL_DESIGN_GEOMETRIC_PRESENTATION_REPRESENTATION (  '', ( #2124 ), #1956 ) ;
#964 =( GEOMETRIC_REPRESENTATION_CONTEXT ( 3 ) GLOBAL_UNCERTAINTY_ASSIGNED_CONTEXT ( ( #65 ) ) GLOBAL_UNIT_ASSIGNED_CONTEXT ( ( #2063, #472, #1641 ) ) REPRESENTATION_CONTEXT ( 'NONE', 'WORKASPACE' ) );
#965 = LINE ( 'NONE', #2158, #351 ) ;
#966 = ORIENTED_EDGE ( 'NONE', *, *, #436, .F. ) ;
#967 =( NAMED_UNIT ( * ) SI_UNIT ( $, .STERADIAN. ) SOLID_ANGLE_UNIT ( ) );
#968 =( GEOMETRIC_REPRESENTATION_CONTEXT ( 3 ) GLOBAL_UNCERTAINTY_ASSIGNED_CONTEXT ( ( #332 ) ) GLOBAL_UNIT_ASSIGNED_CONTEXT ( ( #525, #873, #69 ) ) REPRESENTATION_CONTEXT ( 'NONE', 'WORKASPACE' ) );
#969 = PRESENTATION_LAYER_ASSIGNMENT (  '', '', ( #1172 ) ) ;
#970 = ADVANCED_FACE ( 'NONE', ( #2207 ), #666, .T. ) ;
#971 = COLOUR_RGB ( '',0.1176470588235294101, 0.4039215686274509887, 0.8823529411764705621 ) ;
#972 = ORIENTED_EDGE ( 'NONE', *, *, #1471, .T. ) ;
#973 = LINE ( 'NONE', #2327, #104 ) ;
#974 = CARTESIAN_POINT ( 'NONE',  ( 1.849315068493171843, 20.00000000000000000, 25.00000000000000355 ) ) ;
#975 = SURFACE_STYLE_FILL_AREA ( #2536 ) ;
#976 = VECTOR ( 'NONE', #1456, 1000.000000000000227 ) ;
#977 = SURFACE_STYLE_FILL_AREA ( #197 ) ;
#978 = SURFACE_SIDE_STYLE ('',( #198 ) ) ;
#979 = CARTESIAN_POINT ( 'NONE',  ( 25.00000000000001776, -25.00000000000000000, 25.00000000000000000 ) ) ;
#980 = VERTEX_POINT ( 'NONE', #468 ) ;
#981 = CARTESIAN_POINT ( 'NONE',  ( 0.000000000000000000, 0.000000000000000000, 0.000000000000000000 ) ) ;
#982 = EDGE_CURVE ( 'NONE', #1895, #1260, #2244, .T. ) ;
#983 = VERTEX_POINT ( 'NONE', #423 ) ;
#984 = SURFACE_STYLE_FILL_AREA ( #2551 ) ;
#985 =( NAMED_UNIT ( * ) SI_UNIT ( $, .STERADIAN. ) SOLID_ANGLE_UNIT ( ) );
#986 = DIRECTION ( 'NONE',  ( -0.000000000000000000, 1.000000000000000000, -0.000000000000000000 ) ) ;
#987 = SURFACE_SIDE_STYLE ('',( #1974 ) ) ;
#988 = ORIENTED_EDGE ( 'NONE', *, *, #944, .F. ) ;
#989 = PRESENTATION_STYLE_ASSIGNMENT (( #1455 ) ) ;
#990 = VERTEX_POINT ( 'NONE', #2087 ) ;
#991 = ADVANCED_FACE ( 'NONE', ( #708 ), #146, .F. ) ;
#992 = EDGE_CURVE ( 'NONE', #1591, #1473, #1278, .T. ) ;
#993 = VECTOR ( 'NONE', #1960, 1000.000000000000000 ) ;
#994 = LINE ( 'NONE', #2034, #1160 ) ;
#995 = MECHANICAL_DESIGN_GEOMETRIC_PRESENTATION_REPRESENTATION (  '', ( #771 ), #1870 ) ;
#996 = ADVANCED_FACE ( 'NONE', ( #106 ), #758, .T. ) ;
#997 = AXIS2_PLACEMENT_3D ( 'NONE', #1158, #2587, #2549 ) ;
#998 =( NAMED_UNIT ( * ) SI_UNIT ( $, .STERADIAN. ) SOLID_ANGLE_UNIT ( ) );
#999 = VECTOR ( 'NONE', #466, 1000.000000000000000 ) ;
#1000 = ORIENTED_EDGE ( 'NONE', *, *, #1917, .F. ) ;
#1001 = PRESENTATION_LAYER_ASSIGNMENT (  '', '', ( #2119 ) ) ;
#1002 = CARTESIAN_POINT ( 'NONE',  ( 0.000000000000000000, 0.000000000000000000, 0.000000000000000000 ) ) ;
#1003 = SURFACE_STYLE_USAGE ( .BOTH. , #474 ) ;
#1004 = STYLED_ITEM ( 'NONE', ( #2028 ), #748 ) ;
#1005 =( LENGTH_UNIT ( ) NAMED_UNIT ( * ) SI_UNIT ( .MILLI., .METRE. ) );
#1006 = ORIENTED_EDGE ( 'NONE', *, *, #1817, .T. ) ;
#1007 = DIRECTION ( 'NONE',  ( 0.000000000000000000, -1.000000000000000000, -3.330669073875469621E-15 ) ) ;
#1008 =( GEOMETRIC_REPRESENTATION_CONTEXT ( 3 ) GLOBAL_UNCERTAINTY_ASSIGNED_CONTEXT ( ( #2083 ) ) GLOBAL_UNIT_ASSIGNED_CONTEXT ( ( #1568, #1352, #1162 ) ) REPRESENTATION_CONTEXT ( 'NONE', 'WORKASPACE' ) );
#1009 = PRESENTATION_LAYER_ASSIGNMENT (  '', '', ( #1717 ) ) ;
#1010 = CIRCLE ( 'NONE', #1549, 4.999999999999975131 ) ;
#1011 = VERTEX_POINT ( 'NONE', #1071 ) ;
#1012 = FACE_OUTER_BOUND ( 'NONE', #2472, .T. ) ;
#1013 = DIRECTION ( 'NONE',  ( 0.000000000000000000, 0.000000000000000000, -1.000000000000000000 ) ) ;
#1014 = DIRECTION ( 'NONE',  ( 0.000000000000000000, -1.000000000000000000, 0.000000000000000000 ) ) ;
#1015 = PRESENTATION_STYLE_ASSIGNMENT (( #12 ) ) ;
#1016 = EDGE_CURVE ( 'NONE', #1215, #1369, #1753, .T. ) ;
#1017 = AXIS2_PLACEMENT_3D ( 'NONE', #908, #1698, #1521 ) ;
#1018 = ORIENTED_EDGE ( 'NONE', *, *, #407, .F. ) ;
#1019 = SURFACE_SIDE_STYLE ('',( #451 ) ) ;
#1020 =( LENGTH_UNIT ( ) NAMED_UNIT ( * ) SI_UNIT ( .MILLI., .METRE. ) );
#1021 = SURFACE_STYLE_FILL_AREA ( #227 ) ;
#1022 = VERTEX_POINT ( 'NONE', #2101 ) ;
#1023 = CARTESIAN_POINT ( 'NONE',  ( 0.000000000000000000, -2.618611004132350648E-13, 75.00000000000001421 ) ) ;
#1024 =( NAMED_UNIT ( * ) SI_UNIT ( $, .STERADIAN. ) SOLID_ANGLE_UNIT ( ) );
#1025 = FILL_AREA_STYLE_COLOUR ( '', #1463 ) ;
#1026 = DIRECTION ( 'NONE',  ( 1.000000000000000000, 0.000000000000000000, 0.000000000000000000 ) ) ;
#1027 = FILL_AREA_STYLE_COLOUR ( '', #918 ) ;
#1028 = DIRECTION ( 'NONE',  ( 0.000000000000000000, -0.8656434948327349499, 0.5006609030609127098 ) ) ;
#1029 = LINE ( 'NONE', #2426, #698 ) ;
#1030 = DIRECTION ( 'NONE',  ( 1.000000000000000000, -0.000000000000000000, -0.000000000000000000 ) ) ;
#1031 = FACE_OUTER_BOUND ( 'NONE', #2152, .T. ) ;
#1032 = ORIENTED_EDGE ( 'NONE', *, *, #196, .T. ) ;
#1033 = CARTESIAN_POINT ( 'NONE',  ( 25.00000000000001776, -25.00000000000000000, -25.00000000000000000 ) ) ;
#1034 = ORIENTED_EDGE ( 'NONE', *, *, #462, .T. ) ;
#1035 = DIRECTION ( 'NONE',  ( 0.000000000000000000, 0.000000000000000000, 1.000000000000000000 ) ) ;
#1036 = LINE ( 'NONE', #219, #2161 ) ;
#1037 = DIRECTION ( 'NONE',  ( -0.000000000000000000, 1.000000000000000000, -0.000000000000000000 ) ) ;
#1038 = CARTESIAN_POINT ( 'NONE',  ( 25.00000000000001776, -10.00000000000000888, -3.152825342465754410 ) ) ;
#1039 = PRESENTATION_LAYER_ASSIGNMENT (  '', '', ( #1704 ) ) ;
#1040 = DIRECTION ( 'NONE',  ( 0.000000000000000000, -3.491481338843133355E-15, 1.000000000000000000 ) ) ;
#1041 = DIRECTION ( 'NONE',  ( 5.476786982642024395E-17, -0.8944271909999158554, 0.4472135954999577612 ) ) ;
#1042 = VECTOR ( 'NONE', #1013, 1000.000000000000000 ) ;
#1043 = PRESENTATION_STYLE_ASSIGNMENT (( #1845 ) ) ;
#1044 = ORIENTED_EDGE ( 'NONE', *, *, #2481, .F. ) ;
#1045 = MECHANICAL_DESIGN_GEOMETRIC_PRESENTATION_REPRESENTATION (  '', ( #1839 ), #1086 ) ;
#1046 = ADVANCED_FACE ( 'NONE', ( #1318 ), #88, .T. ) ;
#1047 = COLOUR_RGB ( '',0.3254901960784313819, 0.7843137254901960675, 0.01568627450980392135 ) ;
#1048 = ORIENTED_EDGE ( 'NONE', *, *, #2157, .T. ) ;
#1049 = PRESENTATION_LAYER_ASSIGNMENT (  '', '', ( #2329 ) ) ;
#1050 = AXIS2_PLACEMENT_3D ( 'NONE', #542, #1320, #1728 ) ;
#1051 = CARTESIAN_POINT ( 'NONE',  ( 6.575342465753445609, 20.00000000000000000, 10.00000000000000533 ) ) ;
#1052 = CARTESIAN_POINT ( 'NONE',  ( 6.938893903907228378E-15, -3.491481338843133355E-13, 100.0000000000000000 ) ) ;
#1053 = DIRECTION ( 'NONE',  ( 1.000000000000000000, 0.000000000000000000, 0.000000000000000000 ) ) ;
#1054 = CARTESIAN_POINT ( 'NONE',  ( -5.130565068493131875, -10.00000000000000533, 20.00000000000000000 ) ) ;
#1055 = FILL_AREA_STYLE ('',( #1862 ) ) ;
#1056 = VERTEX_POINT ( 'NONE', #1931 ) ;
#1057 = STYLED_ITEM ( 'NONE', ( #2134 ), #2208 ) ;
#1058 = SURFACE_SIDE_STYLE ('',( #611 ) ) ;
#1059 = AXIS2_PLACEMENT_3D ( 'NONE', #548, #1941, #815 ) ;
#1060 = VERTEX_POINT ( 'NONE', #1331 ) ;
#1061 = FILL_AREA_STYLE ('',( #76 ) ) ;
#1062 = EDGE_CURVE ( 'NONE', #295, #1697, #1736, .T. ) ;
#1063 = FILL_AREA_STYLE ('',( #2487 ) ) ;
#1064 = CARTESIAN_POINT ( 'NONE',  ( 5.650684931506866349, -22.32876712328767965, 20.00000000000000000 ) ) ;
#1065 = PLANE ( 'NONE',  #775 ) ;
#1066 = EDGE_LOOP ( 'NONE', ( #1660, #212, #2187, #691 ) ) ;
#1067 = FACE_OUTER_BOUND ( 'NONE', #1066, .T. ) ;
#1068 = FILL_AREA_STYLE ('',( #1504 ) ) ;
#1069 = ADVANCED_FACE ( 'NONE', ( #794 ), #2122, .T. ) ;
#1070 = VERTEX_POINT ( 'NONE', #1136 ) ;
#1071 = CARTESIAN_POINT ( 'NONE',  ( 0.000000000000000000, 0.000000000000000000, 5.000000000000000000 ) ) ;
#1072 = DIRECTION ( 'NONE',  ( 0.000000000000000000, 0.000000000000000000, -1.000000000000000000 ) ) ;
#1073 = DIRECTION ( 'NONE',  ( -0.000000000000000000, 1.000000000000000000, -0.000000000000000000 ) ) ;
#1074 = EDGE_CURVE ( 'NONE', #2586, #2021, #47, .T. ) ;
#1075 = DIRECTION ( 'NONE',  ( 0.000000000000000000, -1.000000000000000000, 0.000000000000000000 ) ) ;
#1076 = SURFACE_STYLE_FILL_AREA ( #2064 ) ;
#1077 = CARTESIAN_POINT ( 'NONE',  ( 25.00000000000001776, 25.00000000000000000, 25.00000000000000000 ) ) ;
#1078 = DIRECTION ( 'NONE',  ( 0.000000000000000000, 0.000000000000000000, -1.000000000000000000 ) ) ;
#1079 = EDGE_LOOP ( 'NONE', ( #1781, #1720, #105, #60 ) ) ;
#1080 = COLOUR_RGB ( '',0.1176470588235294101, 0.4039215686274509887, 0.8823529411764705621 ) ;
#1081 =( NAMED_UNIT ( * ) PLANE_ANGLE_UNIT ( ) SI_UNIT ( $, .RADIAN. ) );
#1082 = DIRECTION ( 'NONE',  ( 0.000000000000000000, -1.000000000000000000, -2.775557561562905156E-15 ) ) ;
#1083 = MECHANICAL_DESIGN_GEOMETRIC_PRESENTATION_REPRESENTATION (  '', ( #1752 ), #1837 ) ;
#1084 = ORIENTED_EDGE ( 'NONE', *, *, #2343, .T. ) ;
#1085 = CIRCLE ( 'NONE', #239, 12.50000000000000000 ) ;
#1086 =( GEOMETRIC_REPRESENTATION_CONTEXT ( 3 ) GLOBAL_UNCERTAINTY_ASSIGNED_CONTEXT ( ( #2510 ) ) GLOBAL_UNIT_ASSIGNED_CONTEXT ( ( #1005, #643, #1876 ) ) REPRESENTATION_CONTEXT ( 'NONE', 'WORKASPACE' ) );
#1087 = PRESENTATION_LAYER_ASSIGNMENT (  '', '', ( #524 ) ) ;
#1088 = VECTOR ( 'NONE', #1541, 1000.000000000000000 ) ;
#1089 =( LENGTH_UNIT ( ) NAMED_UNIT ( * ) SI_UNIT ( .MILLI., .METRE. ) );
#1090 = VECTOR ( 'NONE', #448, 1000.000000000000000 ) ;
#1091 = CIRCLE ( 'NONE', #193, 5.000000000000000000 ) ;
#1092 = EDGE_CURVE ( 'NONE', #990, #503, #581, .T. ) ;
#1093 =( NAMED_UNIT ( * ) SI_UNIT ( $, .STERADIAN. ) SOLID_ANGLE_UNIT ( ) );
#1094 = ORIENTED_EDGE ( 'NONE', *, *, #766, .T. ) ;
#1095 = DIRECTION ( 'NONE',  ( 0.000000000000000000, 0.8753391005662073399, -0.4835095231946761607 ) ) ;
#1096 = MECHANICAL_DESIGN_GEOMETRIC_PRESENTATION_REPRESENTATION (  '', ( #1266 ), #1853 ) ;
#1097 = ORIENTED_EDGE ( 'NONE', *, *, #1170, .F. ) ;
#1098 = SURFACE_SIDE_STYLE ('',( #1509 ) ) ;
#1099 = COLOUR_RGB ( '',0.1176470588235294101, 0.4039215686274509887, 0.8823529411764705621 ) ;
#1100 = DIRECTION ( 'NONE',  ( 0.8850454714361700725, 0.000000000000000000, 0.4655045794515104696 ) ) ;
#1101 = PLANE ( 'NONE',  #1435 ) ;
#1102 = EDGE_CURVE ( 'NONE', #2193, #1343, #552, .T. ) ;
#1103 =( NAMED_UNIT ( * ) PLANE_ANGLE_UNIT ( ) SI_UNIT ( $, .RADIAN. ) );
#1104 = FILL_AREA_STYLE ('',( #2077 ) ) ;
#1105 = DIRECTION ( 'NONE',  ( 0.000000000000000000, -0.8656434948327349499, 0.5006609030609127098 ) ) ;
#1106 = ORIENTED_EDGE ( 'NONE', *, *, #2397, .T. ) ;
#1107 =( NAMED_UNIT ( * ) PLANE_ANGLE_UNIT ( ) SI_UNIT ( $, .RADIAN. ) );
#1108 = DIRECTION ( 'NONE',  ( -0.000000000000000000, 0.000000000000000000, 1.000000000000000000 ) ) ;
#1109 = ORIENTED_EDGE ( 'NONE', *, *, #1224, .F. ) ;
#1110 = DIRECTION ( 'NONE',  ( 0.000000000000000000, 0.000000000000000000, -1.000000000000000000 ) ) ;
#1111 = PRESENTATION_STYLE_ASSIGNMENT (( #337 ) ) ;
#1112 = LINE ( 'NONE', #1665, #327 ) ;
#1113 = ORIENTED_EDGE ( 'NONE', *, *, #2350, .T. ) ;
#1114 = SURFACE_STYLE_USAGE ( .BOTH. , #540 ) ;
#1115 = CARTESIAN_POINT ( 'NONE',  ( -6.369863013698608079, 20.00000000000000000, 10.00000000000000533 ) ) ;
#1116 = UNCERTAINTY_MEASURE_WITH_UNIT (LENGTH_MEASURE( 1.000000000000000082E-05 ), #1089, 'distance_accuracy_value', 'NONE');
#1117 = CARTESIAN_POINT ( 'NONE',  ( 5.438784246575359305, -12.47217465753425181, 20.00000000000000000 ) ) ;
#1118 = ORIENTED_EDGE ( 'NONE', *, *, #617, .T. ) ;
#1119 = VECTOR ( 'NONE', #1361, 1000.000000000000000 ) ;
#1120 = EDGE_CURVE ( 'NONE', #1857, #2043, #2560, .T. ) ;
#1121 = MECHANICAL_DESIGN_GEOMETRIC_PRESENTATION_REPRESENTATION (  '', ( #693 ), #486 ) ;
#1122 = COLOUR_RGB ( '',1.000000000000000000, 1.000000000000000000, 1.000000000000000000 ) ;
#1123 = DIRECTION ( 'NONE',  ( 1.000000000000000000, -0.000000000000000000, -0.000000000000000000 ) ) ;
#1124 = PRESENTATION_LAYER_ASSIGNMENT (  '', '', ( #95 ) ) ;
#1125 =( NAMED_UNIT ( * ) PLANE_ANGLE_UNIT ( ) SI_UNIT ( $, .RADIAN. ) );
#1126 = COLOUR_RGB ( '',0.3254901960784313819, 0.7843137254901960675, 0.01568627450980392135 ) ;
#1127 =( LENGTH_UNIT ( ) NAMED_UNIT ( * ) SI_UNIT ( .MILLI., .METRE. ) );
#1128 = SURFACE_STYLE_FILL_AREA ( #1557 ) ;
#1129 = AXIS2_PLACEMENT_3D ( 'NONE', #220, #1602, #1835 ) ;
#1130 = CIRCLE ( 'NONE', #2045, 12.50000000000000000 ) ;
#1131 = LINE ( 'NONE', #764, #1088 ) ;
#1132 = ORIENTED_EDGE ( 'NONE', *, *, #1979, .F. ) ;
#1133 = SURFACE_SIDE_STYLE ('',( #355 ) ) ;
#1134 = CARTESIAN_POINT ( 'NONE',  ( -24.99999999999998579, 25.00000000000000000, 25.00000000000000000 ) ) ;
#1135 = ORIENTED_EDGE ( 'NONE', *, *, #1573, .F. ) ;
#1136 = CARTESIAN_POINT ( 'NONE',  ( 5.650684931506866349, -25.00000000000000355, 25.00000000000000000 ) ) ;
#1137 = DIRECTION ( 'NONE',  ( 1.000000000000000000, -3.491481338843133355E-15, 0.000000000000000000 ) ) ;
#1138 = CARTESIAN_POINT ( 'NONE',  ( 0.000000000000000000, -5.000000000000000000, -1.745740669421566678E-14 ) ) ;
#1139 = AXIS2_PLACEMENT_3D ( 'NONE', #595, #22, #216 ) ;
#1140 = CARTESIAN_POINT ( 'NONE',  ( -6.369863013698608079, 20.00000000000000000, 10.00000000000000533 ) ) ;
#1141 = CARTESIAN_POINT ( 'NONE',  ( 0.000000000000000000, -2.618611004132350648E-13, 75.00000000000001421 ) ) ;
#1142 = ORIENTED_EDGE ( 'NONE', *, *, #2109, .T. ) ;
#1143 =( NAMED_UNIT ( * ) PLANE_ANGLE_UNIT ( ) SI_UNIT ( $, .RADIAN. ) );
#1144 =( LENGTH_UNIT ( ) NAMED_UNIT ( * ) SI_UNIT ( .MILLI., .METRE. ) );
#1145 = UNCERTAINTY_MEASURE_WITH_UNIT (LENGTH_MEASURE( 1.000000000000000082E-05 ), #896, 'distance_accuracy_value', 'NONE');
#1146 = ORIENTED_EDGE ( 'NONE', *, *, #1795, .F. ) ;
#1147 = CARTESIAN_POINT ( 'NONE',  ( 0.000000000000000000, 75.00000000000001421, 4.999999999999975131 ) ) ;
#1148 =( LENGTH_UNIT ( ) NAMED_UNIT ( * ) SI_UNIT ( .MILLI., .METRE. ) );
#1149 = CARTESIAN_POINT ( 'NONE',  ( 0.000000000000000000, -25.00000000000000000, 0.000000000000000000 ) ) ;
#1150 = EDGE_CURVE ( 'NONE', #170, #1930, #973, .T. ) ;
#1151 = FILL_AREA_STYLE_COLOUR ( '', #142 ) ;
#1152 = VERTEX_POINT ( 'NONE', #957 ) ;
#1153 = SURFACE_SIDE_STYLE ('',( #1368 ) ) ;
#1154 = CARTESIAN_POINT ( 'NONE',  ( 75.00000000000001421, -2.618611004132350648E-13, 0.000000000000000000 ) ) ;
#1155 = FILL_AREA_STYLE ('',( #374 ) ) ;
#1156 = ORIENTED_EDGE ( 'NONE', *, *, #73, .T. ) ;
#1157 = DIRECTION ( 'NONE',  ( 0.8034521234780680476, -0.5953693687775543086, 0.000000000000000000 ) ) ;
#1158 = CARTESIAN_POINT ( 'NONE',  ( 0.000000000000000000, 0.000000000000000000, 0.000000000000000000 ) ) ;
#1159 = VECTOR ( 'NONE', #1947, 1000.000000000000114 ) ;
#1160 = VECTOR ( 'NONE', #1832, 1000.000000000000114 ) ;
#1161 = VECTOR ( 'NONE', #1824, 1000.000000000000000 ) ;
#1162 =( NAMED_UNIT ( * ) SI_UNIT ( $, .STERADIAN. ) SOLID_ANGLE_UNIT ( ) );
#1163 =( GEOMETRIC_REPRESENTATION_CONTEXT ( 3 ) GLOBAL_UNCERTAINTY_ASSIGNED_CONTEXT ( ( #33 ) ) GLOBAL_UNIT_ASSIGNED_CONTEXT ( ( #1775, #2358, #1388 ) ) REPRESENTATION_CONTEXT ( 'NONE', 'WORKASPACE' ) );
#1164 = DIRECTION ( 'NONE',  ( 0.000000000000000000, 3.491481338843133355E-15, -1.000000000000000000 ) ) ;
#1165 = VECTOR ( 'NONE', #360, 1000.000000000000000 ) ;
#1166 = AXIS2_PLACEMENT_3D ( 'NONE', #799, #1207, #1028 ) ;
#1167 = CARTESIAN_POINT ( 'NONE',  ( 0.000000000000000000, 100.0000000000000000, 0.000000000000000000 ) ) ;
#1168 = ORIENTED_EDGE ( 'NONE', *, *, #1270, .F. ) ;
#1169 = SURFACE_STYLE_USAGE ( .BOTH. , #2543 ) ;
#1170 = EDGE_CURVE ( 'NONE', #1473, #1022, #376, .T. ) ;
#1171 = MECHANICAL_DESIGN_GEOMETRIC_PRESENTATION_REPRESENTATION (  '', ( #1554 ), #1008 ) ;
#1172 = STYLED_ITEM ( 'NONE', ( #325 ), #991 ) ;
#1173 =( NAMED_UNIT ( * ) PLANE_ANGLE_UNIT ( ) SI_UNIT ( $, .RADIAN. ) );
#1174 = STYLED_ITEM ( 'NONE', ( #2155 ), #1900 ) ;
#1175 = EDGE_LOOP ( 'NONE', ( #1146, #1492, #1846, #75 ) ) ;
#1176 = DIRECTION ( 'NONE',  ( -0.000000000000000000, 1.000000000000000000, -0.000000000000000000 ) ) ;
#1177 = CARTESIAN_POINT ( 'NONE',  ( -24.99999999999998579, 25.00000000000000000, -25.00000000000000000 ) ) ;
#1178 = EDGE_LOOP ( 'NONE', ( #1709, #167 ) ) ;
#1179 = DIRECTION ( 'NONE',  ( 0.000000000000000000, -1.000000000000000000, -2.775557561562898845E-15 ) ) ;
#1180 = SURFACE_SIDE_STYLE ('',( #1253 ) ) ;
#1181 = PRESENTATION_LAYER_ASSIGNMENT (  '', '', ( #1226 ) ) ;
#1182 = AXIS2_PLACEMENT_3D ( 'NONE', #2239, #2018, #2396 ) ;
#1183 = EDGE_CURVE ( 'NONE', #1369, #1215, #1010, .T. ) ;
#1184 = FACE_OUTER_BOUND ( 'NONE', #1324, .T. ) ;
#1185 = CYLINDRICAL_SURFACE ( 'NONE', #1588, 4.999999999999986677 ) ;
#1186 = ORIENTED_EDGE ( 'NONE', *, *, #1399, .T. ) ;
#1187 = DIRECTION ( 'NONE',  ( -0.000000000000000000, -0.000000000000000000, 1.000000000000000000 ) ) ;
#1188 = EDGE_CURVE ( 'NONE', #1649, #1882, #229, .T. ) ;
#1189 = ORIENTED_EDGE ( 'NONE', *, *, #62, .F. ) ;
#1190 = DIRECTION ( 'NONE',  ( 1.000000000000000000, 0.000000000000000000, 0.000000000000000000 ) ) ;
#1191 = CARTESIAN_POINT ( 'NONE',  ( -5.650684931506831710, -25.00000000000000355, 25.00000000000000000 ) ) ;
#1192 = DIRECTION ( 'NONE',  ( 0.000000000000000000, 0.000000000000000000, -1.000000000000000000 ) ) ;
#1193 =( NAMED_UNIT ( * ) PLANE_ANGLE_UNIT ( ) SI_UNIT ( $, .RADIAN. ) );
#1194 = DIRECTION ( 'NONE',  ( -0.000000000000000000, 1.000000000000000000, -0.000000000000000000 ) ) ;
#1195 = CARTESIAN_POINT ( 'NONE',  ( 25.00000000000001776, -25.00000000000000000, 25.00000000000000000 ) ) ;
#1196 = ORIENTED_EDGE ( 'NONE', *, *, #1827, .T. ) ;
#1197 = CARTESIAN_POINT ( 'NONE',  ( 25.00000000000001776, -25.00000000000000711, 3.294092465753422960 ) ) ;
#1198 = VERTEX_POINT ( 'NONE', #1458 ) ;
#1199 = FILL_AREA_STYLE_COLOUR ( '', #1813 ) ;
#1200 = EDGE_CURVE ( 'NONE', #1863, #1275, #2242, .T. ) ;
#1201 = FILL_AREA_STYLE_COLOUR ( '', #1080 ) ;
#1202 = CLOSED_SHELL ( 'NONE', ( #381, #1517 ) ) ;
#1203 = UNCERTAINTY_MEASURE_WITH_UNIT (LENGTH_MEASURE( 1.000000000000000082E-05 ), #264, 'distance_accuracy_value', 'NONE');
#1204 = SURFACE_STYLE_FILL_AREA ( #460 ) ;
#1205 =( NAMED_UNIT ( * ) SI_UNIT ( $, .STERADIAN. ) SOLID_ANGLE_UNIT ( ) );
#1206 = STYLED_ITEM ( 'NONE', ( #1691 ), #381 ) ;
#1207 = DIRECTION ( 'NONE',  ( 0.000000000000000000, 0.5006609030609128208, 0.8656434948327350609 ) ) ;
#1208 = AXIS2_PLACEMENT_3D ( 'NONE', #1690, #2519, #1867 ) ;
#1209 = VERTEX_POINT ( 'NONE', #662 ) ;
#1210 = VECTOR ( 'NONE', #1078, 1000.000000000000000 ) ;
#1211 =( NAMED_UNIT ( * ) PLANE_ANGLE_UNIT ( ) SI_UNIT ( $, .RADIAN. ) );
#1212 = PLANE ( 'NONE',  #1182 ) ;
#1213 =( GEOMETRIC_REPRESENTATION_CONTEXT ( 3 ) GLOBAL_UNCERTAINTY_ASSIGNED_CONTEXT ( ( #1887 ) ) GLOBAL_UNIT_ASSIGNED_CONTEXT ( ( #1985, #111, #279 ) ) REPRESENTATION_CONTEXT ( 'NONE', 'WORKASPACE' ) );
#1214 = SURFACE_STYLE_USAGE ( .BOTH. , #1632 ) ;
#1215 = VERTEX_POINT ( 'NONE', #435 ) ;
#1216 = CARTESIAN_POINT ( 'NONE',  ( 25.00000000000001776, -25.00000000000000000, 25.00000000000000000 ) ) ;
#1217 = STYLED_ITEM ( 'NONE', ( #294 ), #1589 ) ;
#1218 = CONICAL_SURFACE ( 'NONE', #1259, 12.50000000000000000, 0.4636476090008059825 ) ;
#1219 = VECTOR ( 'NONE', #2296, 1000.000000000000000 ) ;
#1220 = VECTOR ( 'NONE', #2387, 1000.000000000000000 ) ;
#1221 = ORIENTED_EDGE ( 'NONE', *, *, #1860, .F. ) ;
#1222 = SURFACE_STYLE_FILL_AREA ( #442 ) ;
#1223 = DIRECTION ( 'NONE',  ( 0.000000000000000000, -0.000000000000000000, -1.000000000000000000 ) ) ;
#1224 = EDGE_CURVE ( 'NONE', #1260, #842, #888, .T. ) ;
#1225 = SURFACE_SIDE_STYLE ('',( #1204 ) ) ;
#1226 = STYLED_ITEM ( 'NONE', ( #2313 ), #2094 ) ;
#1227 = PRODUCT_DEFINITION_CONTEXT ( 'detailed design', #331, 'design' ) ;
#1228 = DIRECTION ( 'NONE',  ( 1.000000000000000000, 0.000000000000000000, 0.000000000000000000 ) ) ;
#1229 = COLOUR_RGB ( '',0.3254901960784313819, 0.7843137254901960675, 0.01568627450980392135 ) ;
#1230 = ORIENTED_EDGE ( 'NONE', *, *, #314, .T. ) ;
#1231 = CARTESIAN_POINT ( 'NONE',  ( 3.534888698630158643, 20.00000000000000000, 10.00000000000000533 ) ) ;
#1232 = ORIENTED_EDGE ( 'NONE', *, *, #330, .F. ) ;
#1233 = DIRECTION ( 'NONE',  ( 0.000000000000000000, 0.000000000000000000, 1.000000000000000000 ) ) ;
#1234 = DIRECTION ( 'NONE',  ( -0.000000000000000000, 1.000000000000000000, -0.000000000000000000 ) ) ;
#1235 = DIRECTION ( 'NONE',  ( 0.000000000000000000, 0.000000000000000000, 1.000000000000000000 ) ) ;
#1236 = UNCERTAINTY_MEASURE_WITH_UNIT (LENGTH_MEASURE( 1.000000000000000082E-05 ), #2098, 'distance_accuracy_value', 'NONE');
#1237 = DIRECTION ( 'NONE',  ( -0.4803146228655843508, 0.000000000000000000, 0.8770962678415018532 ) ) ;
#1238 = DIRECTION ( 'NONE',  ( 1.000000000000000000, -3.491481338843133355E-15, 0.000000000000000000 ) ) ;
#1239 = SURFACE_STYLE_FILL_AREA ( #1630 ) ;
#1240 = EDGE_CURVE ( 'NONE', #757, #803, #1447, .T. ) ;
#1241 = SURFACE_STYLE_USAGE ( .BOTH. , #1429 ) ;
#1242 = ORIENTED_EDGE ( 'NONE', *, *, #1200, .F. ) ;
#1243 = DIRECTION ( 'NONE',  ( -0.000000000000000000, 1.000000000000000000, -0.000000000000000000 ) ) ;
#1244 = ORIENTED_EDGE ( 'NONE', *, *, #217, .T. ) ;
#1245 =( LENGTH_UNIT ( ) NAMED_UNIT ( * ) SI_UNIT ( .MILLI., .METRE. ) );
#1246 = DIRECTION ( 'NONE',  ( -0.000000000000000000, 1.000000000000000000, -0.000000000000000000 ) ) ;
#1247 = SURFACE_SIDE_STYLE ('',( #669 ) ) ;
#1248 = CARTESIAN_POINT ( 'NONE',  ( -1.438356164383539859, 25.00000000000000000, 25.00000000000000355 ) ) ;
#1249 = FACE_OUTER_BOUND ( 'NONE', #1784, .T. ) ;
#1250 = EDGE_CURVE ( 'NONE', #1022, #170, #1647, .T. ) ;
#1251 = ORIENTED_EDGE ( 'NONE', *, *, #289, .T. ) ;
#1252 = DIRECTION ( 'NONE',  ( 0.000000000000000000, 1.000000000000000000, 0.000000000000000000 ) ) ;
#1253 = SURFACE_STYLE_FILL_AREA ( #1613 ) ;
#1254 = PRESENTATION_LAYER_ASSIGNMENT (  '', '', ( #2369 ) ) ;
#1255 = VECTOR ( 'NONE', #1105, 1000.000000000000227 ) ;
#1256 = ORIENTED_EDGE ( 'NONE', *, *, #2561, .F. ) ;
#1257 = COLOUR_RGB ( '',0.3254901960784313819, 0.7843137254901960675, 0.01568627450980392135 ) ;
#1258 = CARTESIAN_POINT ( 'NONE',  ( -1.836472602739708471, -22.32876712328767965, 20.00000000000000000 ) ) ;
#1259 = AXIS2_PLACEMENT_3D ( 'NONE', #293, #412, #2141 ) ;
#1260 = VERTEX_POINT ( 'NONE', #1415 ) ;
#1261 =( NAMED_UNIT ( * ) SI_UNIT ( $, .STERADIAN. ) SOLID_ANGLE_UNIT ( ) );
#1262 = CARTESIAN_POINT ( 'NONE',  ( 0.000000000000000000, 20.00000000000000000, 0.000000000000000000 ) ) ;
#1263 = EDGE_CURVE ( 'NONE', #686, #411, #1807, .T. ) ;
#1264 = ORIENTED_EDGE ( 'NONE', *, *, #1240, .T. ) ;
#1265 = DIRECTION ( 'NONE',  ( 0.000000000000000000, 0.000000000000000000, -1.000000000000000000 ) ) ;
#1266 = STYLED_ITEM ( 'NONE', ( #2258 ), #2075 ) ;
#1267 = LINE ( 'NONE', #2067, #2135 ) ;
#1268 = EDGE_LOOP ( 'NONE', ( #321, #2176, #2097, #621 ) ) ;
#1269 =( LENGTH_UNIT ( ) NAMED_UNIT ( * ) SI_UNIT ( .MILLI., .METRE. ) );
#1270 = EDGE_CURVE ( 'NONE', #2509, #2339, #1085, .T. ) ;
#1271 = FACE_OUTER_BOUND ( 'NONE', #875, .T. ) ;
#1272 = SURFACE_SIDE_STYLE ('',( #2446 ) ) ;
#1273 = CARTESIAN_POINT ( 'NONE',  ( 3.534888698630158643, 20.00000000000000000, 10.00000000000000533 ) ) ;
#1274 = CARTESIAN_POINT ( 'NONE',  ( 5.438784246575359305, -10.00000000000000533, 20.00000000000000000 ) ) ;
#1275 = VERTEX_POINT ( 'NONE', #478 ) ;
#1276 = FILL_AREA_STYLE ('',( #84 ) ) ;
#1277 = ORIENTED_EDGE ( 'NONE', *, *, #1188, .F. ) ;
#1278 = LINE ( 'NONE', #2292, #1883 ) ;
#1279 = CARTESIAN_POINT ( 'NONE',  ( 20.00000000000001776, -25.00000000000000711, 3.294092465753422960 ) ) ;
#1280 = UNCERTAINTY_MEASURE_WITH_UNIT (LENGTH_MEASURE( 1.000000000000000082E-05 ), #1500, 'distance_accuracy_value', 'NONE');
#1281 = EDGE_CURVE ( 'NONE', #983, #2079, #59, .T. ) ;
#1282 = PLANE ( 'NONE',  #1518 ) ;
#1283 = PRODUCT_CONTEXT ( 'NONE', #2359, 'mechanical' ) ;
#1284 = CARTESIAN_POINT ( 'NONE',  ( -1.836472602739714466, -22.32876712328767965, 25.00000000000000000 ) ) ;
#1285 = SURFACE_SIDE_STYLE ('',( #1076 ) ) ;
#1286 =( NAMED_UNIT ( * ) SI_UNIT ( $, .STERADIAN. ) SOLID_ANGLE_UNIT ( ) );
#1287 = LINE ( 'NONE', #916, #313 ) ;
#1288 = ORIENTED_EDGE ( 'NONE', *, *, #407, .T. ) ;
#1289 = SURFACE_STYLE_USAGE ( .BOTH. , #705 ) ;
#1290 = CARTESIAN_POINT ( 'NONE',  ( 20.00000000000001776, -14.81271404109589795, -0.4944349315068510275 ) ) ;
#1291 = AXIS2_PLACEMENT_3D ( 'NONE', #734, #1100, #334 ) ;
#1292 = ORIENTED_EDGE ( 'NONE', *, *, #1811, .F. ) ;
#1293 = SURFACE_STYLE_USAGE ( .BOTH. , #1098 ) ;
#1294 =( GEOMETRIC_REPRESENTATION_CONTEXT ( 3 ) GLOBAL_UNCERTAINTY_ASSIGNED_CONTEXT ( ( #2015 ) ) GLOBAL_UNIT_ASSIGNED_CONTEXT ( ( #1786, #2347, #2529 ) ) REPRESENTATION_CONTEXT ( 'NONE', 'WORKASPACE' ) );
#1295 =( LENGTH_UNIT ( ) NAMED_UNIT ( * ) SI_UNIT ( .MILLI., .METRE. ) );
#1296 = AXIS2_PLACEMENT_3D ( 'NONE', #303, #2263, #1535 ) ;
#1297 = FILL_AREA_STYLE ('',( #2283 ) ) ;
#1298 =( GEOMETRIC_REPRESENTATION_CONTEXT ( 3 ) GLOBAL_UNCERTAINTY_ASSIGNED_CONTEXT ( ( #1145 ) ) GLOBAL_UNIT_ASSIGNED_CONTEXT ( ( #896, #682, #1261 ) ) REPRESENTATION_CONTEXT ( 'NONE', 'WORKASPACE' ) );
#1299 = VECTOR ( 'NONE', #926, 1000.000000000000000 ) ;
#1300 = CARTESIAN_POINT ( 'NONE',  ( -2.712970890410937308, 20.00000000000000000, 10.00000000000000533 ) ) ;
#1301 =( LENGTH_UNIT ( ) NAMED_UNIT ( * ) SI_UNIT ( .MILLI., .METRE. ) );
#1302 = ORIENTED_EDGE ( 'NONE', *, *, #1745, .T. ) ;
#1303 = CARTESIAN_POINT ( 'NONE',  ( -24.99999999999998579, 25.00000000000000000, 25.00000000000000000 ) ) ;
#1304 = DIRECTION ( 'NONE',  ( -0.8770962678415018532, 0.000000000000000000, -0.4803146228655843508 ) ) ;
#1305 = ORIENTED_EDGE ( 'NONE', *, *, #1648, .F. ) ;
#1306 = CARTESIAN_POINT ( 'NONE',  ( 75.00000000000001421, -2.618611004132350648E-13, 0.000000000000000000 ) ) ;
#1307 = STYLED_ITEM ( 'NONE', ( #726 ), #2361 ) ;
#1308 =( NAMED_UNIT ( * ) SI_UNIT ( $, .STERADIAN. ) SOLID_ANGLE_UNIT ( ) );
#1309 = LINE ( 'NONE', #2143, #894 ) ;
#1310 = DIRECTION ( 'NONE',  ( 5.476786982642024395E-17, -0.4472135954999546525, -0.8944271909999175207 ) ) ;
#1311 = DIRECTION ( 'NONE',  ( -0.000000000000000000, 0.000000000000000000, 1.000000000000000000 ) ) ;
#1312 = DIRECTION ( 'NONE',  ( 1.000000000000000000, 0.000000000000000000, 0.000000000000000000 ) ) ;
#1313 = ORIENTED_EDGE ( 'NONE', *, *, #1188, .T. ) ;
#1314 = FILL_AREA_STYLE ('',( #514 ) ) ;
#1315 = EDGE_CURVE ( 'NONE', #2079, #686, #257, .T. ) ;
#1316 =( NAMED_UNIT ( * ) SI_UNIT ( $, .STERADIAN. ) SOLID_ANGLE_UNIT ( ) );
#1317 = ORIENTED_EDGE ( 'NONE', *, *, #1811, .T. ) ;
#1318 = FACE_OUTER_BOUND ( 'NONE', #156, .T. ) ;
#1319 = FILL_AREA_STYLE ('',( #162 ) ) ;
#1320 = DIRECTION ( 'NONE',  ( 0.000000000000000000, -3.491481338843133355E-15, 1.000000000000000000 ) ) ;
#1321 = FILL_AREA_STYLE ('',( #1760 ) ) ;
#1322 =( NAMED_UNIT ( * ) PLANE_ANGLE_UNIT ( ) SI_UNIT ( $, .RADIAN. ) );
#1323 = CARTESIAN_POINT ( 'NONE',  ( 20.00000000000001776, -19.34610445205480289, 0.1830051369862998878 ) ) ;
#1324 = EDGE_LOOP ( 'NONE', ( #1356, #1430, #434, #531 ) ) ;
#1325 = DIRECTION ( 'NONE',  ( 1.000000000000000000, -3.491481338843133355E-15, 0.000000000000000000 ) ) ;
#1326 = EDGE_CURVE ( 'NONE', #768, #2528, #2233, .T. ) ;
#1327 = VECTOR ( 'NONE', #1600, 1000.000000000000000 ) ;
#1328 = UNCERTAINTY_MEASURE_WITH_UNIT (LENGTH_MEASURE( 1.000000000000000082E-05 ), #150, 'distance_accuracy_value', 'NONE');
#1329 = SURFACE_STYLE_FILL_AREA ( #184 ) ;
#1330 = ORIENTED_EDGE ( 'NONE', *, *, #255, .T. ) ;
#1331 = CARTESIAN_POINT ( 'NONE',  ( -2.712970890410937308, 25.00000000000000000, 10.00000000000000533 ) ) ;
#1332 = AXIS2_PLACEMENT_3D ( 'NONE', #1737, #583, #795 ) ;
#1333 = PRESENTATION_STYLE_ASSIGNMENT (( #147 ) ) ;
#1334 = MECHANICAL_DESIGN_GEOMETRIC_PRESENTATION_REPRESENTATION (  '', ( #2119 ), #234 ) ;
#1335 = FILL_AREA_STYLE_COLOUR ( '', #816 ) ;
#1336 = LINE ( 'NONE', #366, #2293 ) ;
#1337 = PRESENTATION_LAYER_ASSIGNMENT (  '', '', ( #1554 ) ) ;
#1338 = VECTOR ( 'NONE', #482, 1000.000000000000000 ) ;
#1339 = CARTESIAN_POINT ( 'NONE',  ( -24.99999999999998579, -25.00000000000000000, -25.00000000000000000 ) ) ;
#1340 = SURFACE_STYLE_USAGE ( .BOTH. , #165 ) ;
#1341 = PRESENTATION_LAYER_ASSIGNMENT (  '', '', ( #860 ) ) ;
#1342 = VECTOR ( 'NONE', #843, 1000.000000000000000 ) ;
#1343 = VERTEX_POINT ( 'NONE', #30 ) ;
#1344 = DIRECTION ( 'NONE',  ( 0.000000000000000000, 0.000000000000000000, -1.000000000000000000 ) ) ;
#1345 = FILL_AREA_STYLE_COLOUR ( '', #1348 ) ;
#1346 = VERTEX_POINT ( 'NONE', #1197 ) ;
#1347 = CARTESIAN_POINT ( 'NONE',  ( 100.0000000000000000, -3.491481338843133355E-13, 0.000000000000000000 ) ) ;
#1348 = COLOUR_RGB ( '',1.000000000000000000, 0.1490196078431372528, 0.1490196078431372528 ) ;
#1349 = MECHANICAL_DESIGN_GEOMETRIC_PRESENTATION_REPRESENTATION (  '', ( #1307 ), #1444 ) ;
#1350 = EDGE_CURVE ( 'NONE', #2443, #1649, #645, .T. ) ;
#1351 = LINE ( 'NONE', #380, #2205 ) ;
#1352 =( NAMED_UNIT ( * ) PLANE_ANGLE_UNIT ( ) SI_UNIT ( $, .RADIAN. ) );
#1353 = MANIFOLD_SOLID_BREP ( 'Body-Move/Copy2', #2319 ) ;
#1354 =( NAMED_UNIT ( * ) SI_UNIT ( $, .STERADIAN. ) SOLID_ANGLE_UNIT ( ) );
#1355 = DIRECTION ( 'NONE',  ( -0.000000000000000000, 1.000000000000000000, -0.000000000000000000 ) ) ;
#1356 = ORIENTED_EDGE ( 'NONE', *, *, #736, .F. ) ;
#1357 = FILL_AREA_STYLE ('',( #1744 ) ) ;
#1358 =( LENGTH_UNIT ( ) NAMED_UNIT ( * ) SI_UNIT ( .MILLI., .METRE. ) );
#1359 = ORIENTED_EDGE ( 'NONE', *, *, #1281, .T. ) ;
#1360 = CARTESIAN_POINT ( 'NONE',  ( 20.00000000000001776, -10.00000000000000888, 2.064426369863011868 ) ) ;
#1361 = DIRECTION ( 'NONE',  ( 0.000000000000000000, 0.000000000000000000, 1.000000000000000000 ) ) ;
#1362 = CYLINDRICAL_SURFACE ( 'NONE', #1594, 4.999999999999986677 ) ;
#1363 = CARTESIAN_POINT ( 'NONE',  ( -24.99999999999998579, -25.00000000000000000, -25.00000000000000000 ) ) ;
#1364 = EDGE_CURVE ( 'NONE', #729, #1275, #19, .T. ) ;
#1365 = CARTESIAN_POINT ( 'NONE',  ( 3.534888698630158643, 25.00000000000000000, 10.00000000000000533 ) ) ;
#1366 = CARTESIAN_POINT ( 'NONE',  ( 1.530808498934191521E-15, 75.00000000000001421, 12.50000000000000000 ) ) ;
#1367 = FACE_OUTER_BOUND ( 'NONE', #1268, .T. ) ;
#1368 = SURFACE_STYLE_FILL_AREA ( #1357 ) ;
#1369 = VERTEX_POINT ( 'NONE', #829 ) ;
#1370 = CARTESIAN_POINT ( 'NONE',  ( 1.849315068493171843, 25.00000000000000000, 18.63013698630138038 ) ) ;
#1371 = CARTESIAN_POINT ( 'NONE',  ( -5.650684931506831710, -25.00000000000000355, 25.00000000000000000 ) ) ;
#1372 = ADVANCED_FACE ( 'NONE', ( #2399 ), #2460, .T. ) ;
#1373 = SURFACE_STYLE_FILL_AREA ( #1758 ) ;
#1374 = COLOUR_RGB ( '',1.000000000000000000, 1.000000000000000000, 1.000000000000000000 ) ;
#1375 =( NAMED_UNIT ( * ) SI_UNIT ( $, .STERADIAN. ) SOLID_ANGLE_UNIT ( ) );
#1376 = AXIS2_PLACEMENT_3D ( 'NONE', #563, #578, #1344 ) ;
#1377 = CARTESIAN_POINT ( 'NONE',  ( 5.650684931506866349, -25.00000000000000355, 20.00000000000000000 ) ) ;
#1378 = AXIS2_PLACEMENT_3D ( 'NONE', #979, #591, #2314 ) ;
#1379 = EDGE_CURVE ( 'NONE', #946, #2443, #2490, .T. ) ;
#1380 = PRESENTATION_LAYER_ASSIGNMENT (  '', '', ( #2505 ) ) ;
#1381 = DIRECTION ( 'NONE',  ( 1.000000000000000000, -0.000000000000000000, 0.000000000000000000 ) ) ;
#1382 = SURFACE_STYLE_USAGE ( .BOTH. , #1153 ) ;
#1383 = ADVANCED_FACE ( 'NONE', ( #1067 ), #1503, .T. ) ;
#1384 =( GEOMETRIC_REPRESENTATION_CONTEXT ( 3 ) GLOBAL_UNCERTAINTY_ASSIGNED_CONTEXT ( ( #117 ) ) GLOBAL_UNIT_ASSIGNED_CONTEXT ( ( #2000, #637, #2378 ) ) REPRESENTATION_CONTEXT ( 'NONE', 'WORKASPACE' ) );
#1385 = PRESENTATION_LAYER_ASSIGNMENT (  '', '', ( #2127 ) ) ;
#1386 = DIRECTION ( 'NONE',  ( 1.000000000000000000, 0.000000000000000000, 0.000000000000000000 ) ) ;
#1387 = ORIENTED_EDGE ( 'NONE', *, *, #1917, .T. ) ;
#1388 =( NAMED_UNIT ( * ) SI_UNIT ( $, .STERADIAN. ) SOLID_ANGLE_UNIT ( ) );
#1389 = VERTEX_POINT ( 'NONE', #2302 ) ;
#1390 = FACE_OUTER_BOUND ( 'NONE', #2468, .T. ) ;
#1391 = CARTESIAN_POINT ( 'NONE',  ( 25.00000000000001776, -25.00000000000000000, -25.00000000000000000 ) ) ;
#1392 = CARTESIAN_POINT ( 'NONE',  ( 5.438784246575359305, -10.00000000000000533, 20.00000000000000000 ) ) ;
#1393 = AXIS2_PLACEMENT_3D ( 'NONE', #307, #85, #1082 ) ;
#1394 = LINE ( 'NONE', #415, #1637 ) ;
#1395 = DIRECTION ( 'NONE',  ( 1.000000000000000000, 0.000000000000000000, -0.000000000000000000 ) ) ;
#1396 = VECTOR ( 'NONE', #1030, 1000.000000000000000 ) ;
#1397 = ORIENTED_EDGE ( 'NONE', *, *, #1263, .T. ) ;
#1398 = SURFACE_STYLE_FILL_AREA ( #1826 ) ;
#1399 = EDGE_CURVE ( 'NONE', #2031, #1542, #1878, .T. ) ;
#1400 = ORIENTED_EDGE ( 'NONE', *, *, #1621, .T. ) ;
#1401 =( LENGTH_UNIT ( ) NAMED_UNIT ( * ) SI_UNIT ( .MILLI., .METRE. ) );
#1402 =( NAMED_UNIT ( * ) PLANE_ANGLE_UNIT ( ) SI_UNIT ( $, .RADIAN. ) );
#1403 = ORIENTED_EDGE ( 'NONE', *, *, #301, .T. ) ;
#1404 = PLANE ( 'NONE',  #99 ) ;
#1405 = CARTESIAN_POINT ( 'NONE',  ( 25.00000000000001776, -17.00556506849315852, -1.958476027397261232 ) ) ;
#1406 = SURFACE_SIDE_STYLE ('',( #31 ) ) ;
#1407 = LINE ( 'NONE', #2403, #599 ) ;
#1408 = CARTESIAN_POINT ( 'NONE',  ( -1.438356164383539859, 20.00000000000000000, 18.69113869863014443 ) ) ;
#1409 = CARTESIAN_POINT ( 'NONE',  ( -24.99999999999998579, -25.00000000000000000, 25.00000000000000000 ) ) ;
#1410 = ORIENTED_EDGE ( 'NONE', *, *, #1999, .F. ) ;
#1411 = LINE ( 'NONE', #740, #1892 ) ;
#1412 = EDGE_LOOP ( 'NONE', ( #1256, #29, #126, #1302 ) ) ;
#1413 = SURFACE_STYLE_FILL_AREA ( #1608 ) ;
#1414 = ORIENTED_EDGE ( 'NONE', *, *, #1462, .T. ) ;
#1415 = CARTESIAN_POINT ( 'NONE',  ( 0.000000000000000000, 12.49999999999973710, 75.00000000000005684 ) ) ;
#1416 = EDGE_CURVE ( 'NONE', #1494, #1633, #2277, .T. ) ;
#1417 = UNCERTAINTY_MEASURE_WITH_UNIT (LENGTH_MEASURE( 1.000000000000000082E-05 ), #2517, 'distance_accuracy_value', 'NONE');
#1418 = CARTESIAN_POINT ( 'NONE',  ( 0.000000000000000000, 75.00000000000001421, 0.000000000000000000 ) ) ;
#1419 = PRESENTATION_STYLE_ASSIGNMENT (( #1983 ) ) ;
#1420 = UNCERTAINTY_MEASURE_WITH_UNIT (LENGTH_MEASURE( 1.000000000000000082E-05 ), #2360, 'distance_accuracy_value', 'NONE');
#1421 = CARTESIAN_POINT ( 'NONE',  ( 0.000000000000000000, 0.000000000000000000, 0.000000000000000000 ) ) ;
#1422 =( LENGTH_UNIT ( ) NAMED_UNIT ( * ) SI_UNIT ( .MILLI., .METRE. ) );
#1423 = COLOUR_RGB ( '',0.1176470588235294101, 0.4039215686274509887, 0.8823529411764705621 ) ;
#1424 = MECHANICAL_DESIGN_GEOMETRIC_PRESENTATION_REPRESENTATION (  '', ( #2006 ), #2335 ) ;
#1425 = EDGE_LOOP ( 'NONE', ( #202, #2547, #1533, #2430 ) ) ;
#1426 = STYLED_ITEM ( 'NONE', ( #660 ), #550 ) ;
#1427 = FILL_AREA_STYLE ('',( #2582 ) ) ;
#1428 = COLOUR_RGB ( '',0.3254901960784313819, 0.7843137254901960675, 0.01568627450980392135 ) ;
#1429 = SURFACE_SIDE_STYLE ('',( #1021 ) ) ;
#1430 = ORIENTED_EDGE ( 'NONE', *, *, #2384, .F. ) ;
#1431 = CARTESIAN_POINT ( 'NONE',  ( -1.438356164383539859, 20.00000000000000000, 25.00000000000000355 ) ) ;
#1432 = EDGE_CURVE ( 'NONE', #1633, #1978, #876, .T. ) ;
#1433 = PRESENTATION_LAYER_ASSIGNMENT (  '', '', ( #2167 ) ) ;
#1434 = COLOUR_RGB ( '',1.000000000000000000, 0.1490196078431372528, 0.1490196078431372528 ) ;
#1435 = AXIS2_PLACEMENT_3D ( 'NONE', #2036, #276, #302 ) ;
#1436 = ORIENTED_EDGE ( 'NONE', *, *, #992, .T. ) ;
#1437 = EDGE_LOOP ( 'NONE', ( #988, #361, #2514, #580, #1097, #2367, #2179, #921, #1292, #218 ) ) ;
#1438 = EDGE_CURVE ( 'NONE', #1060, #2202, #2257, .T. ) ;
#1439 = CARTESIAN_POINT ( 'NONE',  ( -5.130565068493131875, -10.00000000000000533, 25.00000000000000000 ) ) ;
#1440 = PRESENTATION_STYLE_ASSIGNMENT (( #861 ) ) ;
#1441 = FILL_AREA_STYLE_COLOUR ( '', #1798 ) ;
#1442 =( LENGTH_UNIT ( ) NAMED_UNIT ( * ) SI_UNIT ( .MILLI., .METRE. ) );
#1443 = FILL_AREA_STYLE_COLOUR ( '', #1483 ) ;
#1444 =( GEOMETRIC_REPRESENTATION_CONTEXT ( 3 ) GLOBAL_UNCERTAINTY_ASSIGNED_CONTEXT ( ( #1564 ) ) GLOBAL_UNIT_ASSIGNED_CONTEXT ( ( #1873, #915, #1286 ) ) REPRESENTATION_CONTEXT ( 'NONE', 'WORKASPACE' ) );
#1445 =( NAMED_UNIT ( * ) PLANE_ANGLE_UNIT ( ) SI_UNIT ( $, .RADIAN. ) );
#1446 = EDGE_LOOP ( 'NONE', ( #1305, #2524, #1113, #2441 ) ) ;
#1447 = LINE ( 'NONE', #1431, #483 ) ;
#1448 = VERTEX_POINT ( 'NONE', #504 ) ;
#1449 = DIRECTION ( 'NONE',  ( -0.000000000000000000, 0.000000000000000000, 1.000000000000000000 ) ) ;
#1450 = CARTESIAN_POINT ( 'NONE',  ( 20.00000000000001776, -10.00000000000000888, -3.152825342465754410 ) ) ;
#1451 = CARTESIAN_POINT ( 'NONE',  ( 0.000000000000000000, 0.000000000000000000, 20.00000000000000000 ) ) ;
#1452 = MANIFOLD_SOLID_BREP ( 'Revolve1', #1502 ) ;
#1453 = PLANE ( 'NONE',  #586 ) ;
#1454 = ADVANCED_FACE ( 'NONE', ( #791 ), #2355, .T. ) ;
#1455 = SURFACE_STYLE_USAGE ( .BOTH. , #640 ) ;
#1456 = DIRECTION ( 'NONE',  ( 0.000000000000000000, 0.8809365020626060971, 0.4732344866276124162 ) ) ;
#1457 = ORIENTED_EDGE ( 'NONE', *, *, #149, .T. ) ;
#1458 = CARTESIAN_POINT ( 'NONE',  ( 0.000000000000000000, -5.000000000000237144, 75.00000000000000000 ) ) ;
#1459 = ORIENTED_EDGE ( 'NONE', *, *, #2492, .T. ) ;
#1460 = DIRECTION ( 'NONE',  ( 1.000000000000000000, 0.000000000000000000, 0.000000000000000000 ) ) ;
#1461 = PRESENTATION_STYLE_ASSIGNMENT (( #680 ) ) ;
#1462 = EDGE_CURVE ( 'NONE', #1697, #1609, #1763, .T. ) ;
#1463 = COLOUR_RGB ( '',0.1176470588235294101, 0.4039215686274509887, 0.8823529411764705621 ) ;
#1464 = SURFACE_STYLE_USAGE ( .BOTH. , #2448 ) ;
#1465 = ADVANCED_FACE ( 'NONE', ( #1561 ), #1838, .T. ) ;
#1466 = LINE ( 'NONE', #1898, #1769 ) ;
#1467 =( GEOMETRIC_REPRESENTATION_CONTEXT ( 3 ) GLOBAL_UNCERTAINTY_ASSIGNED_CONTEXT ( ( #2295 ) ) GLOBAL_UNIT_ASSIGNED_CONTEXT ( ( #1295, #912, #1308 ) ) REPRESENTATION_CONTEXT ( 'NONE', 'WORKASPACE' ) );
#1468 = PRESENTATION_LAYER_ASSIGNMENT (  '', '', ( #484 ) ) ;
#1469 =( LENGTH_UNIT ( ) NAMED_UNIT ( * ) SI_UNIT ( .MILLI., .METRE. ) );
#1470 = ORIENTED_EDGE ( 'NONE', *, *, #1016, .F. ) ;
#1471 = EDGE_CURVE ( 'NONE', #1011, #947, #2288, .T. ) ;
#1472 = AXIS2_PLACEMENT_3D ( 'NONE', #1721, #1949, #589 ) ;
#1473 = VERTEX_POINT ( 'NONE', #616 ) ;
#1474 = PRESENTATION_LAYER_ASSIGNMENT (  '', '', ( #2377 ) ) ;
#1475 = VECTOR ( 'NONE', #656, 1000.000000000000227 ) ;
#1476 = VECTOR ( 'NONE', #1176, 1000.000000000000000 ) ;
#1477 = PRESENTATION_STYLE_ASSIGNMENT (( #290 ) ) ;
#1478 = FILL_AREA_STYLE ('',( #701 ) ) ;
#1479 = SURFACE_STYLE_FILL_AREA ( #1703 ) ;
#1480 = DIRECTION ( 'NONE',  ( 0.000000000000000000, -0.8731629945273264859, -0.4874283383104352496 ) ) ;
#1481 = EDGE_LOOP ( 'NONE', ( #1689, #2346, #2370, #2354, #562, #204, #2400, #228, #1598, #244, #805, #1018 ) ) ;
#1482 = DIRECTION ( 'NONE',  ( 1.000000000000000000, 0.000000000000000000, 0.000000000000000000 ) ) ;
#1483 = COLOUR_RGB ( '',0.3254901960784313819, 0.7843137254901960675, 0.01568627450980392135 ) ;
#1484 = ADVANCED_FACE ( 'NONE', ( #429 ), #1629, .F. ) ;
#1485 = ORIENTED_EDGE ( 'NONE', *, *, #203, .T. ) ;
#1486 = CARTESIAN_POINT ( 'NONE',  ( 20.00000000000001776, 0.000000000000000000, 0.000000000000000000 ) ) ;
#1487 =( NAMED_UNIT ( * ) SI_UNIT ( $, .STERADIAN. ) SOLID_ANGLE_UNIT ( ) );
#1488 =( NAMED_UNIT ( * ) PLANE_ANGLE_UNIT ( ) SI_UNIT ( $, .RADIAN. ) );
#1489 = DIRECTION ( 'NONE',  ( 0.000000000000000000, -0.000000000000000000, -1.000000000000000000 ) ) ;
#1490 = SURFACE_STYLE_FILL_AREA ( #2264 ) ;
#1491 = CARTESIAN_POINT ( 'NONE',  ( 20.00000000000001776, -14.81271404109589795, -0.4944349315068510275 ) ) ;
#1492 = ORIENTED_EDGE ( 'NONE', *, *, #1150, .F. ) ;
#1493 = CARTESIAN_POINT ( 'NONE',  ( 25.00000000000001776, -10.00000000000000888, 2.064426369863011868 ) ) ;
#1494 = VERTEX_POINT ( 'NONE', #2407 ) ;
#1495 = CARTESIAN_POINT ( 'NONE',  ( -1.438356164383539859, 20.00000000000000000, 25.00000000000000355 ) ) ;
#1496 = CARTESIAN_POINT ( 'NONE',  ( -5.650684931506831710, -25.00000000000000355, 20.00000000000000000 ) ) ;
#1497 =( LENGTH_UNIT ( ) NAMED_UNIT ( * ) SI_UNIT ( .MILLI., .METRE. ) );
#1498 = SURFACE_STYLE_FILL_AREA ( #1104 ) ;
#1499 = AXIS2_PLACEMENT_3D ( 'NONE', #1770, #1164, #2156 ) ;
#1500 =( LENGTH_UNIT ( ) NAMED_UNIT ( * ) SI_UNIT ( .MILLI., .METRE. ) );
#1501 = ORIENTED_EDGE ( 'NONE', *, *, #1350, .F. ) ;
#1502 = CLOSED_SHELL ( 'NONE', ( #2266, #841, #1372, #1484, #684, #2075 ) ) ;
#1503 = PLANE ( 'NONE',  #398 ) ;
#1504 = FILL_AREA_STYLE_COLOUR ( '', #2095 ) ;
#1505 = VECTOR ( 'NONE', #604, 1000.000000000000000 ) ;
#1506 = PRODUCT ( 'Gizmo_Box', 'Gizmo_Box', '', ( #1283 ) ) ;
#1507 = ORIENTED_EDGE ( 'NONE', *, *, #1654, .F. ) ;
#1508 = ORIENTED_EDGE ( 'NONE', *, *, #446, .F. ) ;
#1509 = SURFACE_STYLE_FILL_AREA ( #2305 ) ;
#1510 = PRESENTATION_LAYER_ASSIGNMENT (  '', '', ( #2286 ) ) ;
#1511 = PRESENTATION_LAYER_ASSIGNMENT (  '', '', ( #1839 ) ) ;
#1512 = SURFACE_SIDE_STYLE ('',( #2485 ) ) ;
#1513 = STYLED_ITEM ( 'NONE', ( #989 ), #1484 ) ;
#1514 = VECTOR ( 'NONE', #1823, 1000.000000000000000 ) ;
#1515 = LINE ( 'NONE', #1906, #1299 ) ;
#1516 =( GEOMETRIC_REPRESENTATION_CONTEXT ( 3 ) GLOBAL_UNCERTAINTY_ASSIGNED_CONTEXT ( ( #2486 ) ) GLOBAL_UNIT_ASSIGNED_CONTEXT ( ( #205, #1777, #2165 ) ) REPRESENTATION_CONTEXT ( 'NONE', 'WORKASPACE' ) );
#1517 = ADVANCED_FACE ( 'NONE', ( #2238 ), #1642, .T. ) ;
#1518 = AXIS2_PLACEMENT_3D ( 'NONE', #1451, #725, #521 ) ;
#1519 = DIRECTION ( 'NONE',  ( 0.000000000000000000, 1.000000000000000000, 3.330669073875469621E-15 ) ) ;
#1520 = VERTEX_POINT ( 'NONE', #672 ) ;
#1521 = DIRECTION ( 'NONE',  ( 0.000000000000000000, -1.000000000000000000, -3.491481338843133355E-15 ) ) ;
#1522 = UNCERTAINTY_MEASURE_WITH_UNIT (LENGTH_MEASURE( 1.000000000000000082E-05 ), #1497, 'distance_accuracy_value', 'NONE');
#1523 = ORIENTED_EDGE ( 'NONE', *, *, #471, .T. ) ;
#1524 = FACE_OUTER_BOUND ( 'NONE', #2110, .T. ) ;
#1525 = UNCERTAINTY_MEASURE_WITH_UNIT (LENGTH_MEASURE( 1.000000000000000082E-05 ), #235, 'distance_accuracy_value', 'NONE');
#1526 = LINE ( 'NONE', #2497, #1219 ) ;
#1527 =( NAMED_UNIT ( * ) SI_UNIT ( $, .STERADIAN. ) SOLID_ANGLE_UNIT ( ) );
#1528 = EDGE_CURVE ( 'NONE', #2315, #800, #2017, .T. ) ;
#1529 = ORIENTED_EDGE ( 'NONE', *, *, #163, .F. ) ;
#1530 = SURFACE_STYLE_USAGE ( .BOTH. , #168 ) ;
#1531 = CARTESIAN_POINT ( 'NONE',  ( 5.438784246575359305, -10.00000000000000533, 20.00000000000000000 ) ) ;
#1532 = SURFACE_SIDE_STYLE ('',( #802 ) ) ;
#1533 = ORIENTED_EDGE ( 'NONE', *, *, #114, .T. ) ;
#1534 = DIRECTION ( 'NONE',  ( 0.5953693687775541976, 0.8034521234780679366, 0.000000000000000000 ) ) ;
#1535 = DIRECTION ( 'NONE',  ( 0.000000000000000000, -0.000000000000000000, -1.000000000000000000 ) ) ;
#1536 = FACE_OUTER_BOUND ( 'NONE', #2019, .T. ) ;
#1537 = EDGE_CURVE ( 'NONE', #160, #541, #418, .T. ) ;
#1538 = CARTESIAN_POINT ( 'NONE',  ( -5.650684931506831710, -22.67551369863014088, 25.00000000000000000 ) ) ;
#1539 = LINE ( 'NONE', #350, #86 ) ;
#1540 = UNCERTAINTY_MEASURE_WITH_UNIT (LENGTH_MEASURE( 1.000000000000000082E-05 ), #140, 'distance_accuracy_value', 'NONE');
#1541 = DIRECTION ( 'NONE',  ( 1.000000000000000000, 0.000000000000000000, 0.000000000000000000 ) ) ;
#1542 = VERTEX_POINT ( 'NONE', #814 ) ;
#1543 =( LENGTH_UNIT ( ) NAMED_UNIT ( * ) SI_UNIT ( .MILLI., .METRE. ) );
#1544 = DIRECTION ( 'NONE',  ( 0.5953693687775543086, 0.8034521234780679366, 0.000000000000000000 ) ) ;
#1545 = EDGE_CURVE ( 'NONE', #2021, #1198, #1029, .T. ) ;
#1546 = EDGE_LOOP ( 'NONE', ( #270, #258, #2287 ) ) ;
#1547 = FILL_AREA_STYLE_COLOUR ( '', #2118 ) ;
#1548 = MECHANICAL_DESIGN_GEOMETRIC_PRESENTATION_REPRESENTATION (  '', ( #2322 ), #2164 ) ;
#1549 = AXIS2_PLACEMENT_3D ( 'NONE', #785, #1565, #2412 ) ;
#1550 = VECTOR ( 'NONE', #2054, 1000.000000000000000 ) ;
#1551 = COLOUR_RGB ( '',0.3254901960784313819, 0.7843137254901960675, 0.01568627450980392135 ) ;
#1552 =( GEOMETRIC_REPRESENTATION_CONTEXT ( 3 ) GLOBAL_UNCERTAINTY_ASSIGNED_CONTEXT ( ( #2226 ) ) GLOBAL_UNIT_ASSIGNED_CONTEXT ( ( #2229, #2364, #998 ) ) REPRESENTATION_CONTEXT ( 'NONE', 'WORKASPACE' ) );
#1553 = DIRECTION ( 'NONE',  ( 0.000000000000000000, 0.4865201507172434714, -0.8736693556180569198 ) ) ;
#1554 = STYLED_ITEM ( 'NONE', ( #945 ), #1667 ) ;
#1555 =( GEOMETRIC_REPRESENTATION_CONTEXT ( 3 ) GLOBAL_UNCERTAINTY_ASSIGNED_CONTEXT ( ( #2404 ) ) GLOBAL_UNIT_ASSIGNED_CONTEXT ( ( #1677, #1884, #2484 ) ) REPRESENTATION_CONTEXT ( 'NONE', 'WORKASPACE' ) );
#1556 = LINE ( 'NONE', #2131, #2253 ) ;
#1557 = FILL_AREA_STYLE ('',( #1761 ) ) ;
#1558 = MECHANICAL_DESIGN_GEOMETRIC_PRESENTATION_REPRESENTATION (  '', ( #2418 ), #1163 ) ;
#1559 =( LENGTH_UNIT ( ) NAMED_UNIT ( * ) SI_UNIT ( .MILLI., .METRE. ) );
#1560 = EDGE_LOOP ( 'NONE', ( #491, #2241, #1084, #371, #577, #956, #1735, #1264, #628, #58, #467, #1485, #1414, #2406, #2301, #1670, #615, #329 ) ) ;
#1561 = FACE_OUTER_BOUND ( 'NONE', #1546, .T. ) ;
#1562 = PRESENTATION_STYLE_ASSIGNMENT (( #159 ) ) ;
#1563 = ORIENTED_EDGE ( 'NONE', *, *, #1062, .T. ) ;
#1564 = UNCERTAINTY_MEASURE_WITH_UNIT (LENGTH_MEASURE( 1.000000000000000082E-05 ), #1873, 'distance_accuracy_value', 'NONE');
#1565 = DIRECTION ( 'NONE',  ( 1.000000000000000000, -3.491481338843133355E-15, 0.000000000000000000 ) ) ;
#1566 = ADVANCED_FACE ( 'NONE', ( #1975 ), #209, .T. ) ;
#1567 = FILL_AREA_STYLE_COLOUR ( '', #608 ) ;
#1568 =( LENGTH_UNIT ( ) NAMED_UNIT ( * ) SI_UNIT ( .MILLI., .METRE. ) );
#1569 = SURFACE_STYLE_FILL_AREA ( #179 ) ;
#1570 = SURFACE_STYLE_USAGE ( .BOTH. , #978 ) ;
#1571 = PLANE ( 'NONE',  #1378 ) ;
#1572 = ORIENTED_EDGE ( 'NONE', *, *, #1183, .F. ) ;
#1573 = EDGE_CURVE ( 'NONE', #803, #1771, #489, .T. ) ;
#1574 = LINE ( 'NONE', #378, #319 ) ;
#1575 = CARTESIAN_POINT ( 'NONE',  ( 6.123233995736742617E-16, 4.999999999999713118, 75.00000000000002842 ) ) ;
#1576 = SURFACE_SIDE_STYLE ('',( #1128 ) ) ;
#1577 = ORIENTED_EDGE ( 'NONE', *, *, #2447, .F. ) ;
#1578 = SURFACE_STYLE_USAGE ( .BOTH. , #801 ) ;
#1579 = DIRECTION ( 'NONE',  ( 0.000000000000000000, -3.491481338843133355E-15, 1.000000000000000000 ) ) ;
#1580 = EDGE_LOOP ( 'NONE', ( #283, #40, #18, #1909 ) ) ;
#1581 = CARTESIAN_POINT ( 'NONE',  ( -5.650684931506831710, -22.67551369863014088, 20.00000000000000000 ) ) ;
#1582 = ORIENTED_EDGE ( 'NONE', *, *, #2157, .F. ) ;
#1583 = DIRECTION ( 'NONE',  ( 0.000000000000000000, -1.000000000000000000, -3.330669073875469621E-15 ) ) ;
#1584 = CARTESIAN_POINT ( 'NONE',  ( 0.000000000000000000, 0.000000000000000000, 0.000000000000000000 ) ) ;
#1585 = CARTESIAN_POINT ( 'NONE',  ( 75.00000000000001421, -2.618611004132350648E-13, 0.000000000000000000 ) ) ;
#1586 = PRESENTATION_LAYER_ASSIGNMENT (  '', '', ( #1513 ) ) ;
#1587 = DIRECTION ( 'NONE',  ( 0.000000000000000000, 0.000000000000000000, -1.000000000000000000 ) ) ;
#1588 = AXIS2_PLACEMENT_3D ( 'NONE', #2007, #243, #2409 ) ;
#1589 = ADVANCED_FACE ( 'NONE', ( #2251 ), #1682, .T. ) ;
#1590 = PRESENTATION_STYLE_ASSIGNMENT (( #207 ) ) ;
#1591 = VERTEX_POINT ( 'NONE', #1664 ) ;
#1592 =( NAMED_UNIT ( * ) PLANE_ANGLE_UNIT ( ) SI_UNIT ( $, .RADIAN. ) );
#1593 = CIRCLE ( 'NONE', #1050, 4.999999999999975131 ) ;
#1594 = AXIS2_PLACEMENT_3D ( 'NONE', #796, #573, #1179 ) ;
#1595 = FILL_AREA_STYLE_COLOUR ( '', #1875 ) ;
#1596 = ORIENTED_EDGE ( 'NONE', *, *, #1966, .F. ) ;
#1597 =( LENGTH_UNIT ( ) NAMED_UNIT ( * ) SI_UNIT ( .MILLI., .METRE. ) );
#1598 = ORIENTED_EDGE ( 'NONE', *, *, #301, .F. ) ;
#1599 = PRESENTATION_STYLE_ASSIGNMENT (( #610 ) ) ;
#1600 = DIRECTION ( 'NONE',  ( 1.000000000000000000, -0.000000000000000000, -0.000000000000000000 ) ) ;
#1601 = CIRCLE ( 'NONE', #1017, 5.000000000000000000 ) ;
#1602 = DIRECTION ( 'NONE',  ( 1.000000000000000000, -3.491481338843133355E-15, 0.000000000000000000 ) ) ;
#1603 =( NAMED_UNIT ( * ) PLANE_ANGLE_UNIT ( ) SI_UNIT ( $, .RADIAN. ) );
#1604 = MECHANICAL_DESIGN_GEOMETRIC_PRESENTATION_REPRESENTATION (  '', ( #2139 ), #2227 ) ;
#1605 = ORIENTED_EDGE ( 'NONE', *, *, #2142, .T. ) ;
#1606 = CARTESIAN_POINT ( 'NONE',  ( 6.123233995736750505E-16, 100.0000000000000000, -4.999999999999986677 ) ) ;
#1607 =( NAMED_UNIT ( * ) PLANE_ANGLE_UNIT ( ) SI_UNIT ( $, .RADIAN. ) );
#1608 = FILL_AREA_STYLE ('',( #1645 ) ) ;
#1609 = VERTEX_POINT ( 'NONE', #2462 ) ;
#1610 = DIRECTION ( 'NONE',  ( -0.000000000000000000, 1.000000000000000000, -0.000000000000000000 ) ) ;
#1611 = CARTESIAN_POINT ( 'NONE',  ( -24.99999999999998579, -25.00000000000000000, -25.00000000000000000 ) ) ;
#1612 = EDGE_LOOP ( 'NONE', ( #2389, #1168 ) ) ;
#1613 = FILL_AREA_STYLE ('',( #1199 ) ) ;
#1614 = DIRECTION ( 'NONE',  ( 1.000000000000000000, -3.491481338843133355E-15, 0.000000000000000000 ) ) ;
#1615 = DIRECTION ( 'NONE',  ( -1.000000000000000000, 0.000000000000000000, 0.000000000000000000 ) ) ;
#1616 = LINE ( 'NONE', #1822, #1653 ) ;
#1617 = ADVANCED_FACE ( 'NONE', ( #2092 ), #500, .T. ) ;
#1618 = DIRECTION ( 'NONE',  ( -0.000000000000000000, 1.000000000000000000, 0.000000000000000000 ) ) ;
#1619 = ORIENTED_EDGE ( 'NONE', *, *, #1074, .T. ) ;
#1620 = FILL_AREA_STYLE ('',( #2442 ) ) ;
#1621 = EDGE_CURVE ( 'NONE', #1895, #842, #587, .T. ) ;
#1622 =( NAMED_UNIT ( * ) PLANE_ANGLE_UNIT ( ) SI_UNIT ( $, .RADIAN. ) );
#1623 = PRESENTATION_LAYER_ASSIGNMENT (  '', '', ( #771 ) ) ;
#1624 = UNCERTAINTY_MEASURE_WITH_UNIT (LENGTH_MEASURE( 1.000000000000000082E-05 ), #1401, 'distance_accuracy_value', 'NONE');
#1625 = CARTESIAN_POINT ( 'NONE',  ( -1.438356164383539859, 25.00000000000000000, 18.69113869863014443 ) ) ;
#1626 =( NAMED_UNIT ( * ) PLANE_ANGLE_UNIT ( ) SI_UNIT ( $, .RADIAN. ) );
#1627 = FILL_AREA_STYLE_COLOUR ( '', #399 ) ;
#1628 =( GEOMETRIC_REPRESENTATION_CONTEXT ( 3 ) GLOBAL_UNCERTAINTY_ASSIGNED_CONTEXT ( ( #1280 ) ) GLOBAL_UNIT_ASSIGNED_CONTEXT ( ( #1500, #905, #1093 ) ) REPRESENTATION_CONTEXT ( 'NONE', 'WORKASPACE' ) );
#1629 = PLANE ( 'NONE',  #1711 ) ;
#1630 = FILL_AREA_STYLE ('',( #1443 ) ) ;
#1631 = VECTOR ( 'NONE', #2317, 1000.000000000000114 ) ;
#1632 = SURFACE_SIDE_STYLE ('',( #1413 ) ) ;
#1633 = VERTEX_POINT ( 'NONE', #164 ) ;
#1634 = CARTESIAN_POINT ( 'NONE',  ( 3.534888698630158643, 25.00000000000000000, 10.00000000000000533 ) ) ;
#1635 = PRESENTATION_LAYER_ASSIGNMENT (  '', '', ( #1217 ) ) ;
#1636 = CIRCLE ( 'NONE', #782, 12.50000000000000000 ) ;
#1637 = VECTOR ( 'NONE', #1037, 1000.000000000000000 ) ;
#1638 = EDGE_LOOP ( 'NONE', ( #256, #440, #678, #817 ) ) ;
#1639 = EDGE_CURVE ( 'NONE', #1646, #1724, #787, .T. ) ;
#1640 =( NAMED_UNIT ( * ) PLANE_ANGLE_UNIT ( ) SI_UNIT ( $, .RADIAN. ) );
#1641 =( NAMED_UNIT ( * ) SI_UNIT ( $, .STERADIAN. ) SOLID_ANGLE_UNIT ( ) );
#1642 = SPHERICAL_SURFACE ( 'NONE', #2040, 10.00000000000000000 ) ;
#1643 = FACE_OUTER_BOUND ( 'NONE', #233, .T. ) ;
#1644 = VECTOR ( 'NONE', #763, 1000.000000000000000 ) ;
#1645 = FILL_AREA_STYLE_COLOUR ( '', #1712 ) ;
#1646 = VERTEX_POINT ( 'NONE', #1339 ) ;
#1647 = LINE ( 'NONE', #633, #1342 ) ;
#1648 = EDGE_CURVE ( 'NONE', #339, #2315, #1556, .T. ) ;
#1649 = VERTEX_POINT ( 'NONE', #1365 ) ;
#1650 = CARTESIAN_POINT ( 'NONE',  ( -4.592794884538186936E-28, -1.315428736061915363E-13, -5.000000000000000000 ) ) ;
#1651 = LINE ( 'NONE', #668, #323 ) ;
#1652 = LINE ( 'NONE', #1611, #959 ) ;
#1653 = VECTOR ( 'NONE', #986, 1000.000000000000000 ) ;
#1654 = EDGE_CURVE ( 'NONE', #1591, #1609, #2565, .T. ) ;
#1655 = CARTESIAN_POINT ( 'NONE',  ( 6.123233995736766282E-16, -10.00000000000000000, 0.000000000000000000 ) ) ;
#1656 = SURFACE_STYLE_USAGE ( .BOTH. , #473 ) ;
#1657 = ORIENTED_EDGE ( 'NONE', *, *, #1062, .F. ) ;
#1658 = CARTESIAN_POINT ( 'NONE',  ( 20.00000000000001776, -17.00556506849315852, -1.958476027397261232 ) ) ;
#1659 =( LENGTH_UNIT ( ) NAMED_UNIT ( * ) SI_UNIT ( .MILLI., .METRE. ) );
#1660 = ORIENTED_EDGE ( 'NONE', *, *, #2294, .F. ) ;
#1661 = FACE_OUTER_BOUND ( 'NONE', #2357, .T. ) ;
#1662 = LINE ( 'NONE', #1279, #555 ) ;
#1663 =( NAMED_UNIT ( * ) SI_UNIT ( $, .STERADIAN. ) SOLID_ANGLE_UNIT ( ) );
#1664 = CARTESIAN_POINT ( 'NONE',  ( 1.762628424657552539, -12.67123287671233456, 20.00000000000000000 ) ) ;
#1665 = CARTESIAN_POINT ( 'NONE',  ( 0.000000000000000000, 100.0000000000000000, 4.999999999999986677 ) ) ;
#1666 = COLOUR_RGB ( '',0.3254901960784313819, 0.7843137254901960675, 0.01568627450980392135 ) ;
#1667 = ADVANCED_FACE ( 'NONE', ( #1729 ), #558, .T. ) ;
#1668 = AXIS2_PLACEMENT_3D ( 'NONE', #1023, #454, #1007 ) ;
#1669 = FILL_AREA_STYLE ('',( #728 ) ) ;
#1670 = ORIENTED_EDGE ( 'NONE', *, *, #736, .T. ) ;
#1671 = DIRECTION ( 'NONE',  ( 0.8697418253963583590, 0.000000000000000000, -0.4935069980823075242 ) ) ;
#1672 = SURFACE_STYLE_FILL_AREA ( #1068 ) ;
#1673 = VECTOR ( 'NONE', #688, 1000.000000000000114 ) ;
#1674 = VECTOR ( 'NONE', #81, 1000.000000000000000 ) ;
#1675 = ORIENTED_EDGE ( 'NONE', *, *, #73, .F. ) ;
#1676 = PRESENTATION_LAYER_ASSIGNMENT (  '', '', ( #1800 ) ) ;
#1677 =( LENGTH_UNIT ( ) NAMED_UNIT ( * ) SI_UNIT ( .MILLI., .METRE. ) );
#1678 = VECTOR ( 'NONE', #1014, 1000.000000000000000 ) ;
#1679 = VECTOR ( 'NONE', #245, 1000.000000000000000 ) ;
#1680 = FILL_AREA_STYLE ('',( #710 ) ) ;
#1681 = LINE ( 'NONE', #2052, #1631 ) ;
#1682 = PLANE ( 'NONE',  #781 ) ;
#1683 = AXIS2_PLACEMENT_3D ( 'NONE', #1584, #2373, #1190 ) ;
#1684 = DIRECTION ( 'NONE',  ( 0.000000000000000000, -0.4835095231946762162, -0.8753391005662074509 ) ) ;
#1685 = PRODUCT_DEFINITION ( 'UNKNOWN', '', #336, #1227 ) ;
#1686 = ORIENTED_EDGE ( 'NONE', *, *, #1240, .F. ) ;
#1687 = SURFACE_STYLE_FILL_AREA ( #907 ) ;
#1688 =( GEOMETRIC_REPRESENTATION_CONTEXT ( 3 ) GLOBAL_UNCERTAINTY_ASSIGNED_CONTEXT ( ( #1937 ) ) GLOBAL_UNIT_ASSIGNED_CONTEXT ( ( #2569, #1592, #2356 ) ) REPRESENTATION_CONTEXT ( 'NONE', 'WORKASPACE' ) );
#1689 = ORIENTED_EDGE ( 'NONE', *, *, #1432, .F. ) ;
#1690 = CARTESIAN_POINT ( 'NONE',  ( 20.00000000000001776, -10.00000000000000888, 2.064426369863011868 ) ) ;
#1691 = PRESENTATION_STYLE_ASSIGNMENT (( #2123 ) ) ;
#1692 = SURFACE_SIDE_STYLE ('',( #1869 ) ) ;
#1693 = PLANE ( 'NONE',  #1296 ) ;
#1694 = DIRECTION ( 'NONE',  ( -0.8765224643289666329, 0.000000000000000000, 0.4813609555486147440 ) ) ;
#1695 = PRESENTATION_STYLE_ASSIGNMENT (( #512 ) ) ;
#1696 = CARTESIAN_POINT ( 'NONE',  ( 20.00000000000001776, -25.00000000000000000, -2.854238013698632059 ) ) ;
#1697 = VERTEX_POINT ( 'NONE', #1538 ) ;
#1698 = DIRECTION ( 'NONE',  ( 0.000000000000000000, -3.491481338843133355E-15, 1.000000000000000000 ) ) ;
#1699 = VERTEX_POINT ( 'NONE', #176 ) ;
#1700 = EDGE_CURVE ( 'NONE', #411, #539, #774, .T. ) ;
#1701 = CARTESIAN_POINT ( 'NONE',  ( -6.369863013698608079, 25.00000000000000000, 10.00000000000000533 ) ) ;
#1702 = SURFACE_STYLE_USAGE ( .BOTH. , #556 ) ;
#1703 = FILL_AREA_STYLE ('',( #124 ) ) ;
#1704 = STYLED_ITEM ( 'NONE', ( #2554 ), #2511 ) ;
#1705 = CARTESIAN_POINT ( 'NONE',  ( 20.00000000000001776, -10.00000000000000888, 5.599315068493148750 ) ) ;
#1706 = ORIENTED_EDGE ( 'NONE', *, *, #26, .T. ) ;
#1707 = AXIS2_PLACEMENT_3D ( 'NONE', #1739, #1553, #2336 ) ;
#1708 = DIRECTION ( 'NONE',  ( -0.4803146228655843508, 0.000000000000000000, 0.8770962678415018532 ) ) ;
#1709 = ORIENTED_EDGE ( 'NONE', *, *, #2192, .F. ) ;
#1710 = DIRECTION ( 'NONE',  ( 1.000000000000000000, -3.491481338843133355E-15, 0.000000000000000000 ) ) ;
#1711 = AXIS2_PLACEMENT_3D ( 'NONE', #1002, #1618, #1840 ) ;
#1712 = COLOUR_RGB ( '',0.1176470588235294101, 0.4039215686274509887, 0.8823529411764705621 ) ;
#1713 = STYLED_ITEM ( 'NONE', ( #1111 ), #1714 ) ;
#1714 = ADVANCED_FACE ( 'NONE', ( #194 ), #961, .F. ) ;
#1715 = DIRECTION ( 'NONE',  ( -0.000000000000000000, 1.000000000000000000, -0.000000000000000000 ) ) ;
#1716 = AXIS2_PLACEMENT_3D ( 'NONE', #1921, #574, #737 ) ;
#1717 = STYLED_ITEM ( 'NONE', ( #2048 ), #951 ) ;
#1718 = DIRECTION ( 'NONE',  ( 0.000000000000000000, -0.000000000000000000, -1.000000000000000000 ) ) ;
#1719 = CARTESIAN_POINT ( 'NONE',  ( 5.438784246575359305, -12.47217465753425181, 20.00000000000000000 ) ) ;
#1720 = ORIENTED_EDGE ( 'NONE', *, *, #1817, .F. ) ;
#1721 = CARTESIAN_POINT ( 'NONE',  ( 1.849315068493171843, 20.00000000000000000, 18.63013698630137682 ) ) ;
#1722 = UNCERTAINTY_MEASURE_WITH_UNIT (LENGTH_MEASURE( 1.000000000000000082E-05 ), #772, 'distance_accuracy_value', 'NONE');
#1723 = SURFACE_SIDE_STYLE ('',( #1329 ) ) ;
#1724 = VERTEX_POINT ( 'NONE', #49 ) ;
#1725 = PRESENTATION_LAYER_ASSIGNMENT (  '', '', ( #456 ) ) ;
#1726 = EDGE_CURVE ( 'NONE', #385, #2193, #624, .T. ) ;
#1727 = UNCERTAINTY_MEASURE_WITH_UNIT (LENGTH_MEASURE( 1.000000000000000082E-05 ), #1245, 'distance_accuracy_value', 'NONE');
#1728 = DIRECTION ( 'NONE',  ( 0.000000000000000000, -1.000000000000000000, -2.775557561562905156E-15 ) ) ;
#1729 = FACE_OUTER_BOUND ( 'NONE', #1816, .T. ) ;
#1730 = ADVANCED_FACE ( 'NONE', ( #1780, #2183 ), #1796, .F. ) ;
#1731 = DIRECTION ( 'NONE',  ( 0.000000000000000000, 3.491481338843133355E-15, -1.000000000000000000 ) ) ;
#1732 = ORIENTED_EDGE ( 'NONE', *, *, #584, .T. ) ;
#1733 =( LENGTH_UNIT ( ) NAMED_UNIT ( * ) SI_UNIT ( .MILLI., .METRE. ) );
#1734 = LINE ( 'NONE', #1977, #231 ) ;
#1735 = ORIENTED_EDGE ( 'NONE', *, *, #665, .T. ) ;
#1736 = LINE ( 'NONE', #1581, #2130 ) ;
#1737 = CARTESIAN_POINT ( 'NONE',  ( 100.0000000000000000, -3.491481338843133355E-13, 0.000000000000000000 ) ) ;
#1738 = LINE ( 'NONE', #172, #934 ) ;
#1739 = CARTESIAN_POINT ( 'NONE',  ( 20.00000000000001776, -17.05693493150685924, 1.669520547945203770 ) ) ;
#1740 = CARTESIAN_POINT ( 'NONE',  ( 1.530808498934191521E-15, -12.50000000000026290, 74.99999999999997158 ) ) ;
#1741 = DIRECTION ( 'NONE',  ( -0.000000000000000000, -0.000000000000000000, 1.000000000000000000 ) ) ;
#1742 = FACE_OUTER_BOUND ( 'NONE', #224, .T. ) ;
#1743 = ORIENTED_EDGE ( 'NONE', *, *, #2126, .F. ) ;
#1744 = FILL_AREA_STYLE_COLOUR ( '', #1797 ) ;
#1745 = EDGE_CURVE ( 'NONE', #1494, #1448, #34, .T. ) ;
#1746 = SURFACE_STYLE_USAGE ( .BOTH. , #1133 ) ;
#1747 = STYLED_ITEM ( 'NONE', ( #1015 ), #2546 ) ;
#1748 = AXIS2_PLACEMENT_3D ( 'NONE', #250, #1246, #1235 ) ;
#1749 =( NAMED_UNIT ( * ) SI_UNIT ( $, .STERADIAN. ) SOLID_ANGLE_UNIT ( ) );
#1750 = EDGE_LOOP ( 'NONE', ( #1980, #1400, #2326 ) ) ;
#1751 = DIRECTION ( 'NONE',  ( 0.000000000000000000, 1.000000000000000000, 0.000000000000000000 ) ) ;
#1752 = STYLED_ITEM ( 'NONE', ( #1477 ), #342 ) ;
#1753 = CIRCLE ( 'NONE', #2458, 4.999999999999975131 ) ;
#1754 = CARTESIAN_POINT ( 'NONE',  ( 0.000000000000000000, -2.618611004132350648E-13, 75.00000000000001421 ) ) ;
#1755 = SURFACE_STYLE_FILL_AREA ( #2552 ) ;
#1756 =( GEOMETRIC_REPRESENTATION_CONTEXT ( 3 ) GLOBAL_UNCERTAINTY_ASSIGNED_CONTEXT ( ( #2435 ) ) GLOBAL_UNIT_ASSIGNED_CONTEXT ( ( #780, #1143, #2311 ) ) REPRESENTATION_CONTEXT ( 'NONE', 'WORKASPACE' ) );
#1757 = PRESENTATION_LAYER_ASSIGNMENT (  '', '', ( #1004 ) ) ;
#1758 = FILL_AREA_STYLE ('',( #368 ) ) ;
#1759 = COLOUR_RGB ( '',0.3254901960784313819, 0.7843137254901960675, 0.01568627450980392135 ) ;
#1760 = FILL_AREA_STYLE_COLOUR ( '', #52 ) ;
#1761 = FILL_AREA_STYLE_COLOUR ( '', #308 ) ;
#1762 = PRESENTATION_LAYER_ASSIGNMENT (  '', '', ( #238 ) ) ;
#1763 = LINE ( 'NONE', #2340, #647 ) ;
#1764 = LINE ( 'NONE', #254, #1396 ) ;
#1765 = EDGE_LOOP ( 'NONE', ( #1802, #2004 ) ) ;
#1766 = SURFACE_SIDE_STYLE ('',( #606 ) ) ;
#1767 = LINE ( 'NONE', #1970, #488 ) ;
#1768 = FILL_AREA_STYLE_COLOUR ( '', #2051 ) ;
#1769 = VECTOR ( 'NONE', #882, 1000.000000000000000 ) ;
#1770 = CARTESIAN_POINT ( 'NONE',  ( 0.000000000000000000, -2.618611004132350648E-13, 75.00000000000001421 ) ) ;
#1771 = VERTEX_POINT ( 'NONE', #1625 ) ;
#1772 = FILL_AREA_STYLE ('',( #1864 ) ) ;
#1773 = LINE ( 'NONE', #1117, #1505 ) ;
#1774 = VERTEX_POINT ( 'NONE', #2420 ) ;
#1775 =( LENGTH_UNIT ( ) NAMED_UNIT ( * ) SI_UNIT ( .MILLI., .METRE. ) );
#1776 = ORIENTED_EDGE ( 'NONE', *, *, #267, .T. ) ;
#1777 =( NAMED_UNIT ( * ) PLANE_ANGLE_UNIT ( ) SI_UNIT ( $, .RADIAN. ) );
#1778 = PLANE ( 'NONE',  #1810 ) ;
#1779 = EDGE_CURVE ( 'NONE', #718, #339, #1814, .T. ) ;
#1780 = FACE_OUTER_BOUND ( 'NONE', #619, .T. ) ;
#1781 = ORIENTED_EDGE ( 'NONE', *, *, #130, .F. ) ;
#1782 = CARTESIAN_POINT ( 'NONE',  ( 1.762628424657552539, -12.67123287671233456, 25.00000000000000000 ) ) ;
#1783 = PRESENTATION_STYLE_ASSIGNMENT (( #1241 ) ) ;
#1784 = EDGE_LOOP ( 'NONE', ( #1706, #765, #1675, #101 ) ) ;
#1785 = PRESENTATION_LAYER_ASSIGNMENT (  '', '', ( #516 ) ) ;
#1786 =( LENGTH_UNIT ( ) NAMED_UNIT ( * ) SI_UNIT ( .MILLI., .METRE. ) );
#1787 = CARTESIAN_POINT ( 'NONE',  ( -1.438356164383539859, 20.00000000000000000, 18.69113869863014443 ) ) ;
#1788 = CIRCLE ( 'NONE', #920, 12.50000000000000000 ) ;
#1789 = ORIENTED_EDGE ( 'NONE', *, *, #823, .F. ) ;
#1790 = SURFACE_STYLE_FILL_AREA ( #1981 ) ;
#1791 =( GEOMETRIC_REPRESENTATION_CONTEXT ( 3 ) GLOBAL_UNCERTAINTY_ASSIGNED_CONTEXT ( ( #679 ) ) GLOBAL_UNIT_ASSIGNED_CONTEXT ( ( #1358, #792, #201 ) ) REPRESENTATION_CONTEXT ( 'NONE', 'WORKASPACE' ) );
#1792 = VERTEX_POINT ( 'NONE', #1439 ) ;
#1793 = LINE ( 'NONE', #425, #1833 ) ;
#1794 = STYLED_ITEM ( 'NONE', ( #2494 ), #996 ) ;
#1795 = EDGE_CURVE ( 'NONE', #1930, #2410, #2228, .T. ) ;
#1796 = PLANE ( 'NONE',  #745 ) ;
#1797 = COLOUR_RGB ( '',1.000000000000000000, 0.1490196078431372528, 0.1490196078431372528 ) ;
#1798 = COLOUR_RGB ( '',0.1176470588235294101, 0.4039215686274509887, 0.8823529411764705621 ) ;
#1799 = UNCERTAINTY_MEASURE_WITH_UNIT (LENGTH_MEASURE( 1.000000000000000082E-05 ), #2352, 'distance_accuracy_value', 'NONE');
#1800 = STYLED_ITEM ( 'NONE', ( #1599 ), #919 ) ;
#1801 = LINE ( 'NONE', #252, #1514 ) ;
#1802 = ORIENTED_EDGE ( 'NONE', *, *, #2185, .F. ) ;
#1803 = SURFACE_STYLE_USAGE ( .BOTH. , #55 ) ;
#1804 = VECTOR ( 'NONE', #880, 1000.000000000000000 ) ;
#1805 = MECHANICAL_DESIGN_GEOMETRIC_PRESENTATION_REPRESENTATION (  '', ( #1794 ), #183 ) ;
#1806 = ORIENTED_EDGE ( 'NONE', *, *, #149, .F. ) ;
#1807 = LINE ( 'NONE', #2190, #999 ) ;
#1808 = ORIENTED_EDGE ( 'NONE', *, *, #203, .F. ) ;
#1809 =( NAMED_UNIT ( * ) PLANE_ANGLE_UNIT ( ) SI_UNIT ( $, .RADIAN. ) );
#1810 = AXIS2_PLACEMENT_3D ( 'NONE', #2575, #807, #1995 ) ;
#1811 = EDGE_CURVE ( 'NONE', #953, #1857, #2025, .T. ) ;
#1812 = SURFACE_SIDE_STYLE ('',( #64 ) ) ;
#1813 = COLOUR_RGB ( '',0.3254901960784313819, 0.7843137254901960675, 0.01568627450980392135 ) ;
#1814 = LINE ( 'NONE', #240, #1475 ) ;
#1815 = FILL_AREA_STYLE ('',( #1027 ) ) ;
#1816 = EDGE_LOOP ( 'NONE', ( #268, #2541, #1317, #825, #704, #2085, #828, #2218, #1789, #1288, #2100, #1000, #1967, #1403, #2121, #43 ) ) ;
#1817 = EDGE_CURVE ( 'NONE', #946, #2202, #1394, .T. ) ;
#1818 = EDGE_LOOP ( 'NONE', ( #779, #1523, #306 ) ) ;
#1819 = CARTESIAN_POINT ( 'NONE',  ( 20.00000000000001776, -25.00000000000000711, 6.215753424657532555 ) ) ;
#1820 = EDGE_LOOP ( 'NONE', ( #2189, #518, #1743, #1963 ) ) ;
#1821 = CARTESIAN_POINT ( 'NONE',  ( 5.650684931506866349, -22.32876712328767965, 20.00000000000000000 ) ) ;
#1822 = CARTESIAN_POINT ( 'NONE',  ( 1.849315068493171843, 20.00000000000000000, 18.63013698630137682 ) ) ;
#1823 = DIRECTION ( 'NONE',  ( -0.000000000000000000, -0.000000000000000000, 1.000000000000000000 ) ) ;
#1824 = DIRECTION ( 'NONE',  ( -1.000000000000000000, 0.000000000000000000, 0.000000000000000000 ) ) ;
#1825 = LINE ( 'NONE', #27, #2303 ) ;
#1826 = FILL_AREA_STYLE ('',( #1595 ) ) ;
#1827 = EDGE_CURVE ( 'NONE', #947, #1011, #529, .T. ) ;
#1828 = ORIENTED_EDGE ( 'NONE', *, *, #900, .F. ) ;
#1829 = DIRECTION ( 'NONE',  ( 0.000000000000000000, 0.000000000000000000, 1.000000000000000000 ) ) ;
#1830 = VERTEX_POINT ( 'NONE', #1575 ) ;
#1831 = LINE ( 'NONE', #2433, #131 ) ;
#1832 = DIRECTION ( 'NONE',  ( 0.000000000000000000, -0.8731629945273264859, -0.4874283383104351941 ) ) ;
#1833 = VECTOR ( 'NONE', #2434, 1000.000000000000114 ) ;
#1834 = UNCERTAINTY_MEASURE_WITH_UNIT (LENGTH_MEASURE( 1.000000000000000082E-05 ), #730, 'distance_accuracy_value', 'NONE');
#1835 = DIRECTION ( 'NONE',  ( 0.000000000000000000, 0.000000000000000000, 1.000000000000000000 ) ) ;
#1836 = SURFACE_SIDE_STYLE ('',( #251 ) ) ;
#1837 =( GEOMETRIC_REPRESENTATION_CONTEXT ( 3 ) GLOBAL_UNCERTAINTY_ASSIGNED_CONTEXT ( ( #121 ) ) GLOBAL_UNIT_ASSIGNED_CONTEXT ( ( #2473, #1904, #1487 ) ) REPRESENTATION_CONTEXT ( 'NONE', 'WORKASPACE' ) );
#1838 = CONICAL_SURFACE ( 'NONE', #1376, 12.50000000000000000, 0.4636476090008059825 ) ;
#1839 = STYLED_ITEM ( 'NONE', ( #1783 ), #571 ) ;
#1840 = DIRECTION ( 'NONE',  ( 0.000000000000000000, 0.000000000000000000, 1.000000000000000000 ) ) ;
#1841 = CARTESIAN_POINT ( 'NONE',  ( -1.438356164383539859, 25.00000000000000000, 18.69113869863014443 ) ) ;
#1842 = EDGE_CURVE ( 'NONE', #747, #1774, #2362, .T. ) ;
#1843 = MECHANICAL_DESIGN_GEOMETRIC_PRESENTATION_REPRESENTATION (  '', ( #776 ), #232 ) ;
#1844 = AXIS2_PLACEMENT_3D ( 'NONE', #1167, #2513, #2147 ) ;
#1845 = SURFACE_STYLE_USAGE ( .BOTH. , #631 ) ;
#1846 = ORIENTED_EDGE ( 'NONE', *, *, #651, .T. ) ;
#1847 = AXIS2_PLACEMENT_3D ( 'NONE', #1421, #2577, #2393 ) ;
#1848 = MECHANICAL_DESIGN_GEOMETRIC_PRESENTATION_REPRESENTATION (  '', ( #2127 ), #2331 ) ;
#1849 = ORIENTED_EDGE ( 'NONE', *, *, #893, .F. ) ;
#1850 = ADVANCED_FACE ( 'NONE', ( #403 ), #1282, .F. ) ;
#1851 = FILL_AREA_STYLE ('',( #1201 ) ) ;
#1852 = FACE_OUTER_BOUND ( 'NONE', #2394, .T. ) ;
#1853 =( GEOMETRIC_REPRESENTATION_CONTEXT ( 3 ) GLOBAL_UNCERTAINTY_ASSIGNED_CONTEXT ( ( #359 ) ) GLOBAL_UNIT_ASSIGNED_CONTEXT ( ( #1659, #206, #985 ) ) REPRESENTATION_CONTEXT ( 'NONE', 'WORKASPACE' ) );
#1854 = STYLED_ITEM ( 'NONE', ( #788 ), #2457 ) ;
#1855 = DIRECTION ( 'NONE',  ( 0.000000000000000000, 0.8753391005662073399, -0.4835095231946761607 ) ) ;
#1856 = VERTEX_POINT ( 'NONE', #2061 ) ;
#1857 = VERTEX_POINT ( 'NONE', #1496 ) ;
#1858 = DIRECTION ( 'NONE',  ( 0.000000000000000000, 0.000000000000000000, 1.000000000000000000 ) ) ;
#1859 = DIRECTION ( 'NONE',  ( 1.000000000000000000, -0.000000000000000000, -0.000000000000000000 ) ) ;
#1860 = EDGE_CURVE ( 'NONE', #2138, #1060, #1651, .T. ) ;
#1861 = PLANE ( 'NONE',  #534 ) ;
#1862 = FILL_AREA_STYLE_COLOUR ( '', #603 ) ;
#1863 = VERTEX_POINT ( 'NONE', #2073 ) ;
#1864 = FILL_AREA_STYLE_COLOUR ( '', #1428 ) ;
#1865 = PRESENTATION_STYLE_ASSIGNMENT (( #515 ) ) ;
#1866 = ORIENTED_EDGE ( 'NONE', *, *, #163, .T. ) ;
#1867 = DIRECTION ( 'NONE',  ( 0.000000000000000000, -0.8829555129358178656, -0.4694566669845543494 ) ) ;
#1868 = LINE ( 'NONE', #695, #2368 ) ;
#1869 = SURFACE_STYLE_FILL_AREA ( #1063 ) ;
#1870 =( GEOMETRIC_REPRESENTATION_CONTEXT ( 3 ) GLOBAL_UNCERTAINTY_ASSIGNED_CONTEXT ( ( #1420 ) ) GLOBAL_UNIT_ASSIGNED_CONTEXT ( ( #2360, #1125, #151 ) ) REPRESENTATION_CONTEXT ( 'NONE', 'WORKASPACE' ) );
#1871 = LINE ( 'NONE', #2520, #188 ) ;
#1872 = FILL_AREA_STYLE_COLOUR ( '', #929 ) ;
#1873 =( LENGTH_UNIT ( ) NAMED_UNIT ( * ) SI_UNIT ( .MILLI., .METRE. ) );
#1874 = VECTOR ( 'NONE', #2203, 1000.000000000000227 ) ;
#1875 = COLOUR_RGB ( '',1.000000000000000000, 0.1490196078431372528, 0.1490196078431372528 ) ;
#1876 =( NAMED_UNIT ( * ) SI_UNIT ( $, .STERADIAN. ) SOLID_ANGLE_UNIT ( ) );
#1877 = ORIENTED_EDGE ( 'NONE', *, *, #2046, .F. ) ;
#1878 = LINE ( 'NONE', #1303, #1916 ) ;
#1879 = CARTESIAN_POINT ( 'NONE',  ( -2.712970890410937308, 20.00000000000000000, 10.00000000000000533 ) ) ;
#1880 = MECHANICAL_DESIGN_GEOMETRIC_PRESENTATION_REPRESENTATION (  '', ( #1004 ), #352 ) ;
#1881 = MECHANICAL_DESIGN_GEOMETRIC_PRESENTATION_REPRESENTATION (  '', ( #739 ), #968 ) ;
#1882 = VERTEX_POINT ( 'NONE', #2236 ) ;
#1883 = VECTOR ( 'NONE', #722, 1000.000000000000000 ) ;
#1884 =( NAMED_UNIT ( * ) PLANE_ANGLE_UNIT ( ) SI_UNIT ( $, .RADIAN. ) );
#1885 = STYLED_ITEM ( 'NONE', ( #1897 ), #1888 ) ;
#1886 = CARTESIAN_POINT ( 'NONE',  ( -2.712970890410937308, 20.00000000000000000, 10.00000000000000533 ) ) ;
#1887 = UNCERTAINTY_MEASURE_WITH_UNIT (LENGTH_MEASURE( 1.000000000000000082E-05 ), #1985, 'distance_accuracy_value', 'NONE');
#1888 = ADVANCED_FACE ( 'NONE', ( #2050 ), #1101, .T. ) ;
#1889 = FACE_OUTER_BOUND ( 'NONE', #568, .T. ) ;
#1890 = LINE ( 'NONE', #702, #943 ) ;
#1891 = EDGE_LOOP ( 'NONE', ( #2232, #966, #291, #2518 ) ) ;
#1892 = VECTOR ( 'NONE', #2488, 1000.000000000000000 ) ;
#1893 = EDGE_CURVE ( 'NONE', #1152, #1070, #892, .T. ) ;
#1894 = LINE ( 'NONE', #1290, #826 ) ;
#1895 = VERTEX_POINT ( 'NONE', #1052 ) ;
#1896 = DIRECTION ( 'NONE',  ( 0.000000000000000000, 0.000000000000000000, 1.000000000000000000 ) ) ;
#1897 = PRESENTATION_STYLE_ASSIGNMENT (( #2474 ) ) ;
#1898 = CARTESIAN_POINT ( 'NONE',  ( 20.00000000000001776, -17.00556506849315852, -1.958476027397261232 ) ) ;
#1899 = VERTEX_POINT ( 'NONE', #697 ) ;
#1900 = ADVANCED_FACE ( 'NONE', ( #1852, #2262 ), #66, .F. ) ;
#1901 = UNCERTAINTY_MEASURE_WITH_UNIT (LENGTH_MEASURE( 1.000000000000000082E-05 ), #2247, 'distance_accuracy_value', 'NONE');
#1902 = ORIENTED_EDGE ( 'NONE', *, *, #823, .T. ) ;
#1903 = DIRECTION ( 'NONE',  ( -1.000000000000000000, -0.000000000000000000, 0.000000000000000000 ) ) ;
#1904 =( NAMED_UNIT ( * ) PLANE_ANGLE_UNIT ( ) SI_UNIT ( $, .RADIAN. ) );
#1905 = UNCERTAINTY_MEASURE_WITH_UNIT (LENGTH_MEASURE( 1.000000000000000082E-05 ), #955, 'distance_accuracy_value', 'NONE');
#1906 = CARTESIAN_POINT ( 'NONE',  ( 100.0000000000000000, -3.497604572838870365E-13, -4.999999999999986677 ) ) ;
#1907 = VECTOR ( 'NONE', #2375, 1000.000000000000114 ) ;
#1908 =( NAMED_UNIT ( * ) PLANE_ANGLE_UNIT ( ) SI_UNIT ( $, .RADIAN. ) );
#1909 = ORIENTED_EDGE ( 'NONE', *, *, #751, .T. ) ;
#1910 = AXIS2_PLACEMENT_3D ( 'NONE', #1347, #364, #594 ) ;
#1911 = PRESENTATION_STYLE_ASSIGNMENT (( #1382 ) ) ;
#1912 = CARTESIAN_POINT ( 'NONE',  ( 0.4783818493150895357, 25.00000000000000000, 15.81121575342466379 ) ) ;
#1913 = VECTOR ( 'NONE', #409, 1000.000000000000000 ) ;
#1914 = FACE_OUTER_BOUND ( 'NONE', #2105, .T. ) ;
#1915 = ORIENTED_EDGE ( 'NONE', *, *, #2294, .T. ) ;
#1916 = VECTOR ( 'NONE', #1482, 1000.000000000000000 ) ;
#1917 = EDGE_CURVE ( 'NONE', #1346, #1863, #1309, .T. ) ;
#1918 = SURFACE_SIDE_STYLE ('',( #387 ) ) ;
#1919 = VECTOR ( 'NONE', #1310, 1000.000000000000114 ) ;
#1920 = STYLED_ITEM ( 'NONE', ( #2300 ), #723 ) ;
#1921 = CARTESIAN_POINT ( 'NONE',  ( 0.000000000000000000, -2.618611004132350648E-13, 75.00000000000001421 ) ) ;
#1922 = ADVANCED_FACE ( 'NONE', ( #1536 ), #173, .T. ) ;
#1923 = VECTOR ( 'NONE', #1123, 1000.000000000000000 ) ;
#1924 = MECHANICAL_DESIGN_GEOMETRIC_PRESENTATION_REPRESENTATION (  '', ( #1717 ), #2259 ) ;
#1925 = DIRECTION ( 'NONE',  ( 0.000000000000000000, 0.8736693556180568088, 0.4865201507172434159 ) ) ;
#1926 = LINE ( 'NONE', #392, #2168 ) ;
#1927 = ORIENTED_EDGE ( 'NONE', *, *, #1648, .T. ) ;
#1928 = MECHANICAL_DESIGN_GEOMETRIC_PRESENTATION_REPRESENTATION (  '', ( #326 ), #2475 ) ;
#1929 = CARTESIAN_POINT ( 'NONE',  ( 6.123233995736742617E-16, 75.00000000000001421, -4.999999999999975131 ) ) ;
#1930 = VERTEX_POINT ( 'NONE', #913 ) ;
#1931 = CARTESIAN_POINT ( 'NONE',  ( 6.575342465753445609, 20.00000000000000000, 10.00000000000000533 ) ) ;
#1932 = VECTOR ( 'NONE', #2252, 1000.000000000000227 ) ;
#1933 = PRESENTATION_STYLE_ASSIGNMENT (( #1702 ) ) ;
#1934 = PLANE ( 'NONE',  #1707 ) ;
#1935 = EDGE_CURVE ( 'NONE', #2586, #1830, #1526, .T. ) ;
#1936 = DIRECTION ( 'NONE',  ( -0.000000000000000000, -0.000000000000000000, 1.000000000000000000 ) ) ;
#1937 = UNCERTAINTY_MEASURE_WITH_UNIT (LENGTH_MEASURE( 1.000000000000000082E-05 ), #2569, 'distance_accuracy_value', 'NONE');
#1938 = CARTESIAN_POINT ( 'NONE',  ( 25.00000000000001776, -14.81271404109589795, -0.4944349315068510275 ) ) ;
#1939 = ORIENTED_EDGE ( 'NONE', *, *, #493, .T. ) ;
#1940 = CARTESIAN_POINT ( 'NONE',  ( 0.000000000000000000, 0.000000000000000000, 0.000000000000000000 ) ) ;
#1941 = DIRECTION ( 'NONE',  ( 0.000000000000000000, -0.4967432862649684422, -0.8678975213414770185 ) ) ;
#1942 = FACE_OUTER_BOUND ( 'NONE', #1178, .T. ) ;
#1943 = ORIENTED_EDGE ( 'NONE', *, *, #462, .F. ) ;
#1944 = CARTESIAN_POINT ( 'NONE',  ( -5.130565068493131875, -12.67123287671233456, 20.00000000000000000 ) ) ;
#1945 =( LENGTH_UNIT ( ) NAMED_UNIT ( * ) SI_UNIT ( .MILLI., .METRE. ) );
#1946 = DIRECTION ( 'NONE',  ( 0.000000000000000000, -1.000000000000000000, 0.000000000000000000 ) ) ;
#1947 = DIRECTION ( 'NONE',  ( -0.5938603754279599967, -0.8045681167536794520, 0.000000000000000000 ) ) ;
#1948 = CYLINDRICAL_SURFACE ( 'NONE', #1844, 4.999999999999986677 ) ;
#1949 = DIRECTION ( 'NONE',  ( -1.000000000000000000, 0.000000000000000000, 0.000000000000000000 ) ) ;
#1950 = DIRECTION ( 'NONE',  ( 0.000000000000000000, 0.000000000000000000, 1.000000000000000000 ) ) ;
#1951 = MECHANICAL_DESIGN_GEOMETRIC_PRESENTATION_REPRESENTATION (  '', ( #2538 ), #687 ) ;
#1952 = EDGE_LOOP ( 'NONE', ( #457, #118 ) ) ;
#1953 = LINE ( 'NONE', #187, #90 ) ;
#1954 =( GEOMETRIC_REPRESENTATION_CONTEXT ( 3 ) GLOBAL_UNCERTAINTY_ASSIGNED_CONTEXT ( ( #925 ) ) GLOBAL_UNIT_ASSIGNED_CONTEXT ( ( #57, #266, #433 ) ) REPRESENTATION_CONTEXT ( 'NONE', 'WORKASPACE' ) );
#1955 =( NAMED_UNIT ( * ) SI_UNIT ( $, .STERADIAN. ) SOLID_ANGLE_UNIT ( ) );
#1956 =( GEOMETRIC_REPRESENTATION_CONTEXT ( 3 ) GLOBAL_UNCERTAINTY_ASSIGNED_CONTEXT ( ( #2507 ) ) GLOBAL_UNIT_ASSIGNED_CONTEXT ( ( #1543, #372, #2515 ) ) REPRESENTATION_CONTEXT ( 'NONE', 'WORKASPACE' ) );
#1957 =( GEOMETRIC_REPRESENTATION_CONTEXT ( 3 ) GLOBAL_UNCERTAINTY_ASSIGNED_CONTEXT ( ( #1522 ) ) GLOBAL_UNIT_ASSIGNED_CONTEXT ( ( #1497, #1103, #762 ) ) REPRESENTATION_CONTEXT ( 'NONE', 'WORKASPACE' ) );
#1958 = AXIS2_PLACEMENT_3D ( 'NONE', #287, #248, #1233 ) ;
#1959 = DIRECTION ( 'NONE',  ( -0.000000000000000000, -0.000000000000000000, 1.000000000000000000 ) ) ;
#1960 = DIRECTION ( 'NONE',  ( 1.000000000000000000, -0.000000000000000000, -0.000000000000000000 ) ) ;
#1961 =( GEOMETRIC_REPRESENTATION_CONTEXT ( 3 ) GLOBAL_UNCERTAINTY_ASSIGNED_CONTEXT ( ( #1901 ) ) GLOBAL_UNIT_ASSIGNED_CONTEXT ( ( #2247, #2456, #1663 ) ) REPRESENTATION_CONTEXT ( 'NONE', 'WORKASPACE' ) );
#1962 = FACE_OUTER_BOUND ( 'NONE', #901, .T. ) ;
#1963 = ORIENTED_EDGE ( 'NONE', *, *, #1545, .F. ) ;
#1964 = PRESENTATION_STYLE_ASSIGNMENT (( #1169 ) ) ;
#1965 =( NAMED_UNIT ( * ) PLANE_ANGLE_UNIT ( ) SI_UNIT ( $, .RADIAN. ) );
#1966 = EDGE_CURVE ( 'NONE', #947, #1369, #1515, .T. ) ;
#1967 = ORIENTED_EDGE ( 'NONE', *, *, #267, .F. ) ;
#1968 = CYLINDRICAL_SURFACE ( 'NONE', #1332, 4.999999999999986677 ) ;
#1969 = ORIENTED_EDGE ( 'NONE', *, *, #1432, .T. ) ;
#1970 = CARTESIAN_POINT ( 'NONE',  ( 100.0000000000000000, -3.491481338843133355E-13, 4.999999999999986677 ) ) ;
#1971 = COLOUR_RGB ( '',0.1176470588235294101, 0.4039215686274509887, 0.8823529411764705621 ) ;
#1972 =( NAMED_UNIT ( * ) PLANE_ANGLE_UNIT ( ) SI_UNIT ( $, .RADIAN. ) );
#1973 = DIRECTION ( 'NONE',  ( -1.000000000000000000, 3.491481338843133355E-15, 0.000000000000000000 ) ) ;
#1974 = SURFACE_STYLE_FILL_AREA ( #658 ) ;
#1975 = FACE_OUTER_BOUND ( 'NONE', #208, .T. ) ;
#1976 = FILL_AREA_STYLE ('',( #2583 ) ) ;
#1977 = CARTESIAN_POINT ( 'NONE',  ( 75.00000000000001421, -2.633919089121692162E-13, 12.50000000000000000 ) ) ;
#1978 = VERTEX_POINT ( 'NONE', #2306 ) ;
#1979 = EDGE_CURVE ( 'NONE', #160, #877, #1091, .T. ) ;
#1980 = ORIENTED_EDGE ( 'NONE', *, *, #982, .F. ) ;
#1981 = FILL_AREA_STYLE ('',( #400 ) ) ;
#1982 = FACE_OUTER_BOUND ( 'NONE', #1175, .T. ) ;
#1983 = SURFACE_STYLE_USAGE ( .BOTH. , #1812 ) ;
#1984 = DIRECTION ( 'NONE',  ( 0.000000000000000000, 0.000000000000000000, 1.000000000000000000 ) ) ;
#1985 =( LENGTH_UNIT ( ) NAMED_UNIT ( * ) SI_UNIT ( .MILLI., .METRE. ) );
#1986 =( LENGTH_UNIT ( ) NAMED_UNIT ( * ) SI_UNIT ( .MILLI., .METRE. ) );
#1987 = CARTESIAN_POINT ( 'NONE',  ( 5.438784246575359305, -12.47217465753425181, 20.00000000000000000 ) ) ;
#1988 = EDGE_LOOP ( 'NONE', ( #1806, #883, #1969, #1902 ) ) ;
#1989 =( NAMED_UNIT ( * ) SI_UNIT ( $, .STERADIAN. ) SOLID_ANGLE_UNIT ( ) );
#1990 = EDGE_CURVE ( 'NONE', #1830, #1198, #1593, .T. ) ;
#1991 = PRESENTATION_LAYER_ASSIGNMENT (  '', '', ( #2035 ) ) ;
#1992 = ORIENTED_EDGE ( 'NONE', *, *, #1120, .F. ) ;
#1993 = SURFACE_SIDE_STYLE ('',( #1222 ) ) ;
#1994 = COLOUR_RGB ( '',1.000000000000000000, 0.1490196078431372528, 0.1490196078431372528 ) ;
#1995 = DIRECTION ( 'NONE',  ( 0.000000000000000000, 0.000000000000000000, 1.000000000000000000 ) ) ;
#1996 =( NAMED_UNIT ( * ) PLANE_ANGLE_UNIT ( ) SI_UNIT ( $, .RADIAN. ) );
#1997 = DIRECTION ( 'NONE',  ( 0.000000000000000000, -1.000000000000000000, 0.000000000000000000 ) ) ;
#1998 = PRESENTATION_LAYER_ASSIGNMENT (  '', '', ( #1426 ) ) ;
#1999 = EDGE_CURVE ( 'NONE', #980, #1792, #1336, .T. ) ;
#2000 =( LENGTH_UNIT ( ) NAMED_UNIT ( * ) SI_UNIT ( .MILLI., .METRE. ) );
#2001 = VECTOR ( 'NONE', #1237, 1000.000000000000114 ) ;
#2002 =( GEOMETRIC_REPRESENTATION_CONTEXT ( 3 ) GLOBAL_UNCERTAINTY_ASSIGNED_CONTEXT ( ( #566 ) ) GLOBAL_UNIT_ASSIGNED_CONTEXT ( ( #1442, #1193, #2230 ) ) REPRESENTATION_CONTEXT ( 'NONE', 'WORKASPACE' ) );
#2003 = PLANE ( 'NONE',  #2506 ) ;
#2004 = ORIENTED_EDGE ( 'NONE', *, *, #2046, .T. ) ;
#2005 = CARTESIAN_POINT ( 'NONE',  ( 20.00000000000001776, -25.00000000000000711, -2.854238013698632059 ) ) ;
#2006 = STYLED_ITEM ( 'NONE', ( #2221 ), #1353 ) ;
#2007 = CARTESIAN_POINT ( 'NONE',  ( 0.000000000000000000, -3.491481338843133355E-13, 100.0000000000000000 ) ) ;
#2008 = ORIENTED_EDGE ( 'NONE', *, *, #1270, .T. ) ;
#2009 = DIRECTION ( 'NONE',  ( 0.000000000000000000, 0.000000000000000000, -1.000000000000000000 ) ) ;
#2010 = ORIENTED_EDGE ( 'NONE', *, *, #26, .F. ) ;
#2011 = PRESENTATION_STYLE_ASSIGNMENT (( #259 ) ) ;
#2012 = MECHANICAL_DESIGN_GEOMETRIC_PRESENTATION_REPRESENTATION (  '', ( #1057 ), #1688 ) ;
#2013 = LINE ( 'NONE', #2049, #2500 ) ;
#2014 = PLANE ( 'NONE',  #2584 ) ;
#2015 = UNCERTAINTY_MEASURE_WITH_UNIT (LENGTH_MEASURE( 1.000000000000000082E-05 ), #1786, 'distance_accuracy_value', 'NONE');
#2016 = EDGE_CURVE ( 'NONE', #144, #2315, #2112, .T. ) ;
#2017 = LINE ( 'NONE', #15, #653 ) ;
#2018 = DIRECTION ( 'NONE',  ( 1.000000000000000000, 0.000000000000000000, 0.000000000000000000 ) ) ;
#2019 = EDGE_LOOP ( 'NONE', ( #1034, #886, #754, #1244 ) ) ;
#2020 = SURFACE_STYLE_USAGE ( .BOTH. , #851 ) ;
#2021 = VERTEX_POINT ( 'NONE', #1138 ) ;
#2022 = CARTESIAN_POINT ( 'NONE',  ( 3.534888698630158643, 20.00000000000000000, 10.00000000000000533 ) ) ;
#2023 = CARTESIAN_POINT ( 'NONE',  ( -1.836472602739708471, -22.32876712328767965, 20.00000000000000000 ) ) ;
#2024 = CARTESIAN_POINT ( 'NONE',  ( 5.650684931506866349, -22.32876712328767965, 20.00000000000000000 ) ) ;
#2025 = LINE ( 'NONE', #824, #447 ) ;
#2026 = ADVANCED_FACE ( 'NONE', ( #1012 ), #192, .T. ) ;
#2027 = DIRECTION ( 'NONE',  ( 0.000000000000000000, -1.000000000000000000, -0.000000000000000000 ) ) ;
#2028 = PRESENTATION_STYLE_ASSIGNMENT (( #2405 ) ) ;
#2029 = PRESENTATION_STYLE_ASSIGNMENT (( #629 ) ) ;
#2030 =( NAMED_UNIT ( * ) PLANE_ANGLE_UNIT ( ) SI_UNIT ( $, .RADIAN. ) );
#2031 = VERTEX_POINT ( 'NONE', #285 ) ;
#2032 = VERTEX_POINT ( 'NONE', #1405 ) ;
#2033 = CARTESIAN_POINT ( 'NONE',  ( 5.650684931506866349, -25.00000000000000355, 20.00000000000000000 ) ) ;
#2034 = CARTESIAN_POINT ( 'NONE',  ( 25.00000000000001776, -17.00556506849315852, -1.958476027397261232 ) ) ;
#2035 = STYLED_ITEM ( 'NONE', ( #652 ), #13 ) ;
#2036 = CARTESIAN_POINT ( 'NONE',  ( 20.00000000000001776, -25.00000000000000711, -2.854238013698632059 ) ) ;
#2037 = VECTOR ( 'NONE', #2281, 1000.000000000000000 ) ;
#2038 = COLOUR_RGB ( '',1.000000000000000000, 1.000000000000000000, 1.000000000000000000 ) ;
#2039 = CARTESIAN_POINT ( 'NONE',  ( 1.530808498934191521E-15, 75.00000000000001421, 12.50000000000000000 ) ) ;
#2040 = AXIS2_PLACEMENT_3D ( 'NONE', #463, #2201, #1228 ) ;
#2041 = STYLED_ITEM ( 'NONE', ( #54 ), #809 ) ;
#2042 =( NAMED_UNIT ( * ) PLANE_ANGLE_UNIT ( ) SI_UNIT ( $, .RADIAN. ) );
#2043 = VERTEX_POINT ( 'NONE', #1371 ) ;
#2044 = CARTESIAN_POINT ( 'NONE',  ( 20.00000000000001776, -19.34610445205480289, 0.1830051369862998878 ) ) ;
#2045 = AXIS2_PLACEMENT_3D ( 'NONE', #2444, #2401, #677 ) ;
#2046 = EDGE_CURVE ( 'NONE', #813, #1389, #867, .T. ) ;
#2047 = VERTEX_POINT ( 'NONE', #2402 ) ;
#2048 = PRESENTATION_STYLE_ASSIGNMENT (( #458 ) ) ;
#2049 = CARTESIAN_POINT ( 'NONE',  ( 1.849315068493171843, 25.00000000000000000, 18.63013698630137682 ) ) ;
#2050 = FACE_OUTER_BOUND ( 'NONE', #2386, .T. ) ;
#2051 = COLOUR_RGB ( '',0.1176470588235294101, 0.4039215686274509887, 0.8823529411764705621 ) ;
#2052 = CARTESIAN_POINT ( 'NONE',  ( 5.438784246575359305, -12.47217465753425181, 25.00000000000000000 ) ) ;
#2053 = CARTESIAN_POINT ( 'NONE',  ( 20.00000000000001776, -17.05693493150685924, 1.669520547945203770 ) ) ;
#2054 = DIRECTION ( 'NONE',  ( 1.000000000000000000, 0.000000000000000000, 0.000000000000000000 ) ) ;
#2055 = EDGE_LOOP ( 'NONE', ( #2398, #2290 ) ) ;
#2056 = CARTESIAN_POINT ( 'NONE',  ( -2.712970890410937308, 25.00000000000000000, 10.00000000000000533 ) ) ;
#2057 = DIRECTION ( 'NONE',  ( 0.000000000000000000, 1.000000000000000000, 0.000000000000000000 ) ) ;
#2058 = EDGE_LOOP ( 'NONE', ( #1808, #1992, #1142, #1563 ) ) ;
#2059 = SURFACE_STYLE_USAGE ( .BOTH. , #1512 ) ;
#2060 = UNCERTAINTY_MEASURE_WITH_UNIT (LENGTH_MEASURE( 1.000000000000000082E-05 ), #2385, 'distance_accuracy_value', 'NONE');
#2061 = CARTESIAN_POINT ( 'NONE',  ( 1.849315068493171843, 20.00000000000000000, 18.63013698630137682 ) ) ;
#2062 = AXIS2_PLACEMENT_3D ( 'NONE', #871, #510, #1053 ) ;
#2063 =( LENGTH_UNIT ( ) NAMED_UNIT ( * ) SI_UNIT ( .MILLI., .METRE. ) );
#2064 = FILL_AREA_STYLE ('',( #1872 ) ) ;
#2065 = LINE ( 'NONE', #1077, #1644 ) ;
#2066 = EDGE_LOOP ( 'NONE', ( #2559, #917, #506, #1106 ) ) ;
#2067 = CARTESIAN_POINT ( 'NONE',  ( -5.650684931506831710, -25.00000000000000355, 20.00000000000000000 ) ) ;
#2068 = EDGE_CURVE ( 'NONE', #551, #1542, #2166, .T. ) ;
#2069 = EDGE_LOOP ( 'NONE', ( #527, #1044, #422, #2428 ) ) ;
#2070 = SURFACE_SIDE_STYLE ('',( #310 ) ) ;
#2071 = CARTESIAN_POINT ( 'NONE',  ( 20.00000000000001776, -25.00000000000000711, 3.294092465753422960 ) ) ;
#2072 = MECHANICAL_DESIGN_GEOMETRIC_PRESENTATION_REPRESENTATION (  '', ( #1747 ), #808 ) ;
#2073 = CARTESIAN_POINT ( 'NONE',  ( 25.00000000000001776, -25.00000000000000711, -2.854238013698632059 ) ) ;
#2074 = AXIS2_PLACEMENT_3D ( 'NONE', #2023, #443, #1223 ) ;
#2075 = ADVANCED_FACE ( 'NONE', ( #401, #832 ), #1778, .F. ) ;
#2076 = SURFACE_STYLE_USAGE ( .BOTH. , #511 ) ;
#2077 = FILL_AREA_STYLE_COLOUR ( '', #1099 ) ;
#2078 =( GEOMETRIC_REPRESENTATION_CONTEXT ( 3 ) GLOBAL_UNCERTAINTY_ASSIGNED_CONTEXT ( ( #2060 ) ) GLOBAL_UNIT_ASSIGNED_CONTEXT ( ( #2385, #1445, #2231 ) ) REPRESENTATION_CONTEXT ( 'NONE', 'WORKASPACE' ) );
#2079 = VERTEX_POINT ( 'NONE', #1391 ) ;
#2080 = DIRECTION ( 'NONE',  ( 0.000000000000000000, -1.000000000000000000, 0.000000000000000000 ) ) ;
#2081 =( NAMED_UNIT ( * ) SI_UNIT ( $, .STERADIAN. ) SOLID_ANGLE_UNIT ( ) );
#2082 = VECTOR ( 'NONE', #2503, 999.9999999999998863 ) ;
#2083 = UNCERTAINTY_MEASURE_WITH_UNIT (LENGTH_MEASURE( 1.000000000000000082E-05 ), #1568, 'distance_accuracy_value', 'NONE');
#2084 = AXIS2_PLACEMENT_3D ( 'NONE', #1140, #544, #2351 ) ;
#2085 = ORIENTED_EDGE ( 'NONE', *, *, #1639, .F. ) ;
#2086 = VECTOR ( 'NONE', #1460, 1000.000000000000000 ) ;
#2087 = CARTESIAN_POINT ( 'NONE',  ( 20.00000000000001776, -10.00000000000000888, 2.064426369863011868 ) ) ;
#2088 =( GEOMETRIC_REPRESENTATION_CONTEXT ( 3 ) GLOBAL_UNCERTAINTY_ASSIGNED_CONTEXT ( ( #1722 ) ) GLOBAL_UNIT_ASSIGNED_CONTEXT ( ( #772, #379, #2333 ) ) REPRESENTATION_CONTEXT ( 'NONE', 'WORKASPACE' ) );
#2089 = DIRECTION ( 'NONE',  ( 0.000000000000000000, 0.000000000000000000, 1.000000000000000000 ) ) ;
#2090 = UNCERTAINTY_MEASURE_WITH_UNIT (LENGTH_MEASURE( 1.000000000000000082E-05 ), #654, 'distance_accuracy_value', 'NONE');
#2091 = SURFACE_SIDE_STYLE ('',( #78 ) ) ;
#2092 = FACE_OUTER_BOUND ( 'NONE', #214, .T. ) ;
#2093 = DIRECTION ( 'NONE',  ( -0.000000000000000000, 1.000000000000000000, -0.000000000000000000 ) ) ;
#2094 = ADVANCED_FACE ( 'NONE', ( #1982 ), #5, .T. ) ;
#2095 = COLOUR_RGB ( '',0.3254901960784313819, 0.7843137254901960675, 0.01568627450980392135 ) ;
#2096 = LINE ( 'NONE', #328, #1255 ) ;
#2097 = ORIENTED_EDGE ( 'NONE', *, *, #2374, .T. ) ;
#2098 =( LENGTH_UNIT ( ) NAMED_UNIT ( * ) SI_UNIT ( .MILLI., .METRE. ) );
#2099 =( NAMED_UNIT ( * ) PLANE_ANGLE_UNIT ( ) SI_UNIT ( $, .RADIAN. ) );
#2100 = ORIENTED_EDGE ( 'NONE', *, *, #900, .T. ) ;
#2101 = CARTESIAN_POINT ( 'NONE',  ( -5.130565068493131875, -10.00000000000000533, 20.00000000000000000 ) ) ;
#2102 = SURFACE_SIDE_STYLE ('',( #107 ) ) ;
#2103 = ADVANCED_FACE ( 'NONE', ( #885 ), #530, .T. ) ;
#2104 = CARTESIAN_POINT ( 'NONE',  ( 1.762628424657552539, -12.67123287671233456, 20.00000000000000000 ) ) ;
#2105 = EDGE_LOOP ( 'NONE', ( #1118, #1457, #1359, #2276, #1577, #2489, #2269, #721, #1927, #2382, #1048, #2268, #2162 ) ) ;
#2106 = CARTESIAN_POINT ( 'NONE',  ( 20.00000000000001776, -10.00000000000000888, -6.010273972602740322 ) ) ;
#2107 = LINE ( 'NONE', #2504, #750 ) ;
#2108 = UNCERTAINTY_MEASURE_WITH_UNIT (LENGTH_MEASURE( 1.000000000000000082E-05 ), #1127, 'distance_accuracy_value', 'NONE');
#2109 = EDGE_CURVE ( 'NONE', #1857, #295, #1267, .T. ) ;
#2110 = EDGE_LOOP ( 'NONE', ( #1596, #1196, #2493, #1572 ) ) ;
#2111 = FILL_AREA_STYLE_COLOUR ( '', #852 ) ;
#2112 = LINE ( 'NONE', #347, #1923 ) ;
#2113 = FILL_AREA_STYLE ('',( #2145 ) ) ;
#2114 = VECTOR ( 'NONE', #1997, 1000.000000000000000 ) ;
#2115 = FILL_AREA_STYLE_COLOUR ( '', #2211 ) ;
#2116 = EDGE_LOOP ( 'NONE', ( #2133, #1221, #428, #1006 ) ) ;
#2117 = COLOUR_RGB ( '',1.000000000000000000, 0.1490196078431372528, 0.1490196078431372528 ) ;
#2118 = COLOUR_RGB ( '',1.000000000000000000, 0.1490196078431372528, 0.1490196078431372528 ) ;
#2119 = STYLED_ITEM ( 'NONE', ( #2320 ), #684 ) ;
#2120 = CARTESIAN_POINT ( 'NONE',  ( 20.00000000000001776, -10.00000000000000888, -3.152825342465754410 ) ) ;
#2121 = ORIENTED_EDGE ( 'NONE', *, *, #436, .T. ) ;
#2122 = PLANE ( 'NONE',  #2210 ) ;
#2123 = SURFACE_STYLE_USAGE ( .BOTH. , #759 ) ;
#2124 = STYLED_ITEM ( 'NONE', ( #1911 ), #1465 ) ;
#2125 =( GEOMETRIC_REPRESENTATION_CONTEXT ( 3 ) GLOBAL_UNCERTAINTY_ASSIGNED_CONTEXT ( ( #91 ) ) GLOBAL_UNIT_ASSIGNED_CONTEXT ( ( #588, #1908, #952 ) ) REPRESENTATION_CONTEXT ( 'NONE', 'WORKASPACE' ) );
#2126 = EDGE_CURVE ( 'NONE', #1198, #1830, #2432, .T. ) ;
#2127 = STYLED_ITEM ( 'NONE', ( #2154 ), #922 ) ;
#2128 = SURFACE_STYLE_FILL_AREA ( #881 ) ;
#2129 = MECHANICAL_DESIGN_GEOMETRIC_PRESENTATION_REPRESENTATION (  '', ( #1174 ), #2376 ) ;
#2130 = VECTOR ( 'NONE', #161, 1000.000000000000000 ) ;
#2131 = CARTESIAN_POINT ( 'NONE',  ( 25.00000000000001776, -17.05693493150685924, 1.669520547945203770 ) ) ;
#2132 = FACE_OUTER_BOUND ( 'NONE', #1818, .T. ) ;
#2133 = ORIENTED_EDGE ( 'NONE', *, *, #1438, .F. ) ;
#2134 = PRESENTATION_STYLE_ASSIGNMENT (( #1570 ) ) ;
#2135 = VECTOR ( 'NONE', #2057, 1000.000000000000000 ) ;
#2136 = MECHANICAL_DESIGN_GEOMETRIC_PRESENTATION_REPRESENTATION (  '', ( #456 ), #789 ) ;
#2137 = PLANE ( 'NONE',  #226 ) ;
#2138 = VERTEX_POINT ( 'NONE', #1879 ) ;
#2139 = STYLED_ITEM ( 'NONE', ( #2526 ), #2217 ) ;
#2140 = FILL_AREA_STYLE ('',( #572 ) ) ;
#2141 = DIRECTION ( 'NONE',  ( 0.000000000000000000, 0.000000000000000000, -1.000000000000000000 ) ) ;
#2142 = EDGE_CURVE ( 'NONE', #1275, #1346, #2107, .T. ) ;
#2143 = CARTESIAN_POINT ( 'NONE',  ( 25.00000000000001776, -25.00000000000000000, 25.00000000000000000 ) ) ;
#2144 = PRESENTATION_STYLE_ASSIGNMENT (( #174 ) ) ;
#2145 = FILL_AREA_STYLE_COLOUR ( '', #1971 ) ;
#2146 = UNCERTAINTY_MEASURE_WITH_UNIT (LENGTH_MEASURE( 1.000000000000000082E-05 ), #394, 'distance_accuracy_value', 'NONE');
#2147 = DIRECTION ( 'NONE',  ( 0.000000000000000000, 0.000000000000000000, 1.000000000000000000 ) ) ;
#2148 = ORIENTED_EDGE ( 'NONE', *, *, #1438, .T. ) ;
#2149 = SURFACE_STYLE_FILL_AREA ( #1772 ) ;
#2150 =( NAMED_UNIT ( * ) PLANE_ANGLE_UNIT ( ) SI_UNIT ( $, .RADIAN. ) );
#2151 = SURFACE_STYLE_USAGE ( .BOTH. , #1723 ) ;
#2152 = EDGE_LOOP ( 'NONE', ( #25, #2260, #2556, #1032 ) ) ;
#2153 = SURFACE_STYLE_USAGE ( .BOTH. , #1766 ) ;
#2154 = PRESENTATION_STYLE_ASSIGNMENT (( #806 ) ) ;
#2155 = PRESENTATION_STYLE_ASSIGNMENT (( #949 ) ) ;
#2156 = DIRECTION ( 'NONE',  ( 0.000000000000000000, 1.000000000000000000, 3.330669073875469621E-15 ) ) ;
#2157 = EDGE_CURVE ( 'NONE', #800, #747, #936, .T. ) ;
#2158 = CARTESIAN_POINT ( 'NONE',  ( 1.849315068493171843, 20.00000000000000000, 25.00000000000000355 ) ) ;
#2159 = PRESENTATION_STYLE_ASSIGNMENT (( #1530 ) ) ;
#2160 = FILL_AREA_STYLE ('',( #384 ) ) ;
#2161 = VECTOR ( 'NONE', #414, 999.9999999999998863 ) ;
#2162 = ORIENTED_EDGE ( 'NONE', *, *, #2561, .T. ) ;
#2163 = PRESENTATION_LAYER_ASSIGNMENT (  '', '', ( #1752 ) ) ;
#2164 =( GEOMETRIC_REPRESENTATION_CONTEXT ( 3 ) GLOBAL_UNCERTAINTY_ASSIGNED_CONTEXT ( ( #1905 ) ) GLOBAL_UNIT_ASSIGNED_CONTEXT ( ( #955, #1173, #1749 ) ) REPRESENTATION_CONTEXT ( 'NONE', 'WORKASPACE' ) );
#2165 =( NAMED_UNIT ( * ) SI_UNIT ( $, .STERADIAN. ) SOLID_ANGLE_UNIT ( ) );
#2166 = LINE ( 'NONE', #689, #20 ) ;
#2167 = STYLED_ITEM ( 'NONE', ( #904 ), #1617 ) ;
#2168 = VECTOR ( 'NONE', #1355, 1000.000000000000000 ) ;
#2169 = VECTOR ( 'NONE', #2395, 1000.000000000000000 ) ;
#2170 = CARTESIAN_POINT ( 'NONE',  ( 25.00000000000001776, -14.81271404109589795, -0.4944349315068510275 ) ) ;
#2171 = DIRECTION ( 'NONE',  ( 0.000000000000000000, 0.000000000000000000, 1.000000000000000000 ) ) ;
#2172 = SURFACE_SIDE_STYLE ('',( #223 ) ) ;
#2173 = EDGE_CURVE ( 'NONE', #503, #727, #1894, .T. ) ;
#2174 = PRESENTATION_STYLE_ASSIGNMENT (( #1746 ) ) ;
#2175 = FACE_OUTER_BOUND ( 'NONE', #1820, .T. ) ;
#2176 = ORIENTED_EDGE ( 'NONE', *, *, #1979, .T. ) ;
#2177 = DIRECTION ( 'NONE',  ( 0.000000000000000000, -0.8761213546944320862, 0.4820906261776857216 ) ) ;
#2178 = PRESENTATION_LAYER_ASSIGNMENT (  '', '', ( #326 ) ) ;
#2179 = ORIENTED_EDGE ( 'NONE', *, *, #493, .F. ) ;
#2180 = SURFACE_STYLE_USAGE ( .BOTH. , #1058 ) ;
#2181 = MECHANICAL_DESIGN_GEOMETRIC_PRESENTATION_REPRESENTATION (  '', ( #752 ), #157 ) ;
#2182 = LINE ( 'NONE', #1191, #391 ) ;
#2183 = FACE_BOUND ( 'NONE', #2055, .T. ) ;
#2184 = FILL_AREA_STYLE_COLOUR ( '', #2411 ) ;
#2185 = EDGE_CURVE ( 'NONE', #813, #1389, #786, .T. ) ;
#2186 = CARTESIAN_POINT ( 'NONE',  ( 6.575342465753445609, 25.00000000000000000, 10.00000000000000533 ) ) ;
#2187 = ORIENTED_EDGE ( 'NONE', *, *, #1726, .T. ) ;
#2188 =( LENGTH_UNIT ( ) NAMED_UNIT ( * ) SI_UNIT ( .MILLI., .METRE. ) );
#2189 = ORIENTED_EDGE ( 'NONE', *, *, #2192, .T. ) ;
#2190 = CARTESIAN_POINT ( 'NONE',  ( -24.99999999999998579, 25.00000000000000000, -25.00000000000000000 ) ) ;
#2191 =( GEOMETRIC_REPRESENTATION_CONTEXT ( 3 ) GLOBAL_UNCERTAINTY_ASSIGNED_CONTEXT ( ( #2214 ) ) GLOBAL_UNIT_ASSIGNED_CONTEXT ( ( #1422, #1626, #2213 ) ) REPRESENTATION_CONTEXT ( 'NONE', 'WORKASPACE' ) );
#2192 = EDGE_CURVE ( 'NONE', #2021, #2586, #1601, .T. ) ;
#2193 = VERTEX_POINT ( 'NONE', #1115 ) ;
#2194 = CARTESIAN_POINT ( 'NONE',  ( 1.530808498934191719E-15, -12.50000000000026468, 74.99999999999997158 ) ) ;
#2195 = SURFACE_SIDE_STYLE ('',( #622 ) ) ;
#2196 =( NAMED_UNIT ( * ) SI_UNIT ( $, .STERADIAN. ) SOLID_ANGLE_UNIT ( ) );
#2197 = CARTESIAN_POINT ( 'NONE',  ( 6.123233995736767268E-16, 0.000000000000000000, -5.000000000000000000 ) ) ;
#2198 = PRESENTATION_STYLE_ASSIGNMENT (( #810 ) ) ;
#2199 = SURFACE_SIDE_STYLE ('',( #2580 ) ) ;
#2200 = ORIENTED_EDGE ( 'NONE', *, *, #1364, .T. ) ;
#2201 = DIRECTION ( 'NONE',  ( 0.000000000000000000, 0.000000000000000000, -1.000000000000000000 ) ) ;
#2202 = VERTEX_POINT ( 'NONE', #1912 ) ;
#2203 = DIRECTION ( 'NONE',  ( 0.000000000000000000, 0.8809365020626060971, 0.4732344866276124162 ) ) ;
#2204 = MANIFOLD_SOLID_BREP ( 'Body-Move/Copy1', #2454 ) ;
#2205 = VECTOR ( 'NONE', #1026, 1000.000000000000000 ) ;
#2206 = EDGE_LOOP ( 'NONE', ( #744, #375, #644, #128, #2452, #1189, #938, #383, #71 ) ) ;
#2207 = FACE_OUTER_BOUND ( 'NONE', #793, .T. ) ;
#2208 = ADVANCED_FACE ( 'NONE', ( #2341 ), #210, .T. ) ;
#2209 = PLANE ( 'NONE',  #2074 ) ;
#2210 = AXIS2_PLACEMENT_3D ( 'NONE', #171, #570, #2177 ) ;
#2211 = COLOUR_RGB ( '',0.3254901960784313819, 0.7843137254901960675, 0.01568627450980392135 ) ;
#2212 = PRESENTATION_LAYER_ASSIGNMENT (  '', '', ( #94 ) ) ;
#2213 =( NAMED_UNIT ( * ) SI_UNIT ( $, .STERADIAN. ) SOLID_ANGLE_UNIT ( ) );
#2214 = UNCERTAINTY_MEASURE_WITH_UNIT (LENGTH_MEASURE( 1.000000000000000082E-05 ), #1422, 'distance_accuracy_value', 'NONE');
#2215 =( GEOMETRIC_REPRESENTATION_CONTEXT ( 3 ) GLOBAL_UNCERTAINTY_ASSIGNED_CONTEXT ( ( #2108 ) ) GLOBAL_UNIT_ASSIGNED_CONTEXT ( ( #1127, #1972, #1375 ) ) REPRESENTATION_CONTEXT ( 'NONE', 'WORKASPACE' ) );
#2216 = FILL_AREA_STYLE ('',( #1627 ) ) ;
#2217 = MANIFOLD_SOLID_BREP ( 'Cut-Extrude3', #2414 ) ;
#2218 = ORIENTED_EDGE ( 'NONE', *, *, #1281, .F. ) ;
#2219 = FILL_AREA_STYLE ('',( #419 ) ) ;
#2220 = EDGE_LOOP ( 'NONE', ( #707, #324 ) ) ;
#2221 = PRESENTATION_STYLE_ASSIGNMENT (( #2020 ) ) ;
#2222 = ORIENTED_EDGE ( 'NONE', *, *, #1966, .T. ) ;
#2223 = SURFACE_SIDE_STYLE ('',( #2453 ) ) ;
#2224 = PRESENTATION_LAYER_ASSIGNMENT (  '', '', ( #1266 ) ) ;
#2225 = DIRECTION ( 'NONE',  ( 0.000000000000000000, 0.000000000000000000, -1.000000000000000000 ) ) ;
#2226 = UNCERTAINTY_MEASURE_WITH_UNIT (LENGTH_MEASURE( 1.000000000000000082E-05 ), #2229, 'distance_accuracy_value', 'NONE');
#2227 =( GEOMETRIC_REPRESENTATION_CONTEXT ( 3 ) GLOBAL_UNCERTAINTY_ASSIGNED_CONTEXT ( ( #2146 ) ) GLOBAL_UNIT_ASSIGNED_CONTEXT ( ( #394, #2150, #2323 ) ) REPRESENTATION_CONTEXT ( 'NONE', 'WORKASPACE' ) );
#2228 = LINE ( 'NONE', #835, #1678 ) ;
#2229 =( LENGTH_UNIT ( ) NAMED_UNIT ( * ) SI_UNIT ( .MILLI., .METRE. ) );
#2230 =( NAMED_UNIT ( * ) SI_UNIT ( $, .STERADIAN. ) SOLID_ANGLE_UNIT ( ) );
#2231 =( NAMED_UNIT ( * ) SI_UNIT ( $, .STERADIAN. ) SOLID_ANGLE_UNIT ( ) );
#2232 = ORIENTED_EDGE ( 'NONE', *, *, #1779, .F. ) ;
#2233 = LINE ( 'NONE', #1819, #2544 ) ;
#2234 = DIRECTION ( 'NONE',  ( 1.000000000000000000, 0.000000000000000000, 0.000000000000000000 ) ) ;
#2235 = LINE ( 'NONE', #1051, #1907 ) ;
#2236 = CARTESIAN_POINT ( 'NONE',  ( 6.575342465753445609, 25.00000000000000000, 10.00000000000000533 ) ) ;
#2237 = CARTESIAN_POINT ( 'NONE',  ( 6.575342465753445609, 20.00000000000000000, 10.00000000000000533 ) ) ;
#2238 = FACE_OUTER_BOUND ( 'NONE', #1765, .T. ) ;
#2239 = CARTESIAN_POINT ( 'NONE',  ( -1.438356164383539859, 20.00000000000000000, 25.00000000000000355 ) ) ;
#2240 = EDGE_CURVE ( 'NONE', #1209, #1520, #2557, .T. ) ;
#2241 = ORIENTED_EDGE ( 'NONE', *, *, #1893, .T. ) ;
#2242 = LINE ( 'NONE', #2429, #1874 ) ;
#2243 = VERTEX_POINT ( 'NONE', #182 ) ;
#2244 = LINE ( 'NONE', #271, #1338 ) ;
#2245 = DIRECTION ( 'NONE',  ( 0.000000000000000000, 0.000000000000000000, 1.000000000000000000 ) ) ;
#2246 =( GEOMETRIC_REPRESENTATION_CONTEXT ( 3 ) GLOBAL_UNCERTAINTY_ASSIGNED_CONTEXT ( ( #655 ) ) GLOBAL_UNIT_ASSIGNED_CONTEXT ( ( #1597, #1402, #2530 ) ) REPRESENTATION_CONTEXT ( 'NONE', 'WORKASPACE' ) );
#2247 =( LENGTH_UNIT ( ) NAMED_UNIT ( * ) SI_UNIT ( .MILLI., .METRE. ) );
#2248 = PRESENTATION_LAYER_ASSIGNMENT (  '', '', ( #693 ) ) ;
#2249 =( GEOMETRIC_REPRESENTATION_CONTEXT ( 3 ) GLOBAL_UNCERTAINTY_ASSIGNED_CONTEXT ( ( #711 ) ) GLOBAL_UNIT_ASSIGNED_CONTEXT ( ( #1469, #2042, #2254 ) ) REPRESENTATION_CONTEXT ( 'NONE', 'WORKASPACE' ) );
#2250 = AXIS2_PLACEMENT_3D ( 'NONE', #1141, #1731, #1519 ) ;
#2251 = FACE_OUTER_BOUND ( 'NONE', #2116, .T. ) ;
#2252 = DIRECTION ( 'NONE',  ( 0.000000000000000000, 0.8736693556180568088, 0.4865201507172434159 ) ) ;
#2253 = VECTOR ( 'NONE', #1925, 1000.000000000000227 ) ;
#2254 =( NAMED_UNIT ( * ) SI_UNIT ( $, .STERADIAN. ) SOLID_ANGLE_UNIT ( ) );
#2255 = EDGE_CURVE ( 'NONE', #2528, #339, #1764, .T. ) ;
#2256 = ORIENTED_EDGE ( 'NONE', *, *, #1462, .F. ) ;
#2257 = LINE ( 'NONE', #2056, #136 ) ;
#2258 = PRESENTATION_STYLE_ASSIGNMENT (( #492 ) ) ;
#2259 =( GEOMETRIC_REPRESENTATION_CONTEXT ( 3 ) GLOBAL_UNCERTAINTY_ASSIGNED_CONTEXT ( ( #1525 ) ) GLOBAL_UNIT_ASSIGNED_CONTEXT ( ( #235, #692, #1024 ) ) REPRESENTATION_CONTEXT ( 'NONE', 'WORKASPACE' ) );
#2260 = ORIENTED_EDGE ( 'NONE', *, *, #2016, .F. ) ;
#2261 = SURFACE_SIDE_STYLE ('',( #939 ) ) ;
#2262 = FACE_BOUND ( 'NONE', #1952, .T. ) ;
#2263 = DIRECTION ( 'NONE',  ( 0.000000000000000000, -1.000000000000000000, 0.000000000000000000 ) ) ;
#2264 = FILL_AREA_STYLE ('',( #96 ) ) ;
#2265 = DIRECTION ( 'NONE',  ( 0.000000000000000000, -1.000000000000000000, 0.000000000000000000 ) ) ;
#2266 = ADVANCED_FACE ( 'NONE', ( #1249 ), #430, .T. ) ;
#2267 = SURFACE_STYLE_FILL_AREA ( #1055 ) ;
#2268 = ORIENTED_EDGE ( 'NONE', *, *, #1842, .T. ) ;
#2269 = ORIENTED_EDGE ( 'NONE', *, *, #356, .T. ) ;
#2270 = EDGE_CURVE ( 'NONE', #609, #729, #2408, .T. ) ;
#2271 = PLANE ( 'NONE',  #1291 ) ;
#2272 = UNCERTAINTY_MEASURE_WITH_UNIT (LENGTH_MEASURE( 1.000000000000000082E-05 ), #1148, 'distance_accuracy_value', 'NONE');
#2273 = APPLICATION_PROTOCOL_DEFINITION ( 'draft international standard', 'automotive_design', 1998, #2359 ) ;
#2274 = SURFACE_SIDE_STYLE ('',( #93 ) ) ;
#2275 = ADVANCED_BREP_SHAPE_REPRESENTATION ( 'Gizmo_Box', ( #1452, #596, #2204, #1353, #2217, #2062 ), #74 ) ;
#2276 = ORIENTED_EDGE ( 'NONE', *, *, #1315, .T. ) ;
#2277 = LINE ( 'NONE', #2106, #2550 ) ;
#2278 = DIRECTION ( 'NONE',  ( 0.000000000000000000, -0.8829555129358178656, -0.4694566669845544049 ) ) ;
#2279 = EDGE_LOOP ( 'NONE', ( #605, #417, #1330, #1776 ) ) ;
#2280 = DIRECTION ( 'NONE',  ( 0.000000000000000000, 0.000000000000000000, 1.000000000000000000 ) ) ;
#2281 = DIRECTION ( 'NONE',  ( 1.000000000000000000, 0.000000000000000000, 0.000000000000000000 ) ) ;
#2282 = EDGE_CURVE ( 'NONE', #2243, #2509, #265, .T. ) ;
#2283 = FILL_AREA_STYLE_COLOUR ( '', #2553 ) ;
#2284 = LINE ( 'NONE', #2053, #1932 ) ;
#2285 = STYLED_ITEM ( 'NONE', ( #1333 ), #367 ) ;
#2286 = STYLED_ITEM ( 'NONE', ( #887 ), #1046 ) ;
#2287 = ORIENTED_EDGE ( 'NONE', *, *, #2240, .T. ) ;
#2288 = CIRCLE ( 'NONE', #602, 5.000000000000000000 ) ;
#2289 = MECHANICAL_DESIGN_GEOMETRIC_PRESENTATION_REPRESENTATION (  '', ( #2369 ), #2002 ) ;
#2290 = ORIENTED_EDGE ( 'NONE', *, *, #1183, .T. ) ;
#2291 =( GEOMETRIC_REPRESENTATION_CONTEXT ( 3 ) GLOBAL_UNCERTAINTY_ASSIGNED_CONTEXT ( ( #1727 ) ) GLOBAL_UNIT_ASSIGNED_CONTEXT ( ( #1245, #61, #856 ) ) REPRESENTATION_CONTEXT ( 'NONE', 'WORKASPACE' ) );
#2292 = CARTESIAN_POINT ( 'NONE',  ( 1.762628424657552539, -12.67123287671233456, 20.00000000000000000 ) ) ;
#2293 = VECTOR ( 'NONE', #760, 1000.000000000000000 ) ;
#2294 = EDGE_CURVE ( 'NONE', #1771, #1343, #2440, .T. ) ;
#2295 = UNCERTAINTY_MEASURE_WITH_UNIT (LENGTH_MEASURE( 1.000000000000000082E-05 ), #1295, 'distance_accuracy_value', 'NONE');
#2296 = DIRECTION ( 'NONE',  ( 0.000000000000000000, -3.491481338843133355E-15, 1.000000000000000000 ) ) ;
#2297 = SURFACE_STYLE_FILL_AREA ( #1321 ) ;
#2298 = MECHANICAL_DESIGN_GEOMETRIC_PRESENTATION_REPRESENTATION (  '', ( #154 ), #199 ) ;
#2299 = EDGE_CURVE ( 'NONE', #539, #803, #1825, .T. ) ;
#2300 = PRESENTATION_STYLE_ASSIGNMENT (( #138 ) ) ;
#2301 = ORIENTED_EDGE ( 'NONE', *, *, #1999, .T. ) ;
#2302 = CARTESIAN_POINT ( 'NONE',  ( 6.123233995736766282E-16, 10.00000000000000000, 0.000000000000000000 ) ) ;
#2303 = VECTOR ( 'NONE', #863, 1000.000000000000000 ) ;
#2304 = ORIENTED_EDGE ( 'NONE', *, *, #1102, .F. ) ;
#2305 = FILL_AREA_STYLE ('',( #911 ) ) ;
#2306 = CARTESIAN_POINT ( 'NONE',  ( 20.00000000000001776, -25.00000000000000711, -6.421232876712329229 ) ) ;
#2307 = FILL_AREA_STYLE_COLOUR ( '', #1759 ) ;
#2308 = DIRECTION ( 'NONE',  ( -0.000000000000000000, 1.000000000000000000, -0.000000000000000000 ) ) ;
#2309 = CARTESIAN_POINT ( 'NONE',  ( 20.00000000000001776, -10.00000000000000888, -3.152825342465754410 ) ) ;
#2310 = VERTEX_POINT ( 'NONE', #1987 ) ;
#2311 =( NAMED_UNIT ( * ) SI_UNIT ( $, .STERADIAN. ) SOLID_ANGLE_UNIT ( ) );
#2312 = ADVANCED_FACE ( 'NONE', ( #1643 ), #1212, .T. ) ;
#2313 = PRESENTATION_STYLE_ASSIGNMENT (( #720 ) ) ;
#2314 = DIRECTION ( 'NONE',  ( 0.000000000000000000, 0.000000000000000000, -1.000000000000000000 ) ) ;
#2315 = VERTEX_POINT ( 'NONE', #840 ) ;
#2316 = DIRECTION ( 'NONE',  ( 0.000000000000000000, -0.8829555129358178656, -0.4694566669845544049 ) ) ;
#2317 = DIRECTION ( 'NONE',  ( -0.5938603754279599967, -0.8045681167536794520, 0.000000000000000000 ) ) ;
#2318 = SURFACE_STYLE_USAGE ( .BOTH. , #1576 ) ;
#2319 = CLOSED_SHELL ( 'NONE', ( #550, #2457, #723, #479, #919, #1900 ) ) ;
#2320 = PRESENTATION_STYLE_ASSIGNMENT (( #338 ) ) ;
#2321 = EDGE_LOOP ( 'NONE', ( #1529, #676, #2008 ) ) ;
#2322 = STYLED_ITEM ( 'NONE', ( #1562 ), #517 ) ;
#2323 =( NAMED_UNIT ( * ) SI_UNIT ( $, .STERADIAN. ) SOLID_ANGLE_UNIT ( ) );
#2324 = PRESENTATION_LAYER_ASSIGNMENT (  '', '', ( #2418 ) ) ;
#2325 = MECHANICAL_DESIGN_GEOMETRIC_PRESENTATION_REPRESENTATION (  '', ( #484 ), #1954 ) ;
#2326 = ORIENTED_EDGE ( 'NONE', *, *, #869, .T. ) ;
#2327 = CARTESIAN_POINT ( 'NONE',  ( 5.438784246575359305, -10.00000000000000533, 20.00000000000000000 ) ) ;
#2328 = MECHANICAL_DESIGN_GEOMETRIC_PRESENTATION_REPRESENTATION (  '', ( #94 ), #1756 ) ;
#2329 = STYLED_ITEM ( 'NONE', ( #1590 ), #797 ) ;
#2330 = VECTOR ( 'NONE', #1936, 1000.000000000000000 ) ;
#2331 =( GEOMETRIC_REPRESENTATION_CONTEXT ( 3 ) GLOBAL_UNCERTAINTY_ASSIGNED_CONTEXT ( ( #148 ) ) GLOBAL_UNIT_ASSIGNED_CONTEXT ( ( #1945, #2349, #1955 ) ) REPRESENTATION_CONTEXT ( 'NONE', 'WORKASPACE' ) );
#2332 = DIRECTION ( 'NONE',  ( -0.8045681167536795630, 0.5938603754279599967, 0.000000000000000000 ) ) ;
#2333 =( NAMED_UNIT ( * ) SI_UNIT ( $, .STERADIAN. ) SOLID_ANGLE_UNIT ( ) );
#2334 = AXIS2_PLACEMENT_3D ( 'NONE', #1363, #335, #122 ) ;
#2335 =( GEOMETRIC_REPRESENTATION_CONTEXT ( 3 ) GLOBAL_UNCERTAINTY_ASSIGNED_CONTEXT ( ( #1624 ) ) GLOBAL_UNIT_ASSIGNED_CONTEXT ( ( #1401, #620, #1989 ) ) REPRESENTATION_CONTEXT ( 'NONE', 'WORKASPACE' ) );
#2336 = DIRECTION ( 'NONE',  ( 0.000000000000000000, 0.8736693556180568088, 0.4865201507172434159 ) ) ;
#2337 = FACE_OUTER_BOUND ( 'NONE', #1750, .T. ) ;
#2338 = DIRECTION ( 'NONE',  ( -1.000000000000000000, 0.000000000000000000, 0.000000000000000000 ) ) ;
#2339 = VERTEX_POINT ( 'NONE', #630 ) ;
#2340 = CARTESIAN_POINT ( 'NONE',  ( -5.650684931506831710, -22.67551369863014088, 25.00000000000000000 ) ) ;
#2341 = FACE_OUTER_BOUND ( 'NONE', #1891, .T. ) ;
#2342 = MECHANICAL_DESIGN_GEOMETRIC_PRESENTATION_REPRESENTATION (  '', ( #288 ), #406 ) ;
#2343 = EDGE_CURVE ( 'NONE', #1070, #551, #1411, .T. ) ;
#2344 = AXIS2_PLACEMENT_3D ( 'NONE', #464, #1194, #673 ) ;
#2345 = CARTESIAN_POINT ( 'NONE',  ( 3.534888698630158643, 20.00000000000000000, 10.00000000000000533 ) ) ;
#2346 = ORIENTED_EDGE ( 'NONE', *, *, #1416, .F. ) ;
#2347 =( NAMED_UNIT ( * ) PLANE_ANGLE_UNIT ( ) SI_UNIT ( $, .RADIAN. ) );
#2348 = LINE ( 'NONE', #582, #1119 ) ;
#2349 =( NAMED_UNIT ( * ) PLANE_ANGLE_UNIT ( ) SI_UNIT ( $, .RADIAN. ) );
#2350 = EDGE_CURVE ( 'NONE', #2528, #144, #2284, .T. ) ;
#2351 = DIRECTION ( 'NONE',  ( 1.000000000000000000, 0.000000000000000000, 0.000000000000000000 ) ) ;
#2352 =( LENGTH_UNIT ( ) NAMED_UNIT ( * ) SI_UNIT ( .MILLI., .METRE. ) );
#2353 = SURFACE_SIDE_STYLE ('',( #1569 ) ) ;
#2354 = ORIENTED_EDGE ( 'NONE', *, *, #2173, .F. ) ;
#2355 = PLANE ( 'NONE',  #1472 ) ;
#2356 =( NAMED_UNIT ( * ) SI_UNIT ( $, .STERADIAN. ) SOLID_ANGLE_UNIT ( ) );
#2357 = EDGE_LOOP ( 'NONE', ( #1732, #2365, #1943, #547 ) ) ;
#2358 =( NAMED_UNIT ( * ) PLANE_ANGLE_UNIT ( ) SI_UNIT ( $, .RADIAN. ) );
#2359 = APPLICATION_CONTEXT ( 'automotive_design' ) ;
#2360 =( LENGTH_UNIT ( ) NAMED_UNIT ( * ) SI_UNIT ( .MILLI., .METRE. ) );
#2361 = ADVANCED_FACE ( 'NONE', ( #683 ), #1861, .T. ) ;
#2362 = LINE ( 'NONE', #2170, #783 ) ;
#2363 =( LENGTH_UNIT ( ) NAMED_UNIT ( * ) SI_UNIT ( .MILLI., .METRE. ) );
#2364 =( NAMED_UNIT ( * ) PLANE_ANGLE_UNIT ( ) SI_UNIT ( $, .RADIAN. ) );
#2365 = ORIENTED_EDGE ( 'NONE', *, *, #1700, .F. ) ;
#2366 = CARTESIAN_POINT ( 'NONE',  ( 20.00000000000001776, -14.81271404109589795, -0.4944349315068510275 ) ) ;
#2367 = ORIENTED_EDGE ( 'NONE', *, *, #992, .F. ) ;
#2368 = VECTOR ( 'NONE', #1072, 1000.000000000000000 ) ;
#2369 = STYLED_ITEM ( 'NONE', ( #2029 ), #1517 ) ;
#2370 = ORIENTED_EDGE ( 'NONE', *, *, #166, .F. ) ;
#2371 = MECHANICAL_DESIGN_GEOMETRIC_PRESENTATION_REPRESENTATION (  '', ( #928 ), #2249 ) ;
#2372 = SURFACE_SIDE_STYLE ('',( #1790 ) ) ;
#2373 = DIRECTION ( 'NONE',  ( 0.000000000000000000, 0.000000000000000000, 1.000000000000000000 ) ) ;
#2374 = EDGE_CURVE ( 'NONE', #877, #396, #1112, .T. ) ;
#2375 = DIRECTION ( 'NONE',  ( -0.4803146228655843508, 0.000000000000000000, 0.8770962678415018532 ) ) ;
#2376 =( GEOMETRIC_REPRESENTATION_CONTEXT ( 3 ) GLOBAL_UNCERTAINTY_ASSIGNED_CONTEXT ( ( #1328 ) ) GLOBAL_UNIT_ASSIGNED_CONTEXT ( ( #150, #2521, #2533 ) ) REPRESENTATION_CONTEXT ( 'NONE', 'WORKASPACE' ) );
#2377 = STYLED_ITEM ( 'NONE', ( #2011 ), #970 ) ;
#2378 =( NAMED_UNIT ( * ) SI_UNIT ( $, .STERADIAN. ) SOLID_ANGLE_UNIT ( ) );
#2379 = CARTESIAN_POINT ( 'NONE',  ( 6.123233995736927999E-16, 5.000000000000000000, 1.745740669421566993E-14 ) ) ;
#2380 = UNCERTAINTY_MEASURE_WITH_UNIT (LENGTH_MEASURE( 1.000000000000000082E-05 ), #1020, 'distance_accuracy_value', 'NONE');
#2381 = FILL_AREA_STYLE ('',( #1441 ) ) ;
#2382 = ORIENTED_EDGE ( 'NONE', *, *, #1528, .T. ) ;
#2383 = PRESENTATION_STYLE_ASSIGNMENT (( #1803 ) ) ;
#2384 = EDGE_CURVE ( 'NONE', #1022, #1792, #1890, .T. ) ;
#2385 =( LENGTH_UNIT ( ) NAMED_UNIT ( * ) SI_UNIT ( .MILLI., .METRE. ) );
#2386 = EDGE_LOOP ( 'NONE', ( #1242, #1828, #14, #2200 ) ) ;
#2387 = DIRECTION ( 'NONE',  ( 1.000000000000000000, -0.000000000000000000, -0.000000000000000000 ) ) ;
#2388 = AXIS2_PLACEMENT_3D ( 'NONE', #116, #746, #341 ) ;
#2389 = ORIENTED_EDGE ( 'NONE', *, *, #960, .F. ) ;
#2390 = FILL_AREA_STYLE ('',( #821 ) ) ;
#2391 = PRESENTATION_LAYER_ASSIGNMENT (  '', '', ( #752 ) ) ;
#2392 = CARTESIAN_POINT ( 'NONE',  ( -24.99999999999998579, -25.00000000000000000, -25.00000000000000000 ) ) ;
#2393 = DIRECTION ( 'NONE',  ( 0.000000000000000000, 0.000000000000000000, 1.000000000000000000 ) ) ;
#2394 = EDGE_LOOP ( 'NONE', ( #1109, #898 ) ) ;
#2395 = DIRECTION ( 'NONE',  ( -0.000000000000000000, 1.000000000000000000, -0.000000000000000000 ) ) ;
#2396 = DIRECTION ( 'NONE',  ( 0.000000000000000000, 0.000000000000000000, -1.000000000000000000 ) ) ;
#2397 = EDGE_CURVE ( 'NONE', #1633, #2032, #1466, .T. ) ;
#2398 = ORIENTED_EDGE ( 'NONE', *, *, #1016, .T. ) ;
#2399 = FACE_OUTER_BOUND ( 'NONE', #420, .T. ) ;
#2400 = ORIENTED_EDGE ( 'NONE', *, *, #2350, .F. ) ;
#2401 = DIRECTION ( 'NONE',  ( -0.000000000000000000, 1.000000000000000000, -0.000000000000000000 ) ) ;
#2402 = CARTESIAN_POINT ( 'NONE',  ( -1.836472602739708471, -22.32876712328767965, 20.00000000000000000 ) ) ;
#2403 = CARTESIAN_POINT ( 'NONE',  ( 20.00000000000001776, -19.34610445205480289, 0.1830051369862998878 ) ) ;
#2404 = UNCERTAINTY_MEASURE_WITH_UNIT (LENGTH_MEASURE( 1.000000000000000082E-05 ), #1677, 'distance_accuracy_value', 'NONE');
#2405 = SURFACE_STYLE_USAGE ( .BOTH. , #2199 ) ;
#2406 = ORIENTED_EDGE ( 'NONE', *, *, #446, .T. ) ;
#2407 = CARTESIAN_POINT ( 'NONE',  ( 20.00000000000001776, -10.00000000000000888, -6.010273972602740322 ) ) ;
#2408 = LINE ( 'NONE', #2005, #976 ) ;
#2409 = DIRECTION ( 'NONE',  ( 0.000000000000000000, -1.000000000000000000, -2.775557561562898845E-15 ) ) ;
#2410 = VERTEX_POINT ( 'NONE', #715 ) ;
#2411 = COLOUR_RGB ( '',0.1176470588235294101, 0.4039215686274509887, 0.8823529411764705621 ) ;
#2412 = DIRECTION ( 'NONE',  ( 0.000000000000000000, 0.000000000000000000, 1.000000000000000000 ) ) ;
#2413 = PRODUCT_RELATED_PRODUCT_CATEGORY ( 'part', '', ( #1506 ) ) ;
#2414 = CLOSED_SHELL ( 'NONE', ( #1667, #2572, #1566, #517, #809, #951, #1922, #1454, #2312, #1383, #1617, #1589, #342, #970, #2103, #2437, #634, #1888, #1069, #2208, #42, #546, #996, #571, #2546, #753, #991, #13, #2361, #97, #1046, #2026, #748, #797, #2094, #922, #1850 ) ) ;
#2415 = ORIENTED_EDGE ( 'NONE', *, *, #1224, .T. ) ;
#2416 = VECTOR ( 'NONE', #496, 1000.000000000000000 ) ;
#2417 = LINE ( 'NONE', #1821, #2114 ) ;
#2418 = STYLED_ITEM ( 'NONE', ( #804 ), #1069 ) ;
#2419 = COLOUR_RGB ( '',1.000000000000000000, 0.1490196078431372528, 0.1490196078431372528 ) ;
#2420 = CARTESIAN_POINT ( 'NONE',  ( 25.00000000000001776, -10.00000000000000888, -3.152825342465754410 ) ) ;
#2421 =( NAMED_UNIT ( * ) SI_UNIT ( $, .STERADIAN. ) SOLID_ANGLE_UNIT ( ) );
#2422 = MECHANICAL_DESIGN_GEOMETRIC_PRESENTATION_REPRESENTATION (  '', ( #2329 ), #1213 ) ;
#2423 = UNCERTAINTY_MEASURE_WITH_UNIT (LENGTH_MEASURE( 1.000000000000000082E-05 ), #2363, 'distance_accuracy_value', 'NONE');
#2424 = MECHANICAL_DESIGN_GEOMETRIC_PRESENTATION_REPRESENTATION (  '', ( #1800 ), #1516 ) ;
#2425 = FILL_AREA_STYLE_COLOUR ( '', #891 ) ;
#2426 = CARTESIAN_POINT ( 'NONE',  ( 0.000000000000000000, -5.000000000000336620, 99.99999999999998579 ) ) ;
#2427 = DIRECTION ( 'NONE',  ( 0.000000000000000000, 0.000000000000000000, -1.000000000000000000 ) ) ;
#2428 = ORIENTED_EDGE ( 'NONE', *, *, #537, .T. ) ;
#2429 = CARTESIAN_POINT ( 'NONE',  ( 25.00000000000001776, -25.00000000000000711, -2.854238013698632059 ) ) ;
#2430 = ORIENTED_EDGE ( 'NONE', *, *, #2463, .T. ) ;
#2431 = FILL_AREA_STYLE_COLOUR ( '', #858 ) ;
#2432 = CIRCLE ( 'NONE', #1393, 4.999999999999975131 ) ;
#2433 = CARTESIAN_POINT ( 'NONE',  ( 5.650684931506866349, -22.32876712328767965, 20.00000000000000000 ) ) ;
#2434 = DIRECTION ( 'NONE',  ( 0.000000000000000000, -0.8944271909999158554, -0.4472135954999577612 ) ) ;
#2435 = UNCERTAINTY_MEASURE_WITH_UNIT (LENGTH_MEASURE( 1.000000000000000082E-05 ), #780, 'distance_accuracy_value', 'NONE');
#2436 = AXIS2_PLACEMENT_3D ( 'NONE', #1262, #2265, #501 ) ;
#2437 = ADVANCED_FACE ( 'NONE', ( #490 ), #2464, .F. ) ;
#2438 = LINE ( 'NONE', #2237, #626 ) ;
#2439 =( NAMED_UNIT ( * ) SI_UNIT ( $, .STERADIAN. ) SOLID_ANGLE_UNIT ( ) );
#2440 = LINE ( 'NONE', #1841, #246 ) ;
#2441 = ORIENTED_EDGE ( 'NONE', *, *, #2016, .T. ) ;
#2442 = FILL_AREA_STYLE_COLOUR ( '', #569 ) ;
#2443 = VERTEX_POINT ( 'NONE', #1273 ) ;
#2444 = CARTESIAN_POINT ( 'NONE',  ( 0.000000000000000000, 75.00000000000001421, 0.000000000000000000 ) ) ;
#2445 = ORIENTED_EDGE ( 'NONE', *, *, #35, .T. ) ;
#2446 = SURFACE_STYLE_FILL_AREA ( #870 ) ;
#2447 = EDGE_CURVE ( 'NONE', #1542, #686, #2065, .T. ) ;
#2448 = SURFACE_SIDE_STYLE ('',( #2128 ) ) ;
#2449 = SURFACE_SIDE_STYLE ('',( #320 ) ) ;
#2450 = ORIENTED_EDGE ( 'NONE', *, *, #1860, .T. ) ;
#2451 = CARTESIAN_POINT ( 'NONE',  ( -1.438356164383539859, 20.00000000000000000, 18.69113869863014443 ) ) ;
#2452 = ORIENTED_EDGE ( 'NONE', *, *, #281, .F. ) ;
#2453 = SURFACE_STYLE_FILL_AREA ( #1061 ) ;
#2454 = CLOSED_SHELL ( 'NONE', ( #363, #1465, #2511, #1714, #367, #1730 ) ) ;
#2455 = PRESENTATION_LAYER_ASSIGNMENT (  '', '', ( #45 ) ) ;
#2456 =( NAMED_UNIT ( * ) PLANE_ANGLE_UNIT ( ) SI_UNIT ( $, .RADIAN. ) );
#2457 = ADVANCED_FACE ( 'NONE', ( #2337 ), #2534, .T. ) ;
#2458 = AXIS2_PLACEMENT_3D ( 'NONE', #1306, #1710, #2280 ) ;
#2459 = MECHANICAL_DESIGN_GEOMETRIC_PRESENTATION_REPRESENTATION (  '', ( #2545 ), #1628 ) ;
#2460 = CONICAL_SURFACE ( 'NONE', #854, 12.50000000000000000, 0.4636476090008059825 ) ;
#2461 = AXIS2_PLACEMENT_3D ( 'NONE', #837, #1381, #847 ) ;
#2462 = CARTESIAN_POINT ( 'NONE',  ( 1.762628424657552539, -12.67123287671233456, 25.00000000000000000 ) ) ;
#2463 = EDGE_CURVE ( 'NONE', #953, #1070, #2537, .T. ) ;
#2464 = PLANE ( 'NONE',  #2436 ) ;
#2465 = MECHANICAL_DESIGN_GEOMETRIC_PRESENTATION_REPRESENTATION (  '', ( #1713 ), #2215 ) ;
#2466 = AXIS2_PLACEMENT_3D ( 'NONE', #2022, #1449, #2234 ) ;
#2467 = SURFACE_STYLE_USAGE ( .BOTH. , #874 ) ;
#2468 = EDGE_LOOP ( 'NONE', ( #2483, #1619, #661, #784 ) ) ;
#2469 = PRESENTATION_STYLE_ASSIGNMENT (( #1114 ) ) ;
#2470 = EDGE_CURVE ( 'NONE', #865, #2031, #1539, .T. ) ;
#2471 = VECTOR ( 'NONE', #866, 1000.000000000000000 ) ;
#2472 = EDGE_LOOP ( 'NONE', ( #1508, #1507, #1436, #513 ) ) ;
#2473 =( LENGTH_UNIT ( ) NAMED_UNIT ( * ) SI_UNIT ( .MILLI., .METRE. ) );
#2474 = SURFACE_STYLE_USAGE ( .BOTH. , #2091 ) ;
#2475 =( GEOMETRIC_REPRESENTATION_CONTEXT ( 3 ) GLOBAL_UNCERTAINTY_ASSIGNED_CONTEXT ( ( #545 ) ) GLOBAL_UNIT_ASSIGNED_CONTEXT ( ( #1144, #1965, #967 ) ) REPRESENTATION_CONTEXT ( 'NONE', 'WORKASPACE' ) );
#2476 = UNCERTAINTY_MEASURE_WITH_UNIT (LENGTH_MEASURE( 1.000000000000000082E-05 ), #221, 'distance_accuracy_value', 'NONE');
#2477 = DIRECTION ( 'NONE',  ( 1.000000000000000000, -0.000000000000000000, 0.000000000000000000 ) ) ;
#2478 = LINE ( 'NONE', #113, #1550 ) ;
#2479 = ORIENTED_EDGE ( 'NONE', *, *, #1700, .T. ) ;
#2480 =( NAMED_UNIT ( * ) SI_UNIT ( $, .STERADIAN. ) SOLID_ANGLE_UNIT ( ) );
#2481 = EDGE_CURVE ( 'NONE', #503, #747, #2566, .T. ) ;
#2482 = PRODUCT_DEFINITION_SHAPE ( 'NONE', 'NONE',  #1685 ) ;
#2483 = ORIENTED_EDGE ( 'NONE', *, *, #1935, .F. ) ;
#2484 =( NAMED_UNIT ( * ) SI_UNIT ( $, .STERADIAN. ) SOLID_ANGLE_UNIT ( ) );
#2485 = SURFACE_STYLE_FILL_AREA ( #509 ) ;
#2486 = UNCERTAINTY_MEASURE_WITH_UNIT (LENGTH_MEASURE( 1.000000000000000082E-05 ), #205, 'distance_accuracy_value', 'NONE');
#2487 = FILL_AREA_STYLE_COLOUR ( '', #402 ) ;
#2488 = DIRECTION ( 'NONE',  ( 1.000000000000000000, 0.000000000000000000, 0.000000000000000000 ) ) ;
#2489 = ORIENTED_EDGE ( 'NONE', *, *, #2068, .F. ) ;
#2490 = LINE ( 'NONE', #899, #2082 ) ;
#2491 = DIRECTION ( 'NONE',  ( -1.000000000000000000, 0.000000000000000000, -0.000000000000000000 ) ) ;
#2492 = EDGE_CURVE ( 'NONE', #1856, #865, #950, .T. ) ;
#2493 = ORIENTED_EDGE ( 'NONE', *, *, #909, .T. ) ;
#2494 = PRESENTATION_STYLE_ASSIGNMENT (( #507 ) ) ;
#2495 = LINE ( 'NONE', #1886, #733 ) ;
#2496 = MECHANICAL_DESIGN_GEOMETRIC_PRESENTATION_REPRESENTATION (  '', ( #1704 ), #597 ) ;
#2497 = CARTESIAN_POINT ( 'NONE',  ( 6.123233995736750505E-16, 4.999999999999637623, 100.0000000000000142 ) ) ;
#2498 = DIRECTION ( 'NONE',  ( 0.4813609555486147440, 0.000000000000000000, 0.8765224643289666329 ) ) ;
#2499 = SURFACE_SIDE_STYLE ('',( #1479 ) ) ;
#2500 = VECTOR ( 'NONE', #2245, 1000.000000000000000 ) ;
#2501 = PRESENTATION_STYLE_ASSIGNMENT (( #2467 ) ) ;
#2502 = EDGE_LOOP ( 'NONE', ( #1582, #309, #906, #343 ) ) ;
#2503 = DIRECTION ( 'NONE',  ( 0.4655045794515105251, 0.000000000000000000, -0.8850454714361700725 ) ) ;
#2504 = CARTESIAN_POINT ( 'NONE',  ( 25.00000000000001776, -19.34610445205480289, 0.1830051369862998878 ) ) ;
#2505 = STYLED_ITEM ( 'NONE', ( #2198 ), #1730 ) ;
#2506 = AXIS2_PLACEMENT_3D ( 'NONE', #1054, #1075, #1489 ) ;
#2507 = UNCERTAINTY_MEASURE_WITH_UNIT (LENGTH_MEASURE( 1.000000000000000082E-05 ), #1543, 'distance_accuracy_value', 'NONE');
#2508 = VECTOR ( 'NONE', #613, 1000.000000000000000 ) ;
#2509 = VERTEX_POINT ( 'NONE', #1366 ) ;
#2510 = UNCERTAINTY_MEASURE_WITH_UNIT (LENGTH_MEASURE( 1.000000000000000082E-05 ), #1005, 'distance_accuracy_value', 'NONE');
#2511 = ADVANCED_FACE ( 'NONE', ( #2132 ), #426, .T. ) ;
#2512 = PRESENTATION_LAYER_ASSIGNMENT (  '', '', ( #1057 ) ) ;
#2513 = DIRECTION ( 'NONE',  ( -0.000000000000000000, 1.000000000000000000, -0.000000000000000000 ) ) ;
#2514 = ORIENTED_EDGE ( 'NONE', *, *, #651, .F. ) ;
#2515 =( NAMED_UNIT ( * ) SI_UNIT ( $, .STERADIAN. ) SOLID_ANGLE_UNIT ( ) );
#2516 = AXIS2_PLACEMENT_3D ( 'NONE', #1154, #1325, #1950 ) ;
#2517 =( LENGTH_UNIT ( ) NAMED_UNIT ( * ) SI_UNIT ( .MILLI., .METRE. ) );
#2518 = ORIENTED_EDGE ( 'NONE', *, *, #2255, .T. ) ;
#2519 = DIRECTION ( 'NONE',  ( 0.000000000000000000, -0.4694566669845543494, 0.8829555129358178656 ) ) ;
#2520 = CARTESIAN_POINT ( 'NONE',  ( 20.00000000000001776, -25.00000000000000711, -6.421232876712329229 ) ) ;
#2521 =( NAMED_UNIT ( * ) PLANE_ANGLE_UNIT ( ) SI_UNIT ( $, .RADIAN. ) );
#2522 = CARTESIAN_POINT ( 'NONE',  ( 20.00000000000001776, -17.05693493150685924, 1.669520547945203770 ) ) ;
#2523 = LINE ( 'NONE', #538, #694 ) ;
#2524 = ORIENTED_EDGE ( 'NONE', *, *, #2255, .F. ) ;
#2525 =( NAMED_UNIT ( * ) SI_UNIT ( $, .STERADIAN. ) SOLID_ANGLE_UNIT ( ) );
#2526 = PRESENTATION_STYLE_ASSIGNMENT (( #1578 ) ) ;
#2527 = CARTESIAN_POINT ( 'NONE',  ( 75.00000000000001421, -2.618611004132350648E-13, -12.50000000000000000 ) ) ;
#2528 = VERTEX_POINT ( 'NONE', #2522 ) ;
#2529 =( NAMED_UNIT ( * ) SI_UNIT ( $, .STERADIAN. ) SOLID_ANGLE_UNIT ( ) );
#2530 =( NAMED_UNIT ( * ) SI_UNIT ( $, .STERADIAN. ) SOLID_ANGLE_UNIT ( ) );
#2531 = LINE ( 'NONE', #2527, #773 ) ;
#2532 = FILL_AREA_STYLE_COLOUR ( '', #699 ) ;
#2533 =( NAMED_UNIT ( * ) SI_UNIT ( $, .STERADIAN. ) SOLID_ANGLE_UNIT ( ) );
#2534 = CONICAL_SURFACE ( 'NONE', #1499, 12.50000000000000000, 0.4636476090008059825 ) ;
#2535 = EDGE_CURVE ( 'NONE', #2310, #2047, #932, .T. ) ;
#2536 = FILL_AREA_STYLE ('',( #2307 ) ) ;
#2537 = LINE ( 'NONE', #1377, #685 ) ;
#2538 = STYLED_ITEM ( 'NONE', ( #1419 ), #97 ) ;
#2539 =( NAMED_UNIT ( * ) PLANE_ANGLE_UNIT ( ) SI_UNIT ( $, .RADIAN. ) );
#2540 = DIRECTION ( 'NONE',  ( 1.000000000000000000, -0.000000000000000000, -0.000000000000000000 ) ) ;
#2541 = ORIENTED_EDGE ( 'NONE', *, *, #2463, .F. ) ;
#2542 = MECHANICAL_DESIGN_GEOMETRIC_PRESENTATION_REPRESENTATION (  '', ( #1206 ), #2246 ) ;
#2543 = SURFACE_SIDE_STYLE ('',( #2149 ) ) ;
#2544 = VECTOR ( 'NONE', #284, 1000.000000000000227 ) ;
#2545 = STYLED_ITEM ( 'NONE', ( #717 ), #596 ) ;
#2546 = ADVANCED_FACE ( 'NONE', ( #177 ), #962, .T. ) ;
#2547 = ORIENTED_EDGE ( 'NONE', *, *, #35, .F. ) ;
#2548 = DIRECTION ( 'NONE',  ( 0.000000000000000000, 1.000000000000000000, 0.000000000000000000 ) ) ;
#2549 = DIRECTION ( 'NONE',  ( 1.000000000000000000, 0.000000000000000000, 0.000000000000000000 ) ) ;
#2550 = VECTOR ( 'NONE', #340, 1000.000000000000227 ) ;
#2551 = FILL_AREA_STYLE ('',( #2532 ) ) ;
#2552 = FILL_AREA_STYLE ('',( #1567 ) ) ;
#2553 = COLOUR_RGB ( '',1.000000000000000000, 0.1490196078431372528, 0.1490196078431372528 ) ;
#2554 = PRESENTATION_STYLE_ASSIGNMENT (( #2318 ) ) ;
#2555 = MECHANICAL_DESIGN_GEOMETRIC_PRESENTATION_REPRESENTATION (  '', ( #1226 ), #941 ) ;
#2556 = ORIENTED_EDGE ( 'NONE', *, *, #625, .T. ) ;
#2557 = CIRCLE ( 'NONE', #2516, 12.50000000000000000 ) ;
#2558 = CARTESIAN_POINT ( 'NONE',  ( 0.000000000000000000, 0.000000000000000000, 0.000000000000000000 ) ) ;
#2559 = ORIENTED_EDGE ( 'NONE', *, *, #617, .F. ) ;
#2560 = LINE ( 'NONE', #386, #1913 ) ;
#2561 = EDGE_CURVE ( 'NONE', #1774, #1448, #461, .T. ) ;
#2562 =( NAMED_UNIT ( * ) SI_UNIT ( $, .STERADIAN. ) SOLID_ANGLE_UNIT ( ) );
#2563 = CARTESIAN_POINT ( 'NONE',  ( 5.438784246575359305, -12.47217465753425181, 20.00000000000000000 ) ) ;
#2564 = FILL_AREA_STYLE ('',( #1768 ) ) ;
#2565 = LINE ( 'NONE', #2104, #357 ) ;
#2566 = LINE ( 'NONE', #390, #993 ) ;
#2567 = PRESENTATION_STYLE_ASSIGNMENT (( #450 ) ) ;
#2568 = EDGE_LOOP ( 'NONE', ( #1877, #494 ) ) ;
#2569 =( LENGTH_UNIT ( ) NAMED_UNIT ( * ) SI_UNIT ( .MILLI., .METRE. ) );
#2570 = LINE ( 'NONE', #2345, #275 ) ;
#2571 = EDGE_LOOP ( 'NONE', ( #1156, #476 ) ) ;
#2572 = ADVANCED_FACE ( 'NONE', ( #657 ), #1453, .T. ) ;
#2573 = DIRECTION ( 'NONE',  ( -0.000000000000000000, -0.000000000000000000, 1.000000000000000000 ) ) ;
#2574 = EDGE_CURVE ( 'NONE', #1856, #910, #1616, .T. ) ;
#2575 = CARTESIAN_POINT ( 'NONE',  ( 0.000000000000000000, 75.00000000000001421, 0.000000000000000000 ) ) ;
#2576 = EDGE_CURVE ( 'NONE', #1056, #1882, #2438, .T. ) ;
#2577 = DIRECTION ( 'NONE',  ( 1.000000000000000000, -3.491481338843133355E-15, 0.000000000000000000 ) ) ;
#2578 =( GEOMETRIC_REPRESENTATION_CONTEXT ( 3 ) GLOBAL_UNCERTAINTY_ASSIGNED_CONTEXT ( ( #1799 ) ) GLOBAL_UNIT_ASSIGNED_CONTEXT ( ( #2352, #1322, #1527 ) ) REPRESENTATION_CONTEXT ( 'NONE', 'WORKASPACE' ) );
#2579 = UNCERTAINTY_MEASURE_WITH_UNIT (LENGTH_MEASURE( 1.000000000000000082E-05 ), #1301, 'distance_accuracy_value', 'NONE');
#2580 = SURFACE_STYLE_FILL_AREA ( #2381 ) ;
#2581 = ORIENTED_EDGE ( 'NONE', *, *, #2384, .T. ) ;
#2582 = FILL_AREA_STYLE_COLOUR ( '', #2038 ) ;
#2583 = FILL_AREA_STYLE_COLOUR ( '', #533 ) ;
#2584 = AXIS2_PLACEMENT_3D ( 'NONE', #46, #24, #2225 ) ;
#2585 = MECHANICAL_DESIGN_GEOMETRIC_PRESENTATION_REPRESENTATION (  '', ( #272 ), #1467 ) ;
#2586 = VERTEX_POINT ( 'NONE', #2379 ) ;
#2587 = DIRECTION ( 'NONE',  ( 0.000000000000000000, 0.000000000000000000, -1.000000000000000000 ) ) ;
#2588 = AXIS2_PLACEMENT_3D ( 'NONE', #981, #186, #593 ) ;
#2589 = VECTOR ( 'NONE', #778, 1000.000000000000000 ) ;
ENDSEC;
END-ISO-10303-21;
