ISO-10303-21;
HEADER;
FILE_DESCRIPTION (( 'STEP AP214' ),
    '1' );
FILE_NAME ('Gizmo.stp',
    '2026-07-03T00:58:26',
    ( '' ),
    ( '' ),
    'SwSTEP 2.0',
    'SolidWorks 2025',
    '' );
FILE_SCHEMA (( 'AUTOMOTIVE_DESIGN' ));
ENDSEC;

DATA;
#1 = SURFACE_SIDE_STYLE ('',( #1009 ) ) ;
#2 = CIRCLE ( 'NONE', #1281, 5.000000000000000000 ) ;
#3 = DIRECTION ( 'NONE',  ( -0.000000000000000000, -0.000000000000000000, 1.000000000000000000 ) ) ;
#4 = DIRECTION ( 'NONE',  ( 1.000000000000000000, 0.000000000000000000, 0.000000000000000000 ) ) ;
#5 = CONICAL_SURFACE ( 'NONE', #1401, 12.50000000000000000, 0.4636476090008059825 ) ;
#6 =( NAMED_UNIT ( * ) PLANE_ANGLE_UNIT ( ) SI_UNIT ( $, .RADIAN. ) );
#7 = PRESENTATION_STYLE_ASSIGNMENT (( #1827 ) ) ;
#8 = EDGE_CURVE ( 'NONE', #1266, #2161, #1764, .T. ) ;
#9 = UNCERTAINTY_MEASURE_WITH_UNIT (LENGTH_MEASURE( 1.000000000000000082E-05 ), #2235, 'distance_accuracy_value', 'NONE');
#10 = CARTESIAN_POINT ( 'NONE',  ( -5.650684931506831710, -22.67551369863014088, 20.00000000000000000 ) ) ;
#11 = AXIS2_PLACEMENT_3D ( 'NONE', #2143, #2530, #956 ) ;
#12 = FACE_OUTER_BOUND ( 'NONE', #1710, .T. ) ;
#13 = CIRCLE ( 'NONE', #1575, 12.50000000000000000 ) ;
#14 = COLOUR_RGB ( '',0.1176470588235294101, 0.4039215686274509887, 0.8823529411764705621 ) ;
#15 = EDGE_LOOP ( 'NONE', ( #1342, #550 ) ) ;
#16 = DIRECTION ( 'NONE',  ( -0.4803146228655843508, 0.000000000000000000, 0.8770962678415018532 ) ) ;
#17 = VECTOR ( 'NONE', #25, 999.9999999999998863 ) ;
#18 = VECTOR ( 'NONE', #2279, 1000.000000000000000 ) ;
#19 = VECTOR ( 'NONE', #1759, 1000.000000000000000 ) ;
#20 = FILL_AREA_STYLE_COLOUR ( '', #1869 ) ;
#21 = CARTESIAN_POINT ( 'NONE',  ( 0.000000000000000000, -2.618611004132350648E-13, 75.00000000000001421 ) ) ;
#22 = FACE_OUTER_BOUND ( 'NONE', #1096, .T. ) ;
#23 =( LENGTH_UNIT ( ) NAMED_UNIT ( * ) SI_UNIT ( .MILLI., .METRE. ) );
#24 = EDGE_CURVE ( 'NONE', #899, #2346, #135, .T. ) ;
#25 = DIRECTION ( 'NONE',  ( 0.4655045794515105251, 0.000000000000000000, -0.8850454714361700725 ) ) ;
#26 = DIRECTION ( 'NONE',  ( 0.000000000000000000, 0.000000000000000000, 1.000000000000000000 ) ) ;
#27 = EDGE_LOOP ( 'NONE', ( #718, #584, #2464, #1325 ) ) ;
#28 = CARTESIAN_POINT ( 'NONE',  ( 6.575342465753445609, 20.00000000000000000, 10.00000000000000533 ) ) ;
#29 = EDGE_CURVE ( 'NONE', #305, #452, #151, .T. ) ;
#30 = LINE ( 'NONE', #1054, #345 ) ;
#31 = SURFACE_STYLE_FILL_AREA ( #818 ) ;
#32 = DIRECTION ( 'NONE',  ( 1.000000000000000000, 0.000000000000000000, 0.000000000000000000 ) ) ;
#33 = CARTESIAN_POINT ( 'NONE',  ( 20.00000000000001776, -14.81271404109589795, -0.4944349315068510275 ) ) ;
#34 = DIRECTION ( 'NONE',  ( 0.000000000000000000, 0.000000000000000000, 1.000000000000000000 ) ) ;
#35 = ORIENTED_EDGE ( 'NONE', *, *, #178, .F. ) ;
#36 = PRESENTATION_LAYER_ASSIGNMENT (  '', '', ( #1230 ) ) ;
#37 = CARTESIAN_POINT ( 'NONE',  ( 20.00000000000001776, -25.00000000000000000, -2.854238013698632059 ) ) ;
#38 = VERTEX_POINT ( 'NONE', #162 ) ;
#39 = AXIS2_PLACEMENT_3D ( 'NONE', #2048, #244, #1379 ) ;
#40 = ADVANCED_FACE ( 'NONE', ( #769 ), #1570, .T. ) ;
#41 = VECTOR ( 'NONE', #2041, 1000.000000000000000 ) ;
#42 = CARTESIAN_POINT ( 'NONE',  ( -5.650684931506831710, -25.00000000000000355, 20.00000000000000000 ) ) ;
#43 = VECTOR ( 'NONE', #344, 1000.000000000000000 ) ;
#44 = VECTOR ( 'NONE', #2431, 1000.000000000000000 ) ;
#45 = CARTESIAN_POINT ( 'NONE',  ( 1.849315068493171843, 20.00000000000000000, 25.00000000000000355 ) ) ;
#46 =( LENGTH_UNIT ( ) NAMED_UNIT ( * ) SI_UNIT ( .MILLI., .METRE. ) );
#47 = COLOUR_RGB ( '',0.1176470588235294101, 0.4039215686274509887, 0.8823529411764705621 ) ;
#48 = VERTEX_POINT ( 'NONE', #1814 ) ;
#49 = PLANE ( 'NONE',  #170 ) ;
#50 = PLANE ( 'NONE',  #478 ) ;
#51 = MECHANICAL_DESIGN_GEOMETRIC_PRESENTATION_REPRESENTATION (  '', ( #644 ), #2357 ) ;
#52 = DIRECTION ( 'NONE',  ( 0.4655045794515104141, 0.000000000000000000, -0.8850454714361699615 ) ) ;
#53 = ORIENTED_EDGE ( 'NONE', *, *, #2408, .F. ) ;
#54 = CARTESIAN_POINT ( 'NONE',  ( 5.438784246575359305, -12.47217465753425181, 20.00000000000000000 ) ) ;
#55 = VERTEX_POINT ( 'NONE', #2229 ) ;
#56 = MANIFOLD_SOLID_BREP ( 'Body-Move/Copy2', #2345 ) ;
#57 =( GEOMETRIC_REPRESENTATION_CONTEXT ( 3 ) GLOBAL_UNCERTAINTY_ASSIGNED_CONTEXT ( ( #590 ) ) GLOBAL_UNIT_ASSIGNED_CONTEXT ( ( #1933, #552, #1945 ) ) REPRESENTATION_CONTEXT ( 'NONE', 'WORKASPACE' ) );
#58 = AXIS2_PLACEMENT_3D ( 'NONE', #1909, #2476, #2522 ) ;
#59 = EDGE_CURVE ( 'NONE', #2218, #1499, #1217, .T. ) ;
#60 = CARTESIAN_POINT ( 'NONE',  ( 1.849315068493171843, 25.00000000000000000, 18.63013698630138038 ) ) ;
#61 = PRESENTATION_LAYER_ASSIGNMENT (  '', '', ( #2569 ) ) ;
#62 = MECHANICAL_DESIGN_GEOMETRIC_PRESENTATION_REPRESENTATION (  '', ( #2241 ), #1120 ) ;
#63 = AXIS2_PLACEMENT_3D ( 'NONE', #1845, #1621, #1245 ) ;
#64 =( LENGTH_UNIT ( ) NAMED_UNIT ( * ) SI_UNIT ( .MILLI., .METRE. ) );
#65 = CARTESIAN_POINT ( 'NONE',  ( 6.123233995736767268E-16, 0.000000000000000000, -5.000000000000000000 ) ) ;
#66 = UNCERTAINTY_MEASURE_WITH_UNIT (LENGTH_MEASURE( 1.000000000000000082E-05 ), #716, 'distance_accuracy_value', 'NONE');
#67 = ORIENTED_EDGE ( 'NONE', *, *, #772, .F. ) ;
#68 =( LENGTH_UNIT ( ) NAMED_UNIT ( * ) SI_UNIT ( .MILLI., .METRE. ) );
#69 = DIRECTION ( 'NONE',  ( 0.4813609555486147440, 0.000000000000000000, 0.8765224643289666329 ) ) ;
#70 = CARTESIAN_POINT ( 'NONE',  ( 20.00000000000001776, -17.05693493150685924, 1.669520547945203770 ) ) ;
#71 = CARTESIAN_POINT ( 'NONE',  ( -1.836472602739708471, -22.32876712328767965, 25.00000000000000000 ) ) ;
#72 = ORIENTED_EDGE ( 'NONE', *, *, #2288, .F. ) ;
#73 = EDGE_LOOP ( 'NONE', ( #1088, #1637, #1947, #500 ) ) ;
#74 = SURFACE_STYLE_USAGE ( .BOTH. , #885 ) ;
#75 = ORIENTED_EDGE ( 'NONE', *, *, #1068, .T. ) ;
#76 = SURFACE_STYLE_USAGE ( .BOTH. , #2092 ) ;
#77 = CARTESIAN_POINT ( 'NONE',  ( -5.130565068493131875, -12.67123287671233456, 25.00000000000000000 ) ) ;
#78 = EDGE_CURVE ( 'NONE', #277, #79, #222, .T. ) ;
#79 = VERTEX_POINT ( 'NONE', #1035 ) ;
#80 =( NAMED_UNIT ( * ) SI_UNIT ( $, .STERADIAN. ) SOLID_ANGLE_UNIT ( ) );
#81 = CARTESIAN_POINT ( 'NONE',  ( 5.438784246575359305, -10.00000000000000533, 25.00000000000000000 ) ) ;
#82 = CARTESIAN_POINT ( 'NONE',  ( 0.000000000000000000, 0.000000000000000000, 5.000000000000000000 ) ) ;
#83 = ORIENTED_EDGE ( 'NONE', *, *, #2017, .F. ) ;
#84 = CARTESIAN_POINT ( 'NONE',  ( -1.836472602739708471, -22.32876712328767965, 20.00000000000000000 ) ) ;
#85 = AXIS2_PLACEMENT_3D ( 'NONE', #2450, #631, #675 ) ;
#86 = ORIENTED_EDGE ( 'NONE', *, *, #1161, .F. ) ;
#87 = VECTOR ( 'NONE', #2068, 1000.000000000000114 ) ;
#88 = MANIFOLD_SOLID_BREP ( 'Cut-Extrude3', #424 ) ;
#89 = COLOUR_RGB ( '',0.1176470588235294101, 0.4039215686274509887, 0.8823529411764705621 ) ;
#90 = FILL_AREA_STYLE ('',( #516 ) ) ;
#91 = CARTESIAN_POINT ( 'NONE',  ( 20.00000000000001776, -25.00000000000000711, 6.215753424657532555 ) ) ;
#92 = LINE ( 'NONE', #535, #18 ) ;
#93 = EDGE_LOOP ( 'NONE', ( #886, #2080, #1265, #789 ) ) ;
#94 = SURFACE_STYLE_FILL_AREA ( #1531 ) ;
#95 = ADVANCED_FACE ( 'NONE', ( #1110, #2267 ), #2214, .F. ) ;
#96 =( NAMED_UNIT ( * ) SI_UNIT ( $, .STERADIAN. ) SOLID_ANGLE_UNIT ( ) );
#97 = COLOUR_RGB ( '',0.3254901960784313819, 0.7843137254901960675, 0.01568627450980392135 ) ;
#98 = VERTEX_POINT ( 'NONE', #879 ) ;
#99 = VECTOR ( 'NONE', #1464, 1000.000000000000000 ) ;
#100 = ORIENTED_EDGE ( 'NONE', *, *, #756, .T. ) ;
#101 = CARTESIAN_POINT ( 'NONE',  ( 20.00000000000001776, -17.05693493150685924, 1.669520547945203770 ) ) ;
#102 = AXIS2_PLACEMENT_3D ( 'NONE', #2156, #962, #2548 ) ;
#103 = COLOUR_RGB ( '',1.000000000000000000, 0.1490196078431372528, 0.1490196078431372528 ) ;
#104 = APPLICATION_PROTOCOL_DEFINITION ( 'draft international standard', 'automotive_design', 1998, #1562 ) ;
#105 = COLOUR_RGB ( '',0.3254901960784313819, 0.7843137254901960675, 0.01568627450980392135 ) ;
#106 = PRESENTATION_LAYER_ASSIGNMENT (  '', '', ( #1244 ) ) ;
#107 = CARTESIAN_POINT ( 'NONE',  ( 0.000000000000000000, -3.491481338843133355E-13, 100.0000000000000000 ) ) ;
#108 = LINE ( 'NONE', #2263, #1731 ) ;
#109 = COLOUR_RGB ( '',1.000000000000000000, 0.1490196078431372528, 0.1490196078431372528 ) ;
#110 = FILL_AREA_STYLE_COLOUR ( '', #1197 ) ;
#111 = DIRECTION ( 'NONE',  ( 0.000000000000000000, 0.8753391005662073399, -0.4835095231946761607 ) ) ;
#112 = PRODUCT_DEFINITION_SHAPE ( 'NONE', 'NONE',  #2194 ) ;
#113 = ORIENTED_EDGE ( 'NONE', *, *, #1246, .T. ) ;
#114 = CARTESIAN_POINT ( 'NONE',  ( 1.849315068493171843, 20.00000000000000000, 18.63013698630137682 ) ) ;
#115 = VERTEX_POINT ( 'NONE', #2448 ) ;
#116 = CARTESIAN_POINT ( 'NONE',  ( 20.00000000000001776, -10.00000000000000888, 2.064426369863011868 ) ) ;
#117 = DIRECTION ( 'NONE',  ( -0.4935069980823074687, 0.000000000000000000, -0.8697418253963583590 ) ) ;
#118 = ADVANCED_FACE ( 'NONE', ( #2053 ), #2110, .T. ) ;
#119 =( NAMED_UNIT ( * ) PLANE_ANGLE_UNIT ( ) SI_UNIT ( $, .RADIAN. ) );
#120 = FILL_AREA_STYLE_COLOUR ( '', #105 ) ;
#121 =( NAMED_UNIT ( * ) SI_UNIT ( $, .STERADIAN. ) SOLID_ANGLE_UNIT ( ) );
#122 = PLANE ( 'NONE',  #465 ) ;
#123 = SURFACE_STYLE_FILL_AREA ( #1126 ) ;
#124 = EDGE_LOOP ( 'NONE', ( #665, #2397, #1926 ) ) ;
#125 = ORIENTED_EDGE ( 'NONE', *, *, #2532, .F. ) ;
#126 = LINE ( 'NONE', #2526, #2389 ) ;
#127 = CARTESIAN_POINT ( 'NONE',  ( 25.00000000000001776, -17.00556506849315852, -1.958476027397261232 ) ) ;
#128 = ORIENTED_EDGE ( 'NONE', *, *, #775, .T. ) ;
#129 = ADVANCED_FACE ( 'NONE', ( #1848 ), #49, .F. ) ;
#130 = AXIS2_PLACEMENT_3D ( 'NONE', #370, #171, #547 ) ;
#131 = PRESENTATION_LAYER_ASSIGNMENT (  '', '', ( #1974 ) ) ;
#132 = SURFACE_STYLE_FILL_AREA ( #90 ) ;
#133 = LINE ( 'NONE', #1102, #2562 ) ;
#134 = PLANE ( 'NONE',  #58 ) ;
#135 = LINE ( 'NONE', #177, #1644 ) ;
#136 = FACE_OUTER_BOUND ( 'NONE', #2334, .T. ) ;
#137 = AXIS2_PLACEMENT_3D ( 'NONE', #426, #1236, #1221 ) ;
#138 =( NAMED_UNIT ( * ) SI_UNIT ( $, .STERADIAN. ) SOLID_ANGLE_UNIT ( ) );
#139 =( GEOMETRIC_REPRESENTATION_CONTEXT ( 3 ) GLOBAL_UNCERTAINTY_ASSIGNED_CONTEXT ( ( #1287 ) ) GLOBAL_UNIT_ASSIGNED_CONTEXT ( ( #1782, #2055, #1249 ) ) REPRESENTATION_CONTEXT ( 'NONE', 'WORKASPACE' ) );
#140 = ORIENTED_EDGE ( 'NONE', *, *, #690, .T. ) ;
#141 = EDGE_CURVE ( 'NONE', #1524, #2044, #2123, .T. ) ;
#142 = PRESENTATION_LAYER_ASSIGNMENT (  '', '', ( #1406 ) ) ;
#143 = FILL_AREA_STYLE_COLOUR ( '', #349 ) ;
#144 = COLOUR_RGB ( '',1.000000000000000000, 0.1490196078431372528, 0.1490196078431372528 ) ;
#145 = SURFACE_SIDE_STYLE ('',( #1938 ) ) ;
#146 = PRESENTATION_LAYER_ASSIGNMENT (  '', '', ( #2399 ) ) ;
#147 = LINE ( 'NONE', #1966, #2487 ) ;
#148 = LINE ( 'NONE', #1919, #1374 ) ;
#149 = SURFACE_STYLE_USAGE ( .BOTH. , #715 ) ;
#150 = VECTOR ( 'NONE', #1542, 1000.000000000000000 ) ;
#151 = LINE ( 'NONE', #1166, #1603 ) ;
#152 =( NAMED_UNIT ( * ) SI_UNIT ( $, .STERADIAN. ) SOLID_ANGLE_UNIT ( ) );
#153 = VECTOR ( 'NONE', #1435, 1000.000000000000227 ) ;
#154 = ORIENTED_EDGE ( 'NONE', *, *, #1158, .T. ) ;
#155 =( LENGTH_UNIT ( ) NAMED_UNIT ( * ) SI_UNIT ( .MILLI., .METRE. ) );
#156 = CARTESIAN_POINT ( 'NONE',  ( -24.99999999999998579, 25.00000000000000000, 25.00000000000000000 ) ) ;
#157 = DIRECTION ( 'NONE',  ( 0.000000000000000000, 1.000000000000000000, 0.000000000000000000 ) ) ;
#158 = DIRECTION ( 'NONE',  ( -0.000000000000000000, -0.000000000000000000, 1.000000000000000000 ) ) ;
#159 = LINE ( 'NONE', #2157, #1455 ) ;
#160 = SURFACE_STYLE_FILL_AREA ( #1583 ) ;
#161 = EDGE_CURVE ( 'NONE', #1524, #1443, #744, .T. ) ;
#162 = CARTESIAN_POINT ( 'NONE',  ( 0.4783818493150895357, 25.00000000000000000, 15.81121575342466379 ) ) ;
#163 = ORIENTED_EDGE ( 'NONE', *, *, #636, .T. ) ;
#164 = DIRECTION ( 'NONE',  ( 1.000000000000000000, -3.491481338843133355E-15, 0.000000000000000000 ) ) ;
#165 =( GEOMETRIC_REPRESENTATION_CONTEXT ( 3 ) GLOBAL_UNCERTAINTY_ASSIGNED_CONTEXT ( ( #645 ) ) GLOBAL_UNIT_ASSIGNED_CONTEXT ( ( #155, #1962, #578 ) ) REPRESENTATION_CONTEXT ( 'NONE', 'WORKASPACE' ) );
#166 = FACE_OUTER_BOUND ( 'NONE', #2423, .T. ) ;
#167 = FILL_AREA_STYLE ('',( #968 ) ) ;
#168 = DIRECTION ( 'NONE',  ( 1.000000000000000000, -0.000000000000000000, -0.000000000000000000 ) ) ;
#169 = UNCERTAINTY_MEASURE_WITH_UNIT (LENGTH_MEASURE( 1.000000000000000082E-05 ), #1798, 'distance_accuracy_value', 'NONE');
#170 = AXIS2_PLACEMENT_3D ( 'NONE', #1123, #946, #1723 ) ;
#171 = DIRECTION ( 'NONE',  ( 0.000000000000000000, -3.491481338843133355E-15, 1.000000000000000000 ) ) ;
#172 = DIRECTION ( 'NONE',  ( 0.000000000000000000, 0.000000000000000000, 1.000000000000000000 ) ) ;
#173 = FILL_AREA_STYLE ('',( #1364 ) ) ;
#174 =( GEOMETRIC_REPRESENTATION_CONTEXT ( 3 ) GLOBAL_UNCERTAINTY_ASSIGNED_CONTEXT ( ( #808 ) ) GLOBAL_UNIT_ASSIGNED_CONTEXT ( ( #2224, #1424, #2016 ) ) REPRESENTATION_CONTEXT ( 'NONE', 'WORKASPACE' ) );
#175 = CARTESIAN_POINT ( 'NONE',  ( -2.712970890410937308, 25.00000000000000000, 10.00000000000000533 ) ) ;
#176 = UNCERTAINTY_MEASURE_WITH_UNIT (LENGTH_MEASURE( 1.000000000000000082E-05 ), #236, 'distance_accuracy_value', 'NONE');
#177 = CARTESIAN_POINT ( 'NONE',  ( -2.712970890410937308, 20.00000000000000000, 10.00000000000000533 ) ) ;
#178 = EDGE_CURVE ( 'NONE', #929, #1729, #1552, .T. ) ;
#179 = SURFACE_STYLE_USAGE ( .BOTH. , #2372 ) ;
#180 = ORIENTED_EDGE ( 'NONE', *, *, #1893, .T. ) ;
#181 = EDGE_CURVE ( 'NONE', #277, #2438, #1965, .T. ) ;
#182 = VECTOR ( 'NONE', #1313, 1000.000000000000000 ) ;
#183 = VECTOR ( 'NONE', #1273, 1000.000000000000114 ) ;
#184 = DIRECTION ( 'NONE',  ( 0.000000000000000000, 0.5006609030609128208, 0.8656434948327350609 ) ) ;
#185 =( NAMED_UNIT ( * ) SI_UNIT ( $, .STERADIAN. ) SOLID_ANGLE_UNIT ( ) );
#186 = DIRECTION ( 'NONE',  ( 0.000000000000000000, 0.8753391005662073399, -0.4835095231946761607 ) ) ;
#187 = CARTESIAN_POINT ( 'NONE',  ( 3.534888698630158643, 20.00000000000000000, 10.00000000000000533 ) ) ;
#188 =( GEOMETRIC_REPRESENTATION_CONTEXT ( 3 ) GLOBAL_UNCERTAINTY_ASSIGNED_CONTEXT ( ( #2446 ) ) GLOBAL_UNIT_ASSIGNED_CONTEXT ( ( #1481, #119, #1903 ) ) REPRESENTATION_CONTEXT ( 'NONE', 'WORKASPACE' ) );
#189 = CARTESIAN_POINT ( 'NONE',  ( 5.650684931506866349, -25.00000000000000355, 25.00000000000000000 ) ) ;
#190 = PRESENTATION_LAYER_ASSIGNMENT (  '', '', ( #1074 ) ) ;
#191 = SURFACE_STYLE_USAGE ( .BOTH. , #208 ) ;
#192 = CARTESIAN_POINT ( 'NONE',  ( 0.000000000000000000, 0.000000000000000000, 0.000000000000000000 ) ) ;
#193 = VERTEX_POINT ( 'NONE', #1737 ) ;
#194 = AXIS2_PLACEMENT_3D ( 'NONE', #1328, #2509, #889 ) ;
#195 = ADVANCED_FACE ( 'NONE', ( #1760 ), #984, .T. ) ;
#196 = DIRECTION ( 'NONE',  ( 1.000000000000000000, -3.491481338843133355E-15, 0.000000000000000000 ) ) ;
#197 = SURFACE_SIDE_STYLE ('',( #1996 ) ) ;
#198 = UNCERTAINTY_MEASURE_WITH_UNIT (LENGTH_MEASURE( 1.000000000000000082E-05 ), #1593, 'distance_accuracy_value', 'NONE');
#199 =( LENGTH_UNIT ( ) NAMED_UNIT ( * ) SI_UNIT ( .MILLI., .METRE. ) );
#200 = CARTESIAN_POINT ( 'NONE',  ( 0.000000000000000000, 100.0000000000000000, 0.000000000000000000 ) ) ;
#201 = FILL_AREA_STYLE ('',( #849 ) ) ;
#202 = SURFACE_STYLE_FILL_AREA ( #992 ) ;
#203 = EDGE_LOOP ( 'NONE', ( #954, #2286, #1661, #1337, #872, #1506, #2090, #67, #1698 ) ) ;
#204 = EDGE_CURVE ( 'NONE', #929, #332, #2338, .T. ) ;
#205 = PLANE ( 'NONE',  #2076 ) ;
#206 = PLANE ( 'NONE',  #1286 ) ;
#207 = PRESENTATION_LAYER_ASSIGNMENT (  '', '', ( #2105 ) ) ;
#208 = SURFACE_SIDE_STYLE ('',( #1633 ) ) ;
#209 = CARTESIAN_POINT ( 'NONE',  ( 3.534888698630158643, 25.00000000000000000, 10.00000000000000533 ) ) ;
#210 = FILL_AREA_STYLE_COLOUR ( '', #357 ) ;
#211 = MECHANICAL_DESIGN_GEOMETRIC_PRESENTATION_REPRESENTATION (  '', ( #1230 ), #902 ) ;
#212 = ORIENTED_EDGE ( 'NONE', *, *, #1385, .F. ) ;
#213 = FILL_AREA_STYLE_COLOUR ( '', #1201 ) ;
#214 = VECTOR ( 'NONE', #308, 1000.000000000000114 ) ;
#215 = VECTOR ( 'NONE', #473, 1000.000000000000000 ) ;
#216 = EDGE_CURVE ( 'NONE', #978, #311, #2297, .T. ) ;
#217 = CIRCLE ( 'NONE', #950, 12.50000000000000000 ) ;
#218 = FACE_OUTER_BOUND ( 'NONE', #2454, .T. ) ;
#219 = DIRECTION ( 'NONE',  ( -0.000000000000000000, 0.000000000000000000, 1.000000000000000000 ) ) ;
#220 = FILL_AREA_STYLE_COLOUR ( '', #316 ) ;
#221 = ADVANCED_FACE ( 'NONE', ( #340 ), #1293, .T. ) ;
#222 = LINE ( 'NONE', #10, #41 ) ;
#223 = LINE ( 'NONE', #836, #1733 ) ;
#224 = SURFACE_SIDE_STYLE ('',( #2025 ) ) ;
#225 = CARTESIAN_POINT ( 'NONE',  ( 25.00000000000001776, -17.05693493150685924, 1.669520547945203770 ) ) ;
#226 = ORIENTED_EDGE ( 'NONE', *, *, #1771, .F. ) ;
#227 = SURFACE_STYLE_FILL_AREA ( #1666 ) ;
#228 = ORIENTED_EDGE ( 'NONE', *, *, #1222, .F. ) ;
#229 = COLOUR_RGB ( '',1.000000000000000000, 0.1490196078431372528, 0.1490196078431372528 ) ;
#230 = VECTOR ( 'NONE', #1582, 1000.000000000000000 ) ;
#231 = LINE ( 'NONE', #2204, #1227 ) ;
#232 = FACE_OUTER_BOUND ( 'NONE', #482, .T. ) ;
#233 = SURFACE_SIDE_STYLE ('',( #1631 ) ) ;
#234 =( NAMED_UNIT ( * ) SI_UNIT ( $, .STERADIAN. ) SOLID_ANGLE_UNIT ( ) );
#235 = EDGE_LOOP ( 'NONE', ( #2382, #212 ) ) ;
#236 =( LENGTH_UNIT ( ) NAMED_UNIT ( * ) SI_UNIT ( .MILLI., .METRE. ) );
#237 = SURFACE_STYLE_FILL_AREA ( #2066 ) ;
#238 = EDGE_CURVE ( 'NONE', #2514, #2325, #2419, .T. ) ;
#239 = SURFACE_SIDE_STYLE ('',( #1209 ) ) ;
#240 = ORIENTED_EDGE ( 'NONE', *, *, #2424, .F. ) ;
#241 = FILL_AREA_STYLE_COLOUR ( '', #97 ) ;
#242 = ORIENTED_EDGE ( 'NONE', *, *, #673, .F. ) ;
#243 = CARTESIAN_POINT ( 'NONE',  ( -1.836472602739708471, -22.32876712328767965, 20.00000000000000000 ) ) ;
#244 = DIRECTION ( 'NONE',  ( -1.000000000000000000, -0.000000000000000000, 0.000000000000000000 ) ) ;
#245 = SURFACE_SIDE_STYLE ('',( #1694 ) ) ;
#246 = DIRECTION ( 'NONE',  ( 0.000000000000000000, -3.491481338843133355E-15, 1.000000000000000000 ) ) ;
#247 = UNCERTAINTY_MEASURE_WITH_UNIT (LENGTH_MEASURE( 1.000000000000000082E-05 ), #410, 'distance_accuracy_value', 'NONE');
#248 = VERTEX_POINT ( 'NONE', #225 ) ;
#249 = CARTESIAN_POINT ( 'NONE',  ( 5.438784246575359305, -12.47217465753425181, 20.00000000000000000 ) ) ;
#250 = AXIS2_PLACEMENT_3D ( 'NONE', #1261, #1061, #703 ) ;
#251 = CARTESIAN_POINT ( 'NONE',  ( -24.99999999999998579, -25.00000000000000000, -25.00000000000000000 ) ) ;
#252 = EDGE_CURVE ( 'NONE', #732, #1894, #1223, .T. ) ;
#253 = PRESENTATION_LAYER_ASSIGNMENT (  '', '', ( #2520 ) ) ;
#254 = ORIENTED_EDGE ( 'NONE', *, *, #876, .F. ) ;
#255 =( NAMED_UNIT ( * ) SI_UNIT ( $, .STERADIAN. ) SOLID_ANGLE_UNIT ( ) );
#256 = VECTOR ( 'NONE', #1756, 1000.000000000000000 ) ;
#257 =( NAMED_UNIT ( * ) SI_UNIT ( $, .STERADIAN. ) SOLID_ANGLE_UNIT ( ) );
#258 = FACE_OUTER_BOUND ( 'NONE', #416, .T. ) ;
#259 = PRESENTATION_LAYER_ASSIGNMENT (  '', '', ( #1854 ) ) ;
#260 = ORIENTED_EDGE ( 'NONE', *, *, #29, .F. ) ;
#261 = FILL_AREA_STYLE_COLOUR ( '', #471 ) ;
#262 = CARTESIAN_POINT ( 'NONE',  ( 6.123233995736742617E-16, 75.00000000000001421, -4.999999999999975131 ) ) ;
#263 = PRESENTATION_LAYER_ASSIGNMENT (  '', '', ( #1403 ) ) ;
#264 = CARTESIAN_POINT ( 'NONE',  ( 75.00000000000001421, -1.315428736061913343E-13, -4.999999999999975131 ) ) ;
#265 = SURFACE_STYLE_FILL_AREA ( #464 ) ;
#266 = VERTEX_POINT ( 'NONE', #663 ) ;
#267 =( NAMED_UNIT ( * ) PLANE_ANGLE_UNIT ( ) SI_UNIT ( $, .RADIAN. ) );
#268 = EDGE_LOOP ( 'NONE', ( #226, #294, #1875, #488 ) ) ;
#269 = FILL_AREA_STYLE ('',( #213 ) ) ;
#270 = STYLED_ITEM ( 'NONE', ( #1509 ), #1720 ) ;
#271 = ADVANCED_FACE ( 'NONE', ( #838 ), #1636, .T. ) ;
#272 = VECTOR ( 'NONE', #246, 1000.000000000000000 ) ;
#273 = AXIS2_PLACEMENT_3D ( 'NONE', #33, #2176, #845 ) ;
#274 =( NAMED_UNIT ( * ) SI_UNIT ( $, .STERADIAN. ) SOLID_ANGLE_UNIT ( ) );
#275 = LINE ( 'NONE', #1874, #1790 ) ;
#276 = UNCERTAINTY_MEASURE_WITH_UNIT (LENGTH_MEASURE( 1.000000000000000082E-05 ), #199, 'distance_accuracy_value', 'NONE');
#277 = VERTEX_POINT ( 'NONE', #1440 ) ;
#278 = DIRECTION ( 'NONE',  ( -1.000000000000000000, 0.000000000000000000, -0.000000000000000000 ) ) ;
#279 = SURFACE_STYLE_USAGE ( .BOTH. , #498 ) ;
#280 = VERTEX_POINT ( 'NONE', #37 ) ;
#281 =( NAMED_UNIT ( * ) SI_UNIT ( $, .STERADIAN. ) SOLID_ANGLE_UNIT ( ) );
#282 = VERTEX_POINT ( 'NONE', #1648 ) ;
#283 = EDGE_CURVE ( 'NONE', #1441, #734, #1454, .T. ) ;
#284 = FACE_OUTER_BOUND ( 'NONE', #1389, .T. ) ;
#285 = LINE ( 'NONE', #1659, #215 ) ;
#286 = DIRECTION ( 'NONE',  ( -0.4935069980823074687, 0.000000000000000000, -0.8697418253963583590 ) ) ;
#287 = VERTEX_POINT ( 'NONE', #1063 ) ;
#288 = SURFACE_STYLE_USAGE ( .BOTH. , #1303 ) ;
#289 = CARTESIAN_POINT ( 'NONE',  ( -1.438356164383539859, 20.00000000000000000, 18.69113869863014443 ) ) ;
#290 = SURFACE_STYLE_USAGE ( .BOTH. , #1104 ) ;
#291 = ORIENTED_EDGE ( 'NONE', *, *, #1400, .F. ) ;
#292 = SURFACE_STYLE_USAGE ( .BOTH. , #1493 ) ;
#293 = PRESENTATION_LAYER_ASSIGNMENT (  '', '', ( #989 ) ) ;
#294 = ORIENTED_EDGE ( 'NONE', *, *, #1246, .F. ) ;
#295 = CARTESIAN_POINT ( 'NONE',  ( 6.123233995736766282E-16, -10.00000000000000000, 0.000000000000000000 ) ) ;
#296 = VECTOR ( 'NONE', #1077, 1000.000000000000000 ) ;
#297 = DIRECTION ( 'NONE',  ( 1.000000000000000000, 0.000000000000000000, 0.000000000000000000 ) ) ;
#298 = DIRECTION ( 'NONE',  ( 0.000000000000000000, -1.000000000000000000, 0.000000000000000000 ) ) ;
#299 = FILL_AREA_STYLE ('',( #2519 ) ) ;
#300 = EDGE_CURVE ( 'NONE', #540, #1870, #868, .T. ) ;
#301 = PRESENTATION_STYLE_ASSIGNMENT (( #288 ) ) ;
#302 = FILL_AREA_STYLE_COLOUR ( '', #677 ) ;
#303 = EDGE_CURVE ( 'NONE', #939, #1073, #1319, .T. ) ;
#304 = AXIS2_PLACEMENT_3D ( 'NONE', #1599, #2398, #2173 ) ;
#305 = VERTEX_POINT ( 'NONE', #2367 ) ;
#306 =( GEOMETRIC_REPRESENTATION_CONTEXT ( 3 ) GLOBAL_UNCERTAINTY_ASSIGNED_CONTEXT ( ( #2245 ) ) GLOBAL_UNIT_ASSIGNED_CONTEXT ( ( #2180, #1972, #152 ) ) REPRESENTATION_CONTEXT ( 'NONE', 'WORKASPACE' ) );
#307 = VERTEX_POINT ( 'NONE', #2477 ) ;
#308 = DIRECTION ( 'NONE',  ( 0.000000000000000000, -0.8829555129358178656, -0.4694566669845544049 ) ) ;
#309 = CARTESIAN_POINT ( 'NONE',  ( 5.650684931506866349, -22.32876712328767965, 20.00000000000000000 ) ) ;
#310 =( GEOMETRIC_REPRESENTATION_CONTEXT ( 3 ) GLOBAL_UNCERTAINTY_ASSIGNED_CONTEXT ( ( #276 ) ) GLOBAL_UNIT_ASSIGNED_CONTEXT ( ( #199, #970, #2167 ) ) REPRESENTATION_CONTEXT ( 'NONE', 'WORKASPACE' ) );
#311 = VERTEX_POINT ( 'NONE', #689 ) ;
#312 =( GEOMETRIC_REPRESENTATION_CONTEXT ( 3 ) GLOBAL_UNCERTAINTY_ASSIGNED_CONTEXT ( ( #1384 ) ) GLOBAL_UNIT_ASSIGNED_CONTEXT ( ( #1139, #1150, #2128 ) ) REPRESENTATION_CONTEXT ( 'NONE', 'WORKASPACE' ) );
#313 = SURFACE_STYLE_FILL_AREA ( #299 ) ;
#314 = VECTOR ( 'NONE', #1396, 1000.000000000000000 ) ;
#315 = VECTOR ( 'NONE', #521, 1000.000000000000000 ) ;
#316 = COLOUR_RGB ( '',0.3254901960784313819, 0.7843137254901960675, 0.01568627450980392135 ) ;
#317 = DIRECTION ( 'NONE',  ( 0.000000000000000000, -1.000000000000000000, -2.775557561562898845E-15 ) ) ;
#318 = DIRECTION ( 'NONE',  ( 0.000000000000000000, 0.000000000000000000, 1.000000000000000000 ) ) ;
#319 = DIRECTION ( 'NONE',  ( 5.476786982642024395E-17, -0.4472135954999546525, -0.8944271909999175207 ) ) ;
#320 = FILL_AREA_STYLE_COLOUR ( '', #338 ) ;
#321 = ORIENTED_EDGE ( 'NONE', *, *, #658, .T. ) ;
#322 = SURFACE_STYLE_USAGE ( .BOTH. , #2089 ) ;
#323 = EDGE_CURVE ( 'NONE', #280, #2218, #926, .T. ) ;
#324 = ORIENTED_EDGE ( 'NONE', *, *, #539, .T. ) ;
#325 = DIRECTION ( 'NONE',  ( 0.000000000000000000, 1.000000000000000000, 0.000000000000000000 ) ) ;
#326 = CARTESIAN_POINT ( 'NONE',  ( 100.0000000000000000, -3.560870277882205639E-13, 0.000000000000000000 ) ) ;
#327 = VERTEX_POINT ( 'NONE', #730 ) ;
#328 = DIRECTION ( 'NONE',  ( -1.000000000000000000, -0.000000000000000000, -0.000000000000000000 ) ) ;
#329 = UNCERTAINTY_MEASURE_WITH_UNIT (LENGTH_MEASURE( 1.000000000000000082E-05 ), #1993, 'distance_accuracy_value', 'NONE');
#330 = SURFACE_STYLE_USAGE ( .BOTH. , #1345 ) ;
#331 = PRESENTATION_STYLE_ASSIGNMENT (( #149 ) ) ;
#332 = VERTEX_POINT ( 'NONE', #1127 ) ;
#333 = LINE ( 'NONE', #1141, #1778 ) ;
#334 = DIRECTION ( 'NONE',  ( 0.000000000000000000, -1.000000000000000000, 0.000000000000000000 ) ) ;
#335 = ORIENTED_EDGE ( 'NONE', *, *, #1887, .F. ) ;
#336 = MECHANICAL_DESIGN_GEOMETRIC_PRESENTATION_REPRESENTATION (  '', ( #1317 ), #980 ) ;
#337 = ADVANCED_FACE ( 'NONE', ( #2129 ), #1505, .T. ) ;
#338 = COLOUR_RGB ( '',1.000000000000000000, 0.1490196078431372528, 0.1490196078431372528 ) ;
#339 = CARTESIAN_POINT ( 'NONE',  ( 20.00000000000001776, -17.05693493150685924, 1.669520547945203770 ) ) ;
#340 = FACE_OUTER_BOUND ( 'NONE', #348, .T. ) ;
#341 = DIRECTION ( 'NONE',  ( 0.000000000000000000, 1.000000000000000000, 0.000000000000000000 ) ) ;
#342 = DIRECTION ( 'NONE',  ( -0.000000000000000000, 1.000000000000000000, -0.000000000000000000 ) ) ;
#343 = ORIENTED_EDGE ( 'NONE', *, *, #161, .T. ) ;
#344 = DIRECTION ( 'NONE',  ( 1.000000000000000000, -0.000000000000000000, -0.000000000000000000 ) ) ;
#345 = VECTOR ( 'NONE', #620, 1000.000000000000227 ) ;
#346 = LINE ( 'NONE', #1340, #438 ) ;
#347 = COLOUR_RGB ( '',0.1176470588235294101, 0.4039215686274509887, 0.8823529411764705621 ) ;
#348 = EDGE_LOOP ( 'NONE', ( #927, #2287, #919, #321 ) ) ;
#349 = COLOUR_RGB ( '',0.1176470588235294101, 0.4039215686274509887, 0.8823529411764705621 ) ;
#350 = ADVANCED_FACE ( 'NONE', ( #1714, #1173 ), #778, .F. ) ;
#351 = SURFACE_SIDE_STYLE ('',( #1749 ) ) ;
#352 = LINE ( 'NONE', #2186, #1748 ) ;
#353 = STYLED_ITEM ( 'NONE', ( #1773 ), #2459 ) ;
#354 =( GEOMETRIC_REPRESENTATION_CONTEXT ( 3 ) GLOBAL_UNCERTAINTY_ASSIGNED_CONTEXT ( ( #494 ) ) GLOBAL_UNIT_ASSIGNED_CONTEXT ( ( #597, #1219, #2553 ) ) REPRESENTATION_CONTEXT ( 'NONE', 'WORKASPACE' ) );
#355 = UNCERTAINTY_MEASURE_WITH_UNIT (LENGTH_MEASURE( 1.000000000000000082E-05 ), #2004, 'distance_accuracy_value', 'NONE');
#356 =( NAMED_UNIT ( * ) PLANE_ANGLE_UNIT ( ) SI_UNIT ( $, .RADIAN. ) );
#357 = COLOUR_RGB ( '',1.000000000000000000, 0.1490196078431372528, 0.1490196078431372528 ) ;
#358 = DIRECTION ( 'NONE',  ( 0.4655045794515105251, 0.000000000000000000, -0.8850454714361700725 ) ) ;
#359 = FILL_AREA_STYLE ('',( #766 ) ) ;
#360 = UNCERTAINTY_MEASURE_WITH_UNIT (LENGTH_MEASURE( 1.000000000000000082E-05 ), #2100, 'distance_accuracy_value', 'NONE');
#361 = VECTOR ( 'NONE', #286, 1000.000000000000000 ) ;
#362 = ORIENTED_EDGE ( 'NONE', *, *, #1348, .T. ) ;
#363 =( NAMED_UNIT ( * ) SI_UNIT ( $, .STERADIAN. ) SOLID_ANGLE_UNIT ( ) );
#364 = PRESENTATION_LAYER_ASSIGNMENT (  '', '', ( #2039 ) ) ;
#365 = DIRECTION ( 'NONE',  ( 0.000000000000000000, 0.8736693556180568088, 0.4865201507172434159 ) ) ;
#366 = EDGE_LOOP ( 'NONE', ( #1169, #1896 ) ) ;
#367 = CARTESIAN_POINT ( 'NONE',  ( 75.00000000000001421, -2.618611004132350648E-13, 0.000000000000000000 ) ) ;
#368 =( NAMED_UNIT ( * ) SI_UNIT ( $, .STERADIAN. ) SOLID_ANGLE_UNIT ( ) );
#369 = ADVANCED_FACE ( 'NONE', ( #2112 ), #2165, .F. ) ;
#370 = CARTESIAN_POINT ( 'NONE',  ( 0.000000000000000000, 0.000000000000000000, 0.000000000000000000 ) ) ;
#371 =( LENGTH_UNIT ( ) NAMED_UNIT ( * ) SI_UNIT ( .MILLI., .METRE. ) );
#372 = ADVANCED_FACE ( 'NONE', ( #1832 ), #1241, .T. ) ;
#373 = ORIENTED_EDGE ( 'NONE', *, *, #1311, .T. ) ;
#374 = DIRECTION ( 'NONE',  ( 1.000000000000000000, 0.000000000000000000, 0.000000000000000000 ) ) ;
#375 = EDGE_LOOP ( 'NONE', ( #140, #908, #524, #913 ) ) ;
#376 =( NAMED_UNIT ( * ) PLANE_ANGLE_UNIT ( ) SI_UNIT ( $, .RADIAN. ) );
#377 = DIRECTION ( 'NONE',  ( 0.000000000000000000, -1.000000000000000000, -3.330669073875469621E-15 ) ) ;
#378 = UNCERTAINTY_MEASURE_WITH_UNIT (LENGTH_MEASURE( 1.000000000000000082E-05 ), #371, 'distance_accuracy_value', 'NONE');
#379 = CARTESIAN_POINT ( 'NONE',  ( -24.99999999999998579, 25.00000000000000000, 25.00000000000000000 ) ) ;
#380 = LINE ( 'NONE', #1031, #1252 ) ;
#381 = EDGE_CURVE ( 'NONE', #965, #1729, #628, .T. ) ;
#382 =( GEOMETRIC_REPRESENTATION_CONTEXT ( 3 ) GLOBAL_UNCERTAINTY_ASSIGNED_CONTEXT ( ( #66 ) ) GLOBAL_UNIT_ASSIGNED_CONTEXT ( ( #716, #579, #368 ) ) REPRESENTATION_CONTEXT ( 'NONE', 'WORKASPACE' ) );
#383 = DIRECTION ( 'NONE',  ( -0.000000000000000000, 1.000000000000000000, -0.000000000000000000 ) ) ;
#384 = COLOUR_RGB ( '',0.7921568627450980005, 0.8196078431372548767, 0.9333333333333333481 ) ;
#385 = SURFACE_STYLE_FILL_AREA ( #825 ) ;
#386 = SURFACE_STYLE_FILL_AREA ( #1179 ) ;
#387 = EDGE_CURVE ( 'NONE', #1831, #1321, #231, .T. ) ;
#388 = FACE_OUTER_BOUND ( 'NONE', #2305, .T. ) ;
#389 = ORIENTED_EDGE ( 'NONE', *, *, #518, .F. ) ;
#390 = VECTOR ( 'NONE', #1815, 1000.000000000000000 ) ;
#391 = PRESENTATION_LAYER_ASSIGNMENT (  '', '', ( #2392 ) ) ;
#392 = CARTESIAN_POINT ( 'NONE',  ( -1.836472602739708471, -22.32876712328767965, 20.00000000000000000 ) ) ;
#393 = SURFACE_STYLE_USAGE ( .BOTH. , #1528 ) ;
#394 = CARTESIAN_POINT ( 'NONE',  ( 25.00000000000001776, -14.81271404109589795, -0.4944349315068510275 ) ) ;
#395 = MECHANICAL_DESIGN_GEOMETRIC_PRESENTATION_REPRESENTATION (  '', ( #1940 ), #737 ) ;
#396 = CARTESIAN_POINT ( 'NONE',  ( 20.00000000000001776, -10.00000000000000888, 5.599315068493148750 ) ) ;
#397 = DIRECTION ( 'NONE',  ( 0.000000000000000000, -0.8829555129358178656, -0.4694566669845543494 ) ) ;
#398 = VECTOR ( 'NONE', #564, 1000.000000000000000 ) ;
#399 = DIRECTION ( 'NONE',  ( -0.000000000000000000, 1.000000000000000000, -0.000000000000000000 ) ) ;
#400 = VECTOR ( 'NONE', #1517, 1000.000000000000000 ) ;
#401 = FILL_AREA_STYLE ('',( #2552 ) ) ;
#402 = EDGE_CURVE ( 'NONE', #1443, #2433, #1214, .T. ) ;
#403 = EDGE_LOOP ( 'NONE', ( #240, #2494, #2567, #2130 ) ) ;
#404 = CARTESIAN_POINT ( 'NONE',  ( 75.00000000000001421, -2.618611004132350648E-13, 4.999999999999975131 ) ) ;
#405 = AXIS2_PLACEMENT_3D ( 'NONE', #2370, #583, #2343 ) ;
#406 = FACE_OUTER_BOUND ( 'NONE', #268, .T. ) ;
#407 = FILL_AREA_STYLE ('',( #20 ) ) ;
#408 = PRESENTATION_STYLE_ASSIGNMENT (( #1226 ) ) ;
#409 = PRODUCT_DEFINITION_CONTEXT ( 'detailed design', #1562, 'design' ) ;
#410 =( LENGTH_UNIT ( ) NAMED_UNIT ( * ) SI_UNIT ( .MILLI., .METRE. ) );
#411 = SURFACE_STYLE_USAGE ( .BOTH. , #429 ) ;
#412 = CARTESIAN_POINT ( 'NONE',  ( -24.99999999999998579, 25.00000000000000000, 25.00000000000000000 ) ) ;
#413 = UNCERTAINTY_MEASURE_WITH_UNIT (LENGTH_MEASURE( 1.000000000000000082E-05 ), #2556, 'distance_accuracy_value', 'NONE');
#414 = PRESENTATION_STYLE_ASSIGNMENT (( #1232 ) ) ;
#415 = CARTESIAN_POINT ( 'NONE',  ( -5.130565068493131875, -12.67123287671233456, 20.00000000000000000 ) ) ;
#416 = EDGE_LOOP ( 'NONE', ( #2309, #1587, #2581, #1053, #83, #2114, #705, #2258, #1288, #1610, #1307, #475, #2207, #870, #324, #1651 ) ) ;
#417 = EDGE_CURVE ( 'NONE', #659, #1573, #1042, .T. ) ;
#418 = SURFACE_STYLE_FILL_AREA ( #1613 ) ;
#419 =( NAMED_UNIT ( * ) PLANE_ANGLE_UNIT ( ) SI_UNIT ( $, .RADIAN. ) );
#420 = PRESENTATION_STYLE_ASSIGNMENT (( #2210 ) ) ;
#421 = SPHERICAL_SURFACE ( 'NONE', #63, 10.00000000000000000 ) ;
#422 = DIRECTION ( 'NONE',  ( 1.000000000000000000, -0.000000000000000000, 0.000000000000000000 ) ) ;
#423 = FILL_AREA_STYLE_COLOUR ( '', #229 ) ;
#424 = CLOSED_SHELL ( 'NONE', ( #2199, #1577, #943, #1262, #1990, #1335, #1839, #710, #1511, #1720, #1276, #372, #221, #553, #932, #2395, #1684, #697, #40, #337, #1829, #1973, #594, #568, #195, #1627, #428, #623, #1702, #2459, #1008, #790, #1797, #2164, #118, #2376, #1591 ) ) ;
#425 = ORIENTED_EDGE ( 'NONE', *, *, #1605, .F. ) ;
#426 = CARTESIAN_POINT ( 'NONE',  ( 0.000000000000000000, -2.618611004132350648E-13, 75.00000000000001421 ) ) ;
#427 = MECHANICAL_DESIGN_GEOMETRIC_PRESENTATION_REPRESENTATION (  '', ( #599 ), #1730 ) ;
#428 = ADVANCED_FACE ( 'NONE', ( #2375 ), #1187, .F. ) ;
#429 = SURFACE_SIDE_STYLE ('',( #1620 ) ) ;
#430 = DIRECTION ( 'NONE',  ( -0.000000000000000000, 1.000000000000000000, -0.000000000000000000 ) ) ;
#431 = AXIS2_PLACEMENT_3D ( 'NONE', #1395, #2189, #1630 ) ;
#432 = UNCERTAINTY_MEASURE_WITH_UNIT (LENGTH_MEASURE( 1.000000000000000082E-05 ), #46, 'distance_accuracy_value', 'NONE');
#433 =( LENGTH_UNIT ( ) NAMED_UNIT ( * ) SI_UNIT ( .MILLI., .METRE. ) );
#434 = FACE_OUTER_BOUND ( 'NONE', #1466, .T. ) ;
#435 = PRESENTATION_STYLE_ASSIGNMENT (( #2232 ) ) ;
#436 = FILL_AREA_STYLE_COLOUR ( '', #1555 ) ;
#437 = PRESENTATION_LAYER_ASSIGNMENT (  '', '', ( #353 ) ) ;
#438 = VECTOR ( 'NONE', #117, 1000.000000000000000 ) ;
#439 = ORIENTED_EDGE ( 'NONE', *, *, #2037, .T. ) ;
#440 = FACE_OUTER_BOUND ( 'NONE', #1152, .T. ) ;
#441 = AXIS2_PLACEMENT_3D ( 'NONE', #1474, #896, #1867 ) ;
#442 = PRESENTATION_LAYER_ASSIGNMENT (  '', '', ( #1579 ) ) ;
#443 = PRESENTATION_LAYER_ASSIGNMENT (  '', '', ( #786 ) ) ;
#444 = DIRECTION ( 'NONE',  ( -0.000000000000000000, 1.000000000000000000, -0.000000000000000000 ) ) ;
#445 = SURFACE_STYLE_FILL_AREA ( #641 ) ;
#446 = DIRECTION ( 'NONE',  ( 0.000000000000000000, 0.000000000000000000, -1.000000000000000000 ) ) ;
#447 = PRESENTATION_STYLE_ASSIGNMENT (( #1460 ) ) ;
#448 = ADVANCED_FACE ( 'NONE', ( #1738, #1149 ), #122, .F. ) ;
#449 = ORIENTED_EDGE ( 'NONE', *, *, #1500, .F. ) ;
#450 =( NAMED_UNIT ( * ) PLANE_ANGLE_UNIT ( ) SI_UNIT ( $, .RADIAN. ) );
#451 = CARTESIAN_POINT ( 'NONE',  ( 0.4783818493150895357, 20.00000000000000000, 15.81121575342466379 ) ) ;
#452 = VERTEX_POINT ( 'NONE', #1346 ) ;
#453 = CARTESIAN_POINT ( 'NONE',  ( 0.000000000000000000, 75.00000000000001421, 0.000000000000000000 ) ) ;
#454 = CARTESIAN_POINT ( 'NONE',  ( 25.00000000000001776, -10.00000000000000888, -6.010273972602740322 ) ) ;
#455 = FILL_AREA_STYLE_COLOUR ( '', #1446 ) ;
#456 = FILL_AREA_STYLE ('',( #1258 ) ) ;
#457 = PLANE ( 'NONE',  #1411 ) ;
#458 = UNCERTAINTY_MEASURE_WITH_UNIT (LENGTH_MEASURE( 1.000000000000000082E-05 ), #2463, 'distance_accuracy_value', 'NONE');
#459 = ORIENTED_EDGE ( 'NONE', *, *, #2507, .T. ) ;
#460 = SURFACE_STYLE_USAGE ( .BOTH. , #1662 ) ;
#461 = CARTESIAN_POINT ( 'NONE',  ( -24.99999999999998579, 25.00000000000000000, -25.00000000000000000 ) ) ;
#462 = COLOUR_RGB ( '',1.000000000000000000, 0.1490196078431372528, 0.1490196078431372528 ) ;
#463 = DIRECTION ( 'NONE',  ( -0.000000000000000000, -0.000000000000000000, 1.000000000000000000 ) ) ;
#464 = FILL_AREA_STYLE ('',( #436 ) ) ;
#465 = AXIS2_PLACEMENT_3D ( 'NONE', #1354, #754, #318 ) ;
#466 = EDGE_LOOP ( 'NONE', ( #100, #2349, #2363, #709 ) ) ;
#467 = DIRECTION ( 'NONE',  ( -0.8770962678415018532, 0.000000000000000000, -0.4803146228655843508 ) ) ;
#468 = EDGE_CURVE ( 'NONE', #2198, #1060, #613, .T. ) ;
#469 = ORIENTED_EDGE ( 'NONE', *, *, #504, .T. ) ;
#470 = FACE_OUTER_BOUND ( 'NONE', #1645, .T. ) ;
#471 = COLOUR_RGB ( '',0.1176470588235294101, 0.4039215686274509887, 0.8823529411764705621 ) ;
#472 = PRESENTATION_LAYER_ASSIGNMENT (  '', '', ( #1980 ) ) ;
#473 = DIRECTION ( 'NONE',  ( 0.000000000000000000, -1.000000000000000000, 0.000000000000000000 ) ) ;
#474 = VECTOR ( 'NONE', #551, 1000.000000000000000 ) ;
#475 = ORIENTED_EDGE ( 'NONE', *, *, #1512, .F. ) ;
#476 = DIRECTION ( 'NONE',  ( 0.000000000000000000, -3.491481338843133355E-15, 1.000000000000000000 ) ) ;
#477 = DIRECTION ( 'NONE',  ( 0.000000000000000000, 3.491481338843133355E-15, -1.000000000000000000 ) ) ;
#478 = AXIS2_PLACEMENT_3D ( 'NONE', #2215, #422, #2023 ) ;
#479 =( NAMED_UNIT ( * ) PLANE_ANGLE_UNIT ( ) SI_UNIT ( $, .RADIAN. ) );
#480 = FILL_AREA_STYLE_COLOUR ( '', #1978 ) ;
#481 = VECTOR ( 'NONE', #626, 1000.000000000000000 ) ;
#482 = EDGE_LOOP ( 'NONE', ( #507, #1703, #2261, #373 ) ) ;
#483 = FILL_AREA_STYLE ('',( #693 ) ) ;
#484 = ORIENTED_EDGE ( 'NONE', *, *, #1512, .T. ) ;
#485 = SURFACE_STYLE_USAGE ( .BOTH. , #1 ) ;
#486 = AXIS2_PLACEMENT_3D ( 'NONE', #2366, #764, #1791 ) ;
#487 = EDGE_CURVE ( 'NONE', #1134, #1894, #971, .T. ) ;
#488 = ORIENTED_EDGE ( 'NONE', *, *, #1858, .T. ) ;
#489 = VECTOR ( 'NONE', #807, 1000.000000000000000 ) ;
#490 =( GEOMETRIC_REPRESENTATION_CONTEXT ( 3 ) GLOBAL_UNCERTAINTY_ASSIGNED_CONTEXT ( ( #2095 ) ) GLOBAL_UNIT_ASSIGNED_CONTEXT ( ( #1450, #1670, #234 ) ) REPRESENTATION_CONTEXT ( 'NONE', 'WORKASPACE' ) );
#491 = PRESENTATION_STYLE_ASSIGNMENT (( #76 ) ) ;
#492 = PRESENTATION_STYLE_ASSIGNMENT (( #2050 ) ) ;
#493 = DIRECTION ( 'NONE',  ( -1.000000000000000000, 0.000000000000000000, 0.000000000000000000 ) ) ;
#494 = UNCERTAINTY_MEASURE_WITH_UNIT (LENGTH_MEASURE( 1.000000000000000082E-05 ), #597, 'distance_accuracy_value', 'NONE');
#495 = VERTEX_POINT ( 'NONE', #784 ) ;
#496 = CARTESIAN_POINT ( 'NONE',  ( 0.000000000000000000, -3.491481338843133355E-13, 100.0000000000000000 ) ) ;
#497 = CYLINDRICAL_SURFACE ( 'NONE', #1618, 4.999999999999986677 ) ;
#498 = SURFACE_SIDE_STYLE ('',( #2319 ) ) ;
#499 = ORIENTED_EDGE ( 'NONE', *, *, #2365, .T. ) ;
#500 = ORIENTED_EDGE ( 'NONE', *, *, #976, .T. ) ;
#501 =( NAMED_UNIT ( * ) PLANE_ANGLE_UNIT ( ) SI_UNIT ( $, .RADIAN. ) );
#502 = VERTEX_POINT ( 'NONE', #2168 ) ;
#503 = EDGE_CURVE ( 'NONE', #2438, #1889, #148, .T. ) ;
#504 = EDGE_CURVE ( 'NONE', #502, #2325, #1164, .T. ) ;
#505 = FILL_AREA_STYLE ('',( #2077 ) ) ;
#506 = LINE ( 'NONE', #77, #150 ) ;
#507 = ORIENTED_EDGE ( 'NONE', *, *, #1348, .F. ) ;
#508 = PRESENTATION_STYLE_ASSIGNMENT (( #1124 ) ) ;
#509 =( NAMED_UNIT ( * ) SI_UNIT ( $, .STERADIAN. ) SOLID_ANGLE_UNIT ( ) );
#510 = DIRECTION ( 'NONE',  ( 0.000000000000000000, 0.000000000000000000, 1.000000000000000000 ) ) ;
#511 = ORIENTED_EDGE ( 'NONE', *, *, #1211, .T. ) ;
#512 = VERTEX_POINT ( 'NONE', #1125 ) ;
#513 = SURFACE_STYLE_FILL_AREA ( #2537 ) ;
#514 = SURFACE_STYLE_FILL_AREA ( #1523 ) ;
#515 = ORIENTED_EDGE ( 'NONE', *, *, #1100, .T. ) ;
#516 = FILL_AREA_STYLE_COLOUR ( '', #819 ) ;
#517 = DIRECTION ( 'NONE',  ( 1.000000000000000000, -3.491481338843133355E-15, 0.000000000000000000 ) ) ;
#518 = EDGE_CURVE ( 'NONE', #98, #305, #159, .T. ) ;
#519 = FILL_AREA_STYLE_COLOUR ( '', #800 ) ;
#520 =( NAMED_UNIT ( * ) SI_UNIT ( $, .STERADIAN. ) SOLID_ANGLE_UNIT ( ) );
#521 = DIRECTION ( 'NONE',  ( 1.000000000000000000, -3.491481338843133355E-15, 0.000000000000000000 ) ) ;
#522 = DIRECTION ( 'NONE',  ( 0.000000000000000000, 0.000000000000000000, -1.000000000000000000 ) ) ;
#523 = STYLED_ITEM ( 'NONE', ( #1849 ), #1262 ) ;
#524 = ORIENTED_EDGE ( 'NONE', *, *, #608, .F. ) ;
#525 = STYLED_ITEM ( 'NONE', ( #508 ), #1298 ) ;
#526 = ORIENTED_EDGE ( 'NONE', *, *, #2482, .T. ) ;
#527 = DIRECTION ( 'NONE',  ( 0.000000000000000000, 0.000000000000000000, 1.000000000000000000 ) ) ;
#528 = CARTESIAN_POINT ( 'NONE',  ( 0.000000000000000000, -5.000000000000237144, 75.00000000000000000 ) ) ;
#529 = PRESENTATION_LAYER_ASSIGNMENT (  '', '', ( #531 ) ) ;
#530 = ORIENTED_EDGE ( 'NONE', *, *, #1655, .F. ) ;
#531 = STYLED_ITEM ( 'NONE', ( #1789 ), #1591 ) ;
#532 =( GEOMETRIC_REPRESENTATION_CONTEXT ( 3 ) GLOBAL_UNCERTAINTY_ASSIGNED_CONTEXT ( ( #1315 ) ) GLOBAL_UNIT_ASSIGNED_CONTEXT ( ( #556, #1578, #1171 ) ) REPRESENTATION_CONTEXT ( 'NONE', 'WORKASPACE' ) );
#533 =( NAMED_UNIT ( * ) PLANE_ANGLE_UNIT ( ) SI_UNIT ( $, .RADIAN. ) );
#534 = MECHANICAL_DESIGN_GEOMETRIC_PRESENTATION_REPRESENTATION (  '', ( #1992 ), #2362 ) ;
#535 = CARTESIAN_POINT ( 'NONE',  ( -24.99999999999998579, 25.00000000000000000, -25.00000000000000000 ) ) ;
#536 = STYLED_ITEM ( 'NONE', ( #2577 ), #2166 ) ;
#537 = SURFACE_SIDE_STYLE ('',( #2136 ) ) ;
#538 =( NAMED_UNIT ( * ) PLANE_ANGLE_UNIT ( ) SI_UNIT ( $, .RADIAN. ) );
#539 = EDGE_CURVE ( 'NONE', #692, #2331, #2341, .T. ) ;
#540 = VERTEX_POINT ( 'NONE', #2137 ) ;
#541 = ORIENTED_EDGE ( 'NONE', *, *, #747, .F. ) ;
#542 = CARTESIAN_POINT ( 'NONE',  ( 1.849315068493171843, 20.00000000000000000, 25.00000000000000355 ) ) ;
#543 = ORIENTED_EDGE ( 'NONE', *, *, #381, .F. ) ;
#544 = DIRECTION ( 'NONE',  ( 0.000000000000000000, 0.000000000000000000, -1.000000000000000000 ) ) ;
#545 = PRESENTATION_STYLE_ASSIGNMENT (( #1950 ) ) ;
#546 = CARTESIAN_POINT ( 'NONE',  ( 3.534888698630158643, 20.00000000000000000, 10.00000000000000533 ) ) ;
#547 = DIRECTION ( 'NONE',  ( 0.000000000000000000, -1.000000000000000000, -3.491481338843133355E-15 ) ) ;
#548 =( NAMED_UNIT ( * ) PLANE_ANGLE_UNIT ( ) SI_UNIT ( $, .RADIAN. ) );
#549 = CARTESIAN_POINT ( 'NONE',  ( -1.438356164383539859, 25.00000000000000000, 18.69113869863014443 ) ) ;
#550 = ORIENTED_EDGE ( 'NONE', *, *, #1420, .T. ) ;
#551 = DIRECTION ( 'NONE',  ( 1.000000000000000000, 0.000000000000000000, 0.000000000000000000 ) ) ;
#552 =( NAMED_UNIT ( * ) PLANE_ANGLE_UNIT ( ) SI_UNIT ( $, .RADIAN. ) );
#553 = ADVANCED_FACE ( 'NONE', ( #572 ), #559, .T. ) ;
#554 = ORIENTED_EDGE ( 'NONE', *, *, #204, .F. ) ;
#555 =( GEOMETRIC_REPRESENTATION_CONTEXT ( 3 ) GLOBAL_UNCERTAINTY_ASSIGNED_CONTEXT ( ( #2193 ) ) GLOBAL_UNIT_ASSIGNED_CONTEXT ( ( #68, #1890, #647 ) ) REPRESENTATION_CONTEXT ( 'NONE', 'WORKASPACE' ) );
#556 =( LENGTH_UNIT ( ) NAMED_UNIT ( * ) SI_UNIT ( .MILLI., .METRE. ) );
#557 = FACE_OUTER_BOUND ( 'NONE', #2589, .T. ) ;
#558 = FILL_AREA_STYLE_COLOUR ( '', #1071 ) ;
#559 = PLANE ( 'NONE',  #1207 ) ;
#560 = PRESENTATION_STYLE_ASSIGNMENT (( #1777 ) ) ;
#561 = ORIENTED_EDGE ( 'NONE', *, *, #387, .F. ) ;
#562 = CARTESIAN_POINT ( 'NONE',  ( 0.000000000000000000, 75.00000000000001421, 0.000000000000000000 ) ) ;
#563 = VECTOR ( 'NONE', #1255, 1000.000000000000000 ) ;
#564 = DIRECTION ( 'NONE',  ( -0.000000000000000000, -0.000000000000000000, 1.000000000000000000 ) ) ;
#565 = CIRCLE ( 'NONE', #2435, 5.000000000000000000 ) ;
#566 = EDGE_LOOP ( 'NONE', ( #260, #389, #774, #1421, #1492, #1198, #2070, #1961, #634, #561, #1477, #1912 ) ) ;
#567 = LINE ( 'NONE', #760, #1237 ) ;
#568 = ADVANCED_FACE ( 'NONE', ( #1983 ), #582, .T. ) ;
#569 = SURFACE_SIDE_STYLE ('',( #752 ) ) ;
#570 = PRESENTATION_STYLE_ASSIGNMENT (( #1543 ) ) ;
#571 = VECTOR ( 'NONE', #729, 1000.000000000000000 ) ;
#572 = FACE_OUTER_BOUND ( 'NONE', #1472, .T. ) ;
#573 = UNCERTAINTY_MEASURE_WITH_UNIT (LENGTH_MEASURE( 1.000000000000000082E-05 ), #1399, 'distance_accuracy_value', 'NONE');
#574 = STYLED_ITEM ( 'NONE', ( #1332 ), #553 ) ;
#575 = AXIS2_PLACEMENT_3D ( 'NONE', #1022, #1812, #863 ) ;
#576 = ORIENTED_EDGE ( 'NONE', *, *, #1177, .T. ) ;
#577 = EDGE_LOOP ( 'NONE', ( #2322, #439, #1975 ) ) ;
#578 =( NAMED_UNIT ( * ) SI_UNIT ( $, .STERADIAN. ) SOLID_ANGLE_UNIT ( ) );
#579 =( NAMED_UNIT ( * ) PLANE_ANGLE_UNIT ( ) SI_UNIT ( $, .RADIAN. ) );
#580 = EDGE_CURVE ( 'NONE', #248, #2475, #380, .T. ) ;
#581 = SURFACE_SIDE_STYLE ('',( #1189 ) ) ;
#582 = PLANE ( 'NONE',  #273 ) ;
#583 = DIRECTION ( 'NONE',  ( 0.000000000000000000, -1.000000000000000000, 0.000000000000000000 ) ) ;
#584 = ORIENTED_EDGE ( 'NONE', *, *, #1311, .F. ) ;
#585 = ORIENTED_EDGE ( 'NONE', *, *, #323, .F. ) ;
#586 = CARTESIAN_POINT ( 'NONE',  ( 1.530808498934191521E-15, 75.00000000000001421, 12.50000000000000000 ) ) ;
#587 = CYLINDRICAL_SURFACE ( 'NONE', #2440, 4.999999999999986677 ) ;
#588 = CARTESIAN_POINT ( 'NONE',  ( -5.650684931506831710, -25.00000000000000355, 20.00000000000000000 ) ) ;
#589 = CARTESIAN_POINT ( 'NONE',  ( -5.130565068493131875, -10.00000000000000533, 20.00000000000000000 ) ) ;
#590 = UNCERTAINTY_MEASURE_WITH_UNIT (LENGTH_MEASURE( 1.000000000000000082E-05 ), #1933, 'distance_accuracy_value', 'NONE');
#591 = DIRECTION ( 'NONE',  ( -0.8944271909999158554, 3.068107976503669113E-15, 0.4472135954999577612 ) ) ;
#592 = CARTESIAN_POINT ( 'NONE',  ( -24.99999999999998579, -25.00000000000000000, -25.00000000000000000 ) ) ;
#593 = LINE ( 'NONE', #175, #1707 ) ;
#594 = ADVANCED_FACE ( 'NONE', ( #22 ), #835, .T. ) ;
#595 = UNCERTAINTY_MEASURE_WITH_UNIT (LENGTH_MEASURE( 1.000000000000000082E-05 ), #64, 'distance_accuracy_value', 'NONE');
#596 = DIRECTION ( 'NONE',  ( 0.000000000000000000, -1.000000000000000000, 0.000000000000000000 ) ) ;
#597 =( LENGTH_UNIT ( ) NAMED_UNIT ( * ) SI_UNIT ( .MILLI., .METRE. ) );
#598 = VERTEX_POINT ( 'NONE', #795 ) ;
#599 = STYLED_ITEM ( 'NONE', ( #2452 ), #932 ) ;
#600 = MECHANICAL_DESIGN_GEOMETRIC_PRESENTATION_REPRESENTATION (  '', ( #1650 ), #2022 ) ;
#601 =( GEOMETRIC_REPRESENTATION_CONTEXT ( 3 ) GLOBAL_UNCERTAINTY_ASSIGNED_CONTEXT ( ( #785 ) ) GLOBAL_UNIT_ASSIGNED_CONTEXT ( ( #757, #788, #363 ) ) REPRESENTATION_CONTEXT ( 'NONE', 'WORKASPACE' ) );
#602 = SURFACE_SIDE_STYLE ('',( #1186 ) ) ;
#603 =( LENGTH_UNIT ( ) NAMED_UNIT ( * ) SI_UNIT ( .MILLI., .METRE. ) );
#604 = AXIS2_PLACEMENT_3D ( 'NONE', #1145, #1772, #2326 ) ;
#605 =( NAMED_UNIT ( * ) SI_UNIT ( $, .STERADIAN. ) SOLID_ANGLE_UNIT ( ) );
#606 =( GEOMETRIC_REPRESENTATION_CONTEXT ( 3 ) GLOBAL_UNCERTAINTY_ASSIGNED_CONTEXT ( ( #169 ) ) GLOBAL_UNIT_ASSIGNED_CONTEXT ( ( #1798, #501, #801 ) ) REPRESENTATION_CONTEXT ( 'NONE', 'WORKASPACE' ) );
#607 =( NAMED_UNIT ( * ) SI_UNIT ( $, .STERADIAN. ) SOLID_ANGLE_UNIT ( ) );
#608 = EDGE_CURVE ( 'NONE', #2091, #1254, #2378, .T. ) ;
#609 = FACE_OUTER_BOUND ( 'NONE', #366, .T. ) ;
#610 = DIRECTION ( 'NONE',  ( 0.000000000000000000, 0.4865201507172434714, -0.8736693556180569198 ) ) ;
#611 = COLOUR_RGB ( '',1.000000000000000000, 0.1490196078431372528, 0.1490196078431372528 ) ;
#612 = EDGE_LOOP ( 'NONE', ( #2409, #585, #1468, #1347 ) ) ;
#613 = CIRCLE ( 'NONE', #1417, 5.000000000000000000 ) ;
#614 = VECTOR ( 'NONE', #1393, 1000.000000000000000 ) ;
#615 = SURFACE_SIDE_STYLE ('',( #418 ) ) ;
#616 = DIRECTION ( 'NONE',  ( 0.000000000000000000, 0.000000000000000000, 1.000000000000000000 ) ) ;
#617 = UNCERTAINTY_MEASURE_WITH_UNIT (LENGTH_MEASURE( 1.000000000000000082E-05 ), #1699, 'distance_accuracy_value', 'NONE');
#618 = DIRECTION ( 'NONE',  ( 1.000000000000000000, 0.000000000000000000, 0.000000000000000000 ) ) ;
#619 =( NAMED_UNIT ( * ) SI_UNIT ( $, .STERADIAN. ) SOLID_ANGLE_UNIT ( ) );
#620 = DIRECTION ( 'NONE',  ( 0.000000000000000000, 0.8678975213414771295, -0.4967432862649683867 ) ) ;
#621 = VERTEX_POINT ( 'NONE', #2190 ) ;
#622 = SURFACE_STYLE_USAGE ( .BOTH. , #2028 ) ;
#623 = ADVANCED_FACE ( 'NONE', ( #1011 ), #1801, .T. ) ;
#624 =( LENGTH_UNIT ( ) NAMED_UNIT ( * ) SI_UNIT ( .MILLI., .METRE. ) );
#625 = DIRECTION ( 'NONE',  ( 0.000000000000000000, -0.8731629945273264859, -0.4874283383104352496 ) ) ;
#626 = DIRECTION ( 'NONE',  ( 0.000000000000000000, 1.000000000000000000, 0.000000000000000000 ) ) ;
#627 = SURFACE_SIDE_STYLE ('',( #2578 ) ) ;
#628 = CIRCLE ( 'NONE', #1142, 4.999999999999975131 ) ;
#629 =( NAMED_UNIT ( * ) SI_UNIT ( $, .STERADIAN. ) SOLID_ANGLE_UNIT ( ) );
#630 = SURFACE_STYLE_USAGE ( .BOTH. , #239 ) ;
#631 = DIRECTION ( 'NONE',  ( 1.000000000000000000, -3.491481338843133355E-15, 0.000000000000000000 ) ) ;
#632 = ORIENTED_EDGE ( 'NONE', *, *, #1434, .T. ) ;
#633 = CARTESIAN_POINT ( 'NONE',  ( 20.00000000000001776, -25.00000000000000711, 3.294092465753422960 ) ) ;
#634 = ORIENTED_EDGE ( 'NONE', *, *, #859, .F. ) ;
#635 = PRESENTATION_LAYER_ASSIGNMENT (  '', '', ( #1650 ) ) ;
#636 = EDGE_CURVE ( 'NONE', #2475, #1717, #108, .T. ) ;
#637 = VECTOR ( 'NONE', #1638, 1000.000000000000000 ) ;
#638 = CARTESIAN_POINT ( 'NONE',  ( -1.438356164383539859, 20.00000000000000000, 25.00000000000000355 ) ) ;
#639 =( NAMED_UNIT ( * ) SI_UNIT ( $, .STERADIAN. ) SOLID_ANGLE_UNIT ( ) );
#640 = EDGE_CURVE ( 'NONE', #98, #2468, #1300, .T. ) ;
#641 = FILL_AREA_STYLE ('',( #2403 ) ) ;
#642 = CARTESIAN_POINT ( 'NONE',  ( 20.00000000000001776, -25.00000000000000711, -2.854238013698632059 ) ) ;
#643 = LINE ( 'NONE', #2244, #272 ) ;
#644 = STYLED_ITEM ( 'NONE', ( #2542 ), #1358 ) ;
#645 = UNCERTAINTY_MEASURE_WITH_UNIT (LENGTH_MEASURE( 1.000000000000000082E-05 ), #155, 'distance_accuracy_value', 'NONE');
#646 = ORIENTED_EDGE ( 'NONE', *, *, #2352, .F. ) ;
#647 =( NAMED_UNIT ( * ) SI_UNIT ( $, .STERADIAN. ) SOLID_ANGLE_UNIT ( ) );
#648 = PLANE ( 'NONE',  #1735 ) ;
#649 = PRESENTATION_STYLE_ASSIGNMENT (( #630 ) ) ;
#650 = MECHANICAL_DESIGN_GEOMETRIC_PRESENTATION_REPRESENTATION (  '', ( #739 ), #1576 ) ;
#651 = ORIENTED_EDGE ( 'NONE', *, *, #1500, .T. ) ;
#652 = COLOUR_RGB ( '',0.1176470588235294101, 0.4039215686274509887, 0.8823529411764705621 ) ;
#653 = PRESENTATION_LAYER_ASSIGNMENT (  '', '', ( #574 ) ) ;
#654 = VECTOR ( 'NONE', #493, 1000.000000000000000 ) ;
#655 = SURFACE_STYLE_USAGE ( .BOTH. , #1213 ) ;
#656 = FILL_AREA_STYLE ('',( #1861 ) ) ;
#657 = SURFACE_STYLE_FILL_AREA ( #2093 ) ;
#658 = EDGE_CURVE ( 'NONE', #2273, #1210, #1482, .T. ) ;
#659 = VERTEX_POINT ( 'NONE', #2106 ) ;
#660 = FILL_AREA_STYLE ('',( #261 ) ) ;
#661 = CARTESIAN_POINT ( 'NONE',  ( 1.762628424657552539, -12.67123287671233456, 20.00000000000000000 ) ) ;
#662 = DIRECTION ( 'NONE',  ( 1.000000000000000000, -0.000000000000000000, -0.000000000000000000 ) ) ;
#663 = CARTESIAN_POINT ( 'NONE',  ( -6.369863013698608079, 25.00000000000000000, 10.00000000000000533 ) ) ;
#664 = ORIENTED_EDGE ( 'NONE', *, *, #1133, .F. ) ;
#665 = ORIENTED_EDGE ( 'NONE', *, *, #283, .F. ) ;
#666 = ORIENTED_EDGE ( 'NONE', *, *, #2424, .T. ) ;
#667 = DIRECTION ( 'NONE',  ( 1.000000000000000000, 0.000000000000000000, -0.000000000000000000 ) ) ;
#668 = FACE_OUTER_BOUND ( 'NONE', #612, .T. ) ;
#669 = UNCERTAINTY_MEASURE_WITH_UNIT (LENGTH_MEASURE( 1.000000000000000082E-05 ), #1257, 'distance_accuracy_value', 'NONE');
#670 = ORIENTED_EDGE ( 'NONE', *, *, #856, .T. ) ;
#671 = SURFACE_STYLE_FILL_AREA ( #660 ) ;
#672 = CARTESIAN_POINT ( 'NONE',  ( 0.000000000000000000, 75.00000000000001421, -12.50000000000000000 ) ) ;
#673 = EDGE_CURVE ( 'NONE', #502, #1266, #285, .T. ) ;
#674 = DIRECTION ( 'NONE',  ( 0.000000000000000000, -0.8761213546944321973, 0.4820906261776857771 ) ) ;
#675 = DIRECTION ( 'NONE',  ( 0.000000000000000000, 0.000000000000000000, 1.000000000000000000 ) ) ;
#676 = FILL_AREA_STYLE ('',( #480 ) ) ;
#677 = COLOUR_RGB ( '',0.1176470588235294101, 0.4039215686274509887, 0.8823529411764705621 ) ;
#678 = ORIENTED_EDGE ( 'NONE', *, *, #78, .F. ) ;
#679 = FILL_AREA_STYLE_COLOUR ( '', #144 ) ;
#680 = ORIENTED_EDGE ( 'NONE', *, *, #1447, .F. ) ;
#681 = STYLED_ITEM ( 'NONE', ( #1873 ), #967 ) ;
#682 = CARTESIAN_POINT ( 'NONE',  ( 20.00000000000001776, -10.00000000000000888, -6.010273972602740322 ) ) ;
#683 = LINE ( 'NONE', #1711, #1747 ) ;
#684 =( GEOMETRIC_REPRESENTATION_CONTEXT ( 3 ) GLOBAL_UNCERTAINTY_ASSIGNED_CONTEXT ( ( #2038 ) ) GLOBAL_UNIT_ASSIGNED_CONTEXT ( ( #749, #2292, #1495 ) ) REPRESENTATION_CONTEXT ( 'NONE', 'WORKASPACE' ) );
#685 = ORIENTED_EDGE ( 'NONE', *, *, #59, .T. ) ;
#686 =( NAMED_UNIT ( * ) PLANE_ANGLE_UNIT ( ) SI_UNIT ( $, .RADIAN. ) );
#687 = AXIS2_PLACEMENT_3D ( 'NONE', #496, #2098, #317 ) ;
#688 = CARTESIAN_POINT ( 'NONE',  ( -24.99999999999998579, -25.00000000000000000, 25.00000000000000000 ) ) ;
#689 = CARTESIAN_POINT ( 'NONE',  ( 6.123233995736766282E-16, 10.00000000000000000, 0.000000000000000000 ) ) ;
#690 = EDGE_CURVE ( 'NONE', #1157, #799, #2243, .T. ) ;
#691 = VECTOR ( 'NONE', #2184, 1000.000000000000114 ) ;
#692 = VERTEX_POINT ( 'NONE', #91 ) ;
#693 = FILL_AREA_STYLE_COLOUR ( '', #2429 ) ;
#694 = VERTEX_POINT ( 'NONE', #905 ) ;
#695 = VECTOR ( 'NONE', #3, 1000.000000000000000 ) ;
#696 = VECTOR ( 'NONE', #334, 1000.000000000000000 ) ;
#697 = ADVANCED_FACE ( 'NONE', ( #668 ), #877, .T. ) ;
#698 = ORIENTED_EDGE ( 'NONE', *, *, #1935, .F. ) ;
#699 = VECTOR ( 'NONE', #2084, 1000.000000000000000 ) ;
#700 = STYLED_ITEM ( 'NONE', ( #560 ), #2164 ) ;
#701 =( NAMED_UNIT ( * ) PLANE_ANGLE_UNIT ( ) SI_UNIT ( $, .RADIAN. ) );
#702 = EDGE_LOOP ( 'NONE', ( #554, #2529 ) ) ;
#703 = DIRECTION ( 'NONE',  ( -0.000000000000000000, 0.000000000000000000, 1.000000000000000000 ) ) ;
#704 = FILL_AREA_STYLE_COLOUR ( '', #1807 ) ;
#705 = ORIENTED_EDGE ( 'NONE', *, *, #2348, .F. ) ;
#706 = ORIENTED_EDGE ( 'NONE', *, *, #673, .T. ) ;
#707 = DIRECTION ( 'NONE',  ( 0.5953693687775541976, 0.8034521234780679366, 0.000000000000000000 ) ) ;
#708 =( NAMED_UNIT ( * ) PLANE_ANGLE_UNIT ( ) SI_UNIT ( $, .RADIAN. ) );
#709 = ORIENTED_EDGE ( 'NONE', *, *, #2240, .F. ) ;
#710 = ADVANCED_FACE ( 'NONE', ( #1086 ), #2139, .T. ) ;
#711 = DIRECTION ( 'NONE',  ( 0.000000000000000000, -1.000000000000000000, -2.775557561562898845E-15 ) ) ;
#712 = LINE ( 'NONE', #2107, #922 ) ;
#713 = CARTESIAN_POINT ( 'NONE',  ( -5.130565068493131875, -12.67123287671233456, 20.00000000000000000 ) ) ;
#714 = DIRECTION ( 'NONE',  ( -0.000000000000000000, 1.000000000000000000, -0.000000000000000000 ) ) ;
#715 = SURFACE_SIDE_STYLE ('',( #123 ) ) ;
#716 =( LENGTH_UNIT ( ) NAMED_UNIT ( * ) SI_UNIT ( .MILLI., .METRE. ) );
#717 = ORIENTED_EDGE ( 'NONE', *, *, #2152, .F. ) ;
#718 = ORIENTED_EDGE ( 'NONE', *, *, #1736, .F. ) ;
#719 = LINE ( 'NONE', #116, #214 ) ;
#720 = LINE ( 'NONE', #1536, #696 ) ;
#721 = VECTOR ( 'NONE', #1137, 1000.000000000000000 ) ;
#722 = MECHANICAL_DESIGN_GEOMETRIC_PRESENTATION_REPRESENTATION (  '', ( #2220 ), #1359 ) ;
#723 = STYLED_ITEM ( 'NONE', ( #1005 ), #88 ) ;
#724 = ADVANCED_FACE ( 'NONE', ( #928 ), #2481, .T. ) ;
#725 = PLANE ( 'NONE',  #1156 ) ;
#726 = SURFACE_STYLE_FILL_AREA ( #1721 ) ;
#727 = DIRECTION ( 'NONE',  ( 0.000000000000000000, 0.000000000000000000, -1.000000000000000000 ) ) ;
#728 =( LENGTH_UNIT ( ) NAMED_UNIT ( * ) SI_UNIT ( .MILLI., .METRE. ) );
#729 = DIRECTION ( 'NONE',  ( 1.000000000000000000, -0.000000000000000000, -0.000000000000000000 ) ) ;
#730 = CARTESIAN_POINT ( 'NONE',  ( 1.849315068493171843, 20.00000000000000000, 18.63013698630137682 ) ) ;
#731 = MECHANICAL_DESIGN_GEOMETRIC_PRESENTATION_REPRESENTATION (  '', ( #907 ), #601 ) ;
#732 = VERTEX_POINT ( 'NONE', #404 ) ;
#733 = AXIS2_PLACEMENT_3D ( 'NONE', #985, #1775, #1751 ) ;
#734 = VERTEX_POINT ( 'NONE', #586 ) ;
#735 = DIRECTION ( 'NONE',  ( 1.000000000000000000, -0.000000000000000000, -0.000000000000000000 ) ) ;
#736 = LINE ( 'NONE', #542, #2124 ) ;
#737 =( GEOMETRIC_REPRESENTATION_CONTEXT ( 3 ) GLOBAL_UNCERTAINTY_ASSIGNED_CONTEXT ( ( #864 ) ) GLOBAL_UNIT_ASSIGNED_CONTEXT ( ( #2471, #2456, #274 ) ) REPRESENTATION_CONTEXT ( 'NONE', 'WORKASPACE' ) );
#738 = ORIENTED_EDGE ( 'NONE', *, *, #2518, .F. ) ;
#739 = STYLED_ITEM ( 'NONE', ( #2466 ), #1684 ) ;
#740 = MECHANICAL_DESIGN_GEOMETRIC_PRESENTATION_REPRESENTATION (  '', ( #1745 ), #2200 ) ;
#741 = DIRECTION ( 'NONE',  ( 1.000000000000000000, 0.000000000000000000, 0.000000000000000000 ) ) ;
#742 = CONICAL_SURFACE ( 'NONE', #575, 12.50000000000000000, 0.4636476090008059825 ) ;
#743 = LINE ( 'NONE', #1136, #361 ) ;
#744 = LINE ( 'NONE', #1918, #1804 ) ;
#745 = SURFACE_SIDE_STYLE ('',( #986 ) ) ;
#746 = FACE_OUTER_BOUND ( 'NONE', #403, .T. ) ;
#747 = EDGE_CURVE ( 'NONE', #941, #694, #1806, .T. ) ;
#748 = ORIENTED_EDGE ( 'NONE', *, *, #2054, .T. ) ;
#749 =( LENGTH_UNIT ( ) NAMED_UNIT ( * ) SI_UNIT ( .MILLI., .METRE. ) );
#750 = LINE ( 'NONE', #127, #2317 ) ;
#751 = ORIENTED_EDGE ( 'NONE', *, *, #2532, .T. ) ;
#752 = SURFACE_STYLE_FILL_AREA ( #2174 ) ;
#753 = DIRECTION ( 'NONE',  ( 1.000000000000000000, -0.000000000000000000, 0.000000000000000000 ) ) ;
#754 = DIRECTION ( 'NONE',  ( 1.000000000000000000, -3.491481338843133355E-15, 0.000000000000000000 ) ) ;
#755 = EDGE_LOOP ( 'NONE', ( #2360, #900, #343, #1220 ) ) ;
#756 = EDGE_CURVE ( 'NONE', #1881, #1134, #2, .T. ) ;
#757 =( LENGTH_UNIT ( ) NAMED_UNIT ( * ) SI_UNIT ( .MILLI., .METRE. ) );
#758 = CARTESIAN_POINT ( 'NONE',  ( 25.00000000000001776, -10.00000000000000888, 2.064426369863011868 ) ) ;
#759 = ORIENTED_EDGE ( 'NONE', *, *, #1589, .F. ) ;
#760 = CARTESIAN_POINT ( 'NONE',  ( 1.762628424657552539, -12.67123287671233456, 25.00000000000000000 ) ) ;
#761 = STYLED_ITEM ( 'NONE', ( #1503 ), #95 ) ;
#762 = MECHANICAL_DESIGN_GEOMETRIC_PRESENTATION_REPRESENTATION (  '', ( #981 ), #382 ) ;
#763 =( NAMED_UNIT ( * ) PLANE_ANGLE_UNIT ( ) SI_UNIT ( $, .RADIAN. ) );
#764 = DIRECTION ( 'NONE',  ( 0.000000000000000000, -1.000000000000000000, 0.000000000000000000 ) ) ;
#765 = FILL_AREA_STYLE_COLOUR ( '', #462 ) ;
#766 = FILL_AREA_STYLE_COLOUR ( '', #2182 ) ;
#767 =( LENGTH_UNIT ( ) NAMED_UNIT ( * ) SI_UNIT ( .MILLI., .METRE. ) );
#768 = AXIS2_PLACEMENT_3D ( 'NONE', #114, #1880, #1548 ) ;
#769 = FACE_OUTER_BOUND ( 'NONE', #2088, .T. ) ;
#770 = SURFACE_STYLE_FILL_AREA ( #401 ) ;
#771 = COLOUR_RGB ( '',1.000000000000000000, 1.000000000000000000, 1.000000000000000000 ) ;
#772 = EDGE_CURVE ( 'NONE', #1667, #995, #966, .T. ) ;
#773 = CIRCLE ( 'NONE', #2355, 5.000000000000000000 ) ;
#774 = ORIENTED_EDGE ( 'NONE', *, *, #2246, .F. ) ;
#775 = EDGE_CURVE ( 'NONE', #1889, #2044, #567, .T. ) ;
#776 = VECTOR ( 'NONE', #862, 1000.000000000000000 ) ;
#777 =( NAMED_UNIT ( * ) PLANE_ANGLE_UNIT ( ) SI_UNIT ( $, .RADIAN. ) );
#778 = PLANE ( 'NONE',  #1105 ) ;
#779 = AXIS2_PLACEMENT_3D ( 'NONE', #2311, #2506, #297 ) ;
#780 = COLOUR_RGB ( '',0.3254901960784313819, 0.7843137254901960675, 0.01568627450980392135 ) ;
#781 = UNCERTAINTY_MEASURE_WITH_UNIT (LENGTH_MEASURE( 1.000000000000000082E-05 ), #1572, 'distance_accuracy_value', 'NONE');
#782 = AXIS2_PLACEMENT_3D ( 'NONE', #1941, #1920, #522 ) ;
#783 = CARTESIAN_POINT ( 'NONE',  ( 0.4783818493150895357, 25.00000000000000000, 15.81121575342466379 ) ) ;
#784 = CARTESIAN_POINT ( 'NONE',  ( 5.438784246575359305, -12.47217465753425181, 25.00000000000000000 ) ) ;
#785 = UNCERTAINTY_MEASURE_WITH_UNIT (LENGTH_MEASURE( 1.000000000000000082E-05 ), #757, 'distance_accuracy_value', 'NONE');
#786 = STYLED_ITEM ( 'NONE', ( #7 ), #2178 ) ;
#787 = ORIENTED_EDGE ( 'NONE', *, *, #1033, .T. ) ;
#788 =( NAMED_UNIT ( * ) PLANE_ANGLE_UNIT ( ) SI_UNIT ( $, .RADIAN. ) );
#789 = ORIENTED_EDGE ( 'NONE', *, *, #1752, .T. ) ;
#790 = ADVANCED_FACE ( 'NONE', ( #1561 ), #1796, .T. ) ;
#791 = DIRECTION ( 'NONE',  ( 0.000000000000000000, -0.8656434948327349499, 0.5006609030609127098 ) ) ;
#792 =( NAMED_UNIT ( * ) SI_UNIT ( $, .STERADIAN. ) SOLID_ANGLE_UNIT ( ) );
#793 =( NAMED_UNIT ( * ) PLANE_ANGLE_UNIT ( ) SI_UNIT ( $, .RADIAN. ) );
#794 = CARTESIAN_POINT ( 'NONE',  ( -5.130565068493131875, -10.00000000000000533, 20.00000000000000000 ) ) ;
#795 = CARTESIAN_POINT ( 'NONE',  ( -5.650684931506831710, -25.00000000000000355, 20.00000000000000000 ) ) ;
#796 = FILL_AREA_STYLE_COLOUR ( '', #2281 ) ;
#797 = CARTESIAN_POINT ( 'NONE',  ( 0.000000000000000000, 0.000000000000000000, 0.000000000000000000 ) ) ;
#798 = FILL_AREA_STYLE_COLOUR ( '', #780 ) ;
#799 = VERTEX_POINT ( 'NONE', #1676 ) ;
#800 = COLOUR_RGB ( '',0.3254901960784313819, 0.7843137254901960675, 0.01568627450980392135 ) ;
#801 =( NAMED_UNIT ( * ) SI_UNIT ( $, .STERADIAN. ) SOLID_ANGLE_UNIT ( ) );
#802 = PRESENTATION_STYLE_ASSIGNMENT (( #393 ) ) ;
#803 = DIRECTION ( 'NONE',  ( -0.8765224643289666329, 0.000000000000000000, 0.4813609555486147440 ) ) ;
#804 = UNCERTAINTY_MEASURE_WITH_UNIT (LENGTH_MEASURE( 1.000000000000000082E-05 ), #2327, 'distance_accuracy_value', 'NONE');
#805 = PRESENTATION_LAYER_ASSIGNMENT (  '', '', ( #2425 ) ) ;
#806 = CARTESIAN_POINT ( 'NONE',  ( -1.438356164383539859, 25.00000000000000000, 25.00000000000000355 ) ) ;
#807 = DIRECTION ( 'NONE',  ( 0.000000000000000000, 0.000000000000000000, 1.000000000000000000 ) ) ;
#808 = UNCERTAINTY_MEASURE_WITH_UNIT (LENGTH_MEASURE( 1.000000000000000082E-05 ), #2224, 'distance_accuracy_value', 'NONE');
#809 = CLOSED_SHELL ( 'NONE', ( #271, #1112, #1358, #129, #2073, #350 ) ) ;
#810 = FILL_AREA_STYLE_COLOUR ( '', #1283 ) ;
#811 = CARTESIAN_POINT ( 'NONE',  ( 20.00000000000001776, -17.05693493150685924, 1.669520547945203770 ) ) ;
#812 = ORIENTED_EDGE ( 'NONE', *, *, #890, .T. ) ;
#813 = DIRECTION ( 'NONE',  ( -0.000000000000000000, 1.000000000000000000, -0.000000000000000000 ) ) ;
#814 = AXIS2_PLACEMENT_3D ( 'NONE', #2582, #1405, #2002 ) ;
#815 =( GEOMETRIC_REPRESENTATION_CONTEXT ( 3 ) GLOBAL_UNCERTAINTY_ASSIGNED_CONTEXT ( ( #2007 ) ) GLOBAL_UNIT_ASSIGNED_CONTEXT ( ( #1075, #450, #629 ) ) REPRESENTATION_CONTEXT ( 'NONE', 'WORKASPACE' ) );
#816 = SURFACE_STYLE_FILL_AREA ( #1018 ) ;
#817 =( NAMED_UNIT ( * ) SI_UNIT ( $, .STERADIAN. ) SOLID_ANGLE_UNIT ( ) );
#818 = FILL_AREA_STYLE ('',( #2387 ) ) ;
#819 = COLOUR_RGB ( '',0.1176470588235294101, 0.4039215686274509887, 0.8823529411764705621 ) ;
#820 = VECTOR ( 'NONE', #1445, 1000.000000000000000 ) ;
#821 =( LENGTH_UNIT ( ) NAMED_UNIT ( * ) SI_UNIT ( .MILLI., .METRE. ) );
#822 = AXIS2_PLACEMENT_3D ( 'NONE', #1977, #184, #791 ) ;
#823 = SURFACE_SIDE_STYLE ('',( #2264 ) ) ;
#824 = VECTOR ( 'NONE', #1428, 1000.000000000000000 ) ;
#825 = FILL_AREA_STYLE ('',( #2434 ) ) ;
#826 = EDGE_CURVE ( 'NONE', #1755, #55, #1652, .T. ) ;
#827 = FILL_AREA_STYLE ('',( #798 ) ) ;
#828 = SURFACE_SIDE_STYLE ('',( #265 ) ) ;
#829 = COLOUR_RGB ( '',0.1176470588235294101, 0.4039215686274509887, 0.8823529411764705621 ) ;
#830 = ORIENTED_EDGE ( 'NONE', *, *, #2504, .T. ) ;
#831 = LINE ( 'NONE', #2012, #637 ) ;
#832 = CIRCLE ( 'NONE', #2087, 12.50000000000000000 ) ;
#833 = CARTESIAN_POINT ( 'NONE',  ( -2.712970890410937308, 20.00000000000000000, 10.00000000000000533 ) ) ;
#834 = DIRECTION ( 'NONE',  ( 0.000000000000000000, 1.000000000000000000, 3.330669073875469621E-15 ) ) ;
#835 = PLANE ( 'NONE',  #1865 ) ;
#836 = CARTESIAN_POINT ( 'NONE',  ( 20.00000000000001776, -10.00000000000000888, 5.599315068493148750 ) ) ;
#837 = DIRECTION ( 'NONE',  ( 1.000000000000000000, 0.000000000000000000, 0.000000000000000000 ) ) ;
#838 = FACE_OUTER_BOUND ( 'NONE', #2046, .T. ) ;
#839 = EDGE_CURVE ( 'NONE', #1260, #287, #2385, .T. ) ;
#840 = ORIENTED_EDGE ( 'NONE', *, *, #2412, .T. ) ;
#841 = ORIENTED_EDGE ( 'NONE', *, *, #402, .T. ) ;
#842 =( NAMED_UNIT ( * ) PLANE_ANGLE_UNIT ( ) SI_UNIT ( $, .RADIAN. ) );
#843 = DIRECTION ( 'NONE',  ( 0.000000000000000000, -0.8761213546944321973, 0.4820906261776857771 ) ) ;
#844 = PRESENTATION_STYLE_ASSIGNMENT (( #1619 ) ) ;
#845 = DIRECTION ( 'NONE',  ( 0.000000000000000000, 0.8753391005662073399, -0.4835095231946761607 ) ) ;
#846 = CARTESIAN_POINT ( 'NONE',  ( 25.00000000000001776, -25.00000000000000711, -2.854238013698632059 ) ) ;
#847 = COLOUR_RGB ( '',0.3254901960784313819, 0.7843137254901960675, 0.01568627450980392135 ) ;
#848 = ORIENTED_EDGE ( 'NONE', *, *, #1872, .T. ) ;
#849 = FILL_AREA_STYLE_COLOUR ( '', #89 ) ;
#850 = CARTESIAN_POINT ( 'NONE',  ( -2.712970890410937308, 20.00000000000000000, 10.00000000000000533 ) ) ;
#851 =( LENGTH_UNIT ( ) NAMED_UNIT ( * ) SI_UNIT ( .MILLI., .METRE. ) );
#852 = DIRECTION ( 'NONE',  ( 0.8850454714361700725, 0.000000000000000000, 0.4655045794515104696 ) ) ;
#853 =( GEOMETRIC_REPRESENTATION_CONTEXT ( 3 ) GLOBAL_UNCERTAINTY_ASSIGNED_CONTEXT ( ( #1569 ) ) GLOBAL_UNIT_ASSIGNED_CONTEXT ( ( #433, #1013, #1999 ) ) REPRESENTATION_CONTEXT ( 'NONE', 'WORKASPACE' ) );
#854 = ORIENTED_EDGE ( 'NONE', *, *, #1020, .F. ) ;
#855 =( NAMED_UNIT ( * ) PLANE_ANGLE_UNIT ( ) SI_UNIT ( $, .RADIAN. ) );
#856 = EDGE_CURVE ( 'NONE', #1429, #1852, #1066, .T. ) ;
#857 = MECHANICAL_DESIGN_GEOMETRIC_PRESENTATION_REPRESENTATION (  '', ( #681 ), #2069 ) ;
#858 =( GEOMETRIC_REPRESENTATION_CONTEXT ( 3 ) GLOBAL_UNCERTAINTY_ASSIGNED_CONTEXT ( ( #595 ) ) GLOBAL_UNIT_ASSIGNED_CONTEXT ( ( #64, #701, #888 ) ) REPRESENTATION_CONTEXT ( 'NONE', 'WORKASPACE' ) );
#859 = EDGE_CURVE ( 'NONE', #1321, #692, #1467, .T. ) ;
#860 = PRESENTATION_STYLE_ASSIGNMENT (( #655 ) ) ;
#861 = PRESENTATION_LAYER_ASSIGNMENT (  '', '', ( #644 ) ) ;
#862 = DIRECTION ( 'NONE',  ( -0.000000000000000000, 1.000000000000000000, -0.000000000000000000 ) ) ;
#863 = DIRECTION ( 'NONE',  ( 0.000000000000000000, 0.000000000000000000, -1.000000000000000000 ) ) ;
#864 = UNCERTAINTY_MEASURE_WITH_UNIT (LENGTH_MEASURE( 1.000000000000000082E-05 ), #2471, 'distance_accuracy_value', 'NONE');
#865 = ORIENTED_EDGE ( 'NONE', *, *, #972, .T. ) ;
#866 = SURFACE_STYLE_FILL_AREA ( #1289 ) ;
#867 = CARTESIAN_POINT ( 'NONE',  ( 20.00000000000001776, -25.00000000000000711, -6.421232876712329229 ) ) ;
#868 = LINE ( 'NONE', #1581, #1520 ) ;
#869 = AXIS2_PLACEMENT_3D ( 'NONE', #415, #1402, #1586 ) ;
#870 = ORIENTED_EDGE ( 'NONE', *, *, #859, .T. ) ;
#871 = DIRECTION ( 'NONE',  ( -0.8944271909999158554, 3.122875846330089233E-15, -0.4472135954999577612 ) ) ;
#872 = ORIENTED_EDGE ( 'NONE', *, *, #1177, .F. ) ;
#873 = AXIS2_PLACEMENT_3D ( 'NONE', #811, #610, #365 ) ;
#874 = VECTOR ( 'NONE', #1216, 1000.000000000000000 ) ;
#875 = CARTESIAN_POINT ( 'NONE',  ( 25.00000000000001776, -25.00000000000000000, 25.00000000000000000 ) ) ;
#876 = EDGE_CURVE ( 'NONE', #1729, #965, #988, .T. ) ;
#877 = PLANE ( 'NONE',  #2118 ) ;
#878 = ORIENTED_EDGE ( 'NONE', *, *, #1158, .F. ) ;
#879 = CARTESIAN_POINT ( 'NONE',  ( 20.00000000000001776, -10.00000000000000888, -6.010273972602740322 ) ) ;
#880 = CARTESIAN_POINT ( 'NONE',  ( 0.4783818493150895357, 20.00000000000000000, 15.81121575342466379 ) ) ;
#881 = SURFACE_STYLE_USAGE ( .BOTH. , #828 ) ;
#882 = APPLICATION_CONTEXT ( 'automotive_design' ) ;
#883 = ORIENTED_EDGE ( 'NONE', *, *, #1052, .T. ) ;
#884 = ORIENTED_EDGE ( 'NONE', *, *, #1952, .T. ) ;
#885 = SURFACE_SIDE_STYLE ('',( #1871 ) ) ;
#886 = ORIENTED_EDGE ( 'NONE', *, *, #503, .F. ) ;
#887 = SURFACE_STYLE_USAGE ( .BOTH. , #2262 ) ;
#888 =( NAMED_UNIT ( * ) SI_UNIT ( $, .STERADIAN. ) SOLID_ANGLE_UNIT ( ) );
#889 = DIRECTION ( 'NONE',  ( -0.5938603754279599967, -0.8045681167536795630, 0.000000000000000000 ) ) ;
#890 = EDGE_CURVE ( 'NONE', #282, #495, #1080, .T. ) ;
#891 = UNCERTAINTY_MEASURE_WITH_UNIT (LENGTH_MEASURE( 1.000000000000000082E-05 ), #23, 'distance_accuracy_value', 'NONE');
#892 = ORIENTED_EDGE ( 'NONE', *, *, #2554, .F. ) ;
#893 = FILL_AREA_STYLE_COLOUR ( '', #2517 ) ;
#894 = SURFACE_SIDE_STYLE ('',( #2328 ) ) ;
#895 = MECHANICAL_DESIGN_GEOMETRIC_PRESENTATION_REPRESENTATION (  '', ( #2010 ), #2516 ) ;
#896 = DIRECTION ( 'NONE',  ( -0.000000000000000000, 1.000000000000000000, -0.000000000000000000 ) ) ;
#897 = CARTESIAN_POINT ( 'NONE',  ( 20.00000000000001776, -14.81271404109589795, -0.4944349315068510275 ) ) ;
#898 = MECHANICAL_DESIGN_GEOMETRIC_PRESENTATION_REPRESENTATION (  '', ( #1974 ), #2342 ) ;
#899 = VERTEX_POINT ( 'NONE', #2410 ) ;
#900 = ORIENTED_EDGE ( 'NONE', *, *, #141, .F. ) ;
#901 =( NAMED_UNIT ( * ) SI_UNIT ( $, .STERADIAN. ) SOLID_ANGLE_UNIT ( ) );
#902 =( GEOMETRIC_REPRESENTATION_CONTEXT ( 3 ) GLOBAL_UNCERTAINTY_ASSIGNED_CONTEXT ( ( #176 ) ) GLOBAL_UNIT_ASSIGNED_CONTEXT ( ( #236, #1802, #2379 ) ) REPRESENTATION_CONTEXT ( 'NONE', 'WORKASPACE' ) );
#903 = PRESENTATION_LAYER_ASSIGNMENT (  '', '', ( #2354 ) ) ;
#904 = COLOUR_RGB ( '',0.3254901960784313819, 0.7843137254901960675, 0.01568627450980392135 ) ;
#905 = CARTESIAN_POINT ( 'NONE',  ( 6.575342465753445609, 25.00000000000000000, 10.00000000000000533 ) ) ;
#906 = LINE ( 'NONE', #2135, #654 ) ;
#907 = STYLED_ITEM ( 'NONE', ( #1556 ), #1128 ) ;
#908 = ORIENTED_EDGE ( 'NONE', *, *, #1434, .F. ) ;
#909 = PRESENTATION_STYLE_ASSIGNMENT (( #330 ) ) ;
#910 = VECTOR ( 'NONE', #714, 1000.000000000000000 ) ;
#911 = SURFACE_STYLE_FILL_AREA ( #1546 ) ;
#912 = CARTESIAN_POINT ( 'NONE',  ( 0.000000000000000000, 75.00000000000001421, 0.000000000000000000 ) ) ;
#913 = ORIENTED_EDGE ( 'NONE', *, *, #1373, .T. ) ;
#914 = EDGE_CURVE ( 'NONE', #1060, #287, #831, .T. ) ;
#915 = EDGE_LOOP ( 'NONE', ( #2505, #1360 ) ) ;
#916 = CARTESIAN_POINT ( 'NONE',  ( -5.650684931506831710, -22.67551369863014088, 20.00000000000000000 ) ) ;
#917 = SURFACE_STYLE_FILL_AREA ( #1897 ) ;
#918 = PRESENTATION_LAYER_ASSIGNMENT (  '', '', ( #2498 ) ) ;
#919 = ORIENTED_EDGE ( 'NONE', *, *, #1925, .T. ) ;
#920 = PRESENTATION_LAYER_ASSIGNMENT (  '', '', ( #1992 ) ) ;
#921 = PRESENTATION_LAYER_ASSIGNMENT (  '', '', ( #2241 ) ) ;
#922 = VECTOR ( 'NONE', #1352, 1000.000000000000114 ) ;
#923 =( GEOMETRIC_REPRESENTATION_CONTEXT ( 3 ) GLOBAL_UNCERTAINTY_ASSIGNED_CONTEXT ( ( #2474 ) ) GLOBAL_UNIT_ASSIGNED_CONTEXT ( ( #2337, #2561, #185 ) ) REPRESENTATION_CONTEXT ( 'NONE', 'WORKASPACE' ) );
#924 = DIRECTION ( 'NONE',  ( 0.000000000000000000, -3.491481338843133355E-15, 1.000000000000000000 ) ) ;
#925 =( NAMED_UNIT ( * ) PLANE_ANGLE_UNIT ( ) SI_UNIT ( $, .RADIAN. ) );
#926 = LINE ( 'NONE', #1686, #1930 ) ;
#927 = ORIENTED_EDGE ( 'NONE', *, *, #1431, .F. ) ;
#928 = FACE_OUTER_BOUND ( 'NONE', #1457, .T. ) ;
#929 = VERTEX_POINT ( 'NONE', #1626 ) ;
#930 = FACE_OUTER_BOUND ( 'NONE', #93, .T. ) ;
#931 = SURFACE_SIDE_STYLE ('',( #514 ) ) ;
#932 = ADVANCED_FACE ( 'NONE', ( #440 ), #2259, .T. ) ;
#933 =( LENGTH_UNIT ( ) NAMED_UNIT ( * ) SI_UNIT ( .MILLI., .METRE. ) );
#934 = LINE ( 'NONE', #1680, #2081 ) ;
#935 =( NAMED_UNIT ( * ) SI_UNIT ( $, .STERADIAN. ) SOLID_ANGLE_UNIT ( ) );
#936 = CARTESIAN_POINT ( 'NONE',  ( 100.0000000000000000, -3.497604572838870365E-13, -4.999999999999986677 ) ) ;
#937 = LINE ( 'NONE', #2330, #571 ) ;
#938 = DIRECTION ( 'NONE',  ( 0.000000000000000000, 0.8678975213414770185, -0.4967432862649684422 ) ) ;
#939 = VERTEX_POINT ( 'NONE', #2271 ) ;
#940 = MECHANICAL_DESIGN_GEOMETRIC_PRESENTATION_REPRESENTATION (  '', ( #2105 ), #555 ) ;
#941 = VERTEX_POINT ( 'NONE', #28 ) ;
#942 = CARTESIAN_POINT ( 'NONE',  ( -1.438356164383539859, 20.00000000000000000, 18.69113869863014443 ) ) ;
#943 = ADVANCED_FACE ( 'NONE', ( #1278 ), #1883, .T. ) ;
#944 = SURFACE_STYLE_USAGE ( .BOTH. , #351 ) ;
#945 = UNCERTAINTY_MEASURE_WITH_UNIT (LENGTH_MEASURE( 1.000000000000000082E-05 ), #1114, 'distance_accuracy_value', 'NONE');
#946 = DIRECTION ( 'NONE',  ( -0.000000000000000000, 1.000000000000000000, 0.000000000000000000 ) ) ;
#947 = PLANE ( 'NONE',  #102 ) ;
#948 = CARTESIAN_POINT ( 'NONE',  ( 5.650684931506866349, -22.32876712328767965, 20.00000000000000000 ) ) ;
#949 = LINE ( 'NONE', #2511, #1701 ) ;
#950 = AXIS2_PLACEMENT_3D ( 'NONE', #1508, #1915, #2306 ) ;
#951 = ORIENTED_EDGE ( 'NONE', *, *, #468, .F. ) ;
#952 = CARTESIAN_POINT ( 'NONE',  ( -5.650684931506831710, -25.00000000000000355, 25.00000000000000000 ) ) ;
#953 = DIRECTION ( 'NONE',  ( -1.000000000000000000, 0.000000000000000000, -0.000000000000000000 ) ) ;
#954 = ORIENTED_EDGE ( 'NONE', *, *, #972, .F. ) ;
#955 = AXIS2_PLACEMENT_3D ( 'NONE', #1357, #1132, #1924 ) ;
#956 = DIRECTION ( 'NONE',  ( 0.000000000000000000, 0.000000000000000000, 1.000000000000000000 ) ) ;
#957 = VECTOR ( 'NONE', #1734, 1000.000000000000000 ) ;
#958 = MANIFOLD_SOLID_BREP ( 'Revolve2', #1021 ) ;
#959 = EDGE_CURVE ( 'NONE', #692, #1840, #30, .T. ) ;
#960 = MECHANICAL_DESIGN_GEOMETRIC_PRESENTATION_REPRESENTATION (  '', ( #2039 ), #923 ) ;
#961 = PRESENTATION_STYLE_ASSIGNMENT (( #1162 ) ) ;
#962 = DIRECTION ( 'NONE',  ( -1.000000000000000000, 0.000000000000000000, 0.000000000000000000 ) ) ;
#963 = DIRECTION ( 'NONE',  ( 0.5953693687775543086, 0.8034521234780679366, 0.000000000000000000 ) ) ;
#964 = EDGE_LOOP ( 'NONE', ( #1991, #2172, #291, #2142 ) ) ;
#965 = VERTEX_POINT ( 'NONE', #2335 ) ;
#966 = LINE ( 'NONE', #2383, #256 ) ;
#967 = MANIFOLD_SOLID_BREP ( 'Body-Move/Copy1', #1180 ) ;
#968 = FILL_AREA_STYLE_COLOUR ( '', #1614 ) ;
#969 = CARTESIAN_POINT ( 'NONE',  ( 0.000000000000000000, -5.000000000000336620, 99.99999999999998579 ) ) ;
#970 =( NAMED_UNIT ( * ) PLANE_ANGLE_UNIT ( ) SI_UNIT ( $, .RADIAN. ) );
#971 = LINE ( 'NONE', #936, #315 ) ;
#972 = EDGE_CURVE ( 'NONE', #327, #2447, #2149, .T. ) ;
#973 = SURFACE_SIDE_STYLE ('',( #160 ) ) ;
#974 = SURFACE_SIDE_STYLE ('',( #1264 ) ) ;
#975 = DIRECTION ( 'NONE',  ( 1.000000000000000000, -3.491481338843133355E-15, 0.000000000000000000 ) ) ;
#976 = EDGE_CURVE ( 'NONE', #1840, #248, #1688, .T. ) ;
#977 = SURFACE_STYLE_FILL_AREA ( #827 ) ;
#978 = VERTEX_POINT ( 'NONE', #295 ) ;
#979 = SURFACE_STYLE_USAGE ( .BOTH. , #2571 ) ;
#980 =( GEOMETRIC_REPRESENTATION_CONTEXT ( 3 ) GLOBAL_UNCERTAINTY_ASSIGNED_CONTEXT ( ( #1072 ) ) GLOBAL_UNIT_ASSIGNED_CONTEXT ( ( #1089, #686, #2510 ) ) REPRESENTATION_CONTEXT ( 'NONE', 'WORKASPACE' ) );
#981 = STYLED_ITEM ( 'NONE', ( #1490 ), #337 ) ;
#982 = SURFACE_STYLE_USAGE ( .BOTH. , #602 ) ;
#983 = PRESENTATION_LAYER_ASSIGNMENT (  '', '', ( #1108 ) ) ;
#984 = PLANE ( 'NONE',  #1103 ) ;
#985 = CARTESIAN_POINT ( 'NONE',  ( 0.000000000000000000, 0.000000000000000000, 0.000000000000000000 ) ) ;
#986 = SURFACE_STYLE_FILL_AREA ( #173 ) ;
#987 = LINE ( 'NONE', #1176, #2035 ) ;
#988 = CIRCLE ( 'NONE', #137, 4.999999999999975131 ) ;
#989 = STYLED_ITEM ( 'NONE', ( #1895 ), #724 ) ;
#990 = FILL_AREA_STYLE_COLOUR ( '', #1844 ) ;
#991 = STYLED_ITEM ( 'NONE', ( #1039 ), #943 ) ;
#992 = FILL_AREA_STYLE ('',( #210 ) ) ;
#993 = EDGE_CURVE ( 'NONE', #1852, #939, #719, .T. ) ;
#994 = MECHANICAL_DESIGN_GEOMETRIC_PRESENTATION_REPRESENTATION (  '', ( #1069 ), #684 ) ;
#995 = VERTEX_POINT ( 'NONE', #1154 ) ;
#996 =( GEOMETRIC_REPRESENTATION_CONTEXT ( 3 ) GLOBAL_UNCERTAINTY_ASSIGNED_CONTEXT ( ( #617 ) ) GLOBAL_UNIT_ASSIGNED_CONTEXT ( ( #1699, #1712, #520 ) ) REPRESENTATION_CONTEXT ( 'NONE', 'WORKASPACE' ) );
#997 = VECTOR ( 'NONE', #741, 1000.000000000000000 ) ;
#998 = FILL_AREA_STYLE_COLOUR ( '', #2075 ) ;
#999 = MECHANICAL_DESIGN_GEOMETRIC_PRESENTATION_REPRESENTATION (  '', ( #2238 ), #606 ) ;
#1000 = VECTOR ( 'NONE', #674, 999.9999999999998863 ) ;
#1001 = DIRECTION ( 'NONE',  ( 0.000000000000000000, -1.000000000000000000, 0.000000000000000000 ) ) ;
#1002 =( NAMED_UNIT ( * ) SI_UNIT ( $, .STERADIAN. ) SOLID_ANGLE_UNIT ( ) );
#1003 = UNCERTAINTY_MEASURE_WITH_UNIT (LENGTH_MEASURE( 1.000000000000000082E-05 ), #728, 'distance_accuracy_value', 'NONE');
#1004 = VECTOR ( 'NONE', #1514, 1000.000000000000000 ) ;
#1005 = PRESENTATION_STYLE_ASSIGNMENT (( #1987 ) ) ;
#1006 = SURFACE_SIDE_STYLE ('',( #386 ) ) ;
#1007 = ORIENTED_EDGE ( 'NONE', *, *, #1589, .T. ) ;
#1008 = ADVANCED_FACE ( 'NONE', ( #930 ), #1309, .T. ) ;
#1009 = SURFACE_STYLE_FILL_AREA ( #269 ) ;
#1010 = DIRECTION ( 'NONE',  ( 0.000000000000000000, 0.000000000000000000, 1.000000000000000000 ) ) ;
#1011 = FACE_OUTER_BOUND ( 'NONE', #1746, .T. ) ;
#1012 = FILL_AREA_STYLE ('',( #796 ) ) ;
#1013 =( NAMED_UNIT ( * ) PLANE_ANGLE_UNIT ( ) SI_UNIT ( $, .RADIAN. ) );
#1014 = FILL_AREA_STYLE ('',( #810 ) ) ;
#1015 = ORIENTED_EDGE ( 'NONE', *, *, #1194, .T. ) ;
#1016 =( NAMED_UNIT ( * ) SI_UNIT ( $, .STERADIAN. ) SOLID_ANGLE_UNIT ( ) );
#1017 = AXIS2_PLACEMENT_3D ( 'NONE', #451, #852, #52 ) ;
#1018 = FILL_AREA_STYLE ('',( #679 ) ) ;
#1019 = LINE ( 'NONE', #454, #153 ) ;
#1020 = EDGE_CURVE ( 'NONE', #734, #2451, #217, .T. ) ;
#1021 = CLOSED_SHELL ( 'NONE', ( #1128, #2166 ) ) ;
#1022 = CARTESIAN_POINT ( 'NONE',  ( 75.00000000000001421, -2.618611004132350648E-13, 0.000000000000000000 ) ) ;
#1023 = LINE ( 'NONE', #1453, #390 ) ;
#1024 = ORIENTED_EDGE ( 'NONE', *, *, #2003, .T. ) ;
#1025 = FILL_AREA_STYLE ('',( #1442 ) ) ;
#1026 = VECTOR ( 'NONE', #813, 1000.000000000000000 ) ;
#1027 = CONICAL_SURFACE ( 'NONE', #1365, 12.50000000000000000, 0.4636476090008059825 ) ;
#1028 = PRESENTATION_LAYER_ASSIGNMENT (  '', '', ( #525 ) ) ;
#1029 =( NAMED_UNIT ( * ) SI_UNIT ( $, .STERADIAN. ) SOLID_ANGLE_UNIT ( ) );
#1030 = SURFACE_STYLE_USAGE ( .BOTH. , #2430 ) ;
#1031 = CARTESIAN_POINT ( 'NONE',  ( 25.00000000000001776, -17.05693493150685924, 1.669520547945203770 ) ) ;
#1032 = PRESENTATION_LAYER_ASSIGNMENT (  '', '', ( #2276 ) ) ;
#1033 = EDGE_CURVE ( 'NONE', #1931, #1295, #1923, .T. ) ;
#1034 = VECTOR ( 'NONE', #662, 1000.000000000000000 ) ;
#1035 = CARTESIAN_POINT ( 'NONE',  ( 1.762628424657552539, -12.67123287671233456, 20.00000000000000000 ) ) ;
#1036 = LINE ( 'NONE', #1634, #99 ) ;
#1037 = CARTESIAN_POINT ( 'NONE',  ( 3.534888698630158643, 25.00000000000000000, 10.00000000000000533 ) ) ;
#1038 = ORIENTED_EDGE ( 'NONE', *, *, #2109, .F. ) ;
#1039 = PRESENTATION_STYLE_ASSIGNMENT (( #2219 ) ) ;
#1040 =( GEOMETRIC_REPRESENTATION_CONTEXT ( 3 ) GLOBAL_UNCERTAINTY_ASSIGNED_CONTEXT ( ( #2388 ) ) GLOBAL_UNIT_ASSIGNED_CONTEXT ( ( #1383, #777, #792 ) ) REPRESENTATION_CONTEXT ( 'NONE', 'WORKASPACE' ) );
#1041 = ORIENTED_EDGE ( 'NONE', *, *, #2152, .T. ) ;
#1042 = LINE ( 'NONE', #394, #1185 ) ;
#1043 = DIRECTION ( 'NONE',  ( 1.000000000000000000, 0.000000000000000000, 0.000000000000000000 ) ) ;
#1044 = SURFACE_STYLE_USAGE ( .BOTH. , #233 ) ;
#1045 =( NAMED_UNIT ( * ) SI_UNIT ( $, .STERADIAN. ) SOLID_ANGLE_UNIT ( ) );
#1046 = ORIENTED_EDGE ( 'NONE', *, *, #2246, .T. ) ;
#1047 = CARTESIAN_POINT ( 'NONE',  ( 20.00000000000001776, -19.34610445205480289, 0.1830051369862998878 ) ) ;
#1048 = SURFACE_SIDE_STYLE ('',( #237 ) ) ;
#1049 = LINE ( 'NONE', #867, #1034 ) ;
#1050 = ORIENTED_EDGE ( 'NONE', *, *, #24, .T. ) ;
#1051 =( LENGTH_UNIT ( ) NAMED_UNIT ( * ) SI_UNIT ( .MILLI., .METRE. ) );
#1052 = EDGE_CURVE ( 'NONE', #1665, #2438, #2132, .T. ) ;
#1053 = ORIENTED_EDGE ( 'NONE', *, *, #2554, .T. ) ;
#1054 = CARTESIAN_POINT ( 'NONE',  ( 20.00000000000001776, -25.00000000000000711, 6.215753424657532555 ) ) ;
#1055 = CARTESIAN_POINT ( 'NONE',  ( 25.00000000000001776, -10.00000000000000888, -3.152825342465754410 ) ) ;
#1056 =( NAMED_UNIT ( * ) PLANE_ANGLE_UNIT ( ) SI_UNIT ( $, .RADIAN. ) );
#1057 = DIRECTION ( 'NONE',  ( 0.000000000000000000, 0.000000000000000000, -1.000000000000000000 ) ) ;
#1058 = PRESENTATION_STYLE_ASSIGNMENT (( #1470 ) ) ;
#1059 = MECHANICAL_DESIGN_GEOMETRIC_PRESENTATION_REPRESENTATION (  '', ( #2062 ), #2467 ) ;
#1060 = VERTEX_POINT ( 'NONE', #1131 ) ;
#1061 = DIRECTION ( 'NONE',  ( -1.000000000000000000, 0.000000000000000000, -0.000000000000000000 ) ) ;
#1062 = DIRECTION ( 'NONE',  ( -1.000000000000000000, 0.000000000000000000, 0.000000000000000000 ) ) ;
#1063 = CARTESIAN_POINT ( 'NONE',  ( 0.000000000000000000, 75.00000000000001421, 4.999999999999975131 ) ) ;
#1064 = MECHANICAL_DESIGN_GEOMETRIC_PRESENTATION_REPRESENTATION (  '', ( #723 ), #2384 ) ;
#1065 = ORIENTED_EDGE ( 'NONE', *, *, #839, .T. ) ;
#1066 = LINE ( 'NONE', #2059, #563 ) ;
#1067 = EDGE_LOOP ( 'NONE', ( #1715, #951 ) ) ;
#1068 = EDGE_CURVE ( 'NONE', #1852, #1717, #126, .T. ) ;
#1069 = STYLED_ITEM ( 'NONE', ( #2485 ), #1008 ) ;
#1070 = LINE ( 'NONE', #1055, #2275 ) ;
#1071 = COLOUR_RGB ( '',0.3254901960784313819, 0.7843137254901960675, 0.01568627450980392135 ) ;
#1072 = UNCERTAINTY_MEASURE_WITH_UNIT (LENGTH_MEASURE( 1.000000000000000082E-05 ), #1089, 'distance_accuracy_value', 'NONE');
#1073 = VERTEX_POINT ( 'NONE', #1535 ) ;
#1074 = STYLED_ITEM ( 'NONE', ( #1628 ), #1702 ) ;
#1075 =( LENGTH_UNIT ( ) NAMED_UNIT ( * ) SI_UNIT ( .MILLI., .METRE. ) );
#1076 = LINE ( 'NONE', #1037, #2278 ) ;
#1077 = DIRECTION ( 'NONE',  ( 1.000000000000000000, 0.000000000000000000, 0.000000000000000000 ) ) ;
#1078 = MECHANICAL_DESIGN_GEOMETRIC_PRESENTATION_REPRESENTATION (  '', ( #2399 ), #312 ) ;
#1079 = ORIENTED_EDGE ( 'NONE', *, *, #2222, .F. ) ;
#1080 = LINE ( 'NONE', #54, #1564 ) ;
#1081 = PRESENTATION_LAYER_ASSIGNMENT (  '', '', ( #2201 ) ) ;
#1082 = PLANE ( 'NONE',  #2315 ) ;
#1083 = ORIENTED_EDGE ( 'NONE', *, *, #238, .F. ) ;
#1084 = EDGE_CURVE ( 'NONE', #2433, #1295, #1743, .T. ) ;
#1085 = DIRECTION ( 'NONE',  ( 0.000000000000000000, 0.000000000000000000, 1.000000000000000000 ) ) ;
#1086 = FACE_OUTER_BOUND ( 'NONE', #2131, .T. ) ;
#1087 = FACE_OUTER_BOUND ( 'NONE', #1805, .T. ) ;
#1088 = ORIENTED_EDGE ( 'NONE', *, *, #2504, .F. ) ;
#1089 =( LENGTH_UNIT ( ) NAMED_UNIT ( * ) SI_UNIT ( .MILLI., .METRE. ) );
#1090 = CYLINDRICAL_SURFACE ( 'NONE', #687, 4.999999999999986677 ) ;
#1091 = LINE ( 'NONE', #2043, #699 ) ;
#1092 = PRESENTATION_STYLE_ASSIGNMENT (( #279 ) ) ;
#1093 = ORIENTED_EDGE ( 'NONE', *, *, #417, .F. ) ;
#1094 = ORIENTED_EDGE ( 'NONE', *, *, #2127, .T. ) ;
#1095 =( LENGTH_UNIT ( ) NAMED_UNIT ( * ) SI_UNIT ( .MILLI., .METRE. ) );
#1096 = EDGE_LOOP ( 'NONE', ( #425, #2113, #1882, #1943 ) ) ;
#1097 = SURFACE_STYLE_USAGE ( .BOTH. , #1312 ) ;
#1098 = DIRECTION ( 'NONE',  ( 0.000000000000000000, -0.000000000000000000, -1.000000000000000000 ) ) ;
#1099 = SURFACE_SIDE_STYLE ('',( #313 ) ) ;
#1100 = EDGE_CURVE ( 'NONE', #1870, #1475, #333, .T. ) ;
#1101 = EDGE_LOOP ( 'NONE', ( #2460, #1065 ) ) ;
#1102 = CARTESIAN_POINT ( 'NONE',  ( 25.00000000000001776, -25.00000000000000000, 25.00000000000000000 ) ) ;
#1103 = AXIS2_PLACEMENT_3D ( 'NONE', #2316, #1515, #1353 ) ;
#1104 = SURFACE_SIDE_STYLE ('',( #2523 ) ) ;
#1105 = AXIS2_PLACEMENT_3D ( 'NONE', #912, #2497, #510 ) ;
#1106 = ORIENTED_EDGE ( 'NONE', *, *, #303, .T. ) ;
#1107 = ORIENTED_EDGE ( 'NONE', *, *, #1957, .T. ) ;
#1108 = STYLED_ITEM ( 'NONE', ( #414 ), #56 ) ;
#1109 = MECHANICAL_DESIGN_GEOMETRIC_PRESENTATION_REPRESENTATION (  '', ( #1398 ), #2269 ) ;
#1110 = FACE_OUTER_BOUND ( 'NONE', #915, .T. ) ;
#1111 = CARTESIAN_POINT ( 'NONE',  ( 75.00000000000001421, -2.633919089121692162E-13, 12.50000000000000000 ) ) ;
#1112 = ADVANCED_FACE ( 'NONE', ( #136 ), #5, .T. ) ;
#1113 = COLOUR_RGB ( '',0.1176470588235294101, 0.4039215686274509887, 0.8823529411764705621 ) ;
#1114 =( LENGTH_UNIT ( ) NAMED_UNIT ( * ) SI_UNIT ( .MILLI., .METRE. ) );
#1115 = FILL_AREA_STYLE ('',( #320 ) ) ;
#1116 = COLOUR_RGB ( '',0.3254901960784313819, 0.7843137254901960675, 0.01568627450980392135 ) ;
#1117 = ORIENTED_EDGE ( 'NONE', *, *, #1385, .T. ) ;
#1118 = ORIENTED_EDGE ( 'NONE', *, *, #238, .T. ) ;
#1119 = EDGE_CURVE ( 'NONE', #332, #929, #2483, .T. ) ;
#1120 =( GEOMETRIC_REPRESENTATION_CONTEXT ( 3 ) GLOBAL_UNCERTAINTY_ASSIGNED_CONTEXT ( ( #1986 ) ) GLOBAL_UNIT_ASSIGNED_CONTEXT ( ( #821, #2391, #605 ) ) REPRESENTATION_CONTEXT ( 'NONE', 'WORKASPACE' ) );
#1121 = CARTESIAN_POINT ( 'NONE',  ( 25.00000000000001776, -10.00000000000000888, -3.152825342465754410 ) ) ;
#1122 = CARTESIAN_POINT ( 'NONE',  ( 20.00000000000001776, -14.81271404109589795, -0.4944349315068510275 ) ) ;
#1123 = CARTESIAN_POINT ( 'NONE',  ( 0.000000000000000000, 0.000000000000000000, 0.000000000000000000 ) ) ;
#1124 = SURFACE_STYLE_USAGE ( .BOTH. , #894 ) ;
#1125 = CARTESIAN_POINT ( 'NONE',  ( 25.00000000000001776, -17.00556506849315852, -1.958476027397261232 ) ) ;
#1126 = FILL_AREA_STYLE ('',( #1318 ) ) ;
#1127 = CARTESIAN_POINT ( 'NONE',  ( 6.123233995736927999E-16, 5.000000000000000000, 1.745740669421566993E-14 ) ) ;
#1128 = ADVANCED_FACE ( 'NONE', ( #609 ), #1167, .T. ) ;
#1129 = ORIENTED_EDGE ( 'NONE', *, *, #181, .T. ) ;
#1130 = EDGE_LOOP ( 'NONE', ( #1079, #2138, #1494, #543 ) ) ;
#1131 = CARTESIAN_POINT ( 'NONE',  ( 0.000000000000000000, 0.000000000000000000, 5.000000000000000000 ) ) ;
#1132 = DIRECTION ( 'NONE',  ( 1.000000000000000000, -3.491481338843133355E-15, 0.000000000000000000 ) ) ;
#1133 = EDGE_CURVE ( 'NONE', #1134, #1881, #565, .T. ) ;
#1134 = VERTEX_POINT ( 'NONE', #1767 ) ;
#1135 = LINE ( 'NONE', #1299, #1784 ) ;
#1136 = CARTESIAN_POINT ( 'NONE',  ( -1.438356164383539859, 20.00000000000000000, 18.69113869863014443 ) ) ;
#1137 = DIRECTION ( 'NONE',  ( -0.000000000000000000, -0.000000000000000000, 1.000000000000000000 ) ) ;
#1138 = FILL_AREA_STYLE ('',( #1331 ) ) ;
#1139 =( LENGTH_UNIT ( ) NAMED_UNIT ( * ) SI_UNIT ( .MILLI., .METRE. ) );
#1140 = ORIENTED_EDGE ( 'NONE', *, *, #976, .F. ) ;
#1141 = CARTESIAN_POINT ( 'NONE',  ( 25.00000000000001776, 25.00000000000000000, 25.00000000000000000 ) ) ;
#1142 = AXIS2_PLACEMENT_3D ( 'NONE', #1408, #1809, #2032 ) ;
#1143 = ORIENTED_EDGE ( 'NONE', *, *, #775, .F. ) ;
#1144 = ADVANCED_FACE ( 'NONE', ( #1595 ), #1027, .T. ) ;
#1145 = CARTESIAN_POINT ( 'NONE',  ( 0.000000000000000000, 0.000000000000000000, 20.00000000000000000 ) ) ;
#1146 = DIRECTION ( 'NONE',  ( 0.000000000000000000, -3.491481338843133355E-15, 1.000000000000000000 ) ) ;
#1147 = SURFACE_STYLE_USAGE ( .BOTH. , #974 ) ;
#1148 = FACE_OUTER_BOUND ( 'NONE', #124, .T. ) ;
#1149 = FACE_BOUND ( 'NONE', #1682, .T. ) ;
#1150 =( NAMED_UNIT ( * ) PLANE_ANGLE_UNIT ( ) SI_UNIT ( $, .RADIAN. ) );
#1151 = VECTOR ( 'NONE', #2140, 1000.000000000000000 ) ;
#1152 = EDGE_LOOP ( 'NONE', ( #1282, #541, #1024, #2371 ) ) ;
#1153 = STYLED_ITEM ( 'NONE', ( #1929 ), #1276 ) ;
#1154 = CARTESIAN_POINT ( 'NONE',  ( -1.438356164383539859, 20.00000000000000000, 18.69113869863014443 ) ) ;
#1155 = DIRECTION ( 'NONE',  ( 0.8697418253963583590, 0.000000000000000000, -0.4935069980823075242 ) ) ;
#1156 = AXIS2_PLACEMENT_3D ( 'NONE', #1527, #1085, #667 ) ;
#1157 = VERTEX_POINT ( 'NONE', #2042 ) ;
#1158 = EDGE_CURVE ( 'NONE', #1429, #2475, #223, .T. ) ;
#1159 = DIRECTION ( 'NONE',  ( 0.000000000000000000, 0.8809365020626060971, 0.4732344866276124162 ) ) ;
#1160 = CARTESIAN_POINT ( 'NONE',  ( 25.00000000000001776, -10.00000000000000888, 5.599315068493148750 ) ) ;
#1161 = EDGE_CURVE ( 'NONE', #1441, #2451, #1673, .T. ) ;
#1162 = SURFACE_STYLE_USAGE ( .BOTH. , #145 ) ;
#1163 = LINE ( 'NONE', #379, #2192 ) ;
#1164 = LINE ( 'NONE', #948, #2086 ) ;
#1165 = SURFACE_STYLE_FILL_AREA ( #1012 ) ;
#1166 = CARTESIAN_POINT ( 'NONE',  ( 20.00000000000001776, -17.00556506849315852, -1.958476027397261232 ) ) ;
#1167 = SPHERICAL_SURFACE ( 'NONE', #1653, 10.00000000000000000 ) ;
#1168 =( NAMED_UNIT ( * ) PLANE_ANGLE_UNIT ( ) SI_UNIT ( $, .RADIAN. ) );
#1169 = ORIENTED_EDGE ( 'NONE', *, *, #1420, .F. ) ;
#1170 = SURFACE_STYLE_FILL_AREA ( #1976 ) ;
#1171 =( NAMED_UNIT ( * ) SI_UNIT ( $, .STERADIAN. ) SOLID_ANGLE_UNIT ( ) );
#1172 = CARTESIAN_POINT ( 'NONE',  ( 1.849315068493171843, 20.00000000000000000, 25.00000000000000355 ) ) ;
#1173 = FACE_BOUND ( 'NONE', #1101, .T. ) ;
#1174 = FILL_AREA_STYLE ('',( #765 ) ) ;
#1175 = DIRECTION ( 'NONE',  ( 0.000000000000000000, 0.000000000000000000, 1.000000000000000000 ) ) ;
#1176 = CARTESIAN_POINT ( 'NONE',  ( 0.4783818493150895357, 20.00000000000000000, 15.81121575342466379 ) ) ;
#1177 = EDGE_CURVE ( 'NONE', #899, #115, #1866, .T. ) ;
#1178 = ORIENTED_EDGE ( 'NONE', *, *, #1431, .T. ) ;
#1179 = FILL_AREA_STYLE ('',( #1387 ) ) ;
#1180 = CLOSED_SHELL ( 'NONE', ( #1640, #2584, #2178, #1580, #724, #448 ) ) ;
#1181 = ORIENTED_EDGE ( 'NONE', *, *, #1655, .T. ) ;
#1182 = DIRECTION ( 'NONE',  ( -1.000000000000000000, 0.000000000000000000, 0.000000000000000000 ) ) ;
#1183 = MECHANICAL_DESIGN_GEOMETRIC_PRESENTATION_REPRESENTATION (  '', ( #761 ), #2420 ) ;
#1184 =( NAMED_UNIT ( * ) SI_UNIT ( $, .STERADIAN. ) SOLID_ANGLE_UNIT ( ) );
#1185 = VECTOR ( 'NONE', #186, 1000.000000000000114 ) ;
#1186 = SURFACE_STYLE_FILL_AREA ( #167 ) ;
#1187 = PLANE ( 'NONE',  #39 ) ;
#1188 = VECTOR ( 'NONE', #2008, 1000.000000000000227 ) ;
#1189 = SURFACE_STYLE_FILL_AREA ( #1386 ) ;
#1190 = DIRECTION ( 'NONE',  ( 0.000000000000000000, -0.4694566669845543494, 0.8829555129358178656 ) ) ;
#1191 = VECTOR ( 'NONE', #527, 1000.000000000000000 ) ;
#1192 = AXIS2_PLACEMENT_3D ( 'NONE', #1643, #298, #1098 ) ;
#1193 = SURFACE_SIDE_STYLE ('',( #385 ) ) ;
#1194 = EDGE_CURVE ( 'NONE', #282, #2570, #1473, .T. ) ;
#1195 = SURFACE_SIDE_STYLE ('',( #2000 ) ) ;
#1196 = SURFACE_STYLE_USAGE ( .BOTH. , #1768 ) ;
#1197 = COLOUR_RGB ( '',1.000000000000000000, 0.1490196078431372528, 0.1490196078431372528 ) ;
#1198 = ORIENTED_EDGE ( 'NONE', *, *, #856, .F. ) ;
#1199 = PRESENTATION_STYLE_ASSIGNMENT (( #979 ) ) ;
#1200 =( GEOMETRIC_REPRESENTATION_CONTEXT ( 3 ) GLOBAL_UNCERTAINTY_ASSIGNED_CONTEXT ( ( #1462 ) ) GLOBAL_UNIT_ASSIGNED_CONTEXT ( ( #933, #533, #1285 ) ) REPRESENTATION_CONTEXT ( 'NONE', 'WORKASPACE' ) );
#1201 = COLOUR_RGB ( '',1.000000000000000000, 0.1490196078431372528, 0.1490196078431372528 ) ;
#1202 = FACE_OUTER_BOUND ( 'NONE', #1922, .T. ) ;
#1203 = FILL_AREA_STYLE ('',( #1617 ) ) ;
#1204 = VECTOR ( 'NONE', #463, 1000.000000000000000 ) ;
#1205 = PRESENTATION_STYLE_ASSIGNMENT (( #1044 ) ) ;
#1206 = PLANE ( 'NONE',  #405 ) ;
#1207 = AXIS2_PLACEMENT_3D ( 'NONE', #187, #219, #1834 ) ;
#1208 = COLOUR_RGB ( '',1.000000000000000000, 1.000000000000000000, 1.000000000000000000 ) ;
#1209 = SURFACE_STYLE_FILL_AREA ( #2381 ) ;
#1210 = VERTEX_POINT ( 'NONE', #209 ) ;
#1211 = EDGE_CURVE ( 'NONE', #1060, #2198, #773, .T. ) ;
#1212 = DIRECTION ( 'NONE',  ( 0.000000000000000000, -0.4874283383104352496, 0.8731629945273264859 ) ) ;
#1213 = SURFACE_SIDE_STYLE ('',( #1267 ) ) ;
#1214 = LINE ( 'NONE', #589, #2587 ) ;
#1215 = CARTESIAN_POINT ( 'NONE',  ( -5.650684931506831710, -25.00000000000000355, 20.00000000000000000 ) ) ;
#1216 = DIRECTION ( 'NONE',  ( 1.000000000000000000, 0.000000000000000000, 0.000000000000000000 ) ) ;
#1217 = LINE ( 'NONE', #1646, #1188 ) ;
#1218 = DIRECTION ( 'NONE',  ( 0.000000000000000000, 0.000000000000000000, -1.000000000000000000 ) ) ;
#1219 =( NAMED_UNIT ( * ) PLANE_ANGLE_UNIT ( ) SI_UNIT ( $, .RADIAN. ) );
#1220 = ORIENTED_EDGE ( 'NONE', *, *, #1935, .T. ) ;
#1221 = DIRECTION ( 'NONE',  ( 0.000000000000000000, -1.000000000000000000, -2.775557561562905156E-15 ) ) ;
#1222 = EDGE_CURVE ( 'NONE', #79, #1524, #2449, .T. ) ;
#1223 = CIRCLE ( 'NONE', #85, 4.999999999999975131 ) ;
#1224 = LINE ( 'NONE', #84, #1787 ) ;
#1225 =( LENGTH_UNIT ( ) NAMED_UNIT ( * ) SI_UNIT ( .MILLI., .METRE. ) );
#1226 = SURFACE_STYLE_USAGE ( .BOTH. , #1629 ) ;
#1227 = VECTOR ( 'NONE', #843, 999.9999999999998863 ) ;
#1228 =( LENGTH_UNIT ( ) NAMED_UNIT ( * ) SI_UNIT ( .MILLI., .METRE. ) );
#1229 = CARTESIAN_POINT ( 'NONE',  ( 20.00000000000001776, -10.00000000000000888, 2.064426369863011868 ) ) ;
#1230 = STYLED_ITEM ( 'NONE', ( #1248 ), #40 ) ;
#1231 = SURFACE_STYLE_FILL_AREA ( #1632 ) ;
#1232 = SURFACE_STYLE_USAGE ( .BOTH. , #627 ) ;
#1233 = DIRECTION ( 'NONE',  ( 0.000000000000000000, 0.000000000000000000, 1.000000000000000000 ) ) ;
#1234 = FILL_AREA_STYLE ('',( #423 ) ) ;
#1235 = ORIENTED_EDGE ( 'NONE', *, *, #2332, .T. ) ;
#1236 = DIRECTION ( 'NONE',  ( 0.000000000000000000, -3.491481338843133355E-15, 1.000000000000000000 ) ) ;
#1237 = VECTOR ( 'NONE', #1182, 1000.000000000000000 ) ;
#1238 = ORIENTED_EDGE ( 'NONE', *, *, #640, .T. ) ;
#1239 = VECTOR ( 'NONE', #1062, 1000.000000000000000 ) ;
#1240 = VECTOR ( 'NONE', #358, 999.9999999999998863 ) ;
#1241 = PLANE ( 'NONE',  #1769 ) ;
#1242 = EDGE_CURVE ( 'NONE', #1921, #899, #1036, .T. ) ;
#1243 = VECTOR ( 'NONE', #1823, 1000.000000000000000 ) ;
#1244 = STYLED_ITEM ( 'NONE', ( #1988 ), #1797 ) ;
#1245 = DIRECTION ( 'NONE',  ( 1.000000000000000000, 0.000000000000000000, 0.000000000000000000 ) ) ;
#1246 = EDGE_CURVE ( 'NONE', #305, #512, #1023, .T. ) ;
#1247 = COLOUR_RGB ( '',0.3254901960784313819, 0.7843137254901960675, 0.01568627450980392135 ) ;
#1248 = PRESENTATION_STYLE_ASSIGNMENT (( #191 ) ) ;
#1249 =( NAMED_UNIT ( * ) SI_UNIT ( $, .STERADIAN. ) SOLID_ANGLE_UNIT ( ) );
#1250 = CARTESIAN_POINT ( 'NONE',  ( -6.369863013698608079, 20.00000000000000000, 10.00000000000000533 ) ) ;
#1251 =( NAMED_UNIT ( * ) PLANE_ANGLE_UNIT ( ) SI_UNIT ( $, .RADIAN. ) );
#1252 = VECTOR ( 'NONE', #2404, 1000.000000000000227 ) ;
#1253 =( GEOMETRIC_REPRESENTATION_CONTEXT ( 3 ) GLOBAL_UNCERTAINTY_ASSIGNED_CONTEXT ( ( #804 ) ) GLOBAL_UNIT_ASSIGNED_CONTEXT ( ( #2327, #2298, #1905 ) ) REPRESENTATION_CONTEXT ( 'NONE', 'WORKASPACE' ) );
#1254 = VERTEX_POINT ( 'NONE', #461 ) ;
#1255 = DIRECTION ( 'NONE',  ( 0.000000000000000000, 0.000000000000000000, -1.000000000000000000 ) ) ;
#1256 = DIRECTION ( 'NONE',  ( 0.000000000000000000, 0.000000000000000000, -1.000000000000000000 ) ) ;
#1257 =( LENGTH_UNIT ( ) NAMED_UNIT ( * ) SI_UNIT ( .MILLI., .METRE. ) );
#1258 = FILL_AREA_STYLE_COLOUR ( '', #1526 ) ;
#1259 = UNCERTAINTY_MEASURE_WITH_UNIT (LENGTH_MEASURE( 1.000000000000000082E-05 ), #1304, 'distance_accuracy_value', 'NONE');
#1260 = VERTEX_POINT ( 'NONE', #262 ) ;
#1261 = CARTESIAN_POINT ( 'NONE',  ( 5.438784246575359305, -10.00000000000000533, 20.00000000000000000 ) ) ;
#1262 = ADVANCED_FACE ( 'NONE', ( #12 ), #50, .T. ) ;
#1263 = DIRECTION ( 'NONE',  ( 0.000000000000000000, 0.000000000000000000, -1.000000000000000000 ) ) ;
#1264 = SURFACE_STYLE_FILL_AREA ( #676 ) ;
#1265 = ORIENTED_EDGE ( 'NONE', *, *, #78, .T. ) ;
#1266 = VERTEX_POINT ( 'NONE', #1828 ) ;
#1267 = SURFACE_STYLE_FILL_AREA ( #407 ) ;
#1268 =( NAMED_UNIT ( * ) PLANE_ANGLE_UNIT ( ) SI_UNIT ( $, .RADIAN. ) );
#1269 =( NAMED_UNIT ( * ) PLANE_ANGLE_UNIT ( ) SI_UNIT ( $, .RADIAN. ) );
#1270 = AXIS2_PLACEMENT_3D ( 'NONE', #1838, #2217, #26 ) ;
#1271 = ORIENTED_EDGE ( 'NONE', *, *, #1033, .F. ) ;
#1272 = PRESENTATION_STYLE_ASSIGNMENT (( #460 ) ) ;
#1273 = DIRECTION ( 'NONE',  ( -0.5938603754279599967, -0.8045681167536794520, 0.000000000000000000 ) ) ;
#1274 = LINE ( 'NONE', #1850, #1000 ) ;
#1275 = CARTESIAN_POINT ( 'NONE',  ( 1.530808498934191521E-15, 75.00000000000001421, 12.50000000000000000 ) ) ;
#1276 = ADVANCED_FACE ( 'NONE', ( #434 ), #648, .T. ) ;
#1277 = ORIENTED_EDGE ( 'NONE', *, *, #2109, .T. ) ;
#1278 = FACE_OUTER_BOUND ( 'NONE', #1356, .T. ) ;
#1279 = ORIENTED_EDGE ( 'NONE', *, *, #518, .T. ) ;
#1280 = DIRECTION ( 'NONE',  ( -0.000000000000000000, -0.000000000000000000, 1.000000000000000000 ) ) ;
#1281 = AXIS2_PLACEMENT_3D ( 'NONE', #2208, #164, #1611 ) ;
#1282 = ORIENTED_EDGE ( 'NONE', *, *, #2332, .F. ) ;
#1283 = COLOUR_RGB ( '',0.3254901960784313819, 0.7843137254901960675, 0.01568627450980392135 ) ;
#1284 = AXIS2_PLACEMENT_3D ( 'NONE', #1566, #1001, #2358 ) ;
#1285 =( NAMED_UNIT ( * ) SI_UNIT ( $, .STERADIAN. ) SOLID_ANGLE_UNIT ( ) );
#1286 = AXIS2_PLACEMENT_3D ( 'NONE', #2211, #1043, #2018 ) ;
#1287 = UNCERTAINTY_MEASURE_WITH_UNIT (LENGTH_MEASURE( 1.000000000000000082E-05 ), #1782, 'distance_accuracy_value', 'NONE');
#1288 = ORIENTED_EDGE ( 'NONE', *, *, #1858, .F. ) ;
#1289 = FILL_AREA_STYLE ('',( #2255 ) ) ;
#1290 =( GEOMETRIC_REPRESENTATION_CONTEXT ( 3 ) GLOBAL_UNCERTAINTY_ASSIGNED_CONTEXT ( ( #1697 ) ) GLOBAL_UNIT_ASSIGNED_CONTEXT ( ( #2015, #419, #817 ) ) REPRESENTATION_CONTEXT ( 'NONE', 'WORKASPACE' ) );
#1291 = VECTOR ( 'NONE', #1600, 1000.000000000000000 ) ;
#1292 = LINE ( 'NONE', #1635, #1825 ) ;
#1293 = PLANE ( 'NONE',  #1017 ) ;
#1294 = PRESENTATION_LAYER_ASSIGNMENT (  '', '', ( #1745 ) ) ;
#1295 = VERTEX_POINT ( 'NONE', #81 ) ;
#1296 =( NAMED_UNIT ( * ) PLANE_ANGLE_UNIT ( ) SI_UNIT ( $, .RADIAN. ) );
#1297 = CIRCLE ( 'NONE', #1375, 12.50000000000000000 ) ;
#1298 = ADVANCED_FACE ( 'NONE', ( #2534 ), #1090, .T. ) ;
#1299 = CARTESIAN_POINT ( 'NONE',  ( 20.00000000000001776, -10.00000000000000888, -3.152825342465754410 ) ) ;
#1300 = LINE ( 'NONE', #682, #182 ) ;
#1301 = LINE ( 'NONE', #1122, #957 ) ;
#1302 = VERTEX_POINT ( 'NONE', #1316 ) ;
#1303 = SURFACE_SIDE_STYLE ('',( #2248 ) ) ;
#1304 =( LENGTH_UNIT ( ) NAMED_UNIT ( * ) SI_UNIT ( .MILLI., .METRE. ) );
#1305 = FILL_AREA_STYLE_COLOUR ( '', #1247 ) ;
#1306 = CARTESIAN_POINT ( 'NONE',  ( 20.00000000000001776, -25.00000000000000711, 6.215753424657532555 ) ) ;
#1307 = ORIENTED_EDGE ( 'NONE', *, *, #323, .T. ) ;
#1308 = VERTEX_POINT ( 'NONE', #1111 ) ;
#1309 = PLANE ( 'NONE',  #1816 ) ;
#1310 = CARTESIAN_POINT ( 'NONE',  ( -5.650684931506831710, -25.00000000000000355, 25.00000000000000000 ) ) ;
#1311 = EDGE_CURVE ( 'NONE', #995, #2027, #1891, .T. ) ;
#1312 = SURFACE_SIDE_STYLE ('',( #132 ) ) ;
#1313 = DIRECTION ( 'NONE',  ( 1.000000000000000000, -0.000000000000000000, -0.000000000000000000 ) ) ;
#1314 = CARTESIAN_POINT ( 'NONE',  ( 25.00000000000001776, -25.00000000000000711, 6.215753424657532555 ) ) ;
#1315 = UNCERTAINTY_MEASURE_WITH_UNIT (LENGTH_MEASURE( 1.000000000000000082E-05 ), #556, 'distance_accuracy_value', 'NONE');
#1316 = CARTESIAN_POINT ( 'NONE',  ( 25.00000000000001776, -25.00000000000000711, -6.421232876712329229 ) ) ;
#1317 = STYLED_ITEM ( 'NONE', ( #1272 ), #129 ) ;
#1318 = FILL_AREA_STYLE_COLOUR ( '', #1452 ) ;
#1319 = LINE ( 'NONE', #897, #1391 ) ;
#1320 = MECHANICAL_DESIGN_GEOMETRIC_PRESENTATION_REPRESENTATION (  '', ( #2425 ), #2299 ) ;
#1321 = VERTEX_POINT ( 'NONE', #1516 ) ;
#1322 = SURFACE_STYLE_FILL_AREA ( #2500 ) ;
#1323 = ORIENTED_EDGE ( 'NONE', *, *, #2060, .T. ) ;
#1324 = PLANE ( 'NONE',  #2566 ) ;
#1325 = ORIENTED_EDGE ( 'NONE', *, *, #2572, .T. ) ;
#1326 = COLOUR_RGB ( '',1.000000000000000000, 0.1490196078431372528, 0.1490196078431372528 ) ;
#1327 = AXIS2_PLACEMENT_3D ( 'NONE', #192, #2394, #2196 ) ;
#1328 = CARTESIAN_POINT ( 'NONE',  ( 5.438784246575359305, -12.47217465753425181, 20.00000000000000000 ) ) ;
#1329 = EDGE_CURVE ( 'NONE', #1302, #48, #133, .T. ) ;
#1330 = FILL_AREA_STYLE ('',( #519 ) ) ;
#1331 = FILL_AREA_STYLE_COLOUR ( '', #1333 ) ;
#1332 = PRESENTATION_STYLE_ASSIGNMENT (( #1544 ) ) ;
#1333 = COLOUR_RGB ( '',0.3254901960784313819, 0.7843137254901960675, 0.01568627450980392135 ) ;
#1334 = CARTESIAN_POINT ( 'NONE',  ( 1.530808498934191521E-15, -12.50000000000026290, 74.99999999999997158 ) ) ;
#1335 = ADVANCED_FACE ( 'NONE', ( #1724 ), #947, .T. ) ;
#1336 = AXIS2_PLACEMENT_3D ( 'NONE', #107, #924, #711 ) ;
#1337 = ORIENTED_EDGE ( 'NONE', *, *, #1925, .F. ) ;
#1338 = PRESENTATION_STYLE_ASSIGNMENT (( #322 ) ) ;
#1339 = ORIENTED_EDGE ( 'NONE', *, *, #890, .F. ) ;
#1340 = CARTESIAN_POINT ( 'NONE',  ( -1.438356164383539859, 25.00000000000000000, 18.69113869863014443 ) ) ;
#1341 = COLOUR_RGB ( '',0.1176470588235294101, 0.4039215686274509887, 0.8823529411764705621 ) ;
#1342 = ORIENTED_EDGE ( 'NONE', *, *, #216, .F. ) ;
#1343 = CARTESIAN_POINT ( 'NONE',  ( -1.438356164383539859, 25.00000000000000000, 25.00000000000000355 ) ) ;
#1344 =( LENGTH_UNIT ( ) NAMED_UNIT ( * ) SI_UNIT ( .MILLI., .METRE. ) );
#1345 = SURFACE_SIDE_STYLE ('',( #94 ) ) ;
#1346 = CARTESIAN_POINT ( 'NONE',  ( 20.00000000000001776, -25.00000000000000711, -6.421232876712329229 ) ) ;
#1347 = ORIENTED_EDGE ( 'NONE', *, *, #1968, .T. ) ;
#1348 = EDGE_CURVE ( 'NONE', #2291, #2027, #1378, .T. ) ;
#1349 = CARTESIAN_POINT ( 'NONE',  ( 5.438784246575359305, -10.00000000000000533, 20.00000000000000000 ) ) ;
#1350 = FACE_OUTER_BOUND ( 'NONE', #755, .T. ) ;
#1351 = ORIENTED_EDGE ( 'NONE', *, *, #1242, .T. ) ;
#1352 = DIRECTION ( 'NONE',  ( -0.4803146228655843508, 0.000000000000000000, 0.8770962678415018532 ) ) ;
#1353 = DIRECTION ( 'NONE',  ( 0.000000000000000000, 0.000000000000000000, -1.000000000000000000 ) ) ;
#1354 = CARTESIAN_POINT ( 'NONE',  ( 75.00000000000001421, -2.618611004132350648E-13, 0.000000000000000000 ) ) ;
#1355 = SURFACE_SIDE_STYLE ('',( #911 ) ) ;
#1356 = EDGE_LOOP ( 'NONE', ( #484, #685, #180 ) ) ;
#1357 = CARTESIAN_POINT ( 'NONE',  ( 75.00000000000001421, -2.618611004132350648E-13, 0.000000000000000000 ) ) ;
#1358 = ADVANCED_FACE ( 'NONE', ( #1148 ), #1902, .T. ) ;
#1359 =( GEOMETRIC_REPRESENTATION_CONTEXT ( 3 ) GLOBAL_UNCERTAINTY_ASSIGNED_CONTEXT ( ( #360 ) ) GLOBAL_UNIT_ASSIGNED_CONTEXT ( ( #2100, #1518, #96 ) ) REPRESENTATION_CONTEXT ( 'NONE', 'WORKASPACE' ) );
#1360 = ORIENTED_EDGE ( 'NONE', *, *, #1461, .F. ) ;
#1361 = PLANE ( 'NONE',  #604 ) ;
#1362 = CARTESIAN_POINT ( 'NONE',  ( 25.00000000000001776, -10.00000000000000888, -6.010273972602740322 ) ) ;
#1363 = LINE ( 'NONE', #2585, #1367 ) ;
#1364 = FILL_AREA_STYLE_COLOUR ( '', #1706 ) ;
#1365 = AXIS2_PLACEMENT_3D ( 'NONE', #1585, #477, #2009 ) ;
#1366 = EDGE_LOOP ( 'NONE', ( #2183, #2421, #1117 ) ) ;
#1367 = VECTOR ( 'NONE', #341, 1000.000000000000000 ) ;
#1368 = SURFACE_SIDE_STYLE ('',( #977 ) ) ;
#1369 = MECHANICAL_DESIGN_GEOMETRIC_PRESENTATION_REPRESENTATION (  '', ( #2393 ), #532 ) ;
#1370 = ORIENTED_EDGE ( 'NONE', *, *, #402, .F. ) ;
#1371 = MECHANICAL_DESIGN_GEOMETRIC_PRESENTATION_REPRESENTATION (  '', ( #2276 ), #1491 ) ;
#1372 = CIRCLE ( 'NONE', #441, 4.999999999999975131 ) ;
#1373 = EDGE_CURVE ( 'NONE', #2091, #1157, #147, .T. ) ;
#1374 = VECTOR ( 'NONE', #963, 1000.000000000000000 ) ;
#1375 = AXIS2_PLACEMENT_3D ( 'NONE', #2227, #430, #34 ) ;
#1376 = LINE ( 'NONE', #1995, #614 ) ;
#1377 = CONICAL_SURFACE ( 'NONE', #1418, 12.50000000000000000, 0.4636476090008059825 ) ;
#1378 = LINE ( 'NONE', #806, #1985 ) ;
#1379 = DIRECTION ( 'NONE',  ( 0.000000000000000000, 0.000000000000000000, 1.000000000000000000 ) ) ;
#1380 = EDGE_LOOP ( 'NONE', ( #2151, #2061 ) ) ;
#1381 = DIRECTION ( 'NONE',  ( 0.000000000000000000, 0.000000000000000000, -1.000000000000000000 ) ) ;
#1382 = ORIENTED_EDGE ( 'NONE', *, *, #756, .F. ) ;
#1383 =( LENGTH_UNIT ( ) NAMED_UNIT ( * ) SI_UNIT ( .MILLI., .METRE. ) );
#1384 = UNCERTAINTY_MEASURE_WITH_UNIT (LENGTH_MEASURE( 1.000000000000000082E-05 ), #1139, 'distance_accuracy_value', 'NONE');
#1385 = EDGE_CURVE ( 'NONE', #1308, #55, #1856, .T. ) ;
#1386 = FILL_AREA_STYLE ('',( #558 ) ) ;
#1387 = FILL_AREA_STYLE_COLOUR ( '', #1568 ) ;
#1388 =( NAMED_UNIT ( * ) SI_UNIT ( $, .STERADIAN. ) SOLID_ANGLE_UNIT ( ) );
#1389 = EDGE_LOOP ( 'NONE', ( #1382, #664 ) ) ;
#1390 = AXIS2_PLACEMENT_3D ( 'NONE', #1306, #2284, #938 ) ;
#1391 = VECTOR ( 'NONE', #111, 1000.000000000000114 ) ;
#1392 = CARTESIAN_POINT ( 'NONE',  ( 25.00000000000001776, -10.00000000000000888, 2.064426369863011868 ) ) ;
#1393 = DIRECTION ( 'NONE',  ( -0.000000000000000000, 1.000000000000000000, -0.000000000000000000 ) ) ;
#1394 = PRESENTATION_LAYER_ASSIGNMENT (  '', '', ( #723 ) ) ;
#1395 = CARTESIAN_POINT ( 'NONE',  ( 0.000000000000000000, -2.618611004132350648E-13, 75.00000000000001421 ) ) ;
#1396 = DIRECTION ( 'NONE',  ( 0.000000000000000000, 1.000000000000000000, 0.000000000000000000 ) ) ;
#1397 = DIRECTION ( 'NONE',  ( 0.000000000000000000, 0.000000000000000000, 1.000000000000000000 ) ) ;
#1398 = STYLED_ITEM ( 'NONE', ( #1588 ), #958 ) ;
#1399 =( LENGTH_UNIT ( ) NAMED_UNIT ( * ) SI_UNIT ( .MILLI., .METRE. ) );
#1400 = EDGE_CURVE ( 'NONE', #48, #1475, #1363, .T. ) ;
#1401 = AXIS2_PLACEMENT_3D ( 'NONE', #562, #596, #1218 ) ;
#1402 = DIRECTION ( 'NONE',  ( 1.000000000000000000, -0.000000000000000000, 0.000000000000000000 ) ) ;
#1403 = STYLED_ITEM ( 'NONE', ( #1811 ), #1476 ) ;
#1404 = ORIENTED_EDGE ( 'NONE', *, *, #1329, .T. ) ;
#1405 = DIRECTION ( 'NONE',  ( 0.000000000000000000, 1.000000000000000000, 0.000000000000000000 ) ) ;
#1406 = STYLED_ITEM ( 'NONE', ( #844 ), #1511 ) ;
#1407 = LINE ( 'NONE', #42, #695 ) ;
#1408 = CARTESIAN_POINT ( 'NONE',  ( 0.000000000000000000, -2.618611004132350648E-13, 75.00000000000001421 ) ) ;
#1409 =( GEOMETRIC_REPRESENTATION_CONTEXT ( 3 ) GLOBAL_UNCERTAINTY_ASSIGNED_CONTEXT ( ( #2368 ) ) GLOBAL_UNIT_ASSIGNED_CONTEXT ( ( #1960, #2181, #2197 ) ) REPRESENTATION_CONTEXT ( 'NONE', 'WORKASPACE' ) );
#1410 = UNCERTAINTY_MEASURE_WITH_UNIT (LENGTH_MEASURE( 1.000000000000000082E-05 ), #1225, 'distance_accuracy_value', 'NONE');
#1411 = AXIS2_PLACEMENT_3D ( 'NONE', #1426, #1835, #2051 ) ;
#1412 =( GEOMETRIC_REPRESENTATION_CONTEXT ( 3 ) GLOBAL_UNCERTAINTY_ASSIGNED_CONTEXT ( ( #1956 ) ) GLOBAL_UNIT_ASSIGNED_CONTEXT ( ( #1793, #2576, #2006 ) ) REPRESENTATION_CONTEXT ( 'NONE', 'WORKASPACE' ) );
#1413 = CARTESIAN_POINT ( 'NONE',  ( -24.99999999999998579, -25.00000000000000000, 25.00000000000000000 ) ) ;
#1414 = PRESENTATION_STYLE_ASSIGNMENT (( #411 ) ) ;
#1415 = CARTESIAN_POINT ( 'NONE',  ( 1.849315068493171843, 25.00000000000000000, 18.63013698630137682 ) ) ;
#1416 = UNCERTAINTY_MEASURE_WITH_UNIT (LENGTH_MEASURE( 1.000000000000000082E-05 ), #2339, 'distance_accuracy_value', 'NONE');
#1417 = AXIS2_PLACEMENT_3D ( 'NONE', #1553, #342, #1175 ) ;
#1418 = AXIS2_PLACEMENT_3D ( 'NONE', #2223, #2031, #1256 ) ;
#1419 = FACE_OUTER_BOUND ( 'NONE', #964, .T. ) ;
#1420 = EDGE_CURVE ( 'NONE', #978, #311, #1609, .T. ) ;
#1421 = ORIENTED_EDGE ( 'NONE', *, *, #303, .F. ) ;
#1422 = CARTESIAN_POINT ( 'NONE',  ( 100.0000000000000000, -3.491481338843133355E-13, 0.000000000000000000 ) ) ;
#1423 = CARTESIAN_POINT ( 'NONE',  ( 25.00000000000001776, -25.00000000000000711, 6.215753424657532555 ) ) ;
#1424 =( NAMED_UNIT ( * ) PLANE_ANGLE_UNIT ( ) SI_UNIT ( $, .RADIAN. ) );
#1425 =( NAMED_UNIT ( * ) SI_UNIT ( $, .STERADIAN. ) SOLID_ANGLE_UNIT ( ) );
#1426 = CARTESIAN_POINT ( 'NONE',  ( 0.000000000000000000, -25.00000000000000000, 0.000000000000000000 ) ) ;
#1427 =( NAMED_UNIT ( * ) SI_UNIT ( $, .STERADIAN. ) SOLID_ANGLE_UNIT ( ) );
#1428 = DIRECTION ( 'NONE',  ( 0.000000000000000000, 0.000000000000000000, 1.000000000000000000 ) ) ;
#1429 = VERTEX_POINT ( 'NONE', #396 ) ;
#1430 = SURFACE_SIDE_STYLE ('',( #1819 ) ) ;
#1431 = EDGE_CURVE ( 'NONE', #38, #1210, #2563, .T. ) ;
#1432 = PRESENTATION_LAYER_ASSIGNMENT (  '', '', ( #2062 ) ) ;
#1433 = CARTESIAN_POINT ( 'NONE',  ( -1.438356164383539859, 20.00000000000000000, 25.00000000000000355 ) ) ;
#1434 = EDGE_CURVE ( 'NONE', #1254, #799, #1163, .T. ) ;
#1435 = DIRECTION ( 'NONE',  ( 0.000000000000000000, -0.8656434948327349499, 0.5006609030609127098 ) ) ;
#1436 = SURFACE_STYLE_USAGE ( .BOTH. , #197 ) ;
#1437 = SURFACE_SIDE_STYLE ('',( #2205 ) ) ;
#1438 = FILL_AREA_STYLE_COLOUR ( '', #109 ) ;
#1439 = CARTESIAN_POINT ( 'NONE',  ( 20.00000000000001776, -10.00000000000000888, 2.064426369863011868 ) ) ;
#1440 = CARTESIAN_POINT ( 'NONE',  ( -5.650684931506831710, -22.67551369863014088, 20.00000000000000000 ) ) ;
#1441 = VERTEX_POINT ( 'NONE', #1792 ) ;
#1442 = FILL_AREA_STYLE_COLOUR ( '', #1326 ) ;
#1443 = VERTEX_POINT ( 'NONE', #794 ) ;
#1444 = MECHANICAL_DESIGN_GEOMETRIC_PRESENTATION_REPRESENTATION (  '', ( #1936 ), #306 ) ;
#1445 = DIRECTION ( 'NONE',  ( 0.000000000000000000, 0.000000000000000000, -1.000000000000000000 ) ) ;
#1446 = COLOUR_RGB ( '',0.1176470588235294101, 0.4039215686274509887, 0.8823529411764705621 ) ;
#1447 = EDGE_CURVE ( 'NONE', #1755, #1308, #1592, .T. ) ;
#1448 = DIRECTION ( 'NONE',  ( -0.000000000000000000, 1.000000000000000000, -0.000000000000000000 ) ) ;
#1449 = VECTOR ( 'NONE', #2528, 1000.000000000000114 ) ;
#1450 =( LENGTH_UNIT ( ) NAMED_UNIT ( * ) SI_UNIT ( .MILLI., .METRE. ) );
#1451 = ORIENTED_EDGE ( 'NONE', *, *, #2240, .T. ) ;
#1452 = COLOUR_RGB ( '',0.3254901960784313819, 0.7843137254901960675, 0.01568627450980392135 ) ;
#1453 = CARTESIAN_POINT ( 'NONE',  ( 20.00000000000001776, -17.00556506849315852, -1.958476027397261232 ) ) ;
#1454 = LINE ( 'NONE', #1275, #87 ) ;
#1455 = VECTOR ( 'NONE', #1967, 1000.000000000000227 ) ;
#1456 =( GEOMETRIC_REPRESENTATION_CONTEXT ( 3 ) GLOBAL_UNCERTAINTY_ASSIGNED_CONTEXT ( ( #378 ) ) GLOBAL_UNIT_ASSIGNED_CONTEXT ( ( #371, #1955, #607 ) ) REPRESENTATION_CONTEXT ( 'NONE', 'WORKASPACE' ) );
#1457 = EDGE_LOOP ( 'NONE', ( #1533, #2513, #1451, #1463 ) ) ;
#1458 = LINE ( 'NONE', #875, #820 ) ;
#1459 = LINE ( 'NONE', #45, #776 ) ;
#1460 = SURFACE_STYLE_USAGE ( .BOTH. , #2020 ) ;
#1461 = EDGE_CURVE ( 'NONE', #193, #621, #1571, .T. ) ;
#1462 = UNCERTAINTY_MEASURE_WITH_UNIT (LENGTH_MEASURE( 1.000000000000000082E-05 ), #933, 'distance_accuracy_value', 'NONE');
#1463 = ORIENTED_EDGE ( 'NONE', *, *, #1765, .F. ) ;
#1464 = DIRECTION ( 'NONE',  ( 1.000000000000000000, 0.000000000000000000, 0.000000000000000000 ) ) ;
#1465 = LINE ( 'NONE', #880, #17 ) ;
#1466 = EDGE_LOOP ( 'NONE', ( #2119, #2437, #1351, #1050 ) ) ;
#1467 = LINE ( 'NONE', #633, #2353 ) ;
#1468 = ORIENTED_EDGE ( 'NONE', *, *, #1624, .T. ) ;
#1469 = AXIS2_PLACEMENT_3D ( 'NONE', #2097, #476, #1864 ) ;
#1470 = SURFACE_STYLE_USAGE ( .BOTH. , #245 ) ;
#1471 = MECHANICAL_DESIGN_GEOMETRIC_PRESENTATION_REPRESENTATION (  '', ( #2520 ), #2380 ) ;
#1472 = EDGE_LOOP ( 'NONE', ( #1900, #2040, #1107, #2148 ) ) ;
#1473 = LINE ( 'NONE', #249, #183 ) ;
#1474 = CARTESIAN_POINT ( 'NONE',  ( 0.000000000000000000, 75.00000000000001421, 0.000000000000000000 ) ) ;
#1475 = VERTEX_POINT ( 'NONE', #2225 ) ;
#1476 = ADVANCED_FACE ( 'NONE', ( #218 ), #2237, .T. ) ;
#1477 = ORIENTED_EDGE ( 'NONE', *, *, #1624, .F. ) ;
#1478 = AXIS2_PLACEMENT_3D ( 'NONE', #2045, #467, #16 ) ;
#1479 = PRESENTATION_LAYER_ASSIGNMENT (  '', '', ( #907 ) ) ;
#1480 = COLOUR_RGB ( '',0.1176470588235294101, 0.4039215686274509887, 0.8823529411764705621 ) ;
#1481 =( LENGTH_UNIT ( ) NAMED_UNIT ( * ) SI_UNIT ( .MILLI., .METRE. ) );
#1482 = LINE ( 'NONE', #1904, #2479 ) ;
#1483 = CARTESIAN_POINT ( 'NONE',  ( -6.369863013698608079, 25.00000000000000000, 10.00000000000000533 ) ) ;
#1484 = UNCERTAINTY_MEASURE_WITH_UNIT (LENGTH_MEASURE( 1.000000000000000082E-05 ), #1095, 'distance_accuracy_value', 'NONE');
#1485 = EDGE_LOOP ( 'NONE', ( #680, #2029, #1855 ) ) ;
#1486 =( NAMED_UNIT ( * ) PLANE_ANGLE_UNIT ( ) SI_UNIT ( $, .RADIAN. ) );
#1487 = MECHANICAL_DESIGN_GEOMETRIC_PRESENTATION_REPRESENTATION (  '', ( #1244 ), #354 ) ;
#1488 = CARTESIAN_POINT ( 'NONE',  ( -6.369863013698608079, 20.00000000000000000, 10.00000000000000533 ) ) ;
#1489 = CARTESIAN_POINT ( 'NONE',  ( -5.130565068493131875, -12.67123287671233456, 25.00000000000000000 ) ) ;
#1490 = PRESENTATION_STYLE_ASSIGNMENT (( #290 ) ) ;
#1491 =( GEOMETRIC_REPRESENTATION_CONTEXT ( 3 ) GLOBAL_UNCERTAINTY_ASSIGNED_CONTEXT ( ( #781 ) ) GLOBAL_UNIT_ASSIGNED_CONTEXT ( ( #1572, #1168, #1388 ) ) REPRESENTATION_CONTEXT ( 'NONE', 'WORKASPACE' ) );
#1492 = ORIENTED_EDGE ( 'NONE', *, *, #993, .F. ) ;
#1493 = SURFACE_SIDE_STYLE ('',( #1716 ) ) ;
#1494 = ORIENTED_EDGE ( 'NONE', *, *, #178, .T. ) ;
#1495 =( NAMED_UNIT ( * ) SI_UNIT ( $, .STERADIAN. ) SOLID_ANGLE_UNIT ( ) );
#1496 = STYLED_ITEM ( 'NONE', ( #1927 ), #2376 ) ;
#1497 = PRESENTATION_STYLE_ASSIGNMENT (( #485 ) ) ;
#1498 = EDGE_CURVE ( 'NONE', #2161, #540, #2390, .T. ) ;
#1499 = VERTEX_POINT ( 'NONE', #2414 ) ;
#1500 = EDGE_CURVE ( 'NONE', #598, #277, #1833, .T. ) ;
#1501 = FILL_AREA_STYLE ('',( #455 ) ) ;
#1502 = ORIENTED_EDGE ( 'NONE', *, *, #1788, .T. ) ;
#1503 = PRESENTATION_STYLE_ASSIGNMENT (( #1683 ) ) ;
#1504 = PRESENTATION_STYLE_ASSIGNMENT (( #1700 ) ) ;
#1505 = PLANE ( 'NONE',  #1390 ) ;
#1506 = ORIENTED_EDGE ( 'NONE', *, *, #1242, .F. ) ;
#1507 = ORIENTED_EDGE ( 'NONE', *, *, #1222, .T. ) ;
#1508 = CARTESIAN_POINT ( 'NONE',  ( 0.000000000000000000, 75.00000000000001421, 0.000000000000000000 ) ) ;
#1509 = PRESENTATION_STYLE_ASSIGNMENT (( #2307 ) ) ;
#1510 = ORIENTED_EDGE ( 'NONE', *, *, #690, .F. ) ;
#1511 = ADVANCED_FACE ( 'NONE', ( #232 ), #206, .T. ) ;
#1512 = EDGE_CURVE ( 'NONE', #2524, #2218, #1642, .T. ) ;
#1513 = DIRECTION ( 'NONE',  ( 1.000000000000000000, -0.000000000000000000, -0.000000000000000000 ) ) ;
#1514 = DIRECTION ( 'NONE',  ( 1.000000000000000000, 0.000000000000000000, 0.000000000000000000 ) ) ;
#1515 = DIRECTION ( 'NONE',  ( 0.000000000000000000, -1.000000000000000000, -0.000000000000000000 ) ) ;
#1516 = CARTESIAN_POINT ( 'NONE',  ( 20.00000000000001776, -25.00000000000000711, 3.294092465753422960 ) ) ;
#1517 = DIRECTION ( 'NONE',  ( 1.000000000000000000, 0.000000000000000000, 0.000000000000000000 ) ) ;
#1518 =( NAMED_UNIT ( * ) PLANE_ANGLE_UNIT ( ) SI_UNIT ( $, .RADIAN. ) );
#1519 = PRODUCT ( 'Gizmo', 'Gizmo', '', ( #2295 ) ) ;
#1520 = VECTOR ( 'NONE', #1878, 1000.000000000000000 ) ;
#1521 = EDGE_LOOP ( 'NONE', ( #1118, #1181, #2293, #2160, #1753, #1704, #1502, #459, #1914, #1510, #1550, #883, #2453, #128, #2234, #787, #1323, #1863 ) ) ;
#1522 = ORIENTED_EDGE ( 'NONE', *, *, #2209, .F. ) ;
#1523 = FILL_AREA_STYLE ('',( #2544 ) ) ;
#1524 = VERTEX_POINT ( 'NONE', #1843 ) ;
#1525 = AXIS2_PLACEMENT_3D ( 'NONE', #453, #2422, #2071 ) ;
#1526 = COLOUR_RGB ( '',1.000000000000000000, 0.1490196078431372528, 0.1490196078431372528 ) ;
#1527 = CARTESIAN_POINT ( 'NONE',  ( -24.99999999999998579, -25.00000000000000000, 25.00000000000000000 ) ) ;
#1528 = SURFACE_SIDE_STYLE ('',( #726 ) ) ;
#1529 = EDGE_CURVE ( 'NONE', #2447, #307, #1459, .T. ) ;
#1530 = DIRECTION ( 'NONE',  ( 0.000000000000000000, -3.491481338843133355E-15, 1.000000000000000000 ) ) ;
#1531 = FILL_AREA_STYLE ('',( #110 ) ) ;
#1532 = VECTOR ( 'NONE', #1159, 1000.000000000000227 ) ;
#1533 = ORIENTED_EDGE ( 'NONE', *, *, #487, .F. ) ;
#1534 = ORIENTED_EDGE ( 'NONE', *, *, #1100, .F. ) ;
#1535 = CARTESIAN_POINT ( 'NONE',  ( 20.00000000000001776, -10.00000000000000888, -3.152825342465754410 ) ) ;
#1536 = CARTESIAN_POINT ( 'NONE',  ( 5.438784246575359305, -10.00000000000000533, 20.00000000000000000 ) ) ;
#1537 = MECHANICAL_DESIGN_GEOMETRIC_PRESENTATION_REPRESENTATION (  '', ( #2569 ), #1911 ) ;
#1538 = ORIENTED_EDGE ( 'NONE', *, *, #1893, .F. ) ;
#1539 = MECHANICAL_DESIGN_GEOMETRIC_PRESENTATION_REPRESENTATION (  '', ( #700 ), #1456 ) ;
#1540 = COLOUR_RGB ( '',1.000000000000000000, 0.1490196078431372528, 0.1490196078431372528 ) ;
#1541 = PRESENTATION_LAYER_ASSIGNMENT (  '', '', ( #700 ) ) ;
#1542 = DIRECTION ( 'NONE',  ( 0.000000000000000000, 1.000000000000000000, 0.000000000000000000 ) ) ;
#1543 = SURFACE_STYLE_USAGE ( .BOTH. , #1953 ) ;
#1544 = SURFACE_STYLE_USAGE ( .BOTH. , #745 ) ;
#1545 = ADVANCED_FACE ( 'NONE', ( #1658 ), #2443, .T. ) ;
#1546 = FILL_AREA_STYLE ('',( #1305 ) ) ;
#1547 = ORIENTED_EDGE ( 'NONE', *, *, #636, .F. ) ;
#1548 = DIRECTION ( 'NONE',  ( 0.000000000000000000, 0.000000000000000000, 1.000000000000000000 ) ) ;
#1549 = FACE_OUTER_BOUND ( 'NONE', #27, .T. ) ;
#1550 = ORIENTED_EDGE ( 'NONE', *, *, #2017, .T. ) ;
#1551 = DIRECTION ( 'NONE',  ( 0.000000000000000000, 0.000000000000000000, -1.000000000000000000 ) ) ;
#1552 = LINE ( 'NONE', #969, #2179 ) ;
#1553 = CARTESIAN_POINT ( 'NONE',  ( 0.000000000000000000, 0.000000000000000000, 0.000000000000000000 ) ) ;
#1554 = CARTESIAN_POINT ( 'NONE',  ( 5.650684931506866349, -25.00000000000000355, 20.00000000000000000 ) ) ;
#1555 = COLOUR_RGB ( '',0.3254901960784313819, 0.7843137254901960675, 0.01568627450980392135 ) ;
#1556 = PRESENTATION_STYLE_ASSIGNMENT (( #1959 ) ) ;
#1557 = LINE ( 'NONE', #2538, #398 ) ;
#1558 = PRESENTATION_LAYER_ASSIGNMENT (  '', '', ( #2220 ) ) ;
#1559 = EDGE_CURVE ( 'NONE', #1073, #1573, #1135, .T. ) ;
#1560 = ORIENTED_EDGE ( 'NONE', *, *, #161, .F. ) ;
#1561 = FACE_OUTER_BOUND ( 'NONE', #2501, .T. ) ;
#1562 = APPLICATION_CONTEXT ( 'automotive_design' ) ;
#1563 = PLANE ( 'NONE',  #822 ) ;
#1564 = VECTOR ( 'NONE', #2465, 1000.000000000000000 ) ;
#1565 = CARTESIAN_POINT ( 'NONE',  ( -5.650684931506831710, -22.67551369863014088, 20.00000000000000000 ) ) ;
#1566 = CARTESIAN_POINT ( 'NONE',  ( 0.000000000000000000, 75.00000000000001421, 0.000000000000000000 ) ) ;
#1567 = CARTESIAN_POINT ( 'NONE',  ( 20.00000000000001776, -25.00000000000000711, 6.215753424657532555 ) ) ;
#1568 = COLOUR_RGB ( '',1.000000000000000000, 1.000000000000000000, 1.000000000000000000 ) ;
#1569 = UNCERTAINTY_MEASURE_WITH_UNIT (LENGTH_MEASURE( 1.000000000000000082E-05 ), #433, 'distance_accuracy_value', 'NONE');
#1570 = PLANE ( 'NONE',  #2221 ) ;
#1571 = CIRCLE ( 'NONE', #431, 12.50000000000000000 ) ;
#1572 =( LENGTH_UNIT ( ) NAMED_UNIT ( * ) SI_UNIT ( .MILLI., .METRE. ) );
#1573 = VERTEX_POINT ( 'NONE', #1121 ) ;
#1574 = CARTESIAN_POINT ( 'NONE',  ( 6.575342465753445609, 20.00000000000000000, 10.00000000000000533 ) ) ;
#1575 = AXIS2_PLACEMENT_3D ( 'NONE', #1937, #1146, #377 ) ;
#1576 =( GEOMETRIC_REPRESENTATION_CONTEXT ( 3 ) GLOBAL_UNCERTAINTY_ASSIGNED_CONTEXT ( ( #355 ) ) GLOBAL_UNIT_ASSIGNED_CONTEXT ( ( #2004, #1822, #281 ) ) REPRESENTATION_CONTEXT ( 'NONE', 'WORKASPACE' ) );
#1577 = ADVANCED_FACE ( 'NONE', ( #2121 ), #725, .T. ) ;
#1578 =( NAMED_UNIT ( * ) PLANE_ANGLE_UNIT ( ) SI_UNIT ( $, .RADIAN. ) );
#1579 = STYLED_ITEM ( 'NONE', ( #1414 ), #594 ) ;
#1580 = ADVANCED_FACE ( 'NONE', ( #284 ), #1885, .F. ) ;
#1581 = CARTESIAN_POINT ( 'NONE',  ( 25.00000000000001776, -25.00000000000000000, 25.00000000000000000 ) ) ;
#1582 = DIRECTION ( 'NONE',  ( 1.000000000000000000, -0.000000000000000000, -0.000000000000000000 ) ) ;
#1583 = FILL_AREA_STYLE ('',( #1984 ) ) ;
#1584 = ORIENTED_EDGE ( 'NONE', *, *, #1559, .F. ) ;
#1585 = CARTESIAN_POINT ( 'NONE',  ( 0.000000000000000000, -2.618611004132350648E-13, 75.00000000000001421 ) ) ;
#1586 = DIRECTION ( 'NONE',  ( 0.000000000000000000, 0.000000000000000000, -1.000000000000000000 ) ) ;
#1587 = ORIENTED_EDGE ( 'NONE', *, *, #8, .F. ) ;
#1588 = PRESENTATION_STYLE_ASSIGNMENT (( #2411 ) ) ;
#1589 = EDGE_CURVE ( 'NONE', #2570, #502, #2560, .T. ) ;
#1590 = CARTESIAN_POINT ( 'NONE',  ( 6.938893903907228378E-15, -3.491481338843133355E-13, 100.0000000000000000 ) ) ;
#1591 = ADVANCED_FACE ( 'NONE', ( #1202 ), #1361, .F. ) ;
#1592 = LINE ( 'NONE', #2377, #2120 ) ;
#1593 =( LENGTH_UNIT ( ) NAMED_UNIT ( * ) SI_UNIT ( .MILLI., .METRE. ) );
#1594 = UNCERTAINTY_MEASURE_WITH_UNIT (LENGTH_MEASURE( 1.000000000000000082E-05 ), #2549, 'distance_accuracy_value', 'NONE');
#1595 = FACE_OUTER_BOUND ( 'NONE', #577, .T. ) ;
#1596 = FILL_AREA_STYLE_COLOUR ( '', #652 ) ;
#1597 =( GEOMETRIC_REPRESENTATION_CONTEXT ( 3 ) GLOBAL_UNCERTAINTY_ASSIGNED_CONTEXT ( ( #458 ) ) GLOBAL_UNIT_ASSIGNED_CONTEXT ( ( #2463, #1251, #619 ) ) REPRESENTATION_CONTEXT ( 'NONE', 'WORKASPACE' ) );
#1598 = VERTEX_POINT ( 'NONE', #1590 ) ;
#1599 = CARTESIAN_POINT ( 'NONE',  ( 100.0000000000000000, -3.491481338843133355E-13, 0.000000000000000000 ) ) ;
#1600 = DIRECTION ( 'NONE',  ( 0.000000000000000000, -1.000000000000000000, 0.000000000000000000 ) ) ;
#1601 = CARTESIAN_POINT ( 'NONE',  ( -5.650684931506831710, -22.67551369863014088, 25.00000000000000000 ) ) ;
#1602 = DIRECTION ( 'NONE',  ( 0.000000000000000000, -1.000000000000000000, -3.491481338843133355E-15 ) ) ;
#1603 = VECTOR ( 'NONE', #1958, 1000.000000000000114 ) ;
#1604 =( NAMED_UNIT ( * ) SI_UNIT ( $, .STERADIAN. ) SOLID_ANGLE_UNIT ( ) );
#1605 = EDGE_CURVE ( 'NONE', #1717, #659, #2540, .T. ) ;
#1606 = MECHANICAL_DESIGN_GEOMETRIC_PRESENTATION_REPRESENTATION (  '', ( #991 ), #1851 ) ;
#1607 = DIRECTION ( 'NONE',  ( 0.000000000000000000, -0.8761213546944320862, 0.4820906261776857216 ) ) ;
#1608 = SURFACE_STYLE_USAGE ( .BOTH. , #1195 ) ;
#1609 = CIRCLE ( 'NONE', #733, 10.00000000000000000 ) ;
#1610 = ORIENTED_EDGE ( 'NONE', *, *, #1913, .T. ) ;
#1611 = DIRECTION ( 'NONE',  ( 0.000000000000000000, 0.000000000000000000, 1.000000000000000000 ) ) ;
#1612 = AXIS2_PLACEMENT_3D ( 'NONE', #21, #2049, #834 ) ;
#1613 = FILL_AREA_STYLE ('',( #1757 ) ) ;
#1614 = COLOUR_RGB ( '',0.1176470588235294101, 0.4039215686274509887, 0.8823529411764705621 ) ;
#1615 = COLOUR_RGB ( '',0.3254901960784313819, 0.7843137254901960675, 0.01568627450980392135 ) ;
#1616 = SURFACE_STYLE_USAGE ( .BOTH. , #2486 ) ;
#1617 = FILL_AREA_STYLE_COLOUR ( '', #2108 ) ;
#1618 = AXIS2_PLACEMENT_3D ( 'NONE', #200, #399, #1397 ) ;
#1619 = SURFACE_STYLE_USAGE ( .BOTH. , #1437 ) ;
#1620 = SURFACE_STYLE_FILL_AREA ( #2226 ) ;
#1621 = DIRECTION ( 'NONE',  ( 0.000000000000000000, 0.000000000000000000, -1.000000000000000000 ) ) ;
#1622 = UNCERTAINTY_MEASURE_WITH_UNIT (LENGTH_MEASURE( 1.000000000000000082E-05 ), #624, 'distance_accuracy_value', 'NONE');
#1623 = PRODUCT_DEFINITION_FORMATION_WITH_SPECIFIED_SOURCE ( 'ANY', '', #1519, .NOT_KNOWN. ) ;
#1624 = EDGE_CURVE ( 'NONE', #280, #1831, #2336, .T. ) ;
#1625 = ORIENTED_EDGE ( 'NONE', *, *, #1559, .T. ) ;
#1626 = CARTESIAN_POINT ( 'NONE',  ( 0.000000000000000000, -5.000000000000000000, -1.745740669421566678E-14 ) ) ;
#1627 = ADVANCED_FACE ( 'NONE', ( #166 ), #1563, .T. ) ;
#1628 = PRESENTATION_STYLE_ASSIGNMENT (( #74 ) ) ;
#1629 = SURFACE_SIDE_STYLE ('',( #2574 ) ) ;
#1630 = DIRECTION ( 'NONE',  ( 0.000000000000000000, -1.000000000000000000, -3.330669073875469621E-15 ) ) ;
#1631 = SURFACE_STYLE_FILL_AREA ( #2019 ) ;
#1632 = FILL_AREA_STYLE ('',( #220 ) ) ;
#1633 = SURFACE_STYLE_FILL_AREA ( #1780 ) ;
#1634 = CARTESIAN_POINT ( 'NONE',  ( -6.369863013698608079, 20.00000000000000000, 10.00000000000000533 ) ) ;
#1635 = CARTESIAN_POINT ( 'NONE',  ( 3.534888698630158643, 20.00000000000000000, 10.00000000000000533 ) ) ;
#1636 = CYLINDRICAL_SURFACE ( 'NONE', #1270, 4.999999999999986677 ) ;
#1637 = ORIENTED_EDGE ( 'NONE', *, *, #539, .F. ) ;
#1638 = DIRECTION ( 'NONE',  ( -0.000000000000000000, 1.000000000000000000, -0.000000000000000000 ) ) ;
#1639 = ORIENTED_EDGE ( 'NONE', *, *, #1671, .T. ) ;
#1640 = ADVANCED_FACE ( 'NONE', ( #2374 ), #587, .T. ) ;
#1641 = CARTESIAN_POINT ( 'NONE',  ( 0.000000000000000000, 0.000000000000000000, 0.000000000000000000 ) ) ;
#1642 = LINE ( 'NONE', #2242, #2313 ) ;
#1643 = CARTESIAN_POINT ( 'NONE',  ( -1.836472602739708471, -22.32876712328767965, 20.00000000000000000 ) ) ;
#1644 = VECTOR ( 'NONE', #1726, 1000.000000000000000 ) ;
#1645 = EDGE_LOOP ( 'NONE', ( #530, #1830, #706, #2555 ) ) ;
#1646 = CARTESIAN_POINT ( 'NONE',  ( 25.00000000000001776, -25.00000000000000711, -2.854238013698632059 ) ) ;
#1647 = LINE ( 'NONE', #2436, #1204 ) ;
#1648 = CARTESIAN_POINT ( 'NONE',  ( 5.438784246575359305, -12.47217465753425181, 20.00000000000000000 ) ) ;
#1649 = VECTOR ( 'NONE', #871, 1000.000000000000114 ) ;
#1650 = STYLED_ITEM ( 'NONE', ( #1058 ), #697 ) ;
#1651 = ORIENTED_EDGE ( 'NONE', *, *, #2515, .F. ) ;
#1652 = LINE ( 'NONE', #2250, #1649 ) ;
#1653 = AXIS2_PLACEMENT_3D ( 'NONE', #797, #1381, #374 ) ;
#1654 = ORIENTED_EDGE ( 'NONE', *, *, #24, .F. ) ;
#1655 = EDGE_CURVE ( 'NONE', #2325, #2161, #1689, .T. ) ;
#1656 = MECHANICAL_DESIGN_GEOMETRIC_PRESENTATION_REPRESENTATION (  '', ( #2392 ), #310 ) ;
#1657 = PRESENTATION_LAYER_ASSIGNMENT (  '', '', ( #1739 ) ) ;
#1658 = FACE_OUTER_BOUND ( 'NONE', #1130, .T. ) ;
#1659 = CARTESIAN_POINT ( 'NONE',  ( 5.650684931506866349, -22.32876712328767965, 20.00000000000000000 ) ) ;
#1660 = MECHANICAL_DESIGN_GEOMETRIC_PRESENTATION_REPRESENTATION (  '', ( #270 ), #57 ) ;
#1661 = ORIENTED_EDGE ( 'NONE', *, *, #1957, .F. ) ;
#1662 = SURFACE_SIDE_STYLE ('',( #866 ) ) ;
#1663 = DIRECTION ( 'NONE',  ( 1.000000000000000000, -0.000000000000000000, -0.000000000000000000 ) ) ;
#1664 = CARTESIAN_POINT ( 'NONE',  ( 20.00000000000001776, -25.00000000000000711, -6.421232876712329229 ) ) ;
#1665 = VERTEX_POINT ( 'NONE', #1310 ) ;
#1666 = FILL_AREA_STYLE ('',( #241 ) ) ;
#1667 = VERTEX_POINT ( 'NONE', #1433 ) ;
#1668 = LINE ( 'NONE', #1423, #2401 ) ;
#1669 = DIRECTION ( 'NONE',  ( 0.000000000000000000, 0.4732344866276124717, -0.8809365020626062082 ) ) ;
#1670 =( NAMED_UNIT ( * ) PLANE_ANGLE_UNIT ( ) SI_UNIT ( $, .RADIAN. ) );
#1671 = EDGE_CURVE ( 'NONE', #2570, #2514, #1224, .T. ) ;
#1672 = ORIENTED_EDGE ( 'NONE', *, *, #580, .F. ) ;
#1673 = LINE ( 'NONE', #672, #2024 ) ;
#1674 = LINE ( 'NONE', #2462, #2441 ) ;
#1675 = ORIENTED_EDGE ( 'NONE', *, *, #1400, .T. ) ;
#1676 = CARTESIAN_POINT ( 'NONE',  ( -24.99999999999998579, 25.00000000000000000, 25.00000000000000000 ) ) ;
#1677 = DIRECTION ( 'NONE',  ( 1.000000000000000000, -3.491481338843133355E-15, 0.000000000000000000 ) ) ;
#1678 = PRESENTATION_LAYER_ASSIGNMENT (  '', '', ( #1317 ) ) ;
#1679 =( NAMED_UNIT ( * ) SI_UNIT ( $, .STERADIAN. ) SOLID_ANGLE_UNIT ( ) );
#1680 = CARTESIAN_POINT ( 'NONE',  ( -24.99999999999998579, -25.00000000000000000, -25.00000000000000000 ) ) ;
#1681 = PRESENTATION_LAYER_ASSIGNMENT (  '', '', ( #1725 ) ) ;
#1682 = EDGE_LOOP ( 'NONE', ( #2170, #2373 ) ) ;
#1683 = SURFACE_STYLE_USAGE ( .BOTH. , #1907 ) ;
#1684 = ADVANCED_FACE ( 'NONE', ( #406 ), #1082, .T. ) ;
#1685 = FACE_OUTER_BOUND ( 'NONE', #2536, .T. ) ;
#1686 = CARTESIAN_POINT ( 'NONE',  ( 20.00000000000001776, -25.00000000000000711, -2.854238013698632059 ) ) ;
#1687 = EDGE_LOOP ( 'NONE', ( #2280, #2247, #254, #35 ) ) ;
#1688 = LINE ( 'NONE', #101, #43 ) ;
#1689 = LINE ( 'NONE', #2014, #1291 ) ;
#1690 = PRESENTATION_LAYER_ASSIGNMENT (  '', '', ( #599 ) ) ;
#1691 = SHAPE_DEFINITION_REPRESENTATION ( #112, #1949 ) ;
#1692 = CARTESIAN_POINT ( 'NONE',  ( 25.00000000000001776, -25.00000000000000000, 25.00000000000000000 ) ) ;
#1693 = MECHANICAL_DESIGN_GEOMETRIC_PRESENTATION_REPRESENTATION (  '', ( #1153 ), #996 ) ;
#1694 = SURFACE_STYLE_FILL_AREA ( #456 ) ;
#1695 = CARTESIAN_POINT ( 'NONE',  ( 5.650684931506866349, -22.32876712328767965, 25.00000000000000000 ) ) ;
#1696 = VECTOR ( 'NONE', #32, 1000.000000000000000 ) ;
#1697 = UNCERTAINTY_MEASURE_WITH_UNIT (LENGTH_MEASURE( 1.000000000000000082E-05 ), #2015, 'distance_accuracy_value', 'NONE');
#1698 = ORIENTED_EDGE ( 'NONE', *, *, #1788, .F. ) ;
#1699 =( LENGTH_UNIT ( ) NAMED_UNIT ( * ) SI_UNIT ( .MILLI., .METRE. ) );
#1700 = SURFACE_STYLE_USAGE ( .BOTH. , #1355 ) ;
#1701 = VECTOR ( 'NONE', #1713, 1000.000000000000114 ) ;
#1702 = ADVANCED_FACE ( 'NONE', ( #470 ), #205, .T. ) ;
#1703 = ORIENTED_EDGE ( 'NONE', *, *, #2507, .F. ) ;
#1704 = ORIENTED_EDGE ( 'NONE', *, *, #1529, .F. ) ;
#1705 = SURFACE_SIDE_STYLE ('',( #513 ) ) ;
#1706 = COLOUR_RGB ( '',0.3254901960784313819, 0.7843137254901960675, 0.01568627450980392135 ) ;
#1707 = VECTOR ( 'NONE', #1969, 1000.000000000000000 ) ;
#1708 = EDGE_CURVE ( 'NONE', #2433, #282, #720, .T. ) ;
#1709 = MECHANICAL_DESIGN_GEOMETRIC_PRESENTATION_REPRESENTATION (  '', ( #353 ), #1040 ) ;
#1710 = EDGE_LOOP ( 'NONE', ( #751, #2551, #1404, #1675, #1534, #2484, #1847, #830, #2254, #163, #2052, #1785, #2011 ) ) ;
#1711 = CARTESIAN_POINT ( 'NONE',  ( 20.00000000000001776, -10.00000000000000888, -3.152825342465754410 ) ) ;
#1712 =( NAMED_UNIT ( * ) PLANE_ANGLE_UNIT ( ) SI_UNIT ( $, .RADIAN. ) );
#1713 = DIRECTION ( 'NONE',  ( -0.4803146228655843508, 0.000000000000000000, 0.8770962678415018532 ) ) ;
#1714 = FACE_OUTER_BOUND ( 'NONE', #2001, .T. ) ;
#1715 = ORIENTED_EDGE ( 'NONE', *, *, #1211, .F. ) ;
#1716 = SURFACE_STYLE_FILL_AREA ( #483 ) ;
#1717 = VERTEX_POINT ( 'NONE', #758 ) ;
#1718 = SURFACE_STYLE_USAGE ( .BOTH. , #1705 ) ;
#1719 = LINE ( 'NONE', #2150, #1449 ) ;
#1720 = ADVANCED_FACE ( 'NONE', ( #1549 ), #1324, .T. ) ;
#1721 = FILL_AREA_STYLE ('',( #120 ) ) ;
#1722 = PRESENTATION_LAYER_ASSIGNMENT (  '', '', ( #761 ) ) ;
#1723 = DIRECTION ( 'NONE',  ( 0.000000000000000000, 0.000000000000000000, 1.000000000000000000 ) ) ;
#1724 = FACE_OUTER_BOUND ( 'NONE', #375, .T. ) ;
#1725 = STYLED_ITEM ( 'NONE', ( #408 ), #369 ) ;
#1726 = DIRECTION ( 'NONE',  ( -0.000000000000000000, 1.000000000000000000, -0.000000000000000000 ) ) ;
#1727 = ORIENTED_EDGE ( 'NONE', *, *, #1783, .F. ) ;
#1728 = DIRECTION ( 'NONE',  ( 0.000000000000000000, -0.8731629945273264859, -0.4874283383104351941 ) ) ;
#1729 = VERTEX_POINT ( 'NONE', #528 ) ;
#1730 =( GEOMETRIC_REPRESENTATION_CONTEXT ( 3 ) GLOBAL_UNCERTAINTY_ASSIGNED_CONTEXT ( ( #9 ) ) GLOBAL_UNIT_ASSIGNED_CONTEXT ( ( #2235, #267, #255 ) ) REPRESENTATION_CONTEXT ( 'NONE', 'WORKASPACE' ) );
#1731 = VECTOR ( 'NONE', #446, 1000.000000000000000 ) ;
#1732 = PRODUCT_RELATED_PRODUCT_CATEGORY ( 'part', '', ( #1519 ) ) ;
#1733 = VECTOR ( 'NONE', #1663, 1000.000000000000000 ) ;
#1734 = DIRECTION ( 'NONE',  ( 1.000000000000000000, -0.000000000000000000, -0.000000000000000000 ) ) ;
#1735 = AXIS2_PLACEMENT_3D ( 'NONE', #1488, #2125, #1876 ) ;
#1736 = EDGE_CURVE ( 'NONE', #2027, #266, #346, .T. ) ;
#1737 = CARTESIAN_POINT ( 'NONE',  ( 1.530808498934191719E-15, -12.50000000000026468, 74.99999999999997158 ) ) ;
#1738 = FACE_OUTER_BOUND ( 'NONE', #235, .T. ) ;
#1739 = STYLED_ITEM ( 'NONE', ( #2277 ), #1580 ) ;
#1740 = CARTESIAN_POINT ( 'NONE',  ( 5.438784246575359305, -10.00000000000000533, 25.00000000000000000 ) ) ;
#1741 = PRESENTATION_LAYER_ASSIGNMENT (  '', '', ( #270 ) ) ;
#1742 = DIRECTION ( 'NONE',  ( -0.000000000000000000, -0.000000000000000000, 1.000000000000000000 ) ) ;
#1743 = LINE ( 'NONE', #1349, #1151 ) ;
#1744 = DIRECTION ( 'NONE',  ( -0.000000000000000000, 0.000000000000000000, 1.000000000000000000 ) ) ;
#1745 = STYLED_ITEM ( 'NONE', ( #1504 ), #2073 ) ;
#1746 = EDGE_LOOP ( 'NONE', ( #1083, #2285, #1007, #469 ) ) ;
#1747 = VECTOR ( 'NONE', #2094, 1000.000000000000000 ) ;
#1748 = VECTOR ( 'NONE', #2573, 1000.000000000000000 ) ;
#1749 = SURFACE_STYLE_FILL_AREA ( #1963 ) ;
#1750 = CARTESIAN_POINT ( 'NONE',  ( 0.000000000000000000, 0.000000000000000000, 0.000000000000000000 ) ) ;
#1751 = DIRECTION ( 'NONE',  ( 1.000000000000000000, 0.000000000000000000, 0.000000000000000000 ) ) ;
#1752 = EDGE_CURVE ( 'NONE', #79, #1889, #1557, .T. ) ;
#1753 = ORIENTED_EDGE ( 'NONE', *, *, #2482, .F. ) ;
#1754 = DIRECTION ( 'NONE',  ( -1.000000000000000000, 0.000000000000000000, 0.000000000000000000 ) ) ;
#1755 = VERTEX_POINT ( 'NONE', #326 ) ;
#1756 = DIRECTION ( 'NONE',  ( 0.000000000000000000, 0.000000000000000000, -1.000000000000000000 ) ) ;
#1757 = FILL_AREA_STYLE_COLOUR ( '', #771 ) ;
#1758 = CARTESIAN_POINT ( 'NONE',  ( 20.00000000000001776, -25.00000000000000711, -2.854238013698632059 ) ) ;
#1759 = DIRECTION ( 'NONE',  ( 1.000000000000000000, 0.000000000000000000, 0.000000000000000000 ) ) ;
#1760 = FACE_OUTER_BOUND ( 'NONE', #2543, .T. ) ;
#1761 = SURFACE_STYLE_USAGE ( .BOTH. , #581 ) ;
#1762 = DIRECTION ( 'NONE',  ( -0.000000000000000000, -0.000000000000000000, 1.000000000000000000 ) ) ;
#1763 = SURFACE_STYLE_USAGE ( .BOTH. , #973 ) ;
#1764 = LINE ( 'NONE', #1554, #2294 ) ;
#1765 = EDGE_CURVE ( 'NONE', #1894, #732, #1942, .T. ) ;
#1766 = STYLED_ITEM ( 'NONE', ( #2057 ), #271 ) ;
#1767 = CARTESIAN_POINT ( 'NONE',  ( -4.592794884538186936E-28, -1.315428736061915363E-13, -5.000000000000000000 ) ) ;
#1768 = SURFACE_SIDE_STYLE ('',( #202 ) ) ;
#1769 = AXIS2_PLACEMENT_3D ( 'NONE', #833, #803, #2175 ) ;
#1770 = ORIENTED_EDGE ( 'NONE', *, *, #1194, .F. ) ;
#1771 = EDGE_CURVE ( 'NONE', #512, #1302, #750, .T. ) ;
#1772 = DIRECTION ( 'NONE',  ( 0.000000000000000000, 0.000000000000000000, -1.000000000000000000 ) ) ;
#1773 = PRESENTATION_STYLE_ASSIGNMENT (( #982 ) ) ;
#1774 =( LENGTH_UNIT ( ) NAMED_UNIT ( * ) SI_UNIT ( .MILLI., .METRE. ) );
#1775 = DIRECTION ( 'NONE',  ( 0.000000000000000000, 0.000000000000000000, 1.000000000000000000 ) ) ;
#1776 = PRESENTATION_STYLE_ASSIGNMENT (( #2329 ) ) ;
#1777 = SURFACE_STYLE_USAGE ( .BOTH. , #2177 ) ;
#1778 = VECTOR ( 'NONE', #1932, 1000.000000000000000 ) ;
#1779 = UNCERTAINTY_MEASURE_WITH_UNIT (LENGTH_MEASURE( 1.000000000000000082E-05 ), #1774, 'distance_accuracy_value', 'NONE');
#1780 = FILL_AREA_STYLE ('',( #990 ) ) ;
#1781 =( GEOMETRIC_REPRESENTATION_CONTEXT ( 3 ) GLOBAL_UNCERTAINTY_ASSIGNED_CONTEXT ( ( #247 ) ) GLOBAL_UNIT_ASSIGNED_CONTEXT ( ( #410, #6, #257 ) ) REPRESENTATION_CONTEXT ( 'NONE', 'WORKASPACE' ) );
#1782 =( LENGTH_UNIT ( ) NAMED_UNIT ( * ) SI_UNIT ( .MILLI., .METRE. ) );
#1783 = EDGE_CURVE ( 'NONE', #495, #2514, #1719, .T. ) ;
#1784 = VECTOR ( 'NONE', #1513, 1000.000000000000000 ) ;
#1785 = ORIENTED_EDGE ( 'NONE', *, *, #417, .T. ) ;
#1786 =( NAMED_UNIT ( * ) PLANE_ANGLE_UNIT ( ) SI_UNIT ( $, .RADIAN. ) );
#1787 = VECTOR ( 'NONE', #1280, 1000.000000000000000 ) ;
#1788 = EDGE_CURVE ( 'NONE', #2447, #1667, #736, .T. ) ;
#1789 = PRESENTATION_STYLE_ASSIGNMENT (( #944 ) ) ;
#1790 = VECTOR ( 'NONE', #517, 1000.000000000000000 ) ;
#1791 = DIRECTION ( 'NONE',  ( 0.000000000000000000, -0.000000000000000000, -1.000000000000000000 ) ) ;
#1792 = CARTESIAN_POINT ( 'NONE',  ( 6.938893903907228378E-15, 100.0000000000000000, 0.000000000000000000 ) ) ;
#1793 =( LENGTH_UNIT ( ) NAMED_UNIT ( * ) SI_UNIT ( .MILLI., .METRE. ) );
#1794 = CARTESIAN_POINT ( 'NONE',  ( 20.00000000000001776, -19.34610445205480289, 0.1830051369862998878 ) ) ;
#1795 = ORIENTED_EDGE ( 'NONE', *, *, #1084, .F. ) ;
#1796 = PLANE ( 'NONE',  #814 ) ;
#1797 = ADVANCED_FACE ( 'NONE', ( #1350 ), #2347, .T. ) ;
#1798 =( LENGTH_UNIT ( ) NAMED_UNIT ( * ) SI_UNIT ( .MILLI., .METRE. ) );
#1799 = PLANE ( 'NONE',  #2163 ) ;
#1800 = UNCERTAINTY_MEASURE_WITH_UNIT (LENGTH_MEASURE( 1.000000000000000082E-05 ), #767, 'distance_accuracy_value', 'NONE');
#1801 = PLANE ( 'NONE',  #1192 ) ;
#1802 =( NAMED_UNIT ( * ) PLANE_ANGLE_UNIT ( ) SI_UNIT ( $, .RADIAN. ) );
#1803 = SURFACE_STYLE_USAGE ( .BOTH. , #1368 ) ;
#1804 = VECTOR ( 'NONE', #157, 1000.000000000000000 ) ;
#1805 = EDGE_LOOP ( 'NONE', ( #1727, #1339, #1015, #1639 ) ) ;
#1806 = LINE ( 'NONE', #1574, #1026 ) ;
#1807 = COLOUR_RGB ( '',0.3254901960784313819, 0.7843137254901960675, 0.01568627450980392135 ) ;
#1808 = FILL_AREA_STYLE ('',( #2072 ) ) ;
#1809 = DIRECTION ( 'NONE',  ( 0.000000000000000000, -3.491481338843133355E-15, 1.000000000000000000 ) ) ;
#1810 = MANIFOLD_SOLID_BREP ( 'Revolve1', #809 ) ;
#1811 = PRESENTATION_STYLE_ASSIGNMENT (( #1030 ) ) ;
#1812 = DIRECTION ( 'NONE',  ( -1.000000000000000000, 3.491481338843133355E-15, 0.000000000000000000 ) ) ;
#1813 = MECHANICAL_DESIGN_GEOMETRIC_PRESENTATION_REPRESENTATION (  '', ( #1980 ), #858 ) ;
#1814 = CARTESIAN_POINT ( 'NONE',  ( 25.00000000000001776, -25.00000000000000000, -25.00000000000000000 ) ) ;
#1815 = DIRECTION ( 'NONE',  ( 1.000000000000000000, -0.000000000000000000, -0.000000000000000000 ) ) ;
#1816 = AXIS2_PLACEMENT_3D ( 'NONE', #916, #2502, #707 ) ;
#1817 = SURFACE_STYLE_USAGE ( .BOTH. , #2503 ) ;
#1818 = ORIENTED_EDGE ( 'NONE', *, *, #1084, .T. ) ;
#1819 = SURFACE_STYLE_FILL_AREA ( #1025 ) ;
#1820 = MECHANICAL_DESIGN_GEOMETRIC_PRESENTATION_REPRESENTATION (  '', ( #531 ), #2030 ) ;
#1821 = PRESENTATION_LAYER_ASSIGNMENT (  '', '', ( #739 ) ) ;
#1822 =( NAMED_UNIT ( * ) PLANE_ANGLE_UNIT ( ) SI_UNIT ( $, .RADIAN. ) );
#1823 = DIRECTION ( 'NONE',  ( -0.000000000000000000, 1.000000000000000000, -0.000000000000000000 ) ) ;
#1824 =( NAMED_UNIT ( * ) SI_UNIT ( $, .STERADIAN. ) SOLID_ANGLE_UNIT ( ) );
#1825 = VECTOR ( 'NONE', #837, 1000.000000000000000 ) ;
#1826 =( GEOMETRIC_REPRESENTATION_CONTEXT ( 3 ) GLOBAL_UNCERTAINTY_ASSIGNED_CONTEXT ( ( #1800 ) ) GLOBAL_UNIT_ASSIGNED_CONTEXT ( ( #767, #2212, #2079 ) ) REPRESENTATION_CONTEXT ( 'NONE', 'WORKASPACE' ) );
#1827 = SURFACE_STYLE_USAGE ( .BOTH. , #823 ) ;
#1828 = CARTESIAN_POINT ( 'NONE',  ( 5.650684931506866349, -25.00000000000000355, 20.00000000000000000 ) ) ;
#1829 = ADVANCED_FACE ( 'NONE', ( #388 ), #2396, .T. ) ;
#1830 = ORIENTED_EDGE ( 'NONE', *, *, #504, .F. ) ;
#1831 = VERTEX_POINT ( 'NONE', #1794 ) ;
#1832 = FACE_OUTER_BOUND ( 'NONE', #2270, .T. ) ;
#1833 = LINE ( 'NONE', #1215, #481 ) ;
#1834 = DIRECTION ( 'NONE',  ( 1.000000000000000000, 0.000000000000000000, 0.000000000000000000 ) ) ;
#1835 = DIRECTION ( 'NONE',  ( 0.000000000000000000, -1.000000000000000000, 0.000000000000000000 ) ) ;
#1836 = ORIENTED_EDGE ( 'NONE', *, *, #2442, .T. ) ;
#1837 = SURFACE_STYLE_USAGE ( .BOTH. , #1048 ) ;
#1838 = CARTESIAN_POINT ( 'NONE',  ( 0.000000000000000000, 100.0000000000000000, 0.000000000000000000 ) ) ;
#1839 = ADVANCED_FACE ( 'NONE', ( #1419 ), #2580, .T. ) ;
#1840 = VERTEX_POINT ( 'NONE', #70 ) ;
#1841 = DIRECTION ( 'NONE',  ( 0.000000000000000000, 0.8678975213414771295, -0.4967432862649683867 ) ) ;
#1842 = COLOUR_RGB ( '',0.3254901960784313819, 0.7843137254901960675, 0.01568627450980392135 ) ;
#1843 = CARTESIAN_POINT ( 'NONE',  ( -5.130565068493131875, -12.67123287671233456, 20.00000000000000000 ) ) ;
#1844 = COLOUR_RGB ( '',1.000000000000000000, 0.1490196078431372528, 0.1490196078431372528 ) ;
#1845 = CARTESIAN_POINT ( 'NONE',  ( 0.000000000000000000, 0.000000000000000000, 0.000000000000000000 ) ) ;
#1846 = UNCERTAINTY_MEASURE_WITH_UNIT (LENGTH_MEASURE( 1.000000000000000082E-05 ), #1228, 'distance_accuracy_value', 'NONE');
#1847 = ORIENTED_EDGE ( 'NONE', *, *, #2515, .T. ) ;
#1848 = FACE_OUTER_BOUND ( 'NONE', #1067, .T. ) ;
#1849 = PRESENTATION_STYLE_ASSIGNMENT (( #1837 ) ) ;
#1850 = CARTESIAN_POINT ( 'NONE',  ( 25.00000000000001776, -19.34610445205480289, 0.1830051369862998878 ) ) ;
#1851 =( GEOMETRIC_REPRESENTATION_CONTEXT ( 3 ) GLOBAL_UNCERTAINTY_ASSIGNED_CONTEXT ( ( #2265 ) ) GLOBAL_UNIT_ASSIGNED_CONTEXT ( ( #1051, #855, #2470 ) ) REPRESENTATION_CONTEXT ( 'NONE', 'WORKASPACE' ) );
#1852 = VERTEX_POINT ( 'NONE', #1439 ) ;
#1853 = DIRECTION ( 'NONE',  ( 0.000000000000000000, 0.000000000000000000, 1.000000000000000000 ) ) ;
#1854 = STYLED_ITEM ( 'NONE', ( #2361 ), #1144 ) ;
#1855 = ORIENTED_EDGE ( 'NONE', *, *, #2426, .T. ) ;
#1856 = CIRCLE ( 'NONE', #2233, 12.50000000000000000 ) ;
#1857 = PRESENTATION_LAYER_ASSIGNMENT (  '', '', ( #1940 ) ) ;
#1858 = EDGE_CURVE ( 'NONE', #452, #1302, #1049, .T. ) ;
#1859 = CARTESIAN_POINT ( 'NONE',  ( 25.00000000000001776, -25.00000000000000711, 3.294092465753422960 ) ) ;
#1860 = MECHANICAL_DESIGN_GEOMETRIC_PRESENTATION_REPRESENTATION (  '', ( #1074 ), #2159 ) ;
#1861 = FILL_AREA_STYLE_COLOUR ( '', #1116 ) ;
#1862 = VECTOR ( 'NONE', #319, 1000.000000000000114 ) ;
#1863 = ORIENTED_EDGE ( 'NONE', *, *, #1783, .T. ) ;
#1864 = DIRECTION ( 'NONE',  ( 0.000000000000000000, -1.000000000000000000, -3.491481338843133355E-15 ) ) ;
#1865 = AXIS2_PLACEMENT_3D ( 'NONE', #1229, #1190, #397 ) ;
#1866 = LINE ( 'NONE', #850, #2432 ) ;
#1867 = DIRECTION ( 'NONE',  ( 0.000000000000000000, 0.000000000000000000, 1.000000000000000000 ) ) ;
#1868 = MECHANICAL_DESIGN_GEOMETRIC_PRESENTATION_REPRESENTATION (  '', ( #574 ), #2034 ) ;
#1869 = COLOUR_RGB ( '',1.000000000000000000, 0.1490196078431372528, 0.1490196078431372528 ) ;
#1870 = VERTEX_POINT ( 'NONE', #1877 ) ;
#1871 = SURFACE_STYLE_FILL_AREA ( #1808 ) ;
#1872 = EDGE_CURVE ( 'NONE', #1210, #694, #1076, .T. ) ;
#1873 = PRESENTATION_STYLE_ASSIGNMENT (( #1147 ) ) ;
#1874 = CARTESIAN_POINT ( 'NONE',  ( 100.0000000000000000, -3.491481338843133355E-13, 4.999999999999986677 ) ) ;
#1875 = ORIENTED_EDGE ( 'NONE', *, *, #29, .T. ) ;
#1876 = DIRECTION ( 'NONE',  ( 1.000000000000000000, 0.000000000000000000, 0.000000000000000000 ) ) ;
#1877 = CARTESIAN_POINT ( 'NONE',  ( 25.00000000000001776, 25.00000000000000000, 25.00000000000000000 ) ) ;
#1878 = DIRECTION ( 'NONE',  ( 0.000000000000000000, 1.000000000000000000, 0.000000000000000000 ) ) ;
#1879 = ORIENTED_EDGE ( 'NONE', *, *, #1052, .F. ) ;
#1880 = DIRECTION ( 'NONE',  ( -1.000000000000000000, 0.000000000000000000, 0.000000000000000000 ) ) ;
#1881 = VERTEX_POINT ( 'NONE', #82 ) ;
#1882 = ORIENTED_EDGE ( 'NONE', *, *, #993, .T. ) ;
#1883 = PLANE ( 'NONE',  #2557 ) ;
#1884 = MECHANICAL_DESIGN_GEOMETRIC_PRESENTATION_REPRESENTATION (  '', ( #1766 ), #1597 ) ;
#1885 = PLANE ( 'NONE',  #11 ) ;
#1886 = CARTESIAN_POINT ( 'NONE',  ( -24.99999999999998579, -25.00000000000000000, 25.00000000000000000 ) ) ;
#1887 = EDGE_CURVE ( 'NONE', #287, #1260, #1372, .T. ) ;
#1888 = AXIS2_PLACEMENT_3D ( 'NONE', #1641, #2413, #1602 ) ;
#1889 = VERTEX_POINT ( 'NONE', #2056 ) ;
#1890 =( NAMED_UNIT ( * ) PLANE_ANGLE_UNIT ( ) SI_UNIT ( $, .RADIAN. ) );
#1891 = LINE ( 'NONE', #289, #910 ) ;
#1892 = FACE_OUTER_BOUND ( 'NONE', #2545, .T. ) ;
#1893 = EDGE_CURVE ( 'NONE', #1499, #2524, #1274, .T. ) ;
#1894 = VERTEX_POINT ( 'NONE', #264 ) ;
#1895 = PRESENTATION_STYLE_ASSIGNMENT (( #292 ) ) ;
#1896 = ORIENTED_EDGE ( 'NONE', *, *, #216, .T. ) ;
#1897 = FILL_AREA_STYLE ('',( #2104 ) ) ;
#1898 =( GEOMETRIC_REPRESENTATION_CONTEXT ( 3 ) GLOBAL_UNCERTAINTY_ASSIGNED_CONTEXT ( ( #2344 ) ) GLOBAL_UNIT_ASSIGNED_CONTEXT ( ( #2102, #1296, #2304 ) ) REPRESENTATION_CONTEXT ( 'NONE', 'WORKASPACE' ) );
#1899 = MECHANICAL_DESIGN_GEOMETRIC_PRESENTATION_REPRESENTATION (  '', ( #2116 ), #2021 ) ;
#1900 = ORIENTED_EDGE ( 'NONE', *, *, #1872, .F. ) ;
#1901 = COLOUR_RGB ( '',1.000000000000000000, 0.1490196078431372528, 0.1490196078431372528 ) ;
#1902 = CONICAL_SURFACE ( 'NONE', #1284, 12.50000000000000000, 0.4636476090008059825 ) ;
#1903 =( NAMED_UNIT ( * ) SI_UNIT ( $, .STERADIAN. ) SOLID_ANGLE_UNIT ( ) );
#1904 = CARTESIAN_POINT ( 'NONE',  ( 3.534888698630158643, 20.00000000000000000, 10.00000000000000533 ) ) ;
#1905 =( NAMED_UNIT ( * ) SI_UNIT ( $, .STERADIAN. ) SOLID_ANGLE_UNIT ( ) );
#1906 =( GEOMETRIC_REPRESENTATION_CONTEXT ( 3 ) GLOBAL_UNCERTAINTY_ASSIGNED_CONTEXT ( ( #1846 ) ) GLOBAL_UNIT_ASSIGNED_CONTEXT ( ( #1228, #2253, #1425 ) ) REPRESENTATION_CONTEXT ( 'NONE', 'WORKASPACE' ) );
#1907 = SURFACE_SIDE_STYLE ('',( #671 ) ) ;
#1908 = VECTOR ( 'NONE', #2541, 1000.000000000000227 ) ;
#1909 = CARTESIAN_POINT ( 'NONE',  ( 0.000000000000000000, 25.00000000000000000, 0.000000000000000000 ) ) ;
#1910 = FILL_AREA_STYLE ('',( #302 ) ) ;
#1911 =( GEOMETRIC_REPRESENTATION_CONTEXT ( 3 ) GLOBAL_UNCERTAINTY_ASSIGNED_CONTEXT ( ( #945 ) ) GLOBAL_UNIT_ASSIGNED_CONTEXT ( ( #1114, #925, #509 ) ) REPRESENTATION_CONTEXT ( 'NONE', 'WORKASPACE' ) );
#1912 = ORIENTED_EDGE ( 'NONE', *, *, #1913, .F. ) ;
#1913 = EDGE_CURVE ( 'NONE', #452, #280, #2418, .T. ) ;
#1914 = ORIENTED_EDGE ( 'NONE', *, *, #2141, .F. ) ;
#1915 = DIRECTION ( 'NONE',  ( -0.000000000000000000, 1.000000000000000000, -0.000000000000000000 ) ) ;
#1916 = MECHANICAL_DESIGN_GEOMETRIC_PRESENTATION_REPRESENTATION (  '', ( #786 ), #490 ) ;
#1917 = PLANE ( 'NONE',  #486 ) ;
#1918 = CARTESIAN_POINT ( 'NONE',  ( -5.130565068493131875, -12.67123287671233456, 20.00000000000000000 ) ) ;
#1919 = CARTESIAN_POINT ( 'NONE',  ( -5.650684931506831710, -22.67551369863014088, 25.00000000000000000 ) ) ;
#1920 = DIRECTION ( 'NONE',  ( 0.000000000000000000, -1.000000000000000000, -0.000000000000000000 ) ) ;
#1921 = VERTEX_POINT ( 'NONE', #1250 ) ;
#1922 = EDGE_LOOP ( 'NONE', ( #759, #1770, #2266, #1370, #1560, #228, #678, #449, #72, #242 ) ) ;
#1923 = LINE ( 'NONE', #2333, #474 ) ;
#1924 = DIRECTION ( 'NONE',  ( 0.000000000000000000, 0.000000000000000000, 1.000000000000000000 ) ) ;
#1925 = EDGE_CURVE ( 'NONE', #115, #2273, #1465, .T. ) ;
#1926 = ORIENTED_EDGE ( 'NONE', *, *, #2209, .T. ) ;
#1927 = PRESENTATION_STYLE_ASSIGNMENT (( #2493 ) ) ;
#1928 = VECTOR ( 'NONE', #2533, 1000.000000000000000 ) ;
#1929 = PRESENTATION_STYLE_ASSIGNMENT (( #2301 ) ) ;
#1930 = VECTOR ( 'NONE', #168, 1000.000000000000000 ) ;
#1931 = VERTEX_POINT ( 'NONE', #2257 ) ;
#1932 = DIRECTION ( 'NONE',  ( 0.000000000000000000, 0.000000000000000000, -1.000000000000000000 ) ) ;
#1933 =( LENGTH_UNIT ( ) NAMED_UNIT ( * ) SI_UNIT ( .MILLI., .METRE. ) );
#1934 = ORIENTED_EDGE ( 'NONE', *, *, #1736, .T. ) ;
#1935 = EDGE_CURVE ( 'NONE', #1443, #1931, #1647, .T. ) ;
#1936 = STYLED_ITEM ( 'NONE', ( #2568 ), #1112 ) ;
#1937 = CARTESIAN_POINT ( 'NONE',  ( 0.000000000000000000, -2.618611004132350648E-13, 75.00000000000001421 ) ) ;
#1938 = SURFACE_STYLE_FILL_AREA ( #1330 ) ;
#1939 =( LENGTH_UNIT ( ) NAMED_UNIT ( * ) SI_UNIT ( .MILLI., .METRE. ) );
#1940 = STYLED_ITEM ( 'NONE', ( #491 ), #1545 ) ;
#1941 = CARTESIAN_POINT ( 'NONE',  ( 20.00000000000001776, -10.00000000000000888, 5.599315068493148750 ) ) ;
#1942 = CIRCLE ( 'NONE', #955, 4.999999999999975131 ) ;
#1943 = ORIENTED_EDGE ( 'NONE', *, *, #2352, .T. ) ;
#1944 = FILL_AREA_STYLE_COLOUR ( '', #2185 ) ;
#1945 =( NAMED_UNIT ( * ) SI_UNIT ( $, .STERADIAN. ) SOLID_ANGLE_UNIT ( ) );
#1946 = STYLED_ITEM ( 'NONE', ( #2588 ), #1829 ) ;
#1947 = ORIENTED_EDGE ( 'NONE', *, *, #959, .T. ) ;
#1948 = MECHANICAL_DESIGN_GEOMETRIC_PRESENTATION_REPRESENTATION (  '', ( #2201 ), #2535 ) ;
#1949 = ADVANCED_BREP_SHAPE_REPRESENTATION ( 'Gizmo', ( #1810, #958, #967, #56, #88, #779 ), #2489 ) ;
#1950 = SURFACE_STYLE_USAGE ( .BOTH. , #569 ) ;
#1951 = LINE ( 'NONE', #156, #19 ) ;
#1952 = EDGE_CURVE ( 'NONE', #1598, #621, #1674, .T. ) ;
#1953 = SURFACE_SIDE_STYLE ('',( #2547 ) ) ;
#1954 =( NAMED_UNIT ( * ) SI_UNIT ( $, .STERADIAN. ) SOLID_ANGLE_UNIT ( ) );
#1955 =( NAMED_UNIT ( * ) PLANE_ANGLE_UNIT ( ) SI_UNIT ( $, .RADIAN. ) );
#1956 = UNCERTAINTY_MEASURE_WITH_UNIT (LENGTH_MEASURE( 1.000000000000000082E-05 ), #1793, 'distance_accuracy_value', 'NONE');
#1957 = EDGE_CURVE ( 'NONE', #2273, #941, #1292, .T. ) ;
#1958 = DIRECTION ( 'NONE',  ( 0.000000000000000000, -0.8731629945273264859, -0.4874283383104351941 ) ) ;
#1959 = SURFACE_STYLE_USAGE ( .BOTH. , #1006 ) ;
#1960 =( LENGTH_UNIT ( ) NAMED_UNIT ( * ) SI_UNIT ( .MILLI., .METRE. ) );
#1961 = ORIENTED_EDGE ( 'NONE', *, *, #959, .F. ) ;
#1962 =( NAMED_UNIT ( * ) PLANE_ANGLE_UNIT ( ) SI_UNIT ( $, .RADIAN. ) );
#1963 = FILL_AREA_STYLE ('',( #143 ) ) ;
#1964 = CARTESIAN_POINT ( 'NONE',  ( 0.000000000000000000, 75.00000000000001421, -12.50000000000000000 ) ) ;
#1965 = LINE ( 'NONE', #1565, #1928 ) ;
#1966 = CARTESIAN_POINT ( 'NONE',  ( -24.99999999999998579, -25.00000000000000000, 25.00000000000000000 ) ) ;
#1967 = DIRECTION ( 'NONE',  ( 0.000000000000000000, -0.8656434948327349499, 0.5006609030609127098 ) ) ;
#1968 = EDGE_CURVE ( 'NONE', #1831, #1499, #1091, .T. ) ;
#1969 = DIRECTION ( 'NONE',  ( 0.4813609555486147440, 0.000000000000000000, 0.8765224643289666329 ) ) ;
#1970 = ORIENTED_EDGE ( 'NONE', *, *, #1752, .F. ) ;
#1971 = PRESENTATION_LAYER_ASSIGNMENT (  '', '', ( #1766 ) ) ;
#1972 =( NAMED_UNIT ( * ) PLANE_ANGLE_UNIT ( ) SI_UNIT ( $, .RADIAN. ) );
#1973 = ADVANCED_FACE ( 'NONE', ( #1685 ), #2216, .T. ) ;
#1974 = STYLED_ITEM ( 'NONE', ( #420 ), #372 ) ;
#1975 = ORIENTED_EDGE ( 'NONE', *, *, #1461, .T. ) ;
#1976 = FILL_AREA_STYLE ('',( #2350 ) ) ;
#1977 = CARTESIAN_POINT ( 'NONE',  ( 20.00000000000001776, -10.00000000000000888, -6.010273972602740322 ) ) ;
#1978 = COLOUR_RGB ( '',1.000000000000000000, 0.1490196078431372528, 0.1490196078431372528 ) ;
#1979 = PRESENTATION_STYLE_ASSIGNMENT (( #1436 ) ) ;
#1980 = STYLED_ITEM ( 'NONE', ( #492 ), #623 ) ;
#1981 = PRESENTATION_LAYER_ASSIGNMENT (  '', '', ( #523 ) ) ;
#1982 =( NAMED_UNIT ( * ) SI_UNIT ( $, .STERADIAN. ) SOLID_ANGLE_UNIT ( ) );
#1983 = FACE_OUTER_BOUND ( 'NONE', #2290, .T. ) ;
#1984 = FILL_AREA_STYLE_COLOUR ( '', #1208 ) ;
#1985 = VECTOR ( 'NONE', #2369, 1000.000000000000000 ) ;
#1986 = UNCERTAINTY_MEASURE_WITH_UNIT (LENGTH_MEASURE( 1.000000000000000082E-05 ), #821, 'distance_accuracy_value', 'NONE');
#1987 = SURFACE_STYLE_USAGE ( .BOTH. , #1193 ) ;
#1988 = PRESENTATION_STYLE_ASSIGNMENT (( #1817 ) ) ;
#1989 = MECHANICAL_DESIGN_GEOMETRIC_PRESENTATION_REPRESENTATION (  '', ( #1739 ), #1200 ) ;
#1990 = ADVANCED_FACE ( 'NONE', ( #1892 ), #134, .F. ) ;
#1991 = ORIENTED_EDGE ( 'NONE', *, *, #608, .T. ) ;
#1992 = STYLED_ITEM ( 'NONE', ( #649 ), #1839 ) ;
#1993 =( LENGTH_UNIT ( ) NAMED_UNIT ( * ) SI_UNIT ( .MILLI., .METRE. ) );
#1994 = MECHANICAL_DESIGN_GEOMETRIC_PRESENTATION_REPRESENTATION (  '', ( #1496 ), #1253 ) ;
#1995 = CARTESIAN_POINT ( 'NONE',  ( 6.123233995736750505E-16, 100.0000000000000000, -4.999999999999986677 ) ) ;
#1996 = SURFACE_STYLE_FILL_AREA ( #1203 ) ;
#1997 = DIRECTION ( 'NONE',  ( 1.000000000000000000, -3.491481338843133355E-15, 0.000000000000000000 ) ) ;
#1998 =( NAMED_UNIT ( * ) PLANE_ANGLE_UNIT ( ) SI_UNIT ( $, .RADIAN. ) );
#1999 =( NAMED_UNIT ( * ) SI_UNIT ( $, .STERADIAN. ) SOLID_ANGLE_UNIT ( ) );
#2000 = SURFACE_STYLE_FILL_AREA ( #1014 ) ;
#2001 = EDGE_LOOP ( 'NONE', ( #1522, #854 ) ) ;
#2002 = DIRECTION ( 'NONE',  ( 0.000000000000000000, -0.000000000000000000, 1.000000000000000000 ) ) ;
#2003 = EDGE_CURVE ( 'NONE', #941, #327, #949, .T. ) ;
#2004 =( LENGTH_UNIT ( ) NAMED_UNIT ( * ) SI_UNIT ( .MILLI., .METRE. ) );
#2005 = SURFACE_SIDE_STYLE ('',( #31 ) ) ;
#2006 =( NAMED_UNIT ( * ) SI_UNIT ( $, .STERADIAN. ) SOLID_ANGLE_UNIT ( ) );
#2007 = UNCERTAINTY_MEASURE_WITH_UNIT (LENGTH_MEASURE( 1.000000000000000082E-05 ), #1075, 'distance_accuracy_value', 'NONE');
#2008 = DIRECTION ( 'NONE',  ( 0.000000000000000000, 0.8809365020626060971, 0.4732344866276124162 ) ) ;
#2009 = DIRECTION ( 'NONE',  ( 0.000000000000000000, 1.000000000000000000, 3.330669073875469621E-15 ) ) ;
#2010 = STYLED_ITEM ( 'NONE', ( #570 ), #195 ) ;
#2011 = ORIENTED_EDGE ( 'NONE', *, *, #2518, .T. ) ;
#2012 = CARTESIAN_POINT ( 'NONE',  ( 0.000000000000000000, 100.0000000000000000, 4.999999999999986677 ) ) ;
#2013 = MECHANICAL_DESIGN_GEOMETRIC_PRESENTATION_REPRESENTATION (  '', ( #1725 ), #174 ) ;
#2014 = CARTESIAN_POINT ( 'NONE',  ( 5.650684931506866349, -22.32876712328767965, 25.00000000000000000 ) ) ;
#2015 =( LENGTH_UNIT ( ) NAMED_UNIT ( * ) SI_UNIT ( .MILLI., .METRE. ) );
#2016 =( NAMED_UNIT ( * ) SI_UNIT ( $, .STERADIAN. ) SOLID_ANGLE_UNIT ( ) );
#2017 = EDGE_CURVE ( 'NONE', #1157, #1665, #2099, .T. ) ;
#2018 = DIRECTION ( 'NONE',  ( 0.000000000000000000, 0.000000000000000000, -1.000000000000000000 ) ) ;
#2019 = FILL_AREA_STYLE ('',( #2036 ) ) ;
#2020 = SURFACE_SIDE_STYLE ('',( #1231 ) ) ;
#2021 =( GEOMETRIC_REPRESENTATION_CONTEXT ( 3 ) GLOBAL_UNCERTAINTY_ASSIGNED_CONTEXT ( ( #413 ) ) GLOBAL_UNIT_ASSIGNED_CONTEXT ( ( #2556, #1786, #1016 ) ) REPRESENTATION_CONTEXT ( 'NONE', 'WORKASPACE' ) );
#2022 =( GEOMETRIC_REPRESENTATION_CONTEXT ( 3 ) GLOBAL_UNCERTAINTY_ASSIGNED_CONTEXT ( ( #432 ) ) GLOBAL_UNIT_ASSIGNED_CONTEXT ( ( #46, #1268, #1679 ) ) REPRESENTATION_CONTEXT ( 'NONE', 'WORKASPACE' ) );
#2023 = DIRECTION ( 'NONE',  ( 0.000000000000000000, 0.000000000000000000, -1.000000000000000000 ) ) ;
#2024 = VECTOR ( 'NONE', #2461, 1000.000000000000114 ) ;
#2025 = SURFACE_STYLE_FILL_AREA ( #1234 ) ;
#2026 = MECHANICAL_DESIGN_GEOMETRIC_PRESENTATION_REPRESENTATION (  '', ( #525 ), #2310 ) ;
#2027 = VERTEX_POINT ( 'NONE', #549 ) ;
#2028 = SURFACE_SIDE_STYLE ('',( #227 ) ) ;
#2029 = ORIENTED_EDGE ( 'NONE', *, *, #826, .T. ) ;
#2030 =( GEOMETRIC_REPRESENTATION_CONTEXT ( 3 ) GLOBAL_UNCERTAINTY_ASSIGNED_CONTEXT ( ( #329 ) ) GLOBAL_UNIT_ASSIGNED_CONTEXT ( ( #1993, #763, #2356 ) ) REPRESENTATION_CONTEXT ( 'NONE', 'WORKASPACE' ) );
#2031 = DIRECTION ( 'NONE',  ( -1.000000000000000000, 3.491481338843133355E-15, 0.000000000000000000 ) ) ;
#2032 = DIRECTION ( 'NONE',  ( 0.000000000000000000, -1.000000000000000000, -2.775557561562905156E-15 ) ) ;
#2033 = VECTOR ( 'NONE', #2283, 1000.000000000000000 ) ;
#2034 =( GEOMETRIC_REPRESENTATION_CONTEXT ( 3 ) GLOBAL_UNCERTAINTY_ASSIGNED_CONTEXT ( ( #1003 ) ) GLOBAL_UNIT_ASSIGNED_CONTEXT ( ( #728, #538, #1002 ) ) REPRESENTATION_CONTEXT ( 'NONE', 'WORKASPACE' ) );
#2035 = VECTOR ( 'NONE', #383, 1000.000000000000000 ) ;
#2036 = FILL_AREA_STYLE_COLOUR ( '', #1540 ) ;
#2037 = EDGE_CURVE ( 'NONE', #1598, #193, #2302, .T. ) ;
#2038 = UNCERTAINTY_MEASURE_WITH_UNIT (LENGTH_MEASURE( 1.000000000000000082E-05 ), #749, 'distance_accuracy_value', 'NONE');
#2039 = STYLED_ITEM ( 'NONE', ( #802 ), #2395 ) ;
#2040 = ORIENTED_EDGE ( 'NONE', *, *, #658, .F. ) ;
#2041 = DIRECTION ( 'NONE',  ( 0.5953693687775543086, 0.8034521234780679366, 0.000000000000000000 ) ) ;
#2042 = CARTESIAN_POINT ( 'NONE',  ( -24.99999999999998579, -25.00000000000000000, 25.00000000000000000 ) ) ;
#2043 = CARTESIAN_POINT ( 'NONE',  ( 20.00000000000001776, -19.34610445205480289, 0.1830051369862998878 ) ) ;
#2044 = VERTEX_POINT ( 'NONE', #1489 ) ;
#2045 = CARTESIAN_POINT ( 'NONE',  ( 6.575342465753445609, 20.00000000000000000, 10.00000000000000533 ) ) ;
#2046 = EDGE_LOOP ( 'NONE', ( #511, #666, #335, #2101 ) ) ;
#2047 = CARTESIAN_POINT ( 'NONE',  ( -1.836472602739714466, -22.32876712328767965, 25.00000000000000000 ) ) ;
#2048 = CARTESIAN_POINT ( 'NONE',  ( 20.00000000000001776, 0.000000000000000000, 0.000000000000000000 ) ) ;
#2049 = DIRECTION ( 'NONE',  ( 0.000000000000000000, 3.491481338843133355E-15, -1.000000000000000000 ) ) ;
#2050 = SURFACE_STYLE_USAGE ( .BOTH. , #2444 ) ;
#2051 = DIRECTION ( 'NONE',  ( 0.000000000000000000, -0.000000000000000000, -1.000000000000000000 ) ) ;
#2052 = ORIENTED_EDGE ( 'NONE', *, *, #1605, .T. ) ;
#2053 = FACE_OUTER_BOUND ( 'NONE', #2499, .T. ) ;
#2054 = EDGE_CURVE ( 'NONE', #1321, #2524, #937, .T. ) ;
#2055 =( NAMED_UNIT ( * ) PLANE_ANGLE_UNIT ( ) SI_UNIT ( $, .RADIAN. ) );
#2056 = CARTESIAN_POINT ( 'NONE',  ( 1.762628424657552539, -12.67123287671233456, 25.00000000000000000 ) ) ;
#2057 = PRESENTATION_STYLE_ASSIGNMENT (( #881 ) ) ;
#2058 = ORIENTED_EDGE ( 'NONE', *, *, #640, .F. ) ;
#2059 = CARTESIAN_POINT ( 'NONE',  ( 20.00000000000001776, -10.00000000000000888, 5.599315068493148750 ) ) ;
#2060 = EDGE_CURVE ( 'NONE', #1295, #495, #2318, .T. ) ;
#2061 = ORIENTED_EDGE ( 'NONE', *, *, #381, .T. ) ;
#2062 = STYLED_ITEM ( 'NONE', ( #961 ), #221 ) ;
#2063 = APPLICATION_PROTOCOL_DEFINITION ( 'draft international standard', 'automotive_design', 1998, #882 ) ;
#2064 = UNCERTAINTY_MEASURE_WITH_UNIT (LENGTH_MEASURE( 1.000000000000000082E-05 ), #603, 'distance_accuracy_value', 'NONE');
#2065 = EDGE_LOOP ( 'NONE', ( #1271, #698, #841, #1818 ) ) ;
#2066 = FILL_AREA_STYLE ('',( #2417 ) ) ;
#2067 =( NAMED_UNIT ( * ) SI_UNIT ( $, .STERADIAN. ) SOLID_ANGLE_UNIT ( ) );
#2068 = DIRECTION ( 'NONE',  ( 5.476786982642024395E-17, -0.8944271909999158554, 0.4472135954999577612 ) ) ;
#2069 =( GEOMETRIC_REPRESENTATION_CONTEXT ( 3 ) GLOBAL_UNCERTAINTY_ASSIGNED_CONTEXT ( ( #1779 ) ) GLOBAL_UNIT_ASSIGNED_CONTEXT ( ( #1774, #2115, #901 ) ) REPRESENTATION_CONTEXT ( 'NONE', 'WORKASPACE' ) );
#2070 = ORIENTED_EDGE ( 'NONE', *, *, #2442, .F. ) ;
#2071 = DIRECTION ( 'NONE',  ( 0.000000000000000000, 0.000000000000000000, 1.000000000000000000 ) ) ;
#2072 = FILL_AREA_STYLE_COLOUR ( '', #1341 ) ;
#2073 = ADVANCED_FACE ( 'NONE', ( #746 ), #497, .T. ) ;
#2074 = MECHANICAL_DESIGN_GEOMETRIC_PRESENTATION_REPRESENTATION (  '', ( #1403 ), #1781 ) ;
#2075 = COLOUR_RGB ( '',1.000000000000000000, 0.1490196078431372528, 0.1490196078431372528 ) ;
#2076 = AXIS2_PLACEMENT_3D ( 'NONE', #309, #953, #1744 ) ;
#2077 = FILL_AREA_STYLE_COLOUR ( '', #103 ) ;
#2078 = PRESENTATION_LAYER_ASSIGNMENT (  '', '', ( #1946 ) ) ;
#2079 =( NAMED_UNIT ( * ) SI_UNIT ( $, .STERADIAN. ) SOLID_ANGLE_UNIT ( ) );
#2080 = ORIENTED_EDGE ( 'NONE', *, *, #181, .F. ) ;
#2081 = VECTOR ( 'NONE', #328, 1000.000000000000000 ) ;
#2082 = FILL_AREA_STYLE ('',( #893 ) ) ;
#2083 = FILL_AREA_STYLE_COLOUR ( '', #1480 ) ;
#2084 = DIRECTION ( 'NONE',  ( 1.000000000000000000, -0.000000000000000000, -0.000000000000000000 ) ) ;
#2085 = FILL_AREA_STYLE ('',( #704 ) ) ;
#2086 = VECTOR ( 'NONE', #1762, 1000.000000000000000 ) ;
#2087 = AXIS2_PLACEMENT_3D ( 'NONE', #367, #196, #1010 ) ;
#2088 = EDGE_LOOP ( 'NONE', ( #1538, #2512, #2249, #748 ) ) ;
#2089 = SURFACE_SIDE_STYLE ('',( #1322 ) ) ;
#2090 = ORIENTED_EDGE ( 'NONE', *, *, #2296, .F. ) ;
#2091 = VERTEX_POINT ( 'NONE', #2565 ) ;
#2092 = SURFACE_SIDE_STYLE ('',( #2134 ) ) ;
#2093 = FILL_AREA_STYLE ('',( #2586 ) ) ;
#2094 = DIRECTION ( 'NONE',  ( 0.000000000000000000, 0.000000000000000000, -1.000000000000000000 ) ) ;
#2095 = UNCERTAINTY_MEASURE_WITH_UNIT (LENGTH_MEASURE( 1.000000000000000082E-05 ), #1450, 'distance_accuracy_value', 'NONE');
#2096 = ORIENTED_EDGE ( 'NONE', *, *, #2141, .T. ) ;
#2097 = CARTESIAN_POINT ( 'NONE',  ( 0.000000000000000000, -2.618611004132350648E-13, 75.00000000000001421 ) ) ;
#2098 = DIRECTION ( 'NONE',  ( 0.000000000000000000, -3.491481338843133355E-15, 1.000000000000000000 ) ) ;
#2099 = LINE ( 'NONE', #688, #400 ) ;
#2100 =( LENGTH_UNIT ( ) NAMED_UNIT ( * ) SI_UNIT ( .MILLI., .METRE. ) );
#2101 = ORIENTED_EDGE ( 'NONE', *, *, #914, .F. ) ;
#2102 =( LENGTH_UNIT ( ) NAMED_UNIT ( * ) SI_UNIT ( .MILLI., .METRE. ) );
#2103 = ORIENTED_EDGE ( 'NONE', *, *, #1529, .T. ) ;
#2104 = FILL_AREA_STYLE_COLOUR ( '', #14 ) ;
#2105 = STYLED_ITEM ( 'NONE', ( #301 ), #118 ) ;
#2106 = CARTESIAN_POINT ( 'NONE',  ( 25.00000000000001776, -14.81271404109589795, -0.4944349315068510275 ) ) ;
#2107 = CARTESIAN_POINT ( 'NONE',  ( 6.575342465753445609, 25.00000000000000000, 10.00000000000000533 ) ) ;
#2108 = COLOUR_RGB ( '',1.000000000000000000, 0.1490196078431372528, 0.1490196078431372528 ) ;
#2109 = EDGE_CURVE ( 'NONE', #2539, #307, #2359, .T. ) ;
#2110 = PLANE ( 'NONE',  #250 ) ;
#2111 = MECHANICAL_DESIGN_GEOMETRIC_PRESENTATION_REPRESENTATION (  '', ( #1108 ), #853 ) ;
#2112 = FACE_OUTER_BOUND ( 'NONE', #702, .T. ) ;
#2113 = ORIENTED_EDGE ( 'NONE', *, *, #1068, .F. ) ;
#2114 = ORIENTED_EDGE ( 'NONE', *, *, #1373, .F. ) ;
#2115 =( NAMED_UNIT ( * ) PLANE_ANGLE_UNIT ( ) SI_UNIT ( $, .RADIAN. ) );
#2116 = STYLED_ITEM ( 'NONE', ( #1199 ), #790 ) ;
#2117 = DIRECTION ( 'NONE',  ( -0.4935069980823074687, 0.000000000000000000, -0.8697418253963582480 ) ) ;
#2118 = AXIS2_PLACEMENT_3D ( 'NONE', #642, #1669, #2457 ) ;
#2119 = ORIENTED_EDGE ( 'NONE', *, *, #2365, .F. ) ;
#2120 = VECTOR ( 'NONE', #591, 1000.000000000000114 ) ;
#2121 = FACE_OUTER_BOUND ( 'NONE', #1521, .T. ) ;
#2122 = FACE_OUTER_BOUND ( 'NONE', #203, .T. ) ;
#2123 = LINE ( 'NONE', #713, #721 ) ;
#2124 = VECTOR ( 'NONE', #1754, 1000.000000000000000 ) ;
#2125 = DIRECTION ( 'NONE',  ( -0.000000000000000000, 0.000000000000000000, 1.000000000000000000 ) ) ;
#2126 = SURFACE_SIDE_STYLE ('',( #2147 ) ) ;
#2127 = EDGE_CURVE ( 'NONE', #115, #38, #987, .T. ) ;
#2128 =( NAMED_UNIT ( * ) SI_UNIT ( $, .STERADIAN. ) SOLID_ANGLE_UNIT ( ) );
#2129 = FACE_OUTER_BOUND ( 'NONE', #73, .T. ) ;
#2130 = ORIENTED_EDGE ( 'NONE', *, *, #839, .F. ) ;
#2131 = EDGE_LOOP ( 'NONE', ( #1038, #53, #865, #2103 ) ) ;
#2132 = LINE ( 'NONE', #952, #2308 ) ;
#2133 = PRESENTATION_LAYER_ASSIGNMENT (  '', '', ( #1496 ) ) ;
#2134 = SURFACE_STYLE_FILL_AREA ( #1501 ) ;
#2135 = CARTESIAN_POINT ( 'NONE',  ( 5.650684931506866349, -25.00000000000000355, 20.00000000000000000 ) ) ;
#2136 = SURFACE_STYLE_FILL_AREA ( #1138 ) ;
#2137 = CARTESIAN_POINT ( 'NONE',  ( 25.00000000000001776, -25.00000000000000000, 25.00000000000000000 ) ) ;
#2138 = ORIENTED_EDGE ( 'NONE', *, *, #1119, .T. ) ;
#2139 = PLANE ( 'NONE',  #768 ) ;
#2140 = DIRECTION ( 'NONE',  ( -0.000000000000000000, -0.000000000000000000, 1.000000000000000000 ) ) ;
#2141 = EDGE_CURVE ( 'NONE', #799, #2291, #2191, .T. ) ;
#2142 = ORIENTED_EDGE ( 'NONE', *, *, #2348, .T. ) ;
#2143 = CARTESIAN_POINT ( 'NONE',  ( 0.000000000000000000, 0.000000000000000000, 0.000000000000000000 ) ) ;
#2144 = PRESENTATION_LAYER_ASSIGNMENT (  '', '', ( #2010 ) ) ;
#2145 = DIRECTION ( 'NONE',  ( 1.224646799147353207E-16, 0.000000000000000000, -1.000000000000000000 ) ) ;
#2146 = DIRECTION ( 'NONE',  ( -0.000000000000000000, -0.000000000000000000, 1.000000000000000000 ) ) ;
#2147 = SURFACE_STYLE_FILL_AREA ( #359 ) ;
#2148 = ORIENTED_EDGE ( 'NONE', *, *, #747, .T. ) ;
#2149 = LINE ( 'NONE', #2324, #1191 ) ;
#2150 = CARTESIAN_POINT ( 'NONE',  ( 5.438784246575359305, -12.47217465753425181, 25.00000000000000000 ) ) ;
#2151 = ORIENTED_EDGE ( 'NONE', *, *, #876, .T. ) ;
#2152 = EDGE_CURVE ( 'NONE', #2346, #38, #593, .T. ) ;
#2153 = PRESENTATION_LAYER_ASSIGNMENT (  '', '', ( #681 ) ) ;
#2154 = MECHANICAL_DESIGN_GEOMETRIC_PRESENTATION_REPRESENTATION (  '', ( #1854 ), #139 ) ;
#2155 =( NAMED_UNIT ( * ) PLANE_ANGLE_UNIT ( ) SI_UNIT ( $, .RADIAN. ) );
#2156 = CARTESIAN_POINT ( 'NONE',  ( -24.99999999999998579, -25.00000000000000000, 25.00000000000000000 ) ) ;
#2157 = CARTESIAN_POINT ( 'NONE',  ( 20.00000000000001776, -10.00000000000000888, -6.010273972602740322 ) ) ;
#2158 = FACE_OUTER_BOUND ( 'NONE', #15, .T. ) ;
#2159 =( GEOMETRIC_REPRESENTATION_CONTEXT ( 3 ) GLOBAL_UNCERTAINTY_ASSIGNED_CONTEXT ( ( #1484 ) ) GLOBAL_UNIT_ASSIGNED_CONTEXT ( ( #1095, #708, #138 ) ) REPRESENTATION_CONTEXT ( 'NONE', 'WORKASPACE' ) );
#2160 = ORIENTED_EDGE ( 'NONE', *, *, #300, .T. ) ;
#2161 = VERTEX_POINT ( 'NONE', #189 ) ;
#2162 = MECHANICAL_DESIGN_GEOMETRIC_PRESENTATION_REPRESENTATION (  '', ( #536 ), #1826 ) ;
#2163 = AXIS2_PLACEMENT_3D ( 'NONE', #588, #753, #1551 ) ;
#2164 = ADVANCED_FACE ( 'NONE', ( #2206 ), #1206, .T. ) ;
#2165 = PLANE ( 'NONE',  #1888 ) ;
#2166 = ADVANCED_FACE ( 'NONE', ( #2158 ), #421, .T. ) ;
#2167 =( NAMED_UNIT ( * ) SI_UNIT ( $, .STERADIAN. ) SOLID_ANGLE_UNIT ( ) );
#2168 = CARTESIAN_POINT ( 'NONE',  ( 5.650684931506866349, -22.32876712328767965, 20.00000000000000000 ) ) ;
#2169 = FACE_OUTER_BOUND ( 'NONE', #1485, .T. ) ;
#2170 = ORIENTED_EDGE ( 'NONE', *, *, #252, .T. ) ;
#2171 = CARTESIAN_POINT ( 'NONE',  ( 0.000000000000000000, 0.000000000000000000, 0.000000000000000000 ) ) ;
#2172 = ORIENTED_EDGE ( 'NONE', *, *, #2256, .F. ) ;
#2173 = DIRECTION ( 'NONE',  ( 0.000000000000000000, 0.000000000000000000, 1.000000000000000000 ) ) ;
#2174 = FILL_AREA_STYLE ('',( #998 ) ) ;
#2175 = DIRECTION ( 'NONE',  ( 0.4813609555486147440, 0.000000000000000000, 0.8765224643289666329 ) ) ;
#2176 = DIRECTION ( 'NONE',  ( 0.000000000000000000, -0.4835095231946762162, -0.8753391005662074509 ) ) ;
#2177 = SURFACE_SIDE_STYLE ('',( #1165 ) ) ;
#2178 = ADVANCED_FACE ( 'NONE', ( #2169 ), #742, .T. ) ;
#2179 = VECTOR ( 'NONE', #1530, 1000.000000000000000 ) ;
#2180 =( LENGTH_UNIT ( ) NAMED_UNIT ( * ) SI_UNIT ( .MILLI., .METRE. ) );
#2181 =( NAMED_UNIT ( * ) PLANE_ANGLE_UNIT ( ) SI_UNIT ( $, .RADIAN. ) );
#2182 = COLOUR_RGB ( '',1.000000000000000000, 0.1490196078431372528, 0.1490196078431372528 ) ;
#2183 = ORIENTED_EDGE ( 'NONE', *, *, #826, .F. ) ;
#2184 = DIRECTION ( 'NONE',  ( 0.000000000000000000, -0.8829555129358178656, -0.4694566669845544049 ) ) ;
#2185 = COLOUR_RGB ( '',0.1176470588235294101, 0.4039215686274509887, 0.8823529411764705621 ) ;
#2186 = CARTESIAN_POINT ( 'NONE',  ( 1.849315068493171843, 20.00000000000000000, 18.63013698630137682 ) ) ;
#2187 = UNCERTAINTY_MEASURE_WITH_UNIT (LENGTH_MEASURE( 1.000000000000000082E-05 ), #851, 'distance_accuracy_value', 'NONE');
#2188 = MECHANICAL_DESIGN_GEOMETRIC_PRESENTATION_REPRESENTATION (  '', ( #523 ), #815 ) ;
#2189 = DIRECTION ( 'NONE',  ( 0.000000000000000000, -3.491481338843133355E-15, 1.000000000000000000 ) ) ;
#2190 = CARTESIAN_POINT ( 'NONE',  ( 0.000000000000000000, 12.49999999999973710, 75.00000000000005684 ) ) ;
#2191 = LINE ( 'NONE', #412, #874 ) ;
#2192 = VECTOR ( 'NONE', #158, 1000.000000000000000 ) ;
#2193 = UNCERTAINTY_MEASURE_WITH_UNIT (LENGTH_MEASURE( 1.000000000000000082E-05 ), #68, 'distance_accuracy_value', 'NONE');
#2194 = PRODUCT_DEFINITION ( 'UNKNOWN', '', #1623, #409 ) ;
#2195 = STYLED_ITEM ( 'NONE', ( #2491 ), #1577 ) ;
#2196 = DIRECTION ( 'NONE',  ( 0.000000000000000000, -1.000000000000000000, -3.491481338843133355E-15 ) ) ;
#2197 =( NAMED_UNIT ( * ) SI_UNIT ( $, .STERADIAN. ) SOLID_ANGLE_UNIT ( ) );
#2198 = VERTEX_POINT ( 'NONE', #65 ) ;
#2199 = ADVANCED_FACE ( 'NONE', ( #258 ), #457, .T. ) ;
#2200 =( GEOMETRIC_REPRESENTATION_CONTEXT ( 3 ) GLOBAL_UNCERTAINTY_ASSIGNED_CONTEXT ( ( #198 ) ) GLOBAL_UNIT_ASSIGNED_CONTEXT ( ( #1593, #1998, #1604 ) ) REPRESENTATION_CONTEXT ( 'NONE', 'WORKASPACE' ) );
#2201 = STYLED_ITEM ( 'NONE', ( #447 ), #2199 ) ;
#2202 = VECTOR ( 'NONE', #444, 1000.000000000000000 ) ;
#2203 = DIRECTION ( 'NONE',  ( 0.000000000000000000, 0.000000000000000000, -1.000000000000000000 ) ) ;
#2204 = CARTESIAN_POINT ( 'NONE',  ( 20.00000000000001776, -19.34610445205480289, 0.1830051369862998878 ) ) ;
#2205 = SURFACE_STYLE_FILL_AREA ( #656 ) ;
#2206 = FACE_OUTER_BOUND ( 'NONE', #2065, .T. ) ;
#2207 = ORIENTED_EDGE ( 'NONE', *, *, #2054, .F. ) ;
#2208 = CARTESIAN_POINT ( 'NONE',  ( 0.000000000000000000, 0.000000000000000000, 0.000000000000000000 ) ) ;
#2209 = EDGE_CURVE ( 'NONE', #2451, #734, #1297, .T. ) ;
#2210 = SURFACE_STYLE_USAGE ( .BOTH. , #2005 ) ;
#2211 = CARTESIAN_POINT ( 'NONE',  ( -1.438356164383539859, 20.00000000000000000, 25.00000000000000355 ) ) ;
#2212 =( NAMED_UNIT ( * ) PLANE_ANGLE_UNIT ( ) SI_UNIT ( $, .RADIAN. ) );
#2213 = UNCERTAINTY_MEASURE_WITH_UNIT (LENGTH_MEASURE( 1.000000000000000082E-05 ), #1939, 'distance_accuracy_value', 'NONE');
#2214 = PLANE ( 'NONE',  #1469 ) ;
#2215 = CARTESIAN_POINT ( 'NONE',  ( 25.00000000000001776, -25.00000000000000000, 25.00000000000000000 ) ) ;
#2216 = PLANE ( 'NONE',  #782 ) ;
#2217 = DIRECTION ( 'NONE',  ( -0.000000000000000000, 1.000000000000000000, -0.000000000000000000 ) ) ;
#2218 = VERTEX_POINT ( 'NONE', #846 ) ;
#2219 = SURFACE_STYLE_USAGE ( .BOTH. , #1430 ) ;
#2220 = STYLED_ITEM ( 'NONE', ( #1092 ), #350 ) ;
#2221 = AXIS2_PLACEMENT_3D ( 'NONE', #1047, #2416, #1607 ) ;
#2222 = EDGE_CURVE ( 'NONE', #332, #965, #643, .T. ) ;
#2223 = CARTESIAN_POINT ( 'NONE',  ( 75.00000000000001421, -2.618611004132350648E-13, 0.000000000000000000 ) ) ;
#2224 =( LENGTH_UNIT ( ) NAMED_UNIT ( * ) SI_UNIT ( .MILLI., .METRE. ) );
#2225 = CARTESIAN_POINT ( 'NONE',  ( 25.00000000000001776, 25.00000000000000000, -25.00000000000000000 ) ) ;
#2226 = FILL_AREA_STYLE ('',( #1438 ) ) ;
#2227 = CARTESIAN_POINT ( 'NONE',  ( 0.000000000000000000, 75.00000000000001421, 0.000000000000000000 ) ) ;
#2228 = PRESENTATION_LAYER_ASSIGNMENT (  '', '', ( #1398 ) ) ;
#2229 = CARTESIAN_POINT ( 'NONE',  ( 75.00000000000001421, -2.618611004132350648E-13, -12.50000000000000000 ) ) ;
#2230 = DIRECTION ( 'NONE',  ( -0.000000000000000000, 1.000000000000000000, -0.000000000000000000 ) ) ;
#2231 = PRESENTATION_LAYER_ASSIGNMENT (  '', '', ( #1069 ) ) ;
#2232 = SURFACE_STYLE_USAGE ( .BOTH. , #224 ) ;
#2233 = AXIS2_PLACEMENT_3D ( 'NONE', #2575, #1997, #172 ) ;
#2234 = ORIENTED_EDGE ( 'NONE', *, *, #2320, .T. ) ;
#2235 =( LENGTH_UNIT ( ) NAMED_UNIT ( * ) SI_UNIT ( .MILLI., .METRE. ) );
#2236 = ORIENTED_EDGE ( 'NONE', *, *, #283, .T. ) ;
#2237 = CONICAL_SURFACE ( 'NONE', #1612, 12.50000000000000000, 0.4636476090008059825 ) ;
#2238 = STYLED_ITEM ( 'NONE', ( #1497 ), #1640 ) ;
#2239 = FACE_OUTER_BOUND ( 'NONE', #1366, .T. ) ;
#2240 = EDGE_CURVE ( 'NONE', #1881, #732, #275, .T. ) ;
#2241 = STYLED_ITEM ( 'NONE', ( #1205 ), #568 ) ;
#2242 = CARTESIAN_POINT ( 'NONE',  ( 25.00000000000001776, -25.00000000000000000, 25.00000000000000000 ) ) ;
#2243 = LINE ( 'NONE', #1886, #44 ) ;
#2244 = CARTESIAN_POINT ( 'NONE',  ( 6.123233995736750505E-16, 4.999999999999637623, 100.0000000000000142 ) ) ;
#2245 = UNCERTAINTY_MEASURE_WITH_UNIT (LENGTH_MEASURE( 1.000000000000000082E-05 ), #2180, 'distance_accuracy_value', 'NONE');
#2246 = EDGE_CURVE ( 'NONE', #1073, #98, #683, .T. ) ;
#2247 = ORIENTED_EDGE ( 'NONE', *, *, #2222, .T. ) ;
#2248 = SURFACE_STYLE_FILL_AREA ( #2082 ) ;
#2249 = ORIENTED_EDGE ( 'NONE', *, *, #387, .T. ) ;
#2250 = CARTESIAN_POINT ( 'NONE',  ( 75.00000000000001421, -2.618611004132350648E-13, -12.50000000000000000 ) ) ;
#2251 = ORIENTED_EDGE ( 'NONE', *, *, #2256, .T. ) ;
#2252 = LINE ( 'NONE', #2427, #1243 ) ;
#2253 =( NAMED_UNIT ( * ) PLANE_ANGLE_UNIT ( ) SI_UNIT ( $, .RADIAN. ) );
#2254 = ORIENTED_EDGE ( 'NONE', *, *, #580, .T. ) ;
#2255 = FILL_AREA_STYLE_COLOUR ( '', #847 ) ;
#2256 = EDGE_CURVE ( 'NONE', #1475, #1254, #92, .T. ) ;
#2257 = CARTESIAN_POINT ( 'NONE',  ( -5.130565068493131875, -10.00000000000000533, 25.00000000000000000 ) ) ;
#2258 = ORIENTED_EDGE ( 'NONE', *, *, #1329, .F. ) ;
#2259 = PLANE ( 'NONE',  #1478 ) ;
#2260 = MECHANICAL_DESIGN_GEOMETRIC_PRESENTATION_REPRESENTATION (  '', ( #989 ), #165 ) ;
#2261 = ORIENTED_EDGE ( 'NONE', *, *, #772, .T. ) ;
#2262 = SURFACE_SIDE_STYLE ('',( #2508 ) ) ;
#2263 = CARTESIAN_POINT ( 'NONE',  ( 25.00000000000001776, -10.00000000000000888, 5.599315068493148750 ) ) ;
#2264 = SURFACE_STYLE_FILL_AREA ( #2445 ) ;
#2265 = UNCERTAINTY_MEASURE_WITH_UNIT (LENGTH_MEASURE( 1.000000000000000082E-05 ), #1051, 'distance_accuracy_value', 'NONE');
#2266 = ORIENTED_EDGE ( 'NONE', *, *, #1708, .F. ) ;
#2267 = FACE_BOUND ( 'NONE', #1380, .T. ) ;
#2268 = DIRECTION ( 'NONE',  ( 0.000000000000000000, 0.4472135954999609253, -0.8944271909999144121 ) ) ;
#2269 =( GEOMETRIC_REPRESENTATION_CONTEXT ( 3 ) GLOBAL_UNCERTAINTY_ASSIGNED_CONTEXT ( ( #1622 ) ) GLOBAL_UNIT_ASSIGNED_CONTEXT ( ( #624, #376, #1184 ) ) REPRESENTATION_CONTEXT ( 'NONE', 'WORKASPACE' ) );
#2270 = EDGE_LOOP ( 'NONE', ( #717, #1654, #576, #1094 ) ) ;
#2271 = CARTESIAN_POINT ( 'NONE',  ( 20.00000000000001776, -14.81271404109589795, -0.4944349315068510275 ) ) ;
#2272 = PRESENTATION_LAYER_ASSIGNMENT (  '', '', ( #1153 ) ) ;
#2273 = VERTEX_POINT ( 'NONE', #546 ) ;
#2274 = MECHANICAL_DESIGN_GEOMETRIC_PRESENTATION_REPRESENTATION (  '', ( #2195 ), #188 ) ;
#2275 = VECTOR ( 'NONE', #2203, 1000.000000000000000 ) ;
#2276 = STYLED_ITEM ( 'NONE', ( #2407 ), #1810 ) ;
#2277 = PRESENTATION_STYLE_ASSIGNMENT (( #887 ) ) ;
#2278 = VECTOR ( 'NONE', #618, 1000.000000000000000 ) ;
#2279 = DIRECTION ( 'NONE',  ( -1.000000000000000000, -0.000000000000000000, -0.000000000000000000 ) ) ;
#2280 = ORIENTED_EDGE ( 'NONE', *, *, #204, .T. ) ;
#2281 = COLOUR_RGB ( '',0.1176470588235294101, 0.4039215686274509887, 0.8823529411764705621 ) ;
#2282 =( NAMED_UNIT ( * ) PLANE_ANGLE_UNIT ( ) SI_UNIT ( $, .RADIAN. ) );
#2283 = DIRECTION ( 'NONE',  ( 0.000000000000000000, -1.000000000000000000, 0.000000000000000000 ) ) ;
#2284 = DIRECTION ( 'NONE',  ( 0.000000000000000000, -0.4967432862649684422, -0.8678975213414770185 ) ) ;
#2285 = ORIENTED_EDGE ( 'NONE', *, *, #1671, .F. ) ;
#2286 = ORIENTED_EDGE ( 'NONE', *, *, #2003, .F. ) ;
#2287 = ORIENTED_EDGE ( 'NONE', *, *, #2127, .F. ) ;
#2288 = EDGE_CURVE ( 'NONE', #1266, #598, #906, .T. ) ;
#2289 = ORIENTED_EDGE ( 'NONE', *, *, #2037, .F. ) ;
#2290 = EDGE_LOOP ( 'NONE', ( #1093, #646, #1106, #1625 ) ) ;
#2291 = VERTEX_POINT ( 'NONE', #1343 ) ;
#2292 =( NAMED_UNIT ( * ) PLANE_ANGLE_UNIT ( ) SI_UNIT ( $, .RADIAN. ) );
#2293 = ORIENTED_EDGE ( 'NONE', *, *, #1498, .T. ) ;
#2294 = VECTOR ( 'NONE', #1742, 1000.000000000000000 ) ;
#2295 = PRODUCT_CONTEXT ( 'NONE', #882, 'mechanical' ) ;
#2296 = EDGE_CURVE ( 'NONE', #995, #1921, #743, .T. ) ;
#2297 = CIRCLE ( 'NONE', #2546, 10.00000000000000000 ) ;
#2298 =( NAMED_UNIT ( * ) PLANE_ANGLE_UNIT ( ) SI_UNIT ( $, .RADIAN. ) );
#2299 =( GEOMETRIC_REPRESENTATION_CONTEXT ( 3 ) GLOBAL_UNCERTAINTY_ASSIGNED_CONTEXT ( ( #669 ) ) GLOBAL_UNIT_ASSIGNED_CONTEXT ( ( #1257, #1056, #639 ) ) REPRESENTATION_CONTEXT ( 'NONE', 'WORKASPACE' ) );
#2300 = DIRECTION ( 'NONE',  ( -1.000000000000000000, 0.000000000000000000, -1.224646799147353207E-16 ) ) ;
#2301 = SURFACE_STYLE_USAGE ( .BOTH. , #537 ) ;
#2302 = LINE ( 'NONE', #1334, #1862 ) ;
#2303 = ORIENTED_EDGE ( 'NONE', *, *, #141, .T. ) ;
#2304 =( NAMED_UNIT ( * ) SI_UNIT ( $, .STERADIAN. ) SOLID_ANGLE_UNIT ( ) );
#2305 = EDGE_LOOP ( 'NONE', ( #1672, #1140, #1836, #154 ) ) ;
#2306 = DIRECTION ( 'NONE',  ( 0.000000000000000000, 0.000000000000000000, 1.000000000000000000 ) ) ;
#2307 = SURFACE_STYLE_USAGE ( .BOTH. , #931 ) ;
#2308 = VECTOR ( 'NONE', #325, 1000.000000000000000 ) ;
#2309 = ORIENTED_EDGE ( 'NONE', *, *, #1498, .F. ) ;
#2310 =( GEOMETRIC_REPRESENTATION_CONTEXT ( 3 ) GLOBAL_UNCERTAINTY_ASSIGNED_CONTEXT ( ( #1259 ) ) GLOBAL_UNIT_ASSIGNED_CONTEXT ( ( #1304, #2282, #935 ) ) REPRESENTATION_CONTEXT ( 'NONE', 'WORKASPACE' ) );
#2311 = CARTESIAN_POINT ( 'NONE',  ( 0.000000000000000000, 0.000000000000000000, 0.000000000000000000 ) ) ;
#2312 = DIRECTION ( 'NONE',  ( 1.000000000000000000, -0.000000000000000000, 0.000000000000000000 ) ) ;
#2313 = VECTOR ( 'NONE', #1057, 1000.000000000000000 ) ;
#2314 = CARTESIAN_POINT ( 'NONE',  ( -2.712970890410937308, 25.00000000000000000, 10.00000000000000533 ) ) ;
#2315 = AXIS2_PLACEMENT_3D ( 'NONE', #2400, #1212, #625 ) ;
#2316 = CARTESIAN_POINT ( 'NONE',  ( 20.00000000000001776, -10.00000000000000888, -3.152825342465754410 ) ) ;
#2317 = VECTOR ( 'NONE', #1728, 1000.000000000000114 ) ;
#2318 = LINE ( 'NONE', #1740, #2033 ) ;
#2319 = SURFACE_STYLE_FILL_AREA ( #2085 ) ;
#2320 = EDGE_CURVE ( 'NONE', #2044, #1931, #506, .T. ) ;
#2321 = AXIS2_PLACEMENT_3D ( 'NONE', #251, #1263, #278 ) ;
#2322 = ORIENTED_EDGE ( 'NONE', *, *, #1952, .F. ) ;
#2323 = ORIENTED_EDGE ( 'NONE', *, *, #1708, .T. ) ;
#2324 = CARTESIAN_POINT ( 'NONE',  ( 1.849315068493171843, 20.00000000000000000, 18.63013698630137682 ) ) ;
#2325 = VERTEX_POINT ( 'NONE', #1695 ) ;
#2326 = DIRECTION ( 'NONE',  ( -1.000000000000000000, 0.000000000000000000, -0.000000000000000000 ) ) ;
#2327 =( LENGTH_UNIT ( ) NAMED_UNIT ( * ) SI_UNIT ( .MILLI., .METRE. ) );
#2328 = SURFACE_STYLE_FILL_AREA ( #2521 ) ;
#2329 = SURFACE_STYLE_USAGE ( .BOTH. , #2126 ) ;
#2330 = CARTESIAN_POINT ( 'NONE',  ( 20.00000000000001776, -25.00000000000000711, 3.294092465753422960 ) ) ;
#2331 = VERTEX_POINT ( 'NONE', #1314 ) ;
#2332 = EDGE_CURVE ( 'NONE', #694, #2539, #712, .T. ) ;
#2333 = CARTESIAN_POINT ( 'NONE',  ( -5.130565068493131875, -10.00000000000000533, 25.00000000000000000 ) ) ;
#2334 = EDGE_LOOP ( 'NONE', ( #86, #2236, #2480 ) ) ;
#2335 = CARTESIAN_POINT ( 'NONE',  ( 6.123233995736742617E-16, 4.999999999999713118, 75.00000000000002842 ) ) ;
#2336 = LINE ( 'NONE', #1758, #1532 ) ;
#2337 =( LENGTH_UNIT ( ) NAMED_UNIT ( * ) SI_UNIT ( .MILLI., .METRE. ) );
#2338 = CIRCLE ( 'NONE', #130, 5.000000000000000000 ) ;
#2339 =( LENGTH_UNIT ( ) NAMED_UNIT ( * ) SI_UNIT ( .MILLI., .METRE. ) );
#2340 =( NAMED_UNIT ( * ) PLANE_ANGLE_UNIT ( ) SI_UNIT ( $, .RADIAN. ) );
#2341 = LINE ( 'NONE', #1567, #230 ) ;
#2342 =( GEOMETRIC_REPRESENTATION_CONTEXT ( 3 ) GLOBAL_UNCERTAINTY_ASSIGNED_CONTEXT ( ( #2064 ) ) GLOBAL_UNIT_ASSIGNED_CONTEXT ( ( #603, #793, #1824 ) ) REPRESENTATION_CONTEXT ( 'NONE', 'WORKASPACE' ) );
#2343 = DIRECTION ( 'NONE',  ( 0.000000000000000000, -0.000000000000000000, -1.000000000000000000 ) ) ;
#2344 = UNCERTAINTY_MEASURE_WITH_UNIT (LENGTH_MEASURE( 1.000000000000000082E-05 ), #2102, 'distance_accuracy_value', 'NONE');
#2345 = CLOSED_SHELL ( 'NONE', ( #1298, #1144, #1476, #369, #1545, #95 ) ) ;
#2346 = VERTEX_POINT ( 'NONE', #2314 ) ;
#2347 = PLANE ( 'NONE',  #869 ) ;
#2348 = EDGE_CURVE ( 'NONE', #48, #2091, #934, .T. ) ;
#2349 = ORIENTED_EDGE ( 'NONE', *, *, #487, .T. ) ;
#2350 = FILL_AREA_STYLE_COLOUR ( '', #2478 ) ;
#2351 = MECHANICAL_DESIGN_GEOMETRIC_PRESENTATION_REPRESENTATION (  '', ( #2354 ), #1898 ) ;
#2352 = EDGE_CURVE ( 'NONE', #939, #659, #1301, .T. ) ;
#2353 = VECTOR ( 'NONE', #1853, 1000.000000000000000 ) ;
#2354 = STYLED_ITEM ( 'NONE', ( #1338 ), #710 ) ;
#2355 = AXIS2_PLACEMENT_3D ( 'NONE', #2406, #2230, #1233 ) ;
#2356 =( NAMED_UNIT ( * ) SI_UNIT ( $, .STERADIAN. ) SOLID_ANGLE_UNIT ( ) );
#2357 =( GEOMETRIC_REPRESENTATION_CONTEXT ( 3 ) GLOBAL_UNCERTAINTY_ASSIGNED_CONTEXT ( ( #2213 ) ) GLOBAL_UNIT_ASSIGNED_CONTEXT ( ( #1939, #2340, #1982 ) ) REPRESENTATION_CONTEXT ( 'NONE', 'WORKASPACE' ) );
#2358 = DIRECTION ( 'NONE',  ( 0.000000000000000000, 0.000000000000000000, -1.000000000000000000 ) ) ;
#2359 = LINE ( 'NONE', #1415, #489 ) ;
#2360 = ORIENTED_EDGE ( 'NONE', *, *, #2320, .F. ) ;
#2361 = PRESENTATION_STYLE_ASSIGNMENT (( #179 ) ) ;
#2362 =( GEOMETRIC_REPRESENTATION_CONTEXT ( 3 ) GLOBAL_UNCERTAINTY_ASSIGNED_CONTEXT ( ( #2187 ) ) GLOBAL_UNIT_ASSIGNED_CONTEXT ( ( #851, #479, #2067 ) ) REPRESENTATION_CONTEXT ( 'NONE', 'WORKASPACE' ) );
#2363 = ORIENTED_EDGE ( 'NONE', *, *, #252, .F. ) ;
#2364 = MECHANICAL_DESIGN_GEOMETRIC_PRESENTATION_REPRESENTATION (  '', ( #2498 ), #1290 ) ;
#2365 = EDGE_CURVE ( 'NONE', #266, #2346, #2473, .T. ) ;
#2366 = CARTESIAN_POINT ( 'NONE',  ( 0.000000000000000000, 20.00000000000000000, 0.000000000000000000 ) ) ;
#2367 = CARTESIAN_POINT ( 'NONE',  ( 20.00000000000001776, -17.00556506849315852, -1.958476027397261232 ) ) ;
#2368 = UNCERTAINTY_MEASURE_WITH_UNIT (LENGTH_MEASURE( 1.000000000000000082E-05 ), #1960, 'distance_accuracy_value', 'NONE');
#2369 = DIRECTION ( 'NONE',  ( 0.000000000000000000, 0.000000000000000000, -1.000000000000000000 ) ) ;
#2370 = CARTESIAN_POINT ( 'NONE',  ( -5.130565068493131875, -10.00000000000000533, 20.00000000000000000 ) ) ;
#2371 = ORIENTED_EDGE ( 'NONE', *, *, #2408, .T. ) ;
#2372 = SURFACE_SIDE_STYLE ('',( #770 ) ) ;
#2373 = ORIENTED_EDGE ( 'NONE', *, *, #1765, .T. ) ;
#2374 = FACE_OUTER_BOUND ( 'NONE', #466, .T. ) ;
#2375 = FACE_OUTER_BOUND ( 'NONE', #566, .T. ) ;
#2376 = ADVANCED_FACE ( 'NONE', ( #1087 ), #2531, .T. ) ;
#2377 = CARTESIAN_POINT ( 'NONE',  ( 75.00000000000001421, -2.633919089121692162E-13, 12.50000000000000000 ) ) ;
#2378 = LINE ( 'NONE', #592, #314 ) ;
#2379 =( NAMED_UNIT ( * ) SI_UNIT ( $, .STERADIAN. ) SOLID_ANGLE_UNIT ( ) );
#2380 =( GEOMETRIC_REPRESENTATION_CONTEXT ( 3 ) GLOBAL_UNCERTAINTY_ASSIGNED_CONTEXT ( ( #1594 ) ) GLOBAL_UNIT_ASSIGNED_CONTEXT ( ( #2549, #548, #1954 ) ) REPRESENTATION_CONTEXT ( 'NONE', 'WORKASPACE' ) );
#2381 = FILL_AREA_STYLE ('',( #1596 ) ) ;
#2382 = ORIENTED_EDGE ( 'NONE', *, *, #2426, .F. ) ;
#2383 = CARTESIAN_POINT ( 'NONE',  ( -1.438356164383539859, 20.00000000000000000, 25.00000000000000355 ) ) ;
#2384 =( GEOMETRIC_REPRESENTATION_CONTEXT ( 3 ) GLOBAL_UNCERTAINTY_ASSIGNED_CONTEXT ( ( #573 ) ) GLOBAL_UNIT_ASSIGNED_CONTEXT ( ( #1399, #2405, #1427 ) ) REPRESENTATION_CONTEXT ( 'NONE', 'WORKASPACE' ) );
#2385 = CIRCLE ( 'NONE', #1525, 4.999999999999975131 ) ;
#2386 = LINE ( 'NONE', #339, #1908 ) ;
#2387 = FILL_AREA_STYLE_COLOUR ( '', #1842 ) ;
#2388 = UNCERTAINTY_MEASURE_WITH_UNIT (LENGTH_MEASURE( 1.000000000000000082E-05 ), #1383, 'distance_accuracy_value', 'NONE');
#2389 = VECTOR ( 'NONE', #735, 1000.000000000000000 ) ;
#2390 = LINE ( 'NONE', #1413, #1696 ) ;
#2391 =( NAMED_UNIT ( * ) PLANE_ANGLE_UNIT ( ) SI_UNIT ( $, .RADIAN. ) );
#2392 = STYLED_ITEM ( 'NONE', ( #909 ), #1335 ) ;
#2393 = STYLED_ITEM ( 'NONE', ( #545 ), #1627 ) ;
#2394 = DIRECTION ( 'NONE',  ( 0.000000000000000000, -3.491481338843133355E-15, 1.000000000000000000 ) ) ;
#2395 = ADVANCED_FACE ( 'NONE', ( #2122 ), #1917, .F. ) ;
#2396 = PLANE ( 'NONE',  #873 ) ;
#2397 = ORIENTED_EDGE ( 'NONE', *, *, #1161, .T. ) ;
#2398 = DIRECTION ( 'NONE',  ( 1.000000000000000000, -3.491481338843133355E-15, 0.000000000000000000 ) ) ;
#2399 = STYLED_ITEM ( 'NONE', ( #331 ), #1990 ) ;
#2400 = CARTESIAN_POINT ( 'NONE',  ( 20.00000000000001776, -17.00556506849315852, -1.958476027397261232 ) ) ;
#2401 = VECTOR ( 'NONE', #1841, 1000.000000000000227 ) ;
#2402 =( NAMED_UNIT ( * ) SI_UNIT ( $, .STERADIAN. ) SOLID_ANGLE_UNIT ( ) );
#2403 = FILL_AREA_STYLE_COLOUR ( '', #1113 ) ;
#2404 = DIRECTION ( 'NONE',  ( 0.000000000000000000, 0.8736693556180568088, 0.4865201507172434159 ) ) ;
#2405 =( NAMED_UNIT ( * ) PLANE_ANGLE_UNIT ( ) SI_UNIT ( $, .RADIAN. ) );
#2406 = CARTESIAN_POINT ( 'NONE',  ( 0.000000000000000000, 0.000000000000000000, 0.000000000000000000 ) ) ;
#2407 = PRESENTATION_STYLE_ASSIGNMENT (( #1803 ) ) ;
#2408 = EDGE_CURVE ( 'NONE', #327, #2539, #352, .T. ) ;
#2409 = ORIENTED_EDGE ( 'NONE', *, *, #59, .F. ) ;
#2410 = CARTESIAN_POINT ( 'NONE',  ( -2.712970890410937308, 20.00000000000000000, 10.00000000000000533 ) ) ;
#2411 = SURFACE_STYLE_USAGE ( .BOTH. , #615 ) ;
#2412 = EDGE_CURVE ( 'NONE', #621, #193, #13, .T. ) ;
#2413 = DIRECTION ( 'NONE',  ( 0.000000000000000000, -3.491481338843133355E-15, 1.000000000000000000 ) ) ;
#2414 = CARTESIAN_POINT ( 'NONE',  ( 25.00000000000001776, -19.34610445205480289, 0.1830051369862998878 ) ) ;
#2415 = UNCERTAINTY_MEASURE_WITH_UNIT (LENGTH_MEASURE( 1.000000000000000082E-05 ), #2496, 'distance_accuracy_value', 'NONE');
#2416 = DIRECTION ( 'NONE',  ( 0.000000000000000000, 0.4820906261776857216, 0.8761213546944320862 ) ) ;
#2417 = FILL_AREA_STYLE_COLOUR ( '', #1901 ) ;
#2418 = LINE ( 'NONE', #1664, #824 ) ;
#2419 = LINE ( 'NONE', #71, #296 ) ;
#2420 =( GEOMETRIC_REPRESENTATION_CONTEXT ( 3 ) GLOBAL_UNCERTAINTY_ASSIGNED_CONTEXT ( ( #2415 ) ) GLOBAL_UNIT_ASSIGNED_CONTEXT ( ( #2496, #1486, #80 ) ) REPRESENTATION_CONTEXT ( 'NONE', 'WORKASPACE' ) );
#2421 = ORIENTED_EDGE ( 'NONE', *, *, #1447, .T. ) ;
#2422 = DIRECTION ( 'NONE',  ( -0.000000000000000000, 1.000000000000000000, -0.000000000000000000 ) ) ;
#2423 = EDGE_LOOP ( 'NONE', ( #125, #2058, #1279, #113 ) ) ;
#2424 = EDGE_CURVE ( 'NONE', #2198, #1260, #1376, .T. ) ;
#2425 = STYLED_ITEM ( 'NONE', ( #1979 ), #428 ) ;
#2426 = EDGE_CURVE ( 'NONE', #55, #1308, #832, .T. ) ;
#2427 = CARTESIAN_POINT ( 'NONE',  ( -6.369863013698608079, 20.00000000000000000, 10.00000000000000533 ) ) ;
#2428 = PRESENTATION_LAYER_ASSIGNMENT (  '', '', ( #2116 ) ) ;
#2429 = COLOUR_RGB ( '',1.000000000000000000, 0.1490196078431372528, 0.1490196078431372528 ) ;
#2430 = SURFACE_SIDE_STYLE ('',( #445 ) ) ;
#2431 = DIRECTION ( 'NONE',  ( 0.000000000000000000, 1.000000000000000000, 0.000000000000000000 ) ) ;
#2432 = VECTOR ( 'NONE', #69, 1000.000000000000000 ) ;
#2433 = VERTEX_POINT ( 'NONE', #2583 ) ;
#2434 = FILL_AREA_STYLE_COLOUR ( '', #384 ) ;
#2435 = AXIS2_PLACEMENT_3D ( 'NONE', #2171, #975, #2579 ) ;
#2436 = CARTESIAN_POINT ( 'NONE',  ( -5.130565068493131875, -10.00000000000000533, 20.00000000000000000 ) ) ;
#2437 = ORIENTED_EDGE ( 'NONE', *, *, #2572, .F. ) ;
#2438 = VERTEX_POINT ( 'NONE', #1601 ) ;
#2439 = PRESENTATION_LAYER_ASSIGNMENT (  '', '', ( #2195 ) ) ;
#2440 = AXIS2_PLACEMENT_3D ( 'NONE', #1422, #1677, #616 ) ;
#2441 = VECTOR ( 'NONE', #2268, 1000.000000000000000 ) ;
#2442 = EDGE_CURVE ( 'NONE', #1840, #1429, #2386, .T. ) ;
#2443 = CYLINDRICAL_SURFACE ( 'NONE', #1336, 4.999999999999986677 ) ;
#2444 = SURFACE_SIDE_STYLE ('',( #657 ) ) ;
#2445 = FILL_AREA_STYLE ('',( #2458 ) ) ;
#2446 = UNCERTAINTY_MEASURE_WITH_UNIT (LENGTH_MEASURE( 1.000000000000000082E-05 ), #1481, 'distance_accuracy_value', 'NONE');
#2447 = VERTEX_POINT ( 'NONE', #1172 ) ;
#2448 = CARTESIAN_POINT ( 'NONE',  ( 0.4783818493150895357, 20.00000000000000000, 15.81121575342466379 ) ) ;
#2449 = LINE ( 'NONE', #661, #1239 ) ;
#2450 = CARTESIAN_POINT ( 'NONE',  ( 75.00000000000001421, -2.618611004132350648E-13, 0.000000000000000000 ) ) ;
#2451 = VERTEX_POINT ( 'NONE', #1964 ) ;
#2452 = PRESENTATION_STYLE_ASSIGNMENT (( #622 ) ) ;
#2453 = ORIENTED_EDGE ( 'NONE', *, *, #503, .T. ) ;
#2454 = EDGE_LOOP ( 'NONE', ( #2289, #884, #840 ) ) ;
#2455 = LINE ( 'NONE', #638, #2202 ) ;
#2456 =( NAMED_UNIT ( * ) PLANE_ANGLE_UNIT ( ) SI_UNIT ( $, .RADIAN. ) );
#2457 = DIRECTION ( 'NONE',  ( 0.000000000000000000, 0.8809365020626060971, 0.4732344866276124162 ) ) ;
#2458 = FILL_AREA_STYLE_COLOUR ( '', #611 ) ;
#2459 = ADVANCED_FACE ( 'NONE', ( #557 ), #1799, .T. ) ;
#2460 = ORIENTED_EDGE ( 'NONE', *, *, #1887, .T. ) ;
#2461 = DIRECTION ( 'NONE',  ( 0.000000000000000000, -0.8944271909999158554, -0.4472135954999577612 ) ) ;
#2462 = CARTESIAN_POINT ( 'NONE',  ( 0.000000000000000000, 12.49999999999973888, 75.00000000000005684 ) ) ;
#2463 =( LENGTH_UNIT ( ) NAMED_UNIT ( * ) SI_UNIT ( .MILLI., .METRE. ) );
#2464 = ORIENTED_EDGE ( 'NONE', *, *, #2296, .T. ) ;
#2465 = DIRECTION ( 'NONE',  ( -0.000000000000000000, -0.000000000000000000, 1.000000000000000000 ) ) ;
#2466 = PRESENTATION_STYLE_ASSIGNMENT (( #1616 ) ) ;
#2467 =( GEOMETRIC_REPRESENTATION_CONTEXT ( 3 ) GLOBAL_UNCERTAINTY_ASSIGNED_CONTEXT ( ( #1416 ) ) GLOBAL_UNIT_ASSIGNED_CONTEXT ( ( #2339, #2155, #1029 ) ) REPRESENTATION_CONTEXT ( 'NONE', 'WORKASPACE' ) );
#2468 = VERTEX_POINT ( 'NONE', #1362 ) ;
#2469 = PRESENTATION_LAYER_ASSIGNMENT (  '', '', ( #981 ) ) ;
#2470 =( NAMED_UNIT ( * ) SI_UNIT ( $, .STERADIAN. ) SOLID_ANGLE_UNIT ( ) );
#2471 =( LENGTH_UNIT ( ) NAMED_UNIT ( * ) SI_UNIT ( .MILLI., .METRE. ) );
#2472 = FILL_AREA_STYLE_COLOUR ( '', #904 ) ;
#2473 = LINE ( 'NONE', #1483, #1004 ) ;
#2474 = UNCERTAINTY_MEASURE_WITH_UNIT (LENGTH_MEASURE( 1.000000000000000082E-05 ), #2337, 'distance_accuracy_value', 'NONE');
#2475 = VERTEX_POINT ( 'NONE', #1160 ) ;
#2476 = DIRECTION ( 'NONE',  ( 0.000000000000000000, -1.000000000000000000, 0.000000000000000000 ) ) ;
#2477 = CARTESIAN_POINT ( 'NONE',  ( 1.849315068493171843, 25.00000000000000000, 25.00000000000000355 ) ) ;
#2478 = COLOUR_RGB ( '',0.1176470588235294101, 0.4039215686274509887, 0.8823529411764705621 ) ;
#2479 = VECTOR ( 'NONE', #1448, 1000.000000000000000 ) ;
#2480 = ORIENTED_EDGE ( 'NONE', *, *, #1020, .T. ) ;
#2481 = CYLINDRICAL_SURFACE ( 'NONE', #304, 4.999999999999986677 ) ;
#2482 = EDGE_CURVE ( 'NONE', #307, #1870, #1951, .T. ) ;
#2483 = CIRCLE ( 'NONE', #1327, 5.000000000000000000 ) ;
#2484 = ORIENTED_EDGE ( 'NONE', *, *, #300, .F. ) ;
#2485 = PRESENTATION_STYLE_ASSIGNMENT (( #1718 ) ) ;
#2486 = SURFACE_SIDE_STYLE ('',( #816 ) ) ;
#2487 = VECTOR ( 'NONE', #2146, 1000.000000000000000 ) ;
#2488 = PRESENTATION_LAYER_ASSIGNMENT (  '', '', ( #2393 ) ) ;
#2489 =( GEOMETRIC_REPRESENTATION_CONTEXT ( 3 ) GLOBAL_UNCERTAINTY_ASSIGNED_CONTEXT ( ( #1410 ) ) GLOBAL_UNIT_ASSIGNED_CONTEXT ( ( #1225, #842, #2402 ) ) REPRESENTATION_CONTEXT ( 'NONE', 'WORKASPACE' ) );
#2490 = PRESENTATION_LAYER_ASSIGNMENT (  '', '', ( #2238 ) ) ;
#2491 = PRESENTATION_STYLE_ASSIGNMENT (( #1097 ) ) ;
#2492 = MECHANICAL_DESIGN_GEOMETRIC_PRESENTATION_REPRESENTATION (  '', ( #1946 ), #1409 ) ;
#2493 = SURFACE_STYLE_USAGE ( .BOTH. , #1099 ) ;
#2494 = ORIENTED_EDGE ( 'NONE', *, *, #468, .T. ) ;
#2495 = PRESENTATION_LAYER_ASSIGNMENT (  '', '', ( #536 ) ) ;
#2496 =( LENGTH_UNIT ( ) NAMED_UNIT ( * ) SI_UNIT ( .MILLI., .METRE. ) );
#2497 = DIRECTION ( 'NONE',  ( -0.000000000000000000, 1.000000000000000000, 0.000000000000000000 ) ) ;
#2498 = STYLED_ITEM ( 'NONE', ( #860 ), #2584 ) ;
#2499 = EDGE_LOOP ( 'NONE', ( #2525, #1795, #2323, #812 ) ) ;
#2500 = FILL_AREA_STYLE ('',( #2472 ) ) ;
#2501 = EDGE_LOOP ( 'NONE', ( #1143, #1970, #1507, #2303 ) ) ;
#2502 = DIRECTION ( 'NONE',  ( 0.8034521234780680476, -0.5953693687775543086, 0.000000000000000000 ) ) ;
#2503 = SURFACE_SIDE_STYLE ('',( #917 ) ) ;
#2504 = EDGE_CURVE ( 'NONE', #2331, #248, #1668, .T. ) ;
#2505 = ORIENTED_EDGE ( 'NONE', *, *, #2412, .F. ) ;
#2506 = DIRECTION ( 'NONE',  ( 0.000000000000000000, 0.000000000000000000, 1.000000000000000000 ) ) ;
#2507 = EDGE_CURVE ( 'NONE', #1667, #2291, #2455, .T. ) ;
#2508 = SURFACE_STYLE_FILL_AREA ( #505 ) ;
#2509 = DIRECTION ( 'NONE',  ( -0.8045681167536795630, 0.5938603754279599967, 0.000000000000000000 ) ) ;
#2510 =( NAMED_UNIT ( * ) SI_UNIT ( $, .STERADIAN. ) SOLID_ANGLE_UNIT ( ) );
#2511 = CARTESIAN_POINT ( 'NONE',  ( 6.575342465753445609, 20.00000000000000000, 10.00000000000000533 ) ) ;
#2512 = ORIENTED_EDGE ( 'NONE', *, *, #1968, .F. ) ;
#2513 = ORIENTED_EDGE ( 'NONE', *, *, #1133, .T. ) ;
#2514 = VERTEX_POINT ( 'NONE', #2047 ) ;
#2515 = EDGE_CURVE ( 'NONE', #540, #2331, #1458, .T. ) ;
#2516 =( GEOMETRIC_REPRESENTATION_CONTEXT ( 3 ) GLOBAL_UNCERTAINTY_ASSIGNED_CONTEXT ( ( #2550 ) ) GLOBAL_UNIT_ASSIGNED_CONTEXT ( ( #1344, #356, #121 ) ) REPRESENTATION_CONTEXT ( 'NONE', 'WORKASPACE' ) );
#2517 = COLOUR_RGB ( '',0.1176470588235294101, 0.4039215686274509887, 0.8823529411764705621 ) ;
#2518 = EDGE_CURVE ( 'NONE', #1573, #2468, #1070, .T. ) ;
#2519 = FILL_AREA_STYLE_COLOUR ( '', #829 ) ;
#2520 = STYLED_ITEM ( 'NONE', ( #1776 ), #448 ) ;
#2521 = FILL_AREA_STYLE ('',( #2083 ) ) ;
#2522 = DIRECTION ( 'NONE',  ( 0.000000000000000000, -0.000000000000000000, -1.000000000000000000 ) ) ;
#2523 = SURFACE_STYLE_FILL_AREA ( #1115 ) ;
#2524 = VERTEX_POINT ( 'NONE', #1859 ) ;
#2525 = ORIENTED_EDGE ( 'NONE', *, *, #2060, .F. ) ;
#2526 = CARTESIAN_POINT ( 'NONE',  ( 20.00000000000001776, -10.00000000000000888, 2.064426369863011868 ) ) ;
#2527 = PRESENTATION_LAYER_ASSIGNMENT (  '', '', ( #991 ) ) ;
#2528 = DIRECTION ( 'NONE',  ( -0.5938603754279599967, -0.8045681167536794520, 0.000000000000000000 ) ) ;
#2529 = ORIENTED_EDGE ( 'NONE', *, *, #1119, .F. ) ;
#2530 = DIRECTION ( 'NONE',  ( 1.000000000000000000, -3.491481338843133355E-15, 0.000000000000000000 ) ) ;
#2531 = PLANE ( 'NONE',  #194 ) ;
#2532 = EDGE_CURVE ( 'NONE', #2468, #512, #1019, .T. ) ;
#2533 = DIRECTION ( 'NONE',  ( -0.000000000000000000, -0.000000000000000000, 1.000000000000000000 ) ) ;
#2534 = FACE_OUTER_BOUND ( 'NONE', #1687, .T. ) ;
#2535 =( GEOMETRIC_REPRESENTATION_CONTEXT ( 3 ) GLOBAL_UNCERTAINTY_ASSIGNED_CONTEXT ( ( #891 ) ) GLOBAL_UNIT_ASSIGNED_CONTEXT ( ( #23, #1269, #1045 ) ) REPRESENTATION_CONTEXT ( 'NONE', 'WORKASPACE' ) );
#2536 = EDGE_LOOP ( 'NONE', ( #1547, #878, #670, #75 ) ) ;
#2537 = FILL_AREA_STYLE ('',( #1944 ) ) ;
#2538 = CARTESIAN_POINT ( 'NONE',  ( 1.762628424657552539, -12.67123287671233456, 20.00000000000000000 ) ) ;
#2539 = VERTEX_POINT ( 'NONE', #60 ) ;
#2540 = LINE ( 'NONE', #1392, #691 ) ;
#2541 = DIRECTION ( 'NONE',  ( 0.000000000000000000, 0.8736693556180568088, 0.4865201507172434159 ) ) ;
#2542 = PRESENTATION_STYLE_ASSIGNMENT (( #1761 ) ) ;
#2543 = EDGE_LOOP ( 'NONE', ( #738, #1584, #1046, #1238 ) ) ;
#2544 = FILL_AREA_STYLE_COLOUR ( '', #1615 ) ;
#2545 = EDGE_LOOP ( 'NONE', ( #1277, #526, #515, #2251, #632, #2096, #362, #1934, #499, #1041, #1178, #848, #1235 ) ) ;
#2546 = AXIS2_PLACEMENT_3D ( 'NONE', #1750, #2145, #2300 ) ;
#2547 = SURFACE_STYLE_FILL_AREA ( #1174 ) ;
#2548 = DIRECTION ( 'NONE',  ( 0.000000000000000000, 0.000000000000000000, 1.000000000000000000 ) ) ;
#2549 =( LENGTH_UNIT ( ) NAMED_UNIT ( * ) SI_UNIT ( .MILLI., .METRE. ) );
#2550 = UNCERTAINTY_MEASURE_WITH_UNIT (LENGTH_MEASURE( 1.000000000000000082E-05 ), #1344, 'distance_accuracy_value', 'NONE');
#2551 = ORIENTED_EDGE ( 'NONE', *, *, #1771, .T. ) ;
#2552 = FILL_AREA_STYLE_COLOUR ( '', #47 ) ;
#2553 =( NAMED_UNIT ( * ) SI_UNIT ( $, .STERADIAN. ) SOLID_ANGLE_UNIT ( ) );
#2554 = EDGE_CURVE ( 'NONE', #598, #1665, #1407, .T. ) ;
#2555 = ORIENTED_EDGE ( 'NONE', *, *, #8, .T. ) ;
#2556 =( LENGTH_UNIT ( ) NAMED_UNIT ( * ) SI_UNIT ( .MILLI., .METRE. ) );
#2557 = AXIS2_PLACEMENT_3D ( 'NONE', #1692, #2312, #544 ) ;
#2558 = MECHANICAL_DESIGN_GEOMETRIC_PRESENTATION_REPRESENTATION (  '', ( #1579 ), #1412 ) ;
#2559 = PRESENTATION_LAYER_ASSIGNMENT (  '', '', ( #1936 ) ) ;
#2560 = LINE ( 'NONE', #392, #997 ) ;
#2561 =( NAMED_UNIT ( * ) PLANE_ANGLE_UNIT ( ) SI_UNIT ( $, .RADIAN. ) );
#2562 = VECTOR ( 'NONE', #727, 1000.000000000000000 ) ;
#2563 = LINE ( 'NONE', #783, #1240 ) ;
#2564 = MECHANICAL_DESIGN_GEOMETRIC_PRESENTATION_REPRESENTATION (  '', ( #1406 ), #1906 ) ;
#2565 = CARTESIAN_POINT ( 'NONE',  ( -24.99999999999998579, -25.00000000000000000, -25.00000000000000000 ) ) ;
#2566 = AXIS2_PLACEMENT_3D ( 'NONE', #942, #1155, #2117 ) ;
#2567 = ORIENTED_EDGE ( 'NONE', *, *, #914, .T. ) ;
#2568 = PRESENTATION_STYLE_ASSIGNMENT (( #1608 ) ) ;
#2569 = STYLED_ITEM ( 'NONE', ( #435 ), #1973 ) ;
#2570 = VERTEX_POINT ( 'NONE', #243 ) ;
#2571 = SURFACE_SIDE_STYLE ('',( #1170 ) ) ;
#2572 = EDGE_CURVE ( 'NONE', #1921, #266, #2252, .T. ) ;
#2573 = DIRECTION ( 'NONE',  ( -0.000000000000000000, 1.000000000000000000, -0.000000000000000000 ) ) ;
#2574 = SURFACE_STYLE_FILL_AREA ( #1910 ) ;
#2575 = CARTESIAN_POINT ( 'NONE',  ( 75.00000000000001421, -2.618611004132350648E-13, 0.000000000000000000 ) ) ;
#2576 =( NAMED_UNIT ( * ) PLANE_ANGLE_UNIT ( ) SI_UNIT ( $, .RADIAN. ) );
#2577 = PRESENTATION_STYLE_ASSIGNMENT (( #1763 ) ) ;
#2578 = SURFACE_STYLE_FILL_AREA ( #201 ) ;
#2579 = DIRECTION ( 'NONE',  ( 0.000000000000000000, 0.000000000000000000, 1.000000000000000000 ) ) ;
#2580 = PLANE ( 'NONE',  #2321 ) ;
#2581 = ORIENTED_EDGE ( 'NONE', *, *, #2288, .T. ) ;
#2582 = CARTESIAN_POINT ( 'NONE',  ( 1.762628424657552539, -12.67123287671233456, 20.00000000000000000 ) ) ;
#2583 = CARTESIAN_POINT ( 'NONE',  ( 5.438784246575359305, -10.00000000000000533, 20.00000000000000000 ) ) ;
#2584 = ADVANCED_FACE ( 'NONE', ( #2239 ), #1377, .T. ) ;
#2585 = CARTESIAN_POINT ( 'NONE',  ( 25.00000000000001776, -25.00000000000000000, -25.00000000000000000 ) ) ;
#2586 = FILL_AREA_STYLE_COLOUR ( '', #347 ) ;
#2587 = VECTOR ( 'NONE', #4, 1000.000000000000000 ) ;
#2588 = PRESENTATION_STYLE_ASSIGNMENT (( #1196 ) ) ;
#2589 = EDGE_LOOP ( 'NONE', ( #1879, #892, #651, #1129 ) ) ;
ENDSEC;
END-ISO-10303-21;
