# Exported by Open CASCADE Technology [dev.opencascade.org]
#  Vertices: 1668
#     Faces: 2330
mtllib axis_gizmo_box.mtl
v 0.000000 0.000000 0.005000
v 0.001197 0.000000 0.004855
v 0.002324 0.000000 0.004427
v 0.003316 0.000000 0.003743
v 0.004115 0.000000 0.002840
v 0.004675 0.000000 0.001773
v 0.004964 0.000000 0.000603
v 0.004964 0.000000 -0.000603
v 0.004675 0.000000 -0.001773
v 0.004115 0.000000 -0.002840
v 0.003316 0.000000 -0.003743
v 0.002324 0.000000 -0.004427
v 0.001197 0.000000 -0.004855
v 0.000000 0.000000 -0.005000
v 0.000000 0.075000 -0.005000
v 0.000000 0.075000 0.005000
v 0.001197 0.075000 0.004855
v 0.002324 0.075000 0.004427
v 0.003316 0.075000 0.003743
v 0.004115 0.075000 0.002840
v 0.004675 0.075000 0.001773
v 0.004964 0.075000 0.000603
v 0.004964 0.075000 -0.000603
v 0.004675 0.075000 -0.001773
v 0.004115 0.075000 -0.002840
v 0.003316 0.075000 -0.003743
v 0.002324 0.075000 -0.004427
v 0.001197 0.075000 -0.004855
v 0.000000 0.100000 0.000000
v 0.000000 0.075000 -0.012500
v 0.000000 0.100000 0.000000
v 0.000000 0.075000 0.012500
v 0.002171 0.075000 0.012310
v 0.004275 0.075000 0.011746
v 0.006250 0.075000 0.010825
v 0.008035 0.075000 0.009576
v 0.009576 0.075000 0.008035
v 0.010825 0.075000 0.006250
v 0.011746 0.075000 0.004275
v 0.012310 0.075000 0.002171
v 0.012500 0.075000 0.000000
v 0.012310 0.075000 -0.002171
v 0.011746 0.075000 -0.004275
v 0.010825 0.075000 -0.006250
v 0.009576 0.075000 -0.008035
v 0.008035 0.075000 -0.009576
v 0.006250 0.075000 -0.010825
v 0.004275 0.075000 -0.011746
v 0.002171 0.075000 -0.012310
v 0.002068 0.095833 0.000251
v 0.001948 0.095833 0.000739
v 0.004136 0.091667 0.000502
v 0.006204 0.087500 0.000753
v 0.007792 0.083333 0.002955
v 0.008273 0.083333 0.001004
v 0.005844 0.087500 0.002216
v 0.008273 0.083333 -0.001004
v 0.006204 0.087500 -0.000753
v 0.004136 0.091667 -0.000502
v 0.005144 0.087500 0.003550
v 0.004145 0.087500 0.004678
v 0.006858 0.083333 0.004734
v 0.005844 0.087500 -0.002216
v 0.007792 0.083333 -0.002955
v 0.005144 0.087500 -0.003550
v 0.002068 0.095833 -0.000251
v 0.003896 0.091667 0.001478
v 0.003429 0.091667 0.002367
v 0.004145 0.087500 -0.004678
v 0.002763 0.091667 -0.003119
v 0.003896 0.091667 -0.001478
v 0.010341 0.079167 0.001256
v 0.005526 0.083333 -0.006238
v 0.010341 0.079167 -0.001256
v 0.003429 0.091667 -0.002367
v 0.001948 0.095833 -0.000739
v 0.009740 0.079167 0.003694
v 0.009740 0.079167 -0.003694
v 0.006858 0.083333 -0.004734
v 0.002905 0.087500 0.005534
v 0.005526 0.083333 0.006238
v 0.002763 0.091667 0.003119
v 0.001715 0.095833 0.001183
v 0.001382 0.095833 0.001559
v 0.001715 0.095833 -0.001183
v 0.008573 0.079167 0.005917
v 0.006908 0.079167 0.007797
v 0.002905 0.087500 -0.005534
v 0.008573 0.079167 -0.005917
v 0.006908 0.079167 -0.007797
v 0.001382 0.095833 -0.001559
v 0.001496 0.087500 0.006068
v 0.003873 0.083333 0.007379
v 0.003873 0.083333 -0.007379
v 0.001496 0.087500 -0.006068
v 0.001936 0.091667 0.003689
v 0.000968 0.095833 0.001845
v 0.000997 0.091667 0.004046
v 0.002493 0.079167 0.010114
v 0.004841 0.079167 0.009224
v 0.001936 0.091667 -0.003689
v 0.000997 0.091667 -0.004046
v 0.000968 0.095833 -0.001845
v 0.004841 0.079167 -0.009224
v 0.001994 0.083333 -0.008091
v 0.000499 0.095833 -0.002023
v 0.001994 0.083333 0.008091
v 0.000499 0.095833 0.002023
v 0.002493 0.079167 -0.010114
v 0.000000 0.100000 0.000000
v 0.000000 0.075000 0.012500
v 0.000000 0.100000 0.000000
v 0.000000 0.075000 -0.012500
v -0.002171 0.075000 -0.012310
v -0.004275 0.075000 -0.011746
v -0.006250 0.075000 -0.010825
v -0.008035 0.075000 -0.009576
v -0.009576 0.075000 -0.008035
v -0.010825 0.075000 -0.006250
v -0.011746 0.075000 -0.004275
v -0.012310 0.075000 -0.002171
v -0.012500 0.075000 -0.000000
v -0.012310 0.075000 0.002171
v -0.011746 0.075000 0.004275
v -0.010825 0.075000 0.006250
v -0.009576 0.075000 0.008035
v -0.008035 0.075000 0.009576
v -0.006250 0.075000 0.010825
v -0.004275 0.075000 0.011746
v -0.002171 0.075000 0.012310
v -0.005144 0.087500 -0.003550
v -0.007792 0.083333 -0.002955
v -0.005844 0.087500 -0.002216
v -0.006204 0.087500 -0.000753
v -0.008273 0.083333 -0.001004
v -0.004136 0.091667 -0.000502
v -0.003896 0.091667 -0.001478
v -0.008273 0.083333 0.001004
v -0.006204 0.087500 0.000753
v -0.004136 0.091667 0.000502
v -0.007792 0.083333 0.002955
v -0.006858 0.083333 0.004734
v -0.005844 0.087500 0.002216
v -0.004145 0.087500 -0.004678
v -0.006858 0.083333 -0.004734
v -0.005144 0.087500 0.003550
v -0.003896 0.091667 0.001478
v -0.002068 0.095833 -0.000251
v -0.001948 0.095833 -0.000739
v -0.002068 0.095833 0.000251
v -0.010341 0.079167 -0.001256
v -0.010341 0.079167 0.001256
v -0.004145 0.087500 0.004678
v -0.003429 0.091667 -0.002367
v -0.001715 0.095833 -0.001183
v -0.002763 0.091667 -0.003119
v -0.001948 0.095833 0.000739
v -0.009740 0.079167 -0.003694
v -0.002905 0.087500 -0.005534
v -0.005526 0.083333 -0.006238
v -0.003429 0.091667 0.002367
v -0.009740 0.079167 0.003694
v -0.002763 0.091667 0.003119
v -0.001715 0.095833 0.001183
v -0.008573 0.079167 -0.005917
v -0.008573 0.079167 0.005917
v -0.005526 0.083333 0.006238
v -0.002905 0.087500 0.005534
v -0.006908 0.079167 -0.007797
v -0.001382 0.095833 -0.001559
v -0.006908 0.079167 0.007797
v -0.001382 0.095833 0.001559
v -0.001496 0.087500 -0.006068
v -0.003873 0.083333 -0.007379
v -0.003873 0.083333 0.007379
v -0.001496 0.087500 0.006068
v -0.001936 0.091667 -0.003689
v -0.000968 0.095833 -0.001845
v -0.000997 0.091667 -0.004046
v -0.001936 0.091667 0.003689
v -0.000997 0.091667 0.004046
v -0.000968 0.095833 0.001845
v -0.001994 0.083333 -0.008091
v -0.004841 0.079167 -0.009224
v -0.004841 0.079167 0.009224
v -0.001994 0.083333 0.008091
v -0.002493 0.079167 -0.010114
v -0.000499 0.095833 0.002023
v -0.000499 0.095833 -0.002023
v -0.002493 0.079167 0.010114
v 0.000000 0.000000 -0.005000
v -0.001197 0.000000 -0.004855
v -0.002324 0.000000 -0.004427
v -0.003316 0.000000 -0.003743
v -0.004115 0.000000 -0.002840
v -0.004675 0.000000 -0.001773
v -0.004964 0.000000 -0.000603
v -0.004964 0.000000 0.000603
v -0.004675 0.000000 0.001773
v -0.004115 0.000000 0.002840
v -0.003316 0.000000 0.003743
v -0.002324 0.000000 0.004427
v -0.001197 0.000000 0.004855
v 0.000000 0.000000 0.005000
v 0.001197 0.000000 0.004855
v 0.002324 0.000000 0.004427
v 0.003316 0.000000 0.003743
v 0.004115 0.000000 0.002840
v 0.004675 0.000000 0.001773
v 0.004964 0.000000 0.000603
v 0.004964 0.000000 -0.000603
v 0.004675 0.000000 -0.001773
v 0.004115 0.000000 -0.002840
v 0.003316 0.000000 -0.003743
v 0.002324 0.000000 -0.004427
v 0.001197 0.000000 -0.004855
v 0.000000 0.000000 -0.005000
v 0.000000 0.075000 -0.005000
v -0.001197 0.000000 -0.004855
v -0.002324 0.000000 -0.004427
v -0.003316 0.000000 -0.003743
v -0.004115 0.000000 -0.002840
v -0.004675 0.000000 -0.001773
v -0.004964 0.000000 -0.000603
v -0.004964 0.000000 0.000603
v -0.004675 0.000000 0.001773
v -0.004115 0.000000 0.002840
v -0.003316 0.000000 0.003743
v -0.002324 0.000000 0.004427
v -0.001197 0.000000 0.004855
v 0.000000 0.000000 0.005000
v 0.000000 0.075000 0.005000
v -0.001197 0.075000 -0.004855
v -0.002324 0.075000 -0.004427
v -0.003316 0.075000 -0.003743
v -0.004115 0.075000 -0.002840
v -0.004675 0.075000 -0.001773
v -0.004964 0.075000 -0.000603
v -0.004964 0.075000 0.000603
v -0.004675 0.075000 0.001773
v -0.004115 0.075000 0.002840
v -0.003316 0.075000 0.003743
v -0.002324 0.075000 0.004427
v -0.001197 0.075000 0.004855
v 0.000000 0.075000 0.012500
v 0.002171 0.075000 0.012310
v 0.004275 0.075000 0.011746
v 0.006250 0.075000 0.010825
v 0.008035 0.075000 0.009576
v 0.009576 0.075000 0.008035
v 0.010825 0.075000 0.006250
v 0.011746 0.075000 0.004275
v 0.012310 0.075000 0.002171
v 0.012500 0.075000 0.000000
v 0.012310 0.075000 -0.002171
v 0.011746 0.075000 -0.004275
v 0.010825 0.075000 -0.006250
v 0.009576 0.075000 -0.008035
v 0.008035 0.075000 -0.009576
v 0.006250 0.075000 -0.010825
v 0.004275 0.075000 -0.011746
v 0.002171 0.075000 -0.012310
v 0.000000 0.075000 -0.012500
v -0.002171 0.075000 -0.012310
v -0.004275 0.075000 -0.011746
v -0.006250 0.075000 -0.010825
v -0.008035 0.075000 -0.009576
v -0.009576 0.075000 -0.008035
v -0.010825 0.075000 -0.006250
v -0.011746 0.075000 -0.004275
v -0.012310 0.075000 -0.002171
v -0.012500 0.075000 -0.000000
v -0.012310 0.075000 0.002171
v -0.011746 0.075000 0.004275
v -0.010825 0.075000 0.006250
v -0.009576 0.075000 0.008035
v -0.008035 0.075000 0.009576
v -0.006250 0.075000 0.010825
v -0.004275 0.075000 0.011746
v -0.002171 0.075000 0.012310
v 0.000000 0.075000 -0.005000
v -0.001197 0.075000 -0.004855
v -0.002324 0.075000 -0.004427
v -0.003316 0.075000 -0.003743
v -0.004115 0.075000 -0.002840
v -0.004675 0.075000 -0.001773
v -0.004964 0.075000 -0.000603
v -0.004964 0.075000 0.000603
v -0.004675 0.075000 0.001773
v -0.004115 0.075000 0.002840
v -0.003316 0.075000 0.003743
v -0.002324 0.075000 0.004427
v -0.001197 0.075000 0.004855
v 0.000000 0.075000 0.005000
v 0.001197 0.075000 0.004855
v 0.002324 0.075000 0.004427
v 0.003316 0.075000 0.003743
v 0.004115 0.075000 0.002840
v 0.004675 0.075000 0.001773
v 0.004964 0.075000 0.000603
v 0.004964 0.075000 -0.000603
v 0.004675 0.075000 -0.001773
v 0.004115 0.075000 -0.002840
v 0.003316 0.075000 -0.003743
v 0.002324 0.075000 -0.004427
v 0.001197 0.075000 -0.004855
v 0.010000 0.000000 0.000000
v 0.009808 0.001951 0.000000
v 0.009239 0.003827 0.000000
v 0.008315 0.005556 0.000000
v 0.007071 0.007071 0.000000
v 0.005556 0.008315 0.000000
v 0.003827 0.009239 0.000000
v 0.001951 0.009808 0.000000
v 0.000000 0.010000 0.000000
v 0.009801 0.000000 -0.001987
v 0.009211 0.000000 -0.003894
v 0.008253 0.000000 -0.005646
v 0.006967 0.000000 -0.007174
v 0.005403 0.000000 -0.008415
v 0.003624 0.000000 -0.009320
v 0.001843 0.000000 -0.009829
v 0.000000 0.000000 -0.010000
v 0.000000 0.000000 -0.010000
v 0.010000 0.000000 0.000000
v 0.009801 0.000000 -0.001987
v 0.009211 0.000000 -0.003894
v 0.008253 0.000000 -0.005646
v 0.006967 0.000000 -0.007174
v 0.005403 0.000000 -0.008415
v 0.003624 0.000000 -0.009320
v 0.001843 0.000000 -0.009829
v 0.000000 -0.010000 0.000000
v 0.001951 -0.009808 0.000000
v 0.003827 -0.009239 0.000000
v 0.005556 -0.008315 0.000000
v 0.007071 -0.007071 0.000000
v 0.008315 -0.005556 0.000000
v 0.009239 -0.003827 0.000000
v 0.009808 -0.001951 0.000000
v -0.001951 -0.009808 -0.000000
v -0.003827 -0.009239 -0.000000
v -0.005556 -0.008315 -0.000000
v -0.007071 -0.007071 -0.000000
v -0.008315 -0.005556 -0.000000
v -0.009239 -0.003827 -0.000000
v -0.009808 -0.001951 -0.000000
v -0.010000 0.000000 -0.000000
v -0.009808 0.001951 -0.000000
v -0.009239 0.003827 -0.000000
v -0.008315 0.005556 -0.000000
v -0.007071 0.007071 -0.000000
v -0.005556 0.008315 -0.000000
v -0.003827 0.009239 -0.000000
v -0.001951 0.009808 -0.000000
v -0.007957 0.002414 -0.005556
v -0.007333 0.003920 -0.005556
v -0.006533 0.002706 -0.007071
v -0.004900 0.002619 -0.008315
v -0.005316 0.001613 -0.008315
v -0.008275 0.000815 -0.005556
v -0.006935 0.001379 -0.007071
v -0.007071 0.000000 -0.007071
v -0.005529 0.000545 -0.008315
v -0.005529 -0.000545 -0.008315
v -0.008275 -0.000815 -0.005556
v -0.006935 -0.001379 -0.007071
v -0.005316 -0.001613 -0.008315
v -0.007957 -0.002414 -0.005556
v -0.004900 -0.002619 -0.008315
v -0.006533 -0.002706 -0.007071
v -0.007333 -0.003920 -0.005556
v -0.009061 -0.001802 -0.003827
v -0.009239 0.000000 -0.003827
v -0.003827 0.000000 -0.009239
v -0.003753 -0.000747 -0.009239
v -0.004295 -0.003525 -0.008315
v -0.005879 -0.003928 -0.007071
v -0.008536 -0.003536 -0.003827
v -0.009061 0.001802 -0.003827
v -0.005879 0.003928 -0.007071
v -0.004295 0.003525 -0.008315
v -0.003753 0.000747 -0.009239
v -0.003536 0.001464 -0.009239
v -0.003536 -0.001464 -0.009239
v -0.006427 -0.005275 -0.005556
v -0.008536 0.003536 -0.003827
v -0.006427 0.005275 -0.005556
v -0.005000 -0.005000 -0.007071
v -0.003525 -0.004295 -0.008315
v -0.003928 -0.005879 -0.007071
v -0.003182 -0.002126 -0.009239
v -0.007682 -0.005133 -0.003827
v -0.005000 0.005000 -0.007071
v -0.005275 0.006427 -0.005556
v -0.003928 0.005879 -0.007071
v -0.007682 0.005133 -0.003827
v -0.003182 0.002126 -0.009239
v -0.003525 0.004295 -0.008315
v -0.002619 -0.004900 -0.008315
v -0.002706 -0.006533 -0.007071
v -0.005275 -0.006427 -0.005556
v -0.006533 0.006533 -0.003827
v -0.002126 0.003182 -0.009239
v -0.002706 0.002706 -0.009239
v -0.002706 -0.002706 -0.009239
v -0.006533 -0.006533 -0.003827
v -0.002706 0.006533 -0.007071
v -0.002619 0.004900 -0.008315
v -0.002126 -0.003182 -0.009239
v -0.003920 -0.007333 -0.005556
v -0.001613 -0.005316 -0.008315
v -0.001379 -0.006935 -0.007071
v -0.005133 0.007682 -0.003827
v -0.003920 0.007333 -0.005556
v -0.005133 -0.007682 -0.003827
v -0.009761 -0.000961 -0.001951
v -0.009761 0.000961 -0.001951
v -0.003536 -0.008536 -0.003827
v -0.001379 0.006935 -0.007071
v -0.001613 0.005316 -0.008315
v -0.001464 -0.003536 -0.009239
v -0.001942 -0.000191 -0.009808
v -0.001867 -0.000566 -0.009808
v -0.009386 0.002847 -0.001951
v -0.001942 0.000191 -0.009808
v -0.009386 -0.002847 -0.001951
v -0.002414 0.007957 -0.005556
v -0.003536 0.008536 -0.003827
v -0.001867 0.000566 -0.009808
v -0.000545 -0.005529 -0.008315
v 0.000000 -0.007071 -0.007071
v -0.001464 0.003536 -0.009239
v -0.002414 -0.007957 -0.005556
v -0.001721 0.000920 -0.009808
v -0.008650 -0.004623 -0.001951
v -0.008650 0.004623 -0.001951
v -0.001802 -0.009061 -0.003827
v -0.001721 -0.000920 -0.009808
v 0.000000 0.007071 -0.007071
v -0.000545 0.005529 -0.008315
v -0.000747 -0.003753 -0.009239
v -0.001802 0.009061 -0.003827
v -0.007582 0.006222 -0.001951
v -0.000747 0.003753 -0.009239
v -0.001508 -0.001238 -0.009808
v -0.007582 -0.006222 -0.001951
v -0.001508 0.001238 -0.009808
v -0.000815 0.008275 -0.005556
v 0.001379 -0.006935 -0.007071
v 0.000815 -0.008275 -0.005556
v -0.000815 -0.008275 -0.005556
v 0.000815 0.008275 -0.005556
v 0.001379 0.006935 -0.007071
v -0.006222 0.007582 -0.001951
v -0.004623 0.008650 -0.001951
v -0.001238 0.001508 -0.009808
v 0.000000 -0.009239 -0.003827
v -0.006222 -0.007582 -0.001951
v -0.001238 -0.001508 -0.009808
v -0.000920 -0.001721 -0.009808
v -0.004623 -0.008650 -0.001951
v 0.000545 0.005529 -0.008315
v 0.000000 0.009239 -0.003827
v -0.000920 0.001721 -0.009808
v 0.000000 -0.003827 -0.009239
v 0.000000 0.003827 -0.009239
v 0.002706 -0.006533 -0.007071
v 0.002414 -0.007957 -0.005556
v 0.000545 -0.005529 -0.008315
v 0.001802 -0.009061 -0.003827
v 0.001802 0.009061 -0.003827
v -0.002847 0.009386 -0.001951
v 0.002414 0.007957 -0.005556
v 0.002706 0.006533 -0.007071
v -0.000566 0.001867 -0.009808
v -0.002847 -0.009386 -0.001951
v -0.000566 -0.001867 -0.009808
v 0.000747 -0.003753 -0.009239
v -0.000961 -0.009761 -0.001951
v 0.000747 0.003753 -0.009239
v 0.000566 0.001867 -0.009808
v 0.000191 0.001942 -0.009808
v 0.001613 0.005316 -0.008315
v -0.000961 0.009761 -0.001951
v -0.000191 -0.001942 -0.009808
v -0.000191 0.001942 -0.009808
v 0.003920 -0.007333 -0.005556
v 0.001613 -0.005316 -0.008315
v 0.003536 -0.008536 -0.003827
v 0.003920 0.007333 -0.005556
v 0.000961 -0.009761 -0.001951
v 0.003536 0.008536 -0.003827
v 0.001464 -0.003536 -0.009239
v 0.001464 0.003536 -0.009239
v 0.003928 0.005879 -0.007071
v 0.002619 0.004900 -0.008315
v 0.000961 0.009761 -0.001951
v 0.000191 -0.001942 -0.009808
v 0.002619 -0.004900 -0.008315
v 0.003928 -0.005879 -0.007071
v 0.002847 -0.009386 -0.001951
v 0.002847 0.009386 -0.001951
v 0.000566 -0.001867 -0.009808
v 0.005275 -0.006427 -0.005556
v 0.005133 -0.007682 -0.003827
v 0.005133 0.007682 -0.003827
v 0.005275 0.006427 -0.005556
v 0.005000 0.005000 -0.007071
v 0.003525 0.004295 -0.008315
v 0.005000 -0.005000 -0.007071
v 0.003525 -0.004295 -0.008315
v 0.002126 -0.003182 -0.009239
v 0.006427 -0.005275 -0.005556
v 0.006533 -0.006533 -0.003827
v 0.002126 0.003182 -0.009239
v 0.004623 0.008650 -0.001951
v 0.006533 0.006533 -0.003827
v 0.006427 0.005275 -0.005556
v 0.004623 -0.008650 -0.001951
v 0.000920 -0.001721 -0.009808
v 0.000920 0.001721 -0.009808
v 0.005879 0.003928 -0.007071
v 0.004295 0.003525 -0.008315
v 0.002706 -0.002706 -0.009239
v 0.004295 -0.003525 -0.008315
v 0.006222 -0.007582 -0.001951
v 0.002706 0.002706 -0.009239
v 0.005879 -0.003928 -0.007071
v 0.001238 -0.001508 -0.009808
v 0.007333 -0.003920 -0.005556
v 0.007682 -0.005133 -0.003827
v 0.006222 0.007582 -0.001951
v 0.001238 0.001508 -0.009808
v 0.004900 -0.002619 -0.008315
v 0.006533 -0.002706 -0.007071
v 0.007682 0.005133 -0.003827
v 0.007333 0.003920 -0.005556
v 0.007582 -0.006222 -0.001951
v 0.003182 -0.002126 -0.009239
v 0.004900 0.002619 -0.008315
v 0.003182 0.002126 -0.009239
v 0.001942 0.000191 -0.009808
v 0.001867 0.000566 -0.009808
v 0.007957 -0.002414 -0.005556
v 0.008536 -0.003536 -0.003827
v 0.001508 -0.001238 -0.009808
v 0.007582 0.006222 -0.001951
v 0.006533 0.002706 -0.007071
v 0.001508 0.001238 -0.009808
v 0.008536 0.003536 -0.003827
v 0.007957 0.002414 -0.005556
v 0.005316 0.001613 -0.008315
v 0.003536 0.001464 -0.009239
v 0.003536 -0.001464 -0.009239
v 0.005316 -0.001613 -0.008315
v 0.008275 -0.000815 -0.005556
v 0.009061 -0.001802 -0.003827
v 0.001721 -0.000920 -0.009808
v 0.008650 -0.004623 -0.001951
v 0.001721 0.000920 -0.009808
v 0.008650 0.004623 -0.001951
v 0.006935 -0.001379 -0.007071
v 0.006935 0.001379 -0.007071
v 0.009061 0.001802 -0.003827
v 0.008275 0.000815 -0.005556
v 0.003753 -0.000747 -0.009239
v 0.003753 0.000747 -0.009239
v 0.009386 -0.002847 -0.001951
v 0.005529 0.000545 -0.008315
v 0.001867 -0.000566 -0.009808
v 0.005529 -0.000545 -0.008315
v 0.009386 0.002847 -0.001951
v 0.009761 -0.000961 -0.001951
v 0.009761 0.000961 -0.001951
v 0.001942 -0.000191 -0.009808
v 0.000000 -0.010000 0.000000
v -0.001951 -0.009808 -0.000000
v -0.003827 -0.009239 -0.000000
v -0.005556 -0.008315 -0.000000
v -0.007071 -0.007071 -0.000000
v -0.008315 -0.005556 -0.000000
v -0.009239 -0.003827 -0.000000
v -0.009808 -0.001951 -0.000000
v -0.010000 0.000000 -0.000000
v -0.009808 0.001951 -0.000000
v -0.009239 0.003827 -0.000000
v -0.008315 0.005556 -0.000000
v -0.007071 0.007071 -0.000000
v -0.005556 0.008315 -0.000000
v -0.003827 0.009239 -0.000000
v -0.001951 0.009808 -0.000000
v 0.000000 0.010000 0.000000
v 0.001951 -0.009808 0.000000
v 0.003827 -0.009239 0.000000
v 0.005556 -0.008315 0.000000
v 0.007071 -0.007071 0.000000
v 0.008315 -0.005556 0.000000
v 0.009239 -0.003827 0.000000
v 0.009808 -0.001951 0.000000
v 0.010000 0.000000 0.000000
v 0.000000 0.000000 0.010000
v 0.001987 0.000000 0.009801
v 0.003894 0.000000 0.009211
v 0.005646 0.000000 0.008253
v 0.007174 0.000000 0.006967
v 0.008415 0.000000 0.005403
v 0.009320 0.000000 0.003624
v 0.009829 0.000000 0.001843
v 0.000000 0.000000 0.010000
v 0.001987 0.000000 0.009801
v 0.003894 0.000000 0.009211
v 0.005646 0.000000 0.008253
v 0.007174 0.000000 0.006967
v 0.008415 0.000000 0.005403
v 0.009320 0.000000 0.003624
v 0.009829 0.000000 0.001843
v 0.010000 0.000000 0.000000
v 0.009808 0.001951 0.000000
v 0.009239 0.003827 0.000000
v 0.008315 0.005556 0.000000
v 0.007071 0.007071 0.000000
v 0.005556 0.008315 0.000000
v 0.003827 0.009239 0.000000
v 0.001951 0.009808 0.000000
v -0.005316 0.001613 0.008315
v -0.004900 0.002619 0.008315
v -0.006533 0.002706 0.007071
v -0.007333 0.003920 0.005556
v -0.007957 0.002414 0.005556
v -0.005529 0.000545 0.008315
v -0.006935 0.001379 0.007071
v -0.007071 0.000000 0.007071
v -0.008275 0.000815 0.005556
v -0.008275 -0.000815 0.005556
v -0.005529 -0.000545 0.008315
v -0.006935 -0.001379 0.007071
v -0.007957 -0.002414 0.005556
v -0.005316 -0.001613 0.008315
v -0.007333 -0.003920 0.005556
v -0.006533 -0.002706 0.007071
v -0.004900 -0.002619 0.008315
v -0.003753 -0.000747 0.009239
v -0.003827 0.000000 0.009239
v -0.009239 0.000000 0.003827
v -0.009061 -0.001802 0.003827
v -0.006427 -0.005275 0.005556
v -0.005879 -0.003928 0.007071
v -0.003536 -0.001464 0.009239
v -0.003753 0.000747 0.009239
v -0.005879 0.003928 0.007071
v -0.006427 0.005275 0.005556
v -0.009061 0.001802 0.003827
v -0.008536 0.003536 0.003827
v -0.008536 -0.003536 0.003827
v -0.004295 -0.003525 0.008315
v -0.003536 0.001464 0.009239
v -0.004295 0.003525 0.008315
v -0.005000 -0.005000 0.007071
v -0.005275 -0.006427 0.005556
v -0.003928 -0.005879 0.007071
v -0.007682 -0.005133 0.003827
v -0.003182 -0.002126 0.009239
v -0.003525 -0.004295 0.008315
v -0.003182 0.002126 0.009239
v -0.005000 0.005000 0.007071
v -0.003525 0.004295 0.008315
v -0.003928 0.005879 0.007071
v -0.005275 0.006427 0.005556
v -0.007682 0.005133 0.003827
v -0.003920 -0.007333 0.005556
v -0.002706 -0.006533 0.007071
v -0.002706 0.002706 0.009239
v -0.002126 -0.003182 0.009239
v -0.002706 -0.002706 0.009239
v -0.006533 -0.006533 0.003827
v -0.005133 0.007682 0.003827
v -0.006533 0.006533 0.003827
v -0.002706 0.006533 0.007071
v -0.003920 0.007333 0.005556
v -0.005133 -0.007682 0.003827
v -0.002619 -0.004900 0.008315
v -0.002126 0.003182 0.009239
v -0.002619 0.004900 0.008315
v -0.002414 -0.007957 0.005556
v -0.001379 -0.006935 0.007071
v -0.001942 -0.000191 0.009808
v -0.001942 0.000191 0.009808
v -0.001379 0.006935 0.007071
v -0.002414 0.007957 0.005556
v -0.001867 -0.000566 0.009808
v -0.001867 0.000566 0.009808
v -0.009761 -0.000961 0.001951
v -0.009386 -0.002847 0.001951
v -0.009761 0.000961 0.001951
v -0.000545 -0.005529 0.008315
v -0.001613 -0.005316 0.008315
v -0.001464 -0.003536 0.009239
v -0.001464 0.003536 0.009239
v -0.001613 0.005316 0.008315
v -0.009386 0.002847 0.001951
v -0.003536 -0.008536 0.003827
v -0.003536 0.008536 0.003827
v -0.001721 0.000920 0.009808
v -0.008650 0.004623 0.001951
v -0.001721 -0.000920 0.009808
v 0.000000 0.007071 0.007071
v -0.000815 0.008275 0.005556
v -0.008650 -0.004623 0.001951
v -0.000815 -0.008275 0.005556
v 0.000000 -0.007071 0.007071
v -0.001508 0.001238 0.009808
v -0.001508 -0.001238 0.009808
v -0.000747 0.003753 0.009239
v -0.000747 -0.003753 0.009239
v -0.007582 -0.006222 0.001951
v -0.000545 0.005529 0.008315
v -0.007582 0.006222 0.001951
v -0.001802 -0.009061 0.003827
v -0.001802 0.009061 0.003827
v 0.001379 -0.006935 0.007071
v 0.000545 -0.005529 0.008315
v -0.000920 -0.001721 0.009808
v -0.001238 -0.001508 0.009808
v -0.001238 0.001508 0.009808
v 0.000545 0.005529 0.008315
v 0.001379 0.006935 0.007071
v -0.006222 0.007582 0.001951
v -0.006222 -0.007582 0.001951
v -0.000920 0.001721 0.009808
v -0.004623 -0.008650 0.001951
v 0.000000 -0.003827 0.009239
v 0.000000 0.003827 0.009239
v -0.004623 0.008650 0.001951
v 0.000000 -0.009239 0.003827
v 0.000815 0.008275 0.005556
v 0.000000 0.009239 0.003827
v 0.002706 -0.006533 0.007071
v 0.001613 -0.005316 0.008315
v 0.000815 -0.008275 0.005556
v -0.000191 -0.001942 0.009808
v -0.000566 -0.001867 0.009808
v -0.002847 0.009386 0.001951
v -0.000566 0.001867 0.009808
v 0.001613 0.005316 0.008315
v 0.002706 0.006533 0.007071
v -0.002847 -0.009386 0.001951
v 0.000747 -0.003753 0.009239
v 0.000747 0.003753 0.009239
v 0.001802 -0.009061 0.003827
v 0.001802 0.009061 0.003827
v -0.000961 -0.009761 0.001951
v -0.000191 0.001942 0.009808
v 0.002414 0.007957 0.005556
v -0.000961 0.009761 0.001951
v 0.002619 -0.004900 0.008315
v 0.002414 -0.007957 0.005556
v 0.002619 0.004900 0.008315
v 0.001464 -0.003536 0.009239
v 0.000191 -0.001942 0.009808
v 0.001464 0.003536 0.009239
v 0.003536 -0.008536 0.003827
v 0.003536 0.008536 0.003827
v 0.000961 -0.009761 0.001951
v 0.003928 0.005879 0.007071
v 0.003920 0.007333 0.005556
v 0.000191 0.001942 0.009808
v 0.000961 0.009761 0.001951
v 0.003920 -0.007333 0.005556
v 0.003928 -0.005879 0.007071
v 0.000566 -0.001867 0.009808
v 0.000566 0.001867 0.009808
v 0.002847 -0.009386 0.001951
v 0.002126 0.003182 0.009239
v 0.003525 0.004295 0.008315
v 0.002847 0.009386 0.001951
v 0.003525 -0.004295 0.008315
v 0.002126 -0.003182 0.009239
v 0.004295 -0.003525 0.008315
v 0.002706 -0.002706 0.009239
v 0.005275 -0.006427 0.005556
v 0.005000 -0.005000 0.007071
v 0.005133 -0.007682 0.003827
v 0.005000 0.005000 0.007071
v 0.005275 0.006427 0.005556
v 0.005133 0.007682 0.003827
v 0.002706 0.002706 0.009239
v 0.004295 0.003525 0.008315
v 0.004623 -0.008650 0.001951
v 0.000920 -0.001721 0.009808
v 0.000920 0.001721 0.009808
v 0.001238 -0.001508 0.009808
v 0.004623 0.008650 0.001951
v 0.006533 -0.006533 0.003827
v 0.006427 -0.005275 0.005556
v 0.005879 0.003928 0.007071
v 0.006427 0.005275 0.005556
v 0.006533 0.006533 0.003827
v 0.005879 -0.003928 0.007071
v 0.004900 -0.002619 0.008315
v 0.006222 -0.007582 0.001951
v 0.003182 -0.002126 0.009239
v 0.001238 0.001508 0.009808
v 0.006222 0.007582 0.001951
v 0.007682 -0.005133 0.003827
v 0.007333 -0.003920 0.005556
v 0.003182 0.002126 0.009239
v 0.004900 0.002619 0.008315
v 0.007333 0.003920 0.005556
v 0.007682 0.005133 0.003827
v 0.001508 -0.001238 0.009808
v 0.007582 -0.006222 0.001951
v 0.006533 0.002706 0.007071
v 0.006533 -0.002706 0.007071
v 0.001508 0.001238 0.009808
v 0.007582 0.006222 0.001951
v 0.005316 -0.001613 0.008315
v 0.003536 -0.001464 0.009239
v 0.001721 -0.000920 0.009808
v 0.008536 -0.003536 0.003827
v 0.007957 -0.002414 0.005556
v 0.007957 0.002414 0.005556
v 0.008536 0.003536 0.003827
v 0.006935 -0.001379 0.007071
v 0.003536 0.001464 0.009239
v 0.005316 0.001613 0.008315
v 0.008650 0.004623 0.001951
v 0.001721 0.000920 0.009808
v 0.008650 -0.004623 0.001951
v 0.003753 0.000747 0.009239
v 0.005529 0.000545 0.008315
v 0.006935 0.001379 0.007071
v 0.009061 -0.001802 0.003827
v 0.005529 -0.000545 0.008315
v 0.003753 -0.000747 0.009239
v 0.009061 0.001802 0.003827
v 0.008275 0.000815 0.005556
v 0.001867 -0.000566 0.009808
v 0.001867 0.000566 0.009808
v 0.009386 -0.002847 0.001951
v 0.008275 -0.000815 0.005556
v 0.009386 0.002847 0.001951
v 0.001942 -0.000191 0.009808
v 0.001942 0.000191 0.009808
v 0.009761 0.000961 0.001951
v 0.009761 -0.000961 0.001951
v 0.000000 0.000000 0.005000
v -0.000000 -0.001197 0.004855
v -0.000000 -0.002324 0.004427
v -0.000000 -0.003316 0.003743
v -0.000000 -0.004115 0.002840
v -0.000000 -0.004675 0.001773
v -0.000000 -0.004964 0.000603
v -0.000000 -0.004964 -0.000603
v -0.000000 -0.004675 -0.001773
v -0.000000 -0.004115 -0.002840
v -0.000000 -0.003316 -0.003743
v -0.000000 -0.002324 -0.004427
v -0.000000 -0.001197 -0.004855
v -0.000000 -0.000000 -0.005000
v 0.075000 -0.000000 -0.005000
v 0.075000 -0.000000 0.005000
v 0.075000 -0.001197 0.004855
v 0.075000 -0.002324 0.004427
v 0.075000 -0.003316 0.003743
v 0.075000 -0.004115 0.002840
v 0.075000 -0.004675 0.001773
v 0.075000 -0.004964 0.000603
v 0.075000 -0.004964 -0.000603
v 0.075000 -0.004675 -0.001773
v 0.075000 -0.004115 -0.002840
v 0.075000 -0.003316 -0.003743
v 0.075000 -0.002324 -0.004427
v 0.075000 -0.001197 -0.004855
v 0.100000 -0.000000 0.000000
v 0.075000 -0.000000 -0.012500
v 0.100000 -0.000000 0.000000
v 0.075000 -0.000000 0.012500
v 0.075000 -0.002171 0.012310
v 0.075000 -0.004275 0.011746
v 0.075000 -0.006250 0.010825
v 0.075000 -0.008035 0.009576
v 0.075000 -0.009576 0.008035
v 0.075000 -0.010825 0.006250
v 0.075000 -0.011746 0.004275
v 0.075000 -0.012310 0.002171
v 0.075000 -0.012500 0.000000
v 0.075000 -0.012310 -0.002171
v 0.075000 -0.011746 -0.004275
v 0.075000 -0.010825 -0.006250
v 0.075000 -0.009576 -0.008035
v 0.075000 -0.008035 -0.009576
v 0.075000 -0.006250 -0.010825
v 0.075000 -0.004275 -0.011746
v 0.075000 -0.002171 -0.012310
v 0.087500 -0.005144 0.003550
v 0.083333 -0.007792 0.002955
v 0.087500 -0.005844 0.002216
v 0.083333 -0.008273 0.001004
v 0.087500 -0.006204 0.000753
v 0.091667 -0.004136 0.000502
v 0.083333 -0.008273 -0.001004
v 0.087500 -0.006204 -0.000753
v 0.091667 -0.004136 -0.000502
v 0.087500 -0.005844 -0.002216
v 0.083333 -0.007792 -0.002955
v 0.087500 -0.005144 -0.003550
v 0.087500 -0.004145 -0.004678
v 0.091667 -0.003429 -0.002367
v 0.095833 -0.001948 -0.000739
v 0.095833 -0.002068 -0.000251
v 0.091667 -0.003896 -0.001478
v 0.091667 -0.003896 0.001478
v 0.095833 -0.002068 0.000251
v 0.087500 -0.004145 0.004678
v 0.083333 -0.005526 0.006238
v 0.095833 -0.001948 0.000739
v 0.079167 -0.010341 0.001256
v 0.079167 -0.010341 -0.001256
v 0.083333 -0.005526 -0.006238
v 0.091667 -0.003429 0.002367
v 0.079167 -0.009740 0.003694
v 0.079167 -0.009740 -0.003694
v 0.083333 -0.006858 -0.004734
v 0.087500 -0.002905 0.005534
v 0.083333 -0.006858 0.004734
v 0.091667 -0.002763 0.003119
v 0.087500 -0.002905 -0.005534
v 0.095833 -0.001715 -0.001183
v 0.095833 -0.001715 0.001183
v 0.079167 -0.006908 0.007797
v 0.079167 -0.008573 0.005917
v 0.091667 -0.002763 -0.003119
v 0.079167 -0.008573 -0.005917
v 0.091667 -0.001936 0.003689
v 0.079167 -0.006908 -0.007797
v 0.095833 -0.001382 -0.001559
v 0.095833 -0.001382 0.001559
v 0.087500 -0.001496 0.006068
v 0.083333 -0.001994 0.008091
v 0.083333 -0.001994 -0.008091
v 0.087500 -0.001496 -0.006068
v 0.095833 -0.000968 0.001845
v 0.091667 -0.000997 0.004046
v 0.083333 -0.003873 0.007379
v 0.091667 -0.001936 -0.003689
v 0.083333 -0.003873 -0.007379
v 0.095833 -0.000499 -0.002023
v 0.095833 -0.000968 -0.001845
v 0.079167 -0.004841 -0.009224
v 0.079167 -0.004841 0.009224
v 0.095833 -0.000499 0.002023
v 0.091667 -0.000997 -0.004046
v 0.079167 -0.002493 0.010114
v 0.079167 -0.002493 -0.010114
v 0.100000 -0.000000 0.000000
v 0.075000 -0.000000 0.012500
v 0.100000 -0.000000 0.000000
v 0.075000 -0.000000 -0.012500
v 0.075000 0.002171 -0.012310
v 0.075000 0.004275 -0.011746
v 0.075000 0.006250 -0.010825
v 0.075000 0.008035 -0.009576
v 0.075000 0.009576 -0.008035
v 0.075000 0.010825 -0.006250
v 0.075000 0.011746 -0.004275
v 0.075000 0.012310 -0.002171
v 0.075000 0.012500 -0.000000
v 0.075000 0.012310 0.002171
v 0.075000 0.011746 0.004275
v 0.075000 0.010825 0.006250
v 0.075000 0.009576 0.008035
v 0.075000 0.008035 0.009576
v 0.075000 0.006250 0.010825
v 0.075000 0.004275 0.011746
v 0.075000 0.002171 0.012310
v 0.087500 0.005144 -0.003550
v 0.083333 0.007792 -0.002955
v 0.087500 0.005844 -0.002216
v 0.083333 0.008273 -0.001004
v 0.087500 0.006204 -0.000753
v 0.091667 0.004136 -0.000502
v 0.087500 0.006204 0.000753
v 0.083333 0.008273 0.001004
v 0.087500 0.005844 0.002216
v 0.091667 0.004136 0.000502
v 0.087500 0.004145 -0.004678
v 0.083333 0.006858 -0.004734
v 0.091667 0.003896 0.001478
v 0.091667 0.003896 -0.001478
v 0.083333 0.007792 0.002955
v 0.087500 0.005144 0.003550
v 0.091667 0.003429 -0.002367
v 0.095833 0.002068 -0.000251
v 0.095833 0.001948 -0.000739
v 0.095833 0.002068 0.000251
v 0.079167 0.010341 -0.001256
v 0.079167 0.010341 0.001256
v 0.083333 0.006858 0.004734
v 0.087500 0.004145 0.004678
v 0.091667 0.002763 -0.003119
v 0.095833 0.001948 0.000739
v 0.079167 0.009740 -0.003694
v 0.087500 0.002905 -0.005534
v 0.083333 0.005526 -0.006238
v 0.091667 0.003429 0.002367
v 0.079167 0.009740 0.003694
v 0.095833 0.001715 0.001183
v 0.095833 0.001715 -0.001183
v 0.079167 0.008573 -0.005917
v 0.079167 0.008573 0.005917
v 0.083333 0.005526 0.006238
v 0.087500 0.002905 0.005534
v 0.091667 0.002763 0.003119
v 0.079167 0.006908 -0.007797
v 0.095833 0.001382 -0.001559
v 0.091667 0.001936 -0.003689
v 0.079167 0.006908 0.007797
v 0.095833 0.001382 0.001559
v 0.087500 0.001496 -0.006068
v 0.083333 0.003873 -0.007379
v 0.083333 0.003873 0.007379
v 0.087500 0.001496 0.006068
v 0.095833 0.000968 -0.001845
v 0.091667 0.000997 -0.004046
v 0.091667 0.001936 0.003689
v 0.095833 0.000499 0.002023
v 0.095833 0.000968 0.001845
v 0.083333 0.001994 -0.008091
v 0.079167 0.004841 -0.009224
v 0.079167 0.004841 0.009224
v 0.083333 0.001994 0.008091
v 0.095833 0.000499 -0.002023
v 0.079167 0.002493 -0.010114
v 0.091667 0.000997 0.004046
v 0.079167 0.002493 0.010114
v -0.000000 -0.000000 -0.005000
v 0.000000 0.001197 -0.004855
v 0.000000 0.002324 -0.004427
v 0.000000 0.003316 -0.003743
v 0.000000 0.004115 -0.002840
v 0.000000 0.004675 -0.001773
v 0.000000 0.004964 -0.000603
v 0.000000 0.004964 0.000603
v 0.000000 0.004675 0.001773
v 0.000000 0.004115 0.002840
v 0.000000 0.003316 0.003743
v 0.000000 0.002324 0.004427
v 0.000000 0.001197 0.004855
v 0.000000 0.000000 0.005000
v -0.000000 -0.001197 0.004855
v -0.000000 -0.002324 0.004427
v -0.000000 -0.003316 0.003743
v -0.000000 -0.004115 0.002840
v -0.000000 -0.004675 0.001773
v -0.000000 -0.004964 0.000603
v -0.000000 -0.004964 -0.000603
v -0.000000 -0.004675 -0.001773
v -0.000000 -0.004115 -0.002840
v -0.000000 -0.003316 -0.003743
v -0.000000 -0.002324 -0.004427
v -0.000000 -0.001197 -0.004855
v -0.000000 -0.000000 -0.005000
v 0.075000 -0.000000 -0.005000
v 0.000000 0.001197 -0.004855
v 0.000000 0.002324 -0.004427
v 0.000000 0.003316 -0.003743
v 0.000000 0.004115 -0.002840
v 0.000000 0.004675 -0.001773
v 0.000000 0.004964 -0.000603
v 0.000000 0.004964 0.000603
v 0.000000 0.004675 0.001773
v 0.000000 0.004115 0.002840
v 0.000000 0.003316 0.003743
v 0.000000 0.002324 0.004427
v 0.000000 0.001197 0.004855
v 0.000000 0.000000 0.005000
v 0.075000 -0.000000 0.005000
v 0.075000 0.001197 -0.004855
v 0.075000 0.002324 -0.004427
v 0.075000 0.003316 -0.003743
v 0.075000 0.004115 -0.002840
v 0.075000 0.004675 -0.001773
v 0.075000 0.004964 -0.000603
v 0.075000 0.004964 0.000603
v 0.075000 0.004675 0.001773
v 0.075000 0.004115 0.002840
v 0.075000 0.003316 0.003743
v 0.075000 0.002324 0.004427
v 0.075000 0.001197 0.004855
v 0.075000 -0.000000 0.012500
v 0.075000 -0.002171 0.012310
v 0.075000 -0.004275 0.011746
v 0.075000 -0.006250 0.010825
v 0.075000 -0.008035 0.009576
v 0.075000 -0.009576 0.008035
v 0.075000 -0.010825 0.006250
v 0.075000 -0.011746 0.004275
v 0.075000 -0.012310 0.002171
v 0.075000 -0.012500 0.000000
v 0.075000 -0.012310 -0.002171
v 0.075000 -0.011746 -0.004275
v 0.075000 -0.010825 -0.006250
v 0.075000 -0.009576 -0.008035
v 0.075000 -0.008035 -0.009576
v 0.075000 -0.006250 -0.010825
v 0.075000 -0.004275 -0.011746
v 0.075000 -0.002171 -0.012310
v 0.075000 -0.000000 -0.012500
v 0.075000 0.002171 -0.012310
v 0.075000 0.004275 -0.011746
v 0.075000 0.006250 -0.010825
v 0.075000 0.008035 -0.009576
v 0.075000 0.009576 -0.008035
v 0.075000 0.010825 -0.006250
v 0.075000 0.011746 -0.004275
v 0.075000 0.012310 -0.002171
v 0.075000 0.012500 -0.000000
v 0.075000 0.012310 0.002171
v 0.075000 0.011746 0.004275
v 0.075000 0.010825 0.006250
v 0.075000 0.009576 0.008035
v 0.075000 0.008035 0.009576
v 0.075000 0.006250 0.010825
v 0.075000 0.004275 0.011746
v 0.075000 0.002171 0.012310
v 0.075000 -0.000000 -0.005000
v 0.075000 0.001197 -0.004855
v 0.075000 0.002324 -0.004427
v 0.075000 0.003316 -0.003743
v 0.075000 0.004115 -0.002840
v 0.075000 0.004675 -0.001773
v 0.075000 0.004964 -0.000603
v 0.075000 0.004964 0.000603
v 0.075000 0.004675 0.001773
v 0.075000 0.004115 0.002840
v 0.075000 0.003316 0.003743
v 0.075000 0.002324 0.004427
v 0.075000 0.001197 0.004855
v 0.075000 -0.000000 0.005000
v 0.075000 -0.001197 0.004855
v 0.075000 -0.002324 0.004427
v 0.075000 -0.003316 0.003743
v 0.075000 -0.004115 0.002840
v 0.075000 -0.004675 0.001773
v 0.075000 -0.004964 0.000603
v 0.075000 -0.004964 -0.000603
v 0.075000 -0.004675 -0.001773
v 0.075000 -0.004115 -0.002840
v 0.075000 -0.003316 -0.003743
v 0.075000 -0.002324 -0.004427
v 0.075000 -0.001197 -0.004855
v 0.000000 -0.005000 -0.000000
v 0.001197 -0.004855 -0.000000
v 0.002324 -0.004427 -0.000000
v 0.003316 -0.003743 -0.000000
v 0.004115 -0.002840 -0.000000
v 0.004675 -0.001773 -0.000000
v 0.004964 -0.000603 -0.000000
v 0.004964 0.000603 0.000000
v 0.004675 0.001773 0.000000
v 0.004115 0.002840 0.000000
v 0.003316 0.003743 0.000000
v 0.002324 0.004427 0.000000
v 0.001197 0.004855 0.000000
v 0.000000 0.005000 0.000000
v 0.000000 0.005000 0.075000
v 0.000000 -0.005000 0.075000
v 0.001197 -0.004855 0.075000
v 0.002324 -0.004427 0.075000
v 0.003316 -0.003743 0.075000
v 0.004115 -0.002840 0.075000
v 0.004675 -0.001773 0.075000
v 0.004964 -0.000603 0.075000
v 0.004964 0.000603 0.075000
v 0.004675 0.001773 0.075000
v 0.004115 0.002840 0.075000
v 0.003316 0.003743 0.075000
v 0.002324 0.004427 0.075000
v 0.001197 0.004855 0.075000
v 0.000000 -0.000000 0.100000
v 0.000000 0.012500 0.075000
v 0.000000 -0.000000 0.100000
v 0.000000 -0.012500 0.075000
v 0.002171 -0.012310 0.075000
v 0.004275 -0.011746 0.075000
v 0.006250 -0.010825 0.075000
v 0.008035 -0.009576 0.075000
v 0.009576 -0.008035 0.075000
v 0.010825 -0.006250 0.075000
v 0.011746 -0.004275 0.075000
v 0.012310 -0.002171 0.075000
v 0.012500 -0.000000 0.075000
v 0.012310 0.002171 0.075000
v 0.011746 0.004275 0.075000
v 0.010825 0.006250 0.075000
v 0.009576 0.008035 0.075000
v 0.008035 0.009576 0.075000
v 0.006250 0.010825 0.075000
v 0.004275 0.011746 0.075000
v 0.002171 0.012310 0.075000
v 0.002068 -0.000251 0.095833
v 0.001948 -0.000739 0.095833
v 0.004136 -0.000502 0.091667
v 0.006204 -0.000753 0.087500
v 0.007792 -0.002955 0.083333
v 0.008273 -0.001004 0.083333
v 0.005844 -0.002216 0.087500
v 0.008273 0.001004 0.083333
v 0.006204 0.000753 0.087500
v 0.004136 0.000502 0.091667
v 0.005144 -0.003550 0.087500
v 0.004145 -0.004678 0.087500
v 0.006858 -0.004734 0.083333
v 0.005844 0.002216 0.087500
v 0.007792 0.002955 0.083333
v 0.005144 0.003550 0.087500
v 0.002068 0.000251 0.095833
v 0.003896 -0.001478 0.091667
v 0.003429 -0.002367 0.091667
v 0.004145 0.004678 0.087500
v 0.002763 0.003119 0.091667
v 0.003896 0.001478 0.091667
v 0.010341 -0.001256 0.079167
v 0.005526 0.006238 0.083333
v 0.010341 0.001256 0.079167
v 0.003429 0.002367 0.091667
v 0.001948 0.000739 0.095833
v 0.009740 -0.003694 0.079167
v 0.009740 0.003694 0.079167
v 0.006858 0.004734 0.083333
v 0.002905 -0.005534 0.087500
v 0.005526 -0.006238 0.083333
v 0.002763 -0.003119 0.091667
v 0.001715 -0.001183 0.095833
v 0.001382 -0.001559 0.095833
v 0.001715 0.001183 0.095833
v 0.008573 -0.005917 0.079167
v 0.006908 -0.007797 0.079167
v 0.002905 0.005534 0.087500
v 0.008573 0.005917 0.079167
v 0.006908 0.007797 0.079167
v 0.001382 0.001559 0.095833
v 0.001496 -0.006068 0.087500
v 0.003873 -0.007379 0.083333
v 0.003873 0.007379 0.083333
v 0.001496 0.006068 0.087500
v 0.001936 -0.003689 0.091667
v 0.000968 -0.001845 0.095833
v 0.000997 -0.004046 0.091667
v 0.002493 -0.010114 0.079167
v 0.004841 -0.009224 0.079167
v 0.001936 0.003689 0.091667
v 0.000997 0.004046 0.091667
v 0.000968 0.001845 0.095833
v 0.004841 0.009224 0.079167
v 0.001994 0.008091 0.083333
v 0.000499 0.002023 0.095833
v 0.001994 -0.008091 0.083333
v 0.000499 -0.002023 0.095833
v 0.002493 0.010114 0.079167
v 0.000000 -0.000000 0.100000
v 0.000000 -0.012500 0.075000
v 0.000000 -0.000000 0.100000
v 0.000000 0.012500 0.075000
v -0.002171 0.012310 0.075000
v -0.004275 0.011746 0.075000
v -0.006250 0.010825 0.075000
v -0.008035 0.009576 0.075000
v -0.009576 0.008035 0.075000
v -0.010825 0.006250 0.075000
v -0.011746 0.004275 0.075000
v -0.012310 0.002171 0.075000
v -0.012500 -0.000000 0.075000
v -0.012310 -0.002171 0.075000
v -0.011746 -0.004275 0.075000
v -0.010825 -0.006250 0.075000
v -0.009576 -0.008035 0.075000
v -0.008035 -0.009576 0.075000
v -0.006250 -0.010825 0.075000
v -0.004275 -0.011746 0.075000
v -0.002171 -0.012310 0.075000
v -0.005144 0.003550 0.087500
v -0.007792 0.002955 0.083333
v -0.005844 0.002216 0.087500
v -0.008273 0.001004 0.083333
v -0.006204 0.000753 0.087500
v -0.004136 0.000502 0.091667
v -0.006204 -0.000753 0.087500
v -0.008273 -0.001004 0.083333
v -0.005844 -0.002216 0.087500
v -0.004136 -0.000502 0.091667
v -0.004145 0.004678 0.087500
v -0.006858 0.004734 0.083333
v -0.003896 -0.001478 0.091667
v -0.003896 0.001478 0.091667
v -0.007792 -0.002955 0.083333
v -0.005144 -0.003550 0.087500
v -0.003429 0.002367 0.091667
v -0.002068 0.000251 0.095833
v -0.001948 0.000739 0.095833
v -0.002068 -0.000251 0.095833
v -0.010341 0.001256 0.079167
v -0.010341 -0.001256 0.079167
v -0.006858 -0.004734 0.083333
v -0.004145 -0.004678 0.087500
v -0.002763 0.003119 0.091667
v -0.001948 -0.000739 0.095833
v -0.009740 0.003694 0.079167
v -0.002905 0.005534 0.087500
v -0.005526 0.006238 0.083333
v -0.003429 -0.002367 0.091667
v -0.009740 -0.003694 0.079167
v -0.002763 -0.003119 0.091667
v -0.001715 -0.001183 0.095833
v -0.001715 0.001183 0.095833
v -0.008573 0.005917 0.079167
v -0.008573 -0.005917 0.079167
v -0.005526 -0.006238 0.083333
v -0.002905 -0.005534 0.087500
v -0.006908 0.007797 0.079167
v -0.001382 0.001559 0.095833
v -0.001936 0.003689 0.091667
v -0.006908 -0.007797 0.079167
v -0.001382 -0.001559 0.095833
v -0.001496 0.006068 0.087500
v -0.003873 0.007379 0.083333
v -0.003873 -0.007379 0.083333
v -0.001496 -0.006068 0.087500
v -0.000968 0.001845 0.095833
v -0.000997 0.004046 0.091667
v -0.001936 -0.003689 0.091667
v -0.000997 -0.004046 0.091667
v -0.000968 -0.001845 0.095833
v -0.001994 0.008091 0.083333
v -0.004841 0.009224 0.079167
v -0.004841 -0.009224 0.079167
v -0.001994 -0.008091 0.083333
v -0.002493 0.010114 0.079167
v -0.000499 0.002023 0.095833
v -0.000499 -0.002023 0.095833
v -0.002493 -0.010114 0.079167
v 0.000000 0.005000 0.000000
v -0.001197 0.004855 0.000000
v -0.002324 0.004427 0.000000
v -0.003316 0.003743 0.000000
v -0.004115 0.002840 0.000000
v -0.004675 0.001773 0.000000
v -0.004964 0.000603 0.000000
v -0.004964 -0.000603 -0.000000
v -0.004675 -0.001773 -0.000000
v -0.004115 -0.002840 -0.000000
v -0.003316 -0.003743 -0.000000
v -0.002324 -0.004427 -0.000000
v -0.001197 -0.004855 -0.000000
v 0.000000 -0.005000 -0.000000
v 0.001197 -0.004855 -0.000000
v 0.002324 -0.004427 -0.000000
v 0.003316 -0.003743 -0.000000
v 0.004115 -0.002840 -0.000000
v 0.004675 -0.001773 -0.000000
v 0.004964 -0.000603 -0.000000
v 0.004964 0.000603 0.000000
v 0.004675 0.001773 0.000000
v 0.004115 0.002840 0.000000
v 0.003316 0.003743 0.000000
v 0.002324 0.004427 0.000000
v 0.001197 0.004855 0.000000
v 0.000000 0.005000 0.000000
v 0.000000 0.005000 0.075000
v -0.001197 0.004855 0.000000
v -0.002324 0.004427 0.000000
v -0.003316 0.003743 0.000000
v -0.004115 0.002840 0.000000
v -0.004675 0.001773 0.000000
v -0.004964 0.000603 0.000000
v -0.004964 -0.000603 -0.000000
v -0.004675 -0.001773 -0.000000
v -0.004115 -0.002840 -0.000000
v -0.003316 -0.003743 -0.000000
v -0.002324 -0.004427 -0.000000
v -0.001197 -0.004855 -0.000000
v 0.000000 -0.005000 -0.000000
v 0.000000 -0.005000 0.075000
v -0.001197 0.004855 0.075000
v -0.002324 0.004427 0.075000
v -0.003316 0.003743 0.075000
v -0.004115 0.002840 0.075000
v -0.004675 0.001773 0.075000
v -0.004964 0.000603 0.075000
v -0.004964 -0.000603 0.075000
v -0.004675 -0.001773 0.075000
v -0.004115 -0.002840 0.075000
v -0.003316 -0.003743 0.075000
v -0.002324 -0.004427 0.075000
v -0.001197 -0.004855 0.075000
v 0.000000 -0.012500 0.075000
v 0.002171 -0.012310 0.075000
v 0.004275 -0.011746 0.075000
v 0.006250 -0.010825 0.075000
v 0.008035 -0.009576 0.075000
v 0.009576 -0.008035 0.075000
v 0.010825 -0.006250 0.075000
v 0.011746 -0.004275 0.075000
v 0.012310 -0.002171 0.075000
v 0.012500 -0.000000 0.075000
v 0.012310 0.002171 0.075000
v 0.011746 0.004275 0.075000
v 0.010825 0.006250 0.075000
v 0.009576 0.008035 0.075000
v 0.008035 0.009576 0.075000
v 0.006250 0.010825 0.075000
v 0.004275 0.011746 0.075000
v 0.002171 0.012310 0.075000
v 0.000000 0.012500 0.075000
v -0.002171 0.012310 0.075000
v -0.004275 0.011746 0.075000
v -0.006250 0.010825 0.075000
v -0.008035 0.009576 0.075000
v -0.009576 0.008035 0.075000
v -0.010825 0.006250 0.075000
v -0.011746 0.004275 0.075000
v -0.012310 0.002171 0.075000
v -0.012500 -0.000000 0.075000
v -0.012310 -0.002171 0.075000
v -0.011746 -0.004275 0.075000
v -0.010825 -0.006250 0.075000
v -0.009576 -0.008035 0.075000
v -0.008035 -0.009576 0.075000
v -0.006250 -0.010825 0.075000
v -0.004275 -0.011746 0.075000
v -0.002171 -0.012310 0.075000
v 0.000000 0.005000 0.075000
v -0.001197 0.004855 0.075000
v -0.002324 0.004427 0.075000
v -0.003316 0.003743 0.075000
v -0.004115 0.002840 0.075000
v -0.004675 0.001773 0.075000
v -0.004964 0.000603 0.075000
v -0.004964 -0.000603 0.075000
v -0.004675 -0.001773 0.075000
v -0.004115 -0.002840 0.075000
v -0.003316 -0.003743 0.075000
v -0.002324 -0.004427 0.075000
v -0.001197 -0.004855 0.075000
v 0.000000 -0.005000 0.075000
v 0.001197 -0.004855 0.075000
v 0.002324 -0.004427 0.075000
v 0.003316 -0.003743 0.075000
v 0.004115 -0.002840 0.075000
v 0.004675 -0.001773 0.075000
v 0.004964 -0.000603 0.075000
v 0.004964 0.000603 0.075000
v 0.004675 0.001773 0.075000
v 0.004115 0.002840 0.075000
v 0.003316 0.003743 0.075000
v 0.002324 0.004427 0.075000
v 0.001197 0.004855 0.075000
v 0.005651 -0.025000 0.025000
v 0.025000 -0.025000 0.025000
v 0.005651 -0.025000 0.020000
v -0.005651 -0.025000 0.020000
v -0.005651 -0.025000 0.025000
v -0.025000 -0.025000 0.025000
v -0.025000 -0.025000 -0.025000
v 0.025000 -0.025000 -0.025000
v 0.025000 -0.025000 -0.006421
v 0.020000 -0.025000 -0.006421
v 0.020000 -0.025000 -0.002854
v 0.025000 -0.025000 -0.002854
v 0.025000 -0.025000 0.003294
v 0.020000 -0.025000 0.003294
v 0.020000 -0.025000 0.006216
v 0.025000 -0.025000 0.006216
v -0.001836 -0.022329 0.025000
v 0.005651 -0.022329 0.025000
v 0.005651 -0.025000 0.025000
v 0.025000 -0.025000 0.025000
v 0.025000 0.025000 0.025000
v 0.001849 0.025000 0.025000
v 0.001849 0.020000 0.025000
v -0.001438 0.020000 0.025000
v -0.001438 0.025000 0.025000
v -0.025000 0.025000 0.025000
v -0.025000 -0.025000 0.025000
v -0.005651 -0.025000 0.025000
v -0.005651 -0.022676 0.025000
v 0.001763 -0.012671 0.025000
v -0.005131 -0.012671 0.025000
v -0.005131 -0.010000 0.025000
v 0.005439 -0.010000 0.025000
v 0.005439 -0.012472 0.025000
v 0.025000 -0.025000 0.003294
v 0.025000 -0.025000 -0.002854
v 0.025000 -0.019346 0.000183
v 0.025000 -0.010000 -0.006010
v 0.025000 -0.017006 -0.001958
v 0.025000 -0.025000 -0.006421
v 0.025000 -0.025000 -0.025000
v 0.025000 0.025000 -0.025000
v 0.025000 0.025000 0.025000
v 0.025000 -0.025000 0.025000
v 0.025000 -0.025000 0.006216
v 0.025000 -0.017057 0.001670
v 0.025000 -0.010000 0.005599
v 0.025000 -0.010000 0.002064
v 0.025000 -0.014813 -0.000494
v 0.025000 -0.010000 -0.003153
v 0.006575 0.025000 0.010000
v 0.001849 0.025000 0.018630
v 0.003535 0.025000 0.010000
v 0.000478 0.025000 0.015811
v -0.002713 0.025000 0.010000
v -0.006370 0.025000 0.010000
v -0.001438 0.025000 0.018691
v -0.001438 0.025000 0.025000
v -0.025000 0.025000 0.025000
v -0.025000 0.025000 -0.025000
v 0.025000 0.025000 -0.025000
v 0.025000 0.025000 0.025000
v 0.001849 0.025000 0.025000
v -0.025000 -0.025000 0.025000
v -0.025000 0.025000 0.025000
v -0.025000 0.025000 -0.025000
v -0.025000 -0.025000 -0.025000
v -0.025000 -0.025000 -0.025000
v -0.025000 0.025000 -0.025000
v 0.025000 0.025000 -0.025000
v 0.025000 -0.025000 -0.025000
v 0.001849 0.025000 0.018630
v 0.001849 0.025000 0.025000
v 0.001849 0.020000 0.018630
v 0.001849 0.020000 0.025000
v -0.001438 0.025000 0.025000
v -0.001438 0.025000 0.018691
v -0.001438 0.020000 0.025000
v -0.001438 0.020000 0.018691
v -0.001438 0.025000 0.018691
v -0.006370 0.025000 0.010000
v -0.001438 0.020000 0.018691
v -0.006370 0.020000 0.010000
v -0.006370 0.025000 0.010000
v -0.002713 0.025000 0.010000
v -0.006370 0.020000 0.010000
v -0.002713 0.020000 0.010000
v -0.002713 0.025000 0.010000
v 0.000478 0.025000 0.015811
v -0.002713 0.020000 0.010000
v 0.000478 0.020000 0.015811
v 0.000478 0.025000 0.015811
v 0.003535 0.025000 0.010000
v 0.000478 0.020000 0.015811
v 0.003535 0.020000 0.010000
v 0.003535 0.025000 0.010000
v 0.006575 0.025000 0.010000
v 0.003535 0.020000 0.010000
v 0.006575 0.020000 0.010000
v 0.006575 0.025000 0.010000
v 0.001849 0.025000 0.018630
v 0.006575 0.020000 0.010000
v 0.001849 0.020000 0.018630
v 0.001849 0.020000 0.025000
v -0.001438 0.020000 0.025000
v -0.001438 0.020000 0.018691
v -0.006370 0.020000 0.010000
v -0.002713 0.020000 0.010000
v 0.000478 0.020000 0.015811
v 0.003535 0.020000 0.010000
v 0.006575 0.020000 0.010000
v 0.001849 0.020000 0.018630
v 0.025000 -0.017006 -0.001958
v 0.025000 -0.025000 -0.006421
v 0.020000 -0.017006 -0.001958
v 0.020000 -0.025000 -0.006421
v 0.025000 -0.025000 -0.002854
v 0.025000 -0.019346 0.000183
v 0.020000 -0.025000 -0.002854
v 0.020000 -0.019346 0.000183
v 0.025000 -0.019346 0.000183
v 0.025000 -0.025000 0.003294
v 0.020000 -0.019346 0.000183
v 0.020000 -0.025000 0.003294
v 0.025000 -0.025000 0.006216
v 0.025000 -0.017057 0.001670
v 0.020000 -0.025000 0.006216
v 0.020000 -0.017057 0.001670
v 0.025000 -0.017057 0.001670
v 0.025000 -0.010000 0.005599
v 0.020000 -0.017057 0.001670
v 0.020000 -0.010000 0.005599
v 0.025000 -0.010000 0.005599
v 0.025000 -0.010000 0.002064
v 0.020000 -0.010000 0.005599
v 0.020000 -0.010000 0.002064
v 0.025000 -0.010000 0.002064
v 0.025000 -0.014813 -0.000494
v 0.020000 -0.010000 0.002064
v 0.020000 -0.014813 -0.000494
v 0.025000 -0.014813 -0.000494
v 0.025000 -0.010000 -0.003153
v 0.020000 -0.014813 -0.000494
v 0.020000 -0.010000 -0.003153
v 0.025000 -0.010000 -0.003153
v 0.025000 -0.010000 -0.006010
v 0.020000 -0.010000 -0.003153
v 0.020000 -0.010000 -0.006010
v 0.025000 -0.010000 -0.006010
v 0.025000 -0.017006 -0.001958
v 0.020000 -0.010000 -0.006010
v 0.020000 -0.017006 -0.001958
v 0.020000 -0.025000 -0.006421
v 0.020000 -0.025000 -0.002854
v 0.020000 -0.019346 0.000183
v 0.020000 -0.025000 0.003294
v 0.020000 -0.025000 0.006216
v 0.020000 -0.017057 0.001670
v 0.020000 -0.010000 0.005599
v 0.020000 -0.010000 0.002064
v 0.020000 -0.014813 -0.000494
v 0.020000 -0.010000 -0.003153
v 0.020000 -0.010000 -0.006010
v 0.020000 -0.017006 -0.001958
v -0.001836 -0.022329 0.025000
v 0.005651 -0.022329 0.025000
v -0.001836 -0.022329 0.020000
v 0.005651 -0.022329 0.020000
v 0.005651 -0.022329 0.025000
v 0.005651 -0.025000 0.025000
v 0.005651 -0.022329 0.020000
v 0.005651 -0.025000 0.020000
v -0.005651 -0.025000 0.025000
v -0.005651 -0.022676 0.025000
v -0.005651 -0.025000 0.020000
v -0.005651 -0.022676 0.020000
v -0.005651 -0.022676 0.025000
v 0.001763 -0.012671 0.025000
v -0.005651 -0.022676 0.020000
v 0.001763 -0.012671 0.020000
v 0.001763 -0.012671 0.025000
v -0.005131 -0.012671 0.025000
v 0.001763 -0.012671 0.020000
v -0.005131 -0.012671 0.020000
v -0.005131 -0.012671 0.025000
v -0.005131 -0.010000 0.025000
v -0.005131 -0.012671 0.020000
v -0.005131 -0.010000 0.020000
v -0.005131 -0.010000 0.025000
v 0.005439 -0.010000 0.025000
v -0.005131 -0.010000 0.020000
v 0.005439 -0.010000 0.020000
v 0.005439 -0.010000 0.025000
v 0.005439 -0.012472 0.025000
v 0.005439 -0.010000 0.020000
v 0.005439 -0.012472 0.020000
v 0.005439 -0.012472 0.025000
v -0.001836 -0.022329 0.025000
v 0.005439 -0.012472 0.020000
v -0.001836 -0.022329 0.020000
v 0.005651 -0.022329 0.020000
v 0.005651 -0.025000 0.020000
v -0.005651 -0.025000 0.020000
v -0.005651 -0.022676 0.020000
v 0.001763 -0.012671 0.020000
v -0.005131 -0.012671 0.020000
v -0.005131 -0.010000 0.020000
v 0.005439 -0.010000 0.020000
v 0.005439 -0.012472 0.020000
v -0.001836 -0.022329 0.020000
vt 0.000000 -100.000000
vt 0.241661 -100.000000
vt 0.483322 -100.000000
vt 0.724983 -100.000000
vt 0.966644 -100.000000
vt 1.208305 -100.000000
vt 1.449966 -100.000000
vt 1.691627 -100.000000
vt 1.933288 -100.000000
vt 2.174949 -100.000000
vt 2.416610 -100.000000
vt 2.658271 -100.000000
vt 2.899932 -100.000000
vt 3.141593 -100.000000
vt 3.141593 -25.000000
vt 0.000000 -25.000000
vt 0.241661 -25.000000
vt 0.483322 -25.000000
vt 0.724983 -25.000000
vt 0.966644 -25.000000
vt 1.208305 -25.000000
vt 1.449966 -25.000000
vt 1.691627 -25.000000
vt 1.933288 -25.000000
vt 2.174949 -25.000000
vt 2.416610 -25.000000
vt 2.658271 -25.000000
vt 2.899932 -25.000000
vt 0.000000 -27.950850
vt 0.000000 0.000000
vt 3.141593 -27.950850
vt 3.141593 0.000000
vt 2.967060 0.000000
vt 2.792527 0.000000
vt 2.617994 0.000000
vt 2.443461 0.000000
vt 2.268928 0.000000
vt 2.094395 0.000000
vt 1.919862 0.000000
vt 1.745329 0.000000
vt 1.570796 0.000000
vt 1.396263 0.000000
vt 1.221730 0.000000
vt 1.047198 0.000000
vt 0.872665 0.000000
vt 0.698132 0.000000
vt 0.523599 0.000000
vt 0.349066 0.000000
vt 0.174533 0.000000
vt 1.691627 -23.292376
vt 1.933288 -23.292376
vt 1.691627 -18.633900
vt 1.691627 -13.975425
vt 1.933288 -9.316950
vt 1.691627 -9.316950
vt 1.933288 -13.975425
vt 1.449966 -9.316950
vt 1.449966 -13.975425
vt 1.449966 -18.633900
vt 2.174949 -13.975425
vt 2.416610 -13.975425
vt 2.174949 -9.316950
vt 1.208305 -13.975425
vt 1.208305 -9.316950
vt 0.966644 -13.975425
vt 1.449966 -23.292376
vt 1.933288 -18.633900
vt 2.174949 -18.633900
vt 0.724983 -13.975425
vt 0.724983 -18.633900
vt 1.208305 -18.633900
vt 1.691627 -4.658475
vt 0.724983 -9.316950
vt 1.449966 -4.658475
vt 0.966644 -18.633900
vt 1.208305 -23.292376
vt 1.933288 -4.658475
vt 1.208305 -4.658475
vt 0.966644 -9.316950
vt 2.658271 -13.975425
vt 2.416610 -9.316950
vt 2.416610 -18.633900
vt 2.174949 -23.292376
vt 2.416610 -23.292376
vt 0.966644 -23.292376
vt 2.174949 -4.658475
vt 2.416610 -4.658475
vt 0.483322 -13.975425
vt 0.966644 -4.658475
vt 0.724983 -4.658475
vt 0.724983 -23.292376
vt 2.899932 -13.975425
vt 2.658271 -9.316950
vt 0.483322 -9.316950
vt 0.241661 -13.975425
vt 2.658271 -18.633900
vt 2.658271 -23.292376
vt 2.899932 -18.633900
vt 2.899932 -4.658475
vt 2.658271 -4.658475
vt 0.483322 -18.633900
vt 0.241661 -18.633900
vt 0.483322 -23.292376
vt 0.483322 -4.658475
vt 0.241661 -9.316950
vt 0.241661 -23.292376
vt 2.899932 -9.316950
vt 2.899932 -23.292376
vt 0.241661 -4.658475
vt 3.141593 -27.950850
vt 3.141593 0.000000
vt 6.283185 -27.950850
vt 6.283185 0.000000
vt 6.108653 0.000000
vt 5.934119 0.000000
vt 5.759586 0.000000
vt 5.585053 0.000000
vt 5.410521 0.000000
vt 5.235988 0.000000
vt 5.061455 0.000000
vt 4.886922 0.000000
vt 4.712389 0.000000
vt 4.537856 0.000000
vt 4.363323 0.000000
vt 4.188790 0.000000
vt 4.014257 0.000000
vt 3.839724 0.000000
vt 3.665191 0.000000
vt 3.490659 0.000000
vt 3.316126 0.000000
vt 5.316541 -13.975425
vt 5.074881 -9.316950
vt 5.074881 -13.975425
vt 4.833220 -13.975425
vt 4.833220 -9.316950
vt 4.833220 -18.633900
vt 5.074881 -18.633900
vt 4.591558 -9.316950
vt 4.591558 -13.975425
vt 4.591558 -18.633900
vt 4.349897 -9.316950
vt 4.108236 -9.316950
vt 4.349897 -13.975425
vt 5.558202 -13.975425
vt 5.316541 -9.316950
vt 4.108236 -13.975425
vt 4.349897 -18.633900
vt 4.833220 -23.292376
vt 5.074881 -23.292376
vt 4.591558 -23.292376
vt 4.833220 -4.658475
vt 4.591558 -4.658475
vt 3.866575 -13.975425
vt 5.316541 -18.633900
vt 5.316541 -23.292376
vt 5.558202 -18.633900
vt 4.349897 -23.292376
vt 5.074881 -4.658475
vt 5.799863 -13.975425
vt 5.558202 -9.316950
vt 4.108236 -18.633900
vt 4.349897 -4.658475
vt 3.866575 -18.633900
vt 4.108236 -23.292376
vt 5.316541 -4.658475
vt 4.108236 -4.658475
vt 3.866575 -9.316950
vt 3.624915 -13.975425
vt 5.558202 -4.658475
vt 5.558202 -23.292376
vt 3.866575 -4.658475
vt 3.866575 -23.292376
vt 6.041524 -13.975425
vt 5.799863 -9.316950
vt 3.624915 -9.316950
vt 3.383254 -13.975425
vt 5.799863 -18.633900
vt 5.799863 -23.292376
vt 6.041524 -18.633900
vt 3.624915 -18.633900
vt 3.383254 -18.633900
vt 3.624915 -23.292376
vt 6.041524 -9.316950
vt 5.799863 -4.658475
vt 3.624915 -4.658475
vt 3.383254 -9.316950
vt 6.041524 -4.658475
vt 3.383254 -23.292376
vt 6.041524 -23.292376
vt 3.383254 -4.658475
vt -5.000000 0.000000
vt -4.854709 -1.196578
vt -4.427280 -2.323616
vt -3.742554 -3.315613
vt -2.840324 -4.114919
vt -1.773024 -4.675081
vt -0.602683 -4.963544
vt 0.602683 -4.963544
vt 1.773024 -4.675081
vt 2.840324 -4.114919
vt 3.742554 -3.315613
vt 4.427280 -2.323616
vt 4.854709 -1.196578
vt 5.000000 -0.000000
vt 4.854709 1.196578
vt 4.427280 2.323616
vt 3.742554 3.315613
vt 2.840324 4.114919
vt 1.773024 4.675081
vt 0.602683 4.963544
vt -0.602683 4.963544
vt -1.773024 4.675081
vt -2.840324 4.114919
vt -3.742554 3.315613
vt -4.427280 2.323616
vt -4.854709 1.196578
vt 3.141593 -100.000000
vt 3.141593 -25.000000
vt 3.383254 -100.000000
vt 3.624915 -100.000000
vt 3.866575 -100.000000
vt 4.108236 -100.000000
vt 4.349897 -100.000000
vt 4.591558 -100.000000
vt 4.833220 -100.000000
vt 5.074881 -100.000000
vt 5.316541 -100.000000
vt 5.558202 -100.000000
vt 5.799863 -100.000000
vt 6.041524 -100.000000
vt 6.283185 -100.000000
vt 6.283185 -25.000000
vt 3.383254 -25.000000
vt 3.624915 -25.000000
vt 3.866575 -25.000000
vt 4.108236 -25.000000
vt 4.349897 -25.000000
vt 4.591558 -25.000000
vt 4.833220 -25.000000
vt 5.074881 -25.000000
vt 5.316541 -25.000000
vt 5.558202 -25.000000
vt 5.799863 -25.000000
vt 6.041524 -25.000000
vt 12.500000 0.000000
vt 12.310097 2.170602
vt 11.746158 4.275252
vt 10.825317 6.250000
vt 9.575556 8.034845
vt 8.034845 9.575556
vt 6.250000 10.825317
vt 4.275252 11.746158
vt 2.170602 12.310097
vt 0.000000 12.500000
vt -2.170602 12.310097
vt -4.275252 11.746158
vt -6.250000 10.825317
vt -8.034845 9.575556
vt -9.575556 8.034845
vt -10.825317 6.250000
vt -11.746158 4.275252
vt -12.310097 2.170602
vt -12.500000 0.000000
vt -12.310097 -2.170602
vt -11.746158 -4.275252
vt -10.825317 -6.250000
vt -9.575556 -8.034845
vt -8.034845 -9.575556
vt -6.250000 -10.825317
vt -4.275252 -11.746158
vt -2.170602 -12.310097
vt -0.000000 -12.500000
vt 2.170602 -12.310097
vt 4.275252 -11.746158
vt 6.250000 -10.825317
vt 8.034845 -9.575556
vt 9.575556 -8.034845
vt 10.825317 -6.250000
vt 11.746158 -4.275252
vt 12.310097 -2.170602
vt -5.000000 0.000000
vt -4.854709 -1.196578
vt -4.427280 -2.323616
vt -3.742554 -3.315613
vt -2.840324 -4.114919
vt -1.773024 -4.675081
vt -0.602683 -4.963544
vt 0.602683 -4.963544
vt 1.773024 -4.675081
vt 2.840324 -4.114919
vt 3.742554 -3.315613
vt 4.427280 -2.323616
vt 4.854709 -1.196578
vt 5.000000 -0.000000
vt 4.854709 1.196578
vt 4.427280 2.323616
vt 3.742554 3.315613
vt 2.840324 4.114919
vt 1.773024 4.675081
vt 0.602683 4.963544
vt -0.602683 4.963544
vt -1.773024 4.675081
vt -2.840324 4.114919
vt -3.742554 3.315613
vt -4.427280 2.323616
vt -4.854709 1.196578
vt 6.283185 0.000000
vt 6.086836 0.000000
vt 5.890486 0.000000
vt 5.694137 0.000000
vt 5.497787 0.000000
vt 5.301437 0.000000
vt 5.105088 0.000000
vt 4.908739 0.000000
vt 4.712389 0.000000
vt 6.283185 0.199998
vt 6.283185 0.399996
vt 6.283185 0.599995
vt 6.283185 0.799995
vt 6.283185 0.999996
vt 6.283185 1.199995
vt 6.283185 1.385396
vt 6.283185 1.570796
vt -0.000000 1.570796
vt -0.000000 0.000000
vt -0.000000 0.199998
vt -0.000000 0.399996
vt -0.000000 0.599995
vt -0.000000 0.799995
vt -0.000000 0.999996
vt -0.000000 1.199995
vt -0.000000 1.385396
vt 1.570796 -0.000000
vt 1.374447 0.000000
vt 1.178097 0.000000
vt 0.981748 0.000000
vt 0.785398 0.000000
vt 0.589049 0.000000
vt 0.392699 0.000000
vt 0.196350 0.000000
vt 1.767146 -0.000000
vt 1.963495 -0.000000
vt 2.159845 -0.000000
vt 2.356194 -0.000000
vt 2.552544 -0.000000
vt 2.748893 0.000000
vt 2.945243 0.000000
vt 3.141593 0.000000
vt 3.337942 0.000000
vt 3.534292 0.000000
vt 3.730641 0.000000
vt 3.926991 0.000000
vt 4.123340 0.000000
vt 4.319690 0.000000
vt 4.516039 0.000000
vt 3.436117 0.589049
vt 3.632467 0.589049
vt 3.534292 0.785398
vt 3.632467 0.981748
vt 3.436117 0.981748
vt 3.239767 0.589049
vt 3.337942 0.785398
vt 3.141593 0.785398
vt 3.239767 0.981748
vt 3.043418 0.981748
vt 3.043418 0.589049
vt 2.945243 0.785398
vt 2.847068 0.981748
vt 2.847068 0.589049
vt 2.650719 0.981748
vt 2.748893 0.785398
vt 2.650719 0.589049
vt 2.945243 0.392699
vt 3.141593 0.392699
vt 3.141593 1.178097
vt 2.945243 1.178097
vt 2.454369 0.981748
vt 2.552544 0.785398
vt 2.748893 0.392699
vt 3.337942 0.392699
vt 3.730641 0.785398
vt 3.828816 0.981748
vt 3.337942 1.178097
vt 3.534292 1.178097
vt 2.748893 1.178097
vt 2.454369 0.589049
vt 3.534292 0.392699
vt 3.828816 0.589049
vt 2.356194 0.785398
vt 2.258020 0.981748
vt 2.159845 0.785398
vt 2.552544 1.178097
vt 2.552544 0.392699
vt 3.926991 0.785398
vt 4.025166 0.589049
vt 4.123340 0.785398
vt 3.730641 0.392699
vt 3.730641 1.178097
vt 4.025166 0.981748
vt 2.061670 0.981748
vt 1.963495 0.785398
vt 2.258020 0.589049
vt 3.926991 0.392699
vt 4.123340 1.178097
vt 3.926991 1.178097
vt 2.356194 1.178097
vt 2.356194 0.392699
vt 4.319690 0.785398
vt 4.221515 0.981748
vt 2.159845 1.178097
vt 2.061670 0.589049
vt 1.865321 0.981748
vt 1.767146 0.785398
vt 4.123340 0.392699
vt 4.221515 0.589049
vt 2.159845 0.392699
vt 3.043418 0.196350
vt 3.239767 0.196350
vt 1.963495 0.392699
vt 4.516039 0.785398
vt 4.417865 0.981748
vt 1.963495 1.178097
vt 3.043418 1.374447
vt 2.847068 1.374447
vt 3.436117 0.196350
vt 3.239767 1.374447
vt 2.847068 0.196350
vt 4.417865 0.589049
vt 4.319690 0.392699
vt 3.436117 1.374447
vt 1.668971 0.981748
vt 1.570796 0.785398
vt 4.319690 1.178097
vt 1.865321 0.589049
vt 3.632467 1.374447
vt 2.650719 0.196350
vt 3.632467 0.196350
vt 1.767146 0.392699
vt 2.650719 1.374447
vt 4.712389 0.785398
vt 4.614214 0.981748
vt 1.767146 1.178097
vt 4.516039 0.392699
vt 3.828816 0.196350
vt 4.516039 1.178097
vt 2.454369 1.374447
vt 2.454369 0.196350
vt 3.828816 1.374447
vt 4.614214 0.589049
vt 1.374447 0.785398
vt 1.472622 0.589049
vt 1.668971 0.589049
vt 4.810564 0.589049
vt 4.908739 0.785398
vt 4.025166 0.196350
vt 4.221515 0.196350
vt 4.025166 1.374447
vt 1.570796 0.392699
vt 2.258020 0.196350
vt 2.258020 1.374447
vt 2.061670 1.374447
vt 2.061670 0.196350
vt 4.810564 0.981748
vt 4.712389 0.392699
vt 4.221515 1.374447
vt 1.570796 1.178097
vt 4.712389 1.178097
vt 1.178097 0.785398
vt 1.276272 0.589049
vt 1.472622 0.981748
vt 1.374447 0.392699
vt 4.908739 0.392699
vt 4.417865 0.196350
vt 5.006913 0.589049
vt 5.105088 0.785398
vt 4.417865 1.374447
vt 1.865321 0.196350
vt 1.865321 1.374447
vt 1.374447 1.178097
vt 1.668971 0.196350
vt 4.908739 1.178097
vt 5.006913 1.374447
vt 4.810564 1.374447
vt 5.006913 0.981748
vt 4.614214 0.196350
vt 1.668971 1.374447
vt 4.614214 1.374447
vt 1.079922 0.589049
vt 1.276272 0.981748
vt 1.178097 0.392699
vt 5.203263 0.589049
vt 1.472622 0.196350
vt 5.105088 0.392699
vt 1.178097 1.178097
vt 5.105088 1.178097
vt 5.301437 0.785398
vt 5.203263 0.981748
vt 4.810564 0.196350
vt 1.472622 1.374447
vt 1.079922 0.981748
vt 0.981748 0.785398
vt 1.276272 0.196350
vt 5.006913 0.196350
vt 1.276272 1.374447
vt 0.883573 0.589049
vt 0.981748 0.392699
vt 5.301437 0.392699
vt 5.399612 0.589049
vt 5.497787 0.785398
vt 5.399612 0.981748
vt 0.785398 0.785398
vt 0.883573 0.981748
vt 0.981748 1.178097
vt 0.687223 0.589049
vt 0.785398 0.392699
vt 5.301437 1.178097
vt 5.203263 0.196350
vt 5.497787 0.392699
vt 5.595962 0.589049
vt 1.079922 0.196350
vt 1.079922 1.374447
vt 5.203263 1.374447
vt 5.694137 0.785398
vt 5.595962 0.981748
vt 0.785398 1.178097
vt 0.687223 0.981748
vt 0.883573 0.196350
vt 5.497787 1.178097
vt 0.589049 0.785398
vt 0.883573 1.374447
vt 0.490874 0.589049
vt 0.589049 0.392699
vt 5.399612 0.196350
vt 5.399612 1.374447
vt 0.490874 0.981748
vt 0.392699 0.785398
vt 5.694137 0.392699
vt 5.792312 0.589049
vt 0.687223 0.196350
vt 0.589049 1.178097
vt 5.792312 0.981748
vt 5.694137 1.178097
vt 6.185010 1.374447
vt 5.988661 1.374447
vt 0.294524 0.589049
vt 0.392699 0.392699
vt 0.687223 1.374447
vt 5.595962 0.196350
vt 5.890486 0.785398
vt 5.595962 1.374447
vt 5.890486 0.392699
vt 5.988661 0.589049
vt 5.988661 0.981748
vt 5.890486 1.178097
vt 0.392699 1.178097
vt 0.294524 0.981748
vt 0.098175 0.589049
vt 0.196350 0.392699
vt 0.490874 1.374447
vt 0.490874 0.196350
vt 5.792312 1.374447
vt 5.792312 0.196350
vt 0.196350 0.785398
vt 6.086836 0.785398
vt 6.086836 0.392699
vt 6.185010 0.589049
vt 0.196350 1.178097
vt 6.086836 1.178097
vt 0.294524 0.196350
vt 6.185010 0.981748
vt 0.294524 1.374447
vt 0.098175 0.981748
vt 5.988661 0.196350
vt 0.098175 0.196350
vt 6.185010 0.196350
vt 0.098175 1.374447
vt 1.570796 0.000000
vt 1.767146 0.000000
vt 1.963495 0.000000
vt 2.159845 0.000000
vt 2.356194 0.000000
vt 2.552544 0.000000
vt 2.748893 0.000000
vt 2.945243 0.000000
vt 3.141593 0.000000
vt 3.337942 0.000000
vt 3.534292 0.000000
vt 3.730641 0.000000
vt 3.926991 0.000000
vt 4.123340 0.000000
vt 4.319690 0.000000
vt 4.516039 0.000000
vt 4.712389 0.000000
vt 1.374447 0.000000
vt 1.178097 0.000000
vt 0.981748 0.000000
vt 0.785398 0.000000
vt 0.589049 0.000000
vt 0.392699 0.000000
vt 0.196350 0.000000
vt 0.000000 0.000000
vt 0.000000 -1.570796
vt 0.000000 -1.370798
vt 0.000000 -1.170801
vt 0.000000 -0.970801
vt 0.000000 -0.770801
vt 0.000000 -0.570801
vt 0.000000 -0.370801
vt 0.000000 -0.185400
vt 6.283185 -1.570796
vt 6.283185 -1.370798
vt 6.283185 -1.170801
vt 6.283185 -0.970801
vt 6.283185 -0.770801
vt 6.283185 -0.570801
vt 6.283185 -0.370801
vt 6.283185 -0.185400
vt 6.283185 0.000000
vt 6.086836 0.000000
vt 5.890486 0.000000
vt 5.694137 0.000000
vt 5.497787 0.000000
vt 5.301437 0.000000
vt 5.105088 0.000000
vt 4.908739 0.000000
vt 3.436117 -0.981748
vt 3.632467 -0.981748
vt 3.534292 -0.785398
vt 3.632467 -0.589049
vt 3.436117 -0.589049
vt 3.239767 -0.981748
vt 3.337942 -0.785398
vt 3.141593 -0.785398
vt 3.239767 -0.589049
vt 3.043418 -0.589049
vt 3.043418 -0.981748
vt 2.945243 -0.785398
vt 2.847068 -0.589049
vt 2.847068 -0.981748
vt 2.650719 -0.589049
vt 2.748893 -0.785398
vt 2.650719 -0.981748
vt 2.945243 -1.178097
vt 3.141593 -1.178097
vt 3.141593 -0.392699
vt 2.945243 -0.392699
vt 2.454369 -0.589049
vt 2.552544 -0.785398
vt 2.748893 -1.178097
vt 3.337942 -1.178097
vt 3.730641 -0.785398
vt 3.828816 -0.589049
vt 3.337942 -0.392699
vt 3.534292 -0.392699
vt 2.748893 -0.392699
vt 2.454369 -0.981748
vt 3.534292 -1.178097
vt 3.828816 -0.981748
vt 2.356194 -0.785398
vt 2.258020 -0.589049
vt 2.159845 -0.785398
vt 2.552544 -0.392699
vt 2.552544 -1.178097
vt 2.258020 -0.981748
vt 3.730641 -1.178097
vt 3.926991 -0.785398
vt 4.025166 -0.981748
vt 4.123340 -0.785398
vt 4.025166 -0.589049
vt 3.730641 -0.392699
vt 2.061670 -0.589049
vt 1.963495 -0.785398
vt 3.926991 -1.178097
vt 2.159845 -1.178097
vt 2.356194 -1.178097
vt 2.356194 -0.392699
vt 4.123340 -0.392699
vt 3.926991 -0.392699
vt 4.319690 -0.785398
vt 4.221515 -0.589049
vt 2.159845 -0.392699
vt 2.061670 -0.981748
vt 4.123340 -1.178097
vt 4.221515 -0.981748
vt 1.865321 -0.589049
vt 1.767146 -0.785398
vt 3.043418 -1.374447
vt 3.239767 -1.374447
vt 4.516039 -0.785398
vt 4.417865 -0.589049
vt 2.847068 -1.374447
vt 3.436117 -1.374447
vt 3.043418 -0.196350
vt 2.847068 -0.196350
vt 3.239767 -0.196350
vt 1.668971 -0.981748
vt 1.865321 -0.981748
vt 1.963495 -1.178097
vt 4.319690 -1.178097
vt 4.417865 -0.981748
vt 3.436117 -0.196350
vt 1.963495 -0.392699
vt 4.319690 -0.392699
vt 3.632467 -1.374447
vt 3.632467 -0.196350
vt 2.650719 -1.374447
vt 4.712389 -0.785398
vt 4.614214 -0.589049
vt 2.650719 -0.196350
vt 1.668971 -0.589049
vt 1.570796 -0.785398
vt 3.828816 -1.374447
vt 2.454369 -1.374447
vt 4.516039 -1.178097
vt 1.767146 -1.178097
vt 2.454369 -0.196350
vt 4.614214 -0.981748
vt 3.828816 -0.196350
vt 1.767146 -0.392699
vt 4.516039 -0.392699
vt 1.374447 -0.785398
vt 1.472622 -0.981748
vt 2.061670 -1.374447
vt 2.258020 -1.374447
vt 4.025166 -1.374447
vt 4.810564 -0.981748
vt 4.908739 -0.785398
vt 4.025166 -0.196350
vt 2.258020 -0.196350
vt 4.221515 -1.374447
vt 2.061670 -0.196350
vt 1.570796 -1.178097
vt 4.712389 -1.178097
vt 4.221515 -0.196350
vt 1.570796 -0.392699
vt 4.810564 -0.589049
vt 4.712389 -0.392699
vt 1.178097 -0.785398
vt 1.276272 -0.981748
vt 1.472622 -0.589049
vt 1.668971 -1.374447
vt 1.865321 -1.374447
vt 4.417865 -0.196350
vt 4.417865 -1.374447
vt 5.006913 -0.981748
vt 5.105088 -0.785398
vt 1.865321 -0.196350
vt 1.374447 -1.178097
vt 4.908739 -1.178097
vt 1.374447 -0.392699
vt 4.908739 -0.392699
vt 1.668971 -0.196350
vt 4.614214 -1.374447
vt 5.006913 -0.589049
vt 4.614214 -0.196350
vt 1.079922 -0.981748
vt 1.276272 -0.589049
vt 5.203263 -0.981748
vt 1.178097 -1.178097
vt 1.472622 -1.374447
vt 5.105088 -1.178097
vt 1.178097 -0.392699
vt 5.105088 -0.392699
vt 1.472622 -0.196350
vt 5.301437 -0.785398
vt 5.203263 -0.589049
vt 4.810564 -1.374447
vt 4.810564 -0.196350
vt 1.079922 -0.589049
vt 0.981748 -0.785398
vt 1.276272 -1.374447
vt 5.006913 -1.374447
vt 1.276272 -0.196350
vt 5.301437 -1.178097
vt 5.399612 -0.981748
vt 5.006913 -0.196350
vt 0.883573 -0.981748
vt 0.981748 -1.178097
vt 0.687223 -0.981748
vt 0.785398 -1.178097
vt 0.883573 -0.589049
vt 0.785398 -0.785398
vt 0.981748 -0.392699
vt 5.497787 -0.785398
vt 5.399612 -0.589049
vt 5.301437 -0.392699
vt 5.497787 -1.178097
vt 5.595962 -0.981748
vt 1.079922 -0.196350
vt 1.079922 -1.374447
vt 5.203263 -1.374447
vt 0.883573 -1.374447
vt 5.203263 -0.196350
vt 0.785398 -0.392699
vt 0.687223 -0.589049
vt 5.694137 -0.785398
vt 5.595962 -0.589049
vt 5.497787 -0.392699
vt 0.589049 -0.785398
vt 0.490874 -0.981748
vt 0.883573 -0.196350
vt 0.589049 -1.178097
vt 5.399612 -1.374447
vt 5.399612 -0.196350
vt 0.589049 -0.392699
vt 0.490874 -0.589049
vt 5.694137 -1.178097
vt 5.792312 -0.981748
vt 5.792312 -0.589049
vt 5.694137 -0.392699
vt 0.687223 -1.374447
vt 0.687223 -0.196350
vt 5.890486 -0.785398
vt 0.392699 -0.785398
vt 5.595962 -1.374447
vt 5.595962 -0.196350
vt 0.294524 -0.981748
vt 0.392699 -1.178097
vt 0.490874 -1.374447
vt 0.392699 -0.392699
vt 0.294524 -0.589049
vt 5.988661 -0.589049
vt 5.890486 -0.392699
vt 0.196350 -0.785398
vt 5.890486 -1.178097
vt 5.988661 -0.981748
vt 5.792312 -0.196350
vt 5.792312 -1.374447
vt 0.490874 -0.196350
vt 6.086836 -1.178097
vt 6.185010 -0.981748
vt 6.086836 -0.785398
vt 0.196350 -0.392699
vt 0.098175 -0.981748
vt 0.196350 -1.178097
vt 6.086836 -0.392699
vt 6.185010 -0.589049
vt 0.294524 -1.374447
vt 5.988661 -1.374447
vt 0.294524 -0.196350
vt 0.098175 -0.589049
vt 5.988661 -0.196350
vt 0.098175 -1.374447
vt 6.185010 -1.374447
vt 6.185010 -0.196350
vt 0.098175 -0.196350
vt 0.000000 -100.000000
vt 0.241661 -100.000000
vt 0.483322 -100.000000
vt 0.724983 -100.000000
vt 0.966644 -100.000000
vt 1.208305 -100.000000
vt 1.449966 -100.000000
vt 1.691627 -100.000000
vt 1.933288 -100.000000
vt 2.174949 -100.000000
vt 2.416610 -100.000000
vt 2.658271 -100.000000
vt 2.899932 -100.000000
vt 3.141593 -100.000000
vt 3.141593 -25.000000
vt 0.000000 -25.000000
vt 0.241661 -25.000000
vt 0.483322 -25.000000
vt 0.724983 -25.000000
vt 0.966644 -25.000000
vt 1.208305 -25.000000
vt 1.449966 -25.000000
vt 1.691627 -25.000000
vt 1.933288 -25.000000
vt 2.174949 -25.000000
vt 2.416610 -25.000000
vt 2.658271 -25.000000
vt 2.899932 -25.000000
vt 0.000000 -27.950850
vt 0.000000 0.000000
vt 3.141593 -27.950850
vt 3.141593 0.000000
vt 2.967060 0.000000
vt 2.792527 0.000000
vt 2.617994 0.000000
vt 2.443461 0.000000
vt 2.268928 0.000000
vt 2.094395 0.000000
vt 1.919862 0.000000
vt 1.745329 0.000000
vt 1.570796 0.000000
vt 1.396263 0.000000
vt 1.221730 0.000000
vt 1.047198 0.000000
vt 0.872665 0.000000
vt 0.698132 0.000000
vt 0.523599 0.000000
vt 0.349066 0.000000
vt 0.174533 0.000000
vt 2.174949 -13.975425
vt 1.933288 -9.316950
vt 1.933288 -13.975425
vt 1.691627 -9.316950
vt 1.691627 -13.975425
vt 1.691627 -18.633900
vt 1.449966 -9.316950
vt 1.449966 -13.975425
vt 1.449966 -18.633900
vt 1.208305 -13.975425
vt 1.208305 -9.316950
vt 0.966644 -13.975425
vt 0.724983 -13.975425
vt 0.966644 -18.633900
vt 1.208305 -23.292376
vt 1.449966 -23.292376
vt 1.208305 -18.633900
vt 1.933288 -18.633900
vt 1.691627 -23.292376
vt 2.416610 -13.975425
vt 2.416610 -9.316950
vt 1.933288 -23.292376
vt 1.691627 -4.658475
vt 1.449966 -4.658475
vt 0.724983 -9.316950
vt 2.174949 -18.633900
vt 1.933288 -4.658475
vt 1.208305 -4.658475
vt 0.966644 -9.316950
vt 2.658271 -13.975425
vt 2.174949 -9.316950
vt 2.416610 -18.633900
vt 0.483322 -13.975425
vt 0.966644 -23.292376
vt 2.174949 -23.292376
vt 2.416610 -4.658475
vt 2.174949 -4.658475
vt 0.724983 -18.633900
vt 0.966644 -4.658475
vt 2.658271 -18.633900
vt 0.724983 -4.658475
vt 0.724983 -23.292376
vt 2.416610 -23.292376
vt 2.899932 -13.975425
vt 2.899932 -9.316950
vt 0.241661 -9.316950
vt 0.241661 -13.975425
vt 2.658271 -23.292376
vt 2.899932 -18.633900
vt 2.658271 -9.316950
vt 0.483322 -18.633900
vt 0.483322 -9.316950
vt 0.241661 -23.292376
vt 0.483322 -23.292376
vt 0.483322 -4.658475
vt 2.658271 -4.658475
vt 2.899932 -23.292376
vt 0.241661 -18.633900
vt 2.899932 -4.658475
vt 0.241661 -4.658475
vt 3.141593 -27.950850
vt 3.141593 0.000000
vt 6.283185 -27.950850
vt 6.283185 0.000000
vt 6.108653 0.000000
vt 5.934119 0.000000
vt 5.759586 0.000000
vt 5.585053 0.000000
vt 5.410521 0.000000
vt 5.235988 0.000000
vt 5.061455 0.000000
vt 4.886922 0.000000
vt 4.712389 0.000000
vt 4.537856 0.000000
vt 4.363323 0.000000
vt 4.188790 0.000000
vt 4.014257 0.000000
vt 3.839724 0.000000
vt 3.665191 0.000000
vt 3.490659 0.000000
vt 3.316126 0.000000
vt 5.316541 -13.975425
vt 5.074881 -9.316950
vt 5.074881 -13.975425
vt 4.833220 -9.316950
vt 4.833220 -13.975425
vt 4.833220 -18.633900
vt 4.591558 -13.975425
vt 4.591558 -9.316950
vt 4.349897 -13.975425
vt 4.591558 -18.633900
vt 5.558202 -13.975425
vt 5.316541 -9.316950
vt 4.349897 -18.633900
vt 5.074881 -18.633900
vt 4.349897 -9.316950
vt 4.108236 -13.975425
vt 5.316541 -18.633900
vt 4.833220 -23.292376
vt 5.074881 -23.292376
vt 4.591558 -23.292376
vt 4.833220 -4.658475
vt 4.591558 -4.658475
vt 4.108236 -9.316950
vt 3.866575 -13.975425
vt 5.558202 -18.633900
vt 4.349897 -23.292376
vt 5.074881 -4.658475
vt 5.799863 -13.975425
vt 5.558202 -9.316950
vt 4.108236 -18.633900
vt 4.349897 -4.658475
vt 4.108236 -23.292376
vt 5.316541 -23.292376
vt 5.316541 -4.658475
vt 4.108236 -4.658475
vt 3.866575 -9.316950
vt 3.624915 -13.975425
vt 3.866575 -18.633900
vt 5.558202 -4.658475
vt 5.558202 -23.292376
vt 5.799863 -18.633900
vt 3.866575 -4.658475
vt 3.866575 -23.292376
vt 6.041524 -13.975425
vt 5.799863 -9.316950
vt 3.624915 -9.316950
vt 3.383254 -13.975425
vt 5.799863 -23.292376
vt 6.041524 -18.633900
vt 3.624915 -18.633900
vt 3.383254 -23.292376
vt 3.624915 -23.292376
vt 6.041524 -9.316950
vt 5.799863 -4.658475
vt 3.624915 -4.658475
vt 3.383254 -9.316950
vt 6.041524 -23.292376
vt 6.041524 -4.658475
vt 3.383254 -18.633900
vt 3.383254 -4.658475
vt -5.000000 0.000000
vt -4.854709 -1.196578
vt -4.427280 -2.323616
vt -3.742554 -3.315613
vt -2.840324 -4.114919
vt -1.773024 -4.675081
vt -0.602683 -4.963544
vt 0.602683 -4.963544
vt 1.773024 -4.675081
vt 2.840324 -4.114919
vt 3.742554 -3.315613
vt 4.427280 -2.323616
vt 4.854709 -1.196578
vt 5.000000 -0.000000
vt 4.854709 1.196578
vt 4.427280 2.323616
vt 3.742554 3.315613
vt 2.840324 4.114919
vt 1.773024 4.675081
vt 0.602683 4.963544
vt -0.602683 4.963544
vt -1.773024 4.675081
vt -2.840324 4.114919
vt -3.742554 3.315613
vt -4.427280 2.323616
vt -4.854709 1.196578
vt 3.141593 -100.000000
vt 3.141593 -25.000000
vt 3.383254 -100.000000
vt 3.624915 -100.000000
vt 3.866575 -100.000000
vt 4.108236 -100.000000
vt 4.349897 -100.000000
vt 4.591558 -100.000000
vt 4.833220 -100.000000
vt 5.074881 -100.000000
vt 5.316541 -100.000000
vt 5.558202 -100.000000
vt 5.799863 -100.000000
vt 6.041524 -100.000000
vt 6.283185 -100.000000
vt 6.283185 -25.000000
vt 3.383254 -25.000000
vt 3.624915 -25.000000
vt 3.866575 -25.000000
vt 4.108236 -25.000000
vt 4.349897 -25.000000
vt 4.591558 -25.000000
vt 4.833220 -25.000000
vt 5.074881 -25.000000
vt 5.316541 -25.000000
vt 5.558202 -25.000000
vt 5.799863 -25.000000
vt 6.041524 -25.000000
vt 12.500000 0.000000
vt 12.310097 2.170602
vt 11.746158 4.275252
vt 10.825317 6.250000
vt 9.575556 8.034845
vt 8.034845 9.575556
vt 6.250000 10.825317
vt 4.275252 11.746158
vt 2.170602 12.310097
vt 0.000000 12.500000
vt -2.170602 12.310097
vt -4.275252 11.746158
vt -6.250000 10.825317
vt -8.034845 9.575556
vt -9.575556 8.034845
vt -10.825317 6.250000
vt -11.746158 4.275252
vt -12.310097 2.170602
vt -12.500000 0.000000
vt -12.310097 -2.170602
vt -11.746158 -4.275252
vt -10.825317 -6.250000
vt -9.575556 -8.034845
vt -8.034845 -9.575556
vt -6.250000 -10.825317
vt -4.275252 -11.746158
vt -2.170602 -12.310097
vt -0.000000 -12.500000
vt 2.170602 -12.310097
vt 4.275252 -11.746158
vt 6.250000 -10.825317
vt 8.034845 -9.575556
vt 9.575556 -8.034845
vt 10.825317 -6.250000
vt 11.746158 -4.275252
vt 12.310097 -2.170602
vt -5.000000 0.000000
vt -4.854709 -1.196578
vt -4.427280 -2.323616
vt -3.742554 -3.315613
vt -2.840324 -4.114919
vt -1.773024 -4.675081
vt -0.602683 -4.963544
vt 0.602683 -4.963544
vt 1.773024 -4.675081
vt 2.840324 -4.114919
vt 3.742554 -3.315613
vt 4.427280 -2.323616
vt 4.854709 -1.196578
vt 5.000000 -0.000000
vt 4.854709 1.196578
vt 4.427280 2.323616
vt 3.742554 3.315613
vt 2.840324 4.114919
vt 1.773024 4.675081
vt 0.602683 4.963544
vt -0.602683 4.963544
vt -1.773024 4.675081
vt -2.840324 4.114919
vt -3.742554 3.315613
vt -4.427280 2.323616
vt -4.854709 1.196578
vt 0.000000 -100.000000
vt 0.241661 -100.000000
vt 0.483322 -100.000000
vt 0.724983 -100.000000
vt 0.966644 -100.000000
vt 1.208305 -100.000000
vt 1.449966 -100.000000
vt 1.691627 -100.000000
vt 1.933288 -100.000000
vt 2.174949 -100.000000
vt 2.416610 -100.000000
vt 2.658271 -100.000000
vt 2.899932 -100.000000
vt 3.141593 -100.000000
vt 3.141593 -25.000000
vt 0.000000 -25.000000
vt 0.241661 -25.000000
vt 0.483322 -25.000000
vt 0.724983 -25.000000
vt 0.966644 -25.000000
vt 1.208305 -25.000000
vt 1.449966 -25.000000
vt 1.691627 -25.000000
vt 1.933288 -25.000000
vt 2.174949 -25.000000
vt 2.416610 -25.000000
vt 2.658271 -25.000000
vt 2.899932 -25.000000
vt 0.000000 -27.950850
vt 0.000000 0.000000
vt 3.141593 -27.950850
vt 3.141593 0.000000
vt 2.967060 0.000000
vt 2.792527 0.000000
vt 2.617994 0.000000
vt 2.443461 0.000000
vt 2.268928 0.000000
vt 2.094395 0.000000
vt 1.919862 0.000000
vt 1.745329 0.000000
vt 1.570796 0.000000
vt 1.396263 0.000000
vt 1.221730 0.000000
vt 1.047198 0.000000
vt 0.872665 0.000000
vt 0.698132 0.000000
vt 0.523599 0.000000
vt 0.349066 0.000000
vt 0.174533 0.000000
vt 1.691627 -23.292376
vt 1.933288 -23.292376
vt 1.691627 -18.633900
vt 1.691627 -13.975425
vt 1.933288 -9.316950
vt 1.691627 -9.316950
vt 1.933288 -13.975425
vt 1.449966 -9.316950
vt 1.449966 -13.975425
vt 1.449966 -18.633900
vt 2.174949 -13.975425
vt 2.416610 -13.975425
vt 2.174949 -9.316950
vt 1.208305 -13.975425
vt 1.208305 -9.316950
vt 0.966644 -13.975425
vt 1.449966 -23.292376
vt 1.933288 -18.633900
vt 2.174949 -18.633900
vt 0.724983 -13.975425
vt 0.724983 -18.633900
vt 1.208305 -18.633900
vt 1.691627 -4.658475
vt 0.724983 -9.316950
vt 1.449966 -4.658475
vt 0.966644 -18.633900
vt 1.208305 -23.292376
vt 1.933288 -4.658475
vt 1.208305 -4.658475
vt 0.966644 -9.316950
vt 2.658271 -13.975425
vt 2.416610 -9.316950
vt 2.416610 -18.633900
vt 2.174949 -23.292376
vt 2.416610 -23.292376
vt 0.966644 -23.292376
vt 2.174949 -4.658475
vt 2.416610 -4.658475
vt 0.483322 -13.975425
vt 0.966644 -4.658475
vt 0.724983 -4.658475
vt 0.724983 -23.292376
vt 2.899932 -13.975425
vt 2.658271 -9.316950
vt 0.483322 -9.316950
vt 0.241661 -13.975425
vt 2.658271 -18.633900
vt 2.658271 -23.292376
vt 2.899932 -18.633900
vt 2.899932 -4.658475
vt 2.658271 -4.658475
vt 0.483322 -18.633900
vt 0.241661 -18.633900
vt 0.483322 -23.292376
vt 0.483322 -4.658475
vt 0.241661 -9.316950
vt 0.241661 -23.292376
vt 2.899932 -9.316950
vt 2.899932 -23.292376
vt 0.241661 -4.658475
vt 3.141593 -27.950850
vt 3.141593 0.000000
vt 6.283185 -27.950850
vt 6.283185 0.000000
vt 6.108653 0.000000
vt 5.934119 0.000000
vt 5.759586 0.000000
vt 5.585053 0.000000
vt 5.410521 0.000000
vt 5.235988 0.000000
vt 5.061455 0.000000
vt 4.886922 0.000000
vt 4.712389 0.000000
vt 4.537856 0.000000
vt 4.363323 0.000000
vt 4.188790 0.000000
vt 4.014257 0.000000
vt 3.839724 0.000000
vt 3.665191 0.000000
vt 3.490659 0.000000
vt 3.316126 0.000000
vt 5.316541 -13.975425
vt 5.074881 -9.316950
vt 5.074881 -13.975425
vt 4.833220 -9.316950
vt 4.833220 -13.975425
vt 4.833220 -18.633900
vt 4.591558 -13.975425
vt 4.591558 -9.316950
vt 4.349897 -13.975425
vt 4.591558 -18.633900
vt 5.558202 -13.975425
vt 5.316541 -9.316950
vt 4.349897 -18.633900
vt 5.074881 -18.633900
vt 4.349897 -9.316950
vt 4.108236 -13.975425
vt 5.316541 -18.633900
vt 4.833220 -23.292376
vt 5.074881 -23.292376
vt 4.591558 -23.292376
vt 4.833220 -4.658475
vt 4.591558 -4.658475
vt 4.108236 -9.316950
vt 3.866575 -13.975425
vt 5.558202 -18.633900
vt 4.349897 -23.292376
vt 5.074881 -4.658475
vt 5.799863 -13.975425
vt 5.558202 -9.316950
vt 4.108236 -18.633900
vt 4.349897 -4.658475
vt 3.866575 -18.633900
vt 4.108236 -23.292376
vt 5.316541 -23.292376
vt 5.316541 -4.658475
vt 4.108236 -4.658475
vt 3.866575 -9.316950
vt 3.624915 -13.975425
vt 5.558202 -4.658475
vt 5.558202 -23.292376
vt 5.799863 -18.633900
vt 3.866575 -4.658475
vt 3.866575 -23.292376
vt 6.041524 -13.975425
vt 5.799863 -9.316950
vt 3.624915 -9.316950
vt 3.383254 -13.975425
vt 5.799863 -23.292376
vt 6.041524 -18.633900
vt 3.624915 -18.633900
vt 3.383254 -18.633900
vt 3.624915 -23.292376
vt 6.041524 -9.316950
vt 5.799863 -4.658475
vt 3.624915 -4.658475
vt 3.383254 -9.316950
vt 6.041524 -4.658475
vt 6.041524 -23.292376
vt 3.383254 -23.292376
vt 3.383254 -4.658475
vt -5.000000 0.000000
vt -4.854709 -1.196578
vt -4.427280 -2.323616
vt -3.742554 -3.315613
vt -2.840324 -4.114919
vt -1.773024 -4.675081
vt -0.602683 -4.963544
vt 0.602683 -4.963544
vt 1.773024 -4.675081
vt 2.840324 -4.114919
vt 3.742554 -3.315613
vt 4.427280 -2.323616
vt 4.854709 -1.196578
vt 5.000000 -0.000000
vt 4.854709 1.196578
vt 4.427280 2.323616
vt 3.742554 3.315613
vt 2.840324 4.114919
vt 1.773024 4.675081
vt 0.602683 4.963544
vt -0.602683 4.963544
vt -1.773024 4.675081
vt -2.840324 4.114919
vt -3.742554 3.315613
vt -4.427280 2.323616
vt -4.854709 1.196578
vt 3.141593 -100.000000
vt 3.141593 -25.000000
vt 3.383254 -100.000000
vt 3.624915 -100.000000
vt 3.866575 -100.000000
vt 4.108236 -100.000000
vt 4.349897 -100.000000
vt 4.591558 -100.000000
vt 4.833220 -100.000000
vt 5.074881 -100.000000
vt 5.316541 -100.000000
vt 5.558202 -100.000000
vt 5.799863 -100.000000
vt 6.041524 -100.000000
vt 6.283185 -100.000000
vt 6.283185 -25.000000
vt 3.383254 -25.000000
vt 3.624915 -25.000000
vt 3.866575 -25.000000
vt 4.108236 -25.000000
vt 4.349897 -25.000000
vt 4.591558 -25.000000
vt 4.833220 -25.000000
vt 5.074881 -25.000000
vt 5.316541 -25.000000
vt 5.558202 -25.000000
vt 5.799863 -25.000000
vt 6.041524 -25.000000
vt 12.500000 0.000000
vt 12.310097 2.170602
vt 11.746158 4.275252
vt 10.825317 6.250000
vt 9.575556 8.034845
vt 8.034845 9.575556
vt 6.250000 10.825317
vt 4.275252 11.746158
vt 2.170602 12.310097
vt 0.000000 12.500000
vt -2.170602 12.310097
vt -4.275252 11.746158
vt -6.250000 10.825317
vt -8.034845 9.575556
vt -9.575556 8.034845
vt -10.825317 6.250000
vt -11.746158 4.275252
vt -12.310097 2.170602
vt -12.500000 0.000000
vt -12.310097 -2.170602
vt -11.746158 -4.275252
vt -10.825317 -6.250000
vt -9.575556 -8.034845
vt -8.034845 -9.575556
vt -6.250000 -10.825317
vt -4.275252 -11.746158
vt -2.170602 -12.310097
vt -0.000000 -12.500000
vt 2.170602 -12.310097
vt 4.275252 -11.746158
vt 6.250000 -10.825317
vt 8.034845 -9.575556
vt 9.575556 -8.034845
vt 10.825317 -6.250000
vt 11.746158 -4.275252
vt 12.310097 -2.170602
vt -5.000000 0.000000
vt -4.854709 -1.196578
vt -4.427280 -2.323616
vt -3.742554 -3.315613
vt -2.840324 -4.114919
vt -1.773024 -4.675081
vt -0.602683 -4.963544
vt 0.602683 -4.963544
vt 1.773024 -4.675081
vt 2.840324 -4.114919
vt 3.742554 -3.315613
vt 4.427280 -2.323616
vt 4.854709 -1.196578
vt 5.000000 -0.000000
vt 4.854709 1.196578
vt 4.427280 2.323616
vt 3.742554 3.315613
vt 2.840324 4.114919
vt 1.773024 4.675081
vt 0.602683 4.963544
vt -0.602683 4.963544
vt -1.773024 4.675081
vt -2.840324 4.114919
vt -3.742554 3.315613
vt -4.427280 2.323616
vt -4.854709 1.196578
vt -25.000000 5.650685
vt -25.000000 25.000000
vt -20.000000 5.650685
vt -20.000000 -5.650685
vt -25.000000 -5.650685
vt -25.000000 -25.000000
vt 25.000000 -25.000000
vt 25.000000 25.000000
vt 6.421233 25.000000
vt 6.421233 20.000000
vt 2.854238 20.000000
vt 2.854238 25.000000
vt -3.294092 25.000000
vt -3.294092 20.000000
vt -6.215754 20.000000
vt -6.215754 25.000000
vt 23.163527 2.671233
vt 30.650684 2.671233
vt 30.650684 0.000000
vt 50.000000 0.000000
vt 50.000000 50.000000
vt 26.849316 50.000000
vt 26.849316 45.000000
vt 23.561644 45.000000
vt 23.561644 50.000000
vt 0.000000 50.000000
vt 0.000000 0.000000
vt 19.349316 -0.000000
vt 19.349316 2.324486
vt 26.762629 12.328767
vt 19.869434 12.328767
vt 19.869434 15.000000
vt 30.438784 15.000000
vt 30.438784 12.527825
vt 21.705908 -0.000000
vt 27.854239 -0.000000
vt 24.816996 5.653895
vt 31.010275 15.000000
vt 26.958475 7.994435
vt 31.421232 0.000000
vt 50.000000 0.000000
vt 50.000000 50.000000
vt 0.000000 50.000000
vt 0.000000 0.000000
vt 18.784246 -0.000000
vt 23.330479 7.943065
vt 19.400684 15.000000
vt 22.935574 15.000000
vt 25.494434 10.187286
vt 28.152824 15.000000
vt -10.000000 6.575343
vt -18.630136 1.849315
vt -10.000000 3.534889
vt -15.811215 0.478382
vt -10.000000 -2.712971
vt -10.000000 -6.369863
vt -18.691139 -1.438356
vt -25.000000 -1.438356
vt -25.000000 -25.000000
vt 25.000000 -25.000000
vt 25.000000 25.000000
vt -25.000000 25.000000
vt -25.000000 1.849315
vt 0.000000 0.000000
vt 0.000000 50.000000
vt -50.000000 50.000000
vt -50.000000 0.000000
vt 0.000000 0.000000
vt 0.000000 50.000000
vt -50.000000 50.000000
vt -50.000000 0.000000
vt 0.000000 5.000000
vt 6.369863 5.000000
vt 0.000000 0.000000
vt 6.369863 0.000000
vt 0.000000 5.000000
vt 6.308861 5.000000
vt 0.000000 0.000000
vt 6.308861 0.000000
vt 0.000000 5.000000
vt 9.992780 5.000000
vt 0.000000 0.000000
vt 9.992780 0.000000
vt 0.000000 5.000000
vt 3.656892 5.000000
vt 0.000000 0.000000
vt 3.656892 0.000000
vt 0.000000 5.000000
vt 6.629854 5.000000
vt 0.000000 0.000000
vt 6.629854 0.000000
vt 0.000000 5.000000
vt 6.566008 5.000000
vt 0.000000 0.000000
vt 6.566008 0.000000
vt 0.000000 5.000000
vt 3.040454 5.000000
vt 0.000000 0.000000
vt 3.040454 0.000000
vt 0.000000 5.000000
vt 9.839441 5.000000
vt 0.000000 0.000000
vt 9.839441 0.000000
vt -25.000000 1.849315
vt -25.000000 -1.438356
vt -18.691139 -1.438356
vt -10.000000 -6.369863
vt -10.000000 -2.712971
vt -15.811215 0.478382
vt -10.000000 3.534889
vt -10.000000 6.575343
vt -18.630136 1.849315
vt 0.000000 5.000000
vt 9.155719 5.000000
vt 0.000000 0.000000
vt 9.155719 0.000000
vt 0.000000 5.000000
vt 6.418051 5.000000
vt 0.000000 0.000000
vt 6.418051 0.000000
vt 0.000000 5.000000
vt 6.453325 5.000000
vt 0.000000 0.000000
vt 6.453325 0.000000
vt 0.000000 5.000000
vt 9.152077 5.000000
vt 0.000000 0.000000
vt 9.152077 0.000000
vt 0.000000 5.000000
vt 8.077352 5.000000
vt 0.000000 0.000000
vt 8.077352 0.000000
vt 0.000000 5.000000
vt 3.534889 5.000000
vt 0.000000 0.000000
vt 3.534889 0.000000
vt 0.000000 5.000000
vt 5.450687 5.000000
vt 0.000000 0.000000
vt 5.450687 0.000000
vt 0.000000 5.000000
vt 5.498114 5.000000
vt 0.000000 0.000000
vt 5.498114 0.000000
vt 0.000000 5.000000
vt 2.857449 5.000000
vt 0.000000 0.000000
vt 2.857449 0.000000
vt 0.000000 5.000000
vt 8.092898 5.000000
vt 0.000000 0.000000
vt 8.092898 0.000000
vt -6.421233 -25.000000
vt -2.854238 -25.000000
vt 0.183005 -19.346104
vt 3.294092 -25.000000
vt 6.215754 -25.000000
vt 1.669520 -17.056934
vt 5.599315 -10.000000
vt 2.064426 -10.000000
vt -0.494435 -14.812714
vt -3.152825 -10.000000
vt -6.010274 -10.000000
vt -1.958476 -17.005566
vt -5.000000 0.000000
vt -5.000000 7.487157
vt 0.000000 0.000000
vt 0.000000 7.487157
vt 5.000000 0.000000
vt 5.000000 -2.671233
vt 0.000000 0.000000
vt 0.000000 -2.671233
vt -5.000000 0.000000
vt -5.000000 2.324486
vt 0.000000 0.000000
vt 0.000000 2.324486
vt 0.000000 5.000000
vt 12.451620 5.000000
vt 0.000000 0.000000
vt 12.451620 0.000000
vt 5.000000 0.000000
vt 5.000000 -6.893194
vt 0.000000 0.000000
vt 0.000000 -6.893194
vt -5.000000 0.000000
vt -5.000000 2.671233
vt 0.000000 0.000000
vt 0.000000 2.671233
vt -5.000000 0.000000
vt -5.000000 10.569349
vt 0.000000 0.000000
vt 0.000000 10.569349
vt 5.000000 0.000000
vt 5.000000 -2.472175
vt 0.000000 0.000000
vt 0.000000 -2.472175
vt 0.000000 5.000000
vt 12.250787 5.000000
vt 0.000000 0.000000
vt 12.250787 0.000000
vt -5.650685 -22.328768
vt -5.650685 -25.000000
vt 5.650685 -25.000000
vt 5.650685 -22.675514
vt -1.762628 -12.671233
vt 5.130565 -12.671233
vt 5.130565 -10.000000
vt -5.438784 -10.000000
vt -5.438784 -12.472175
vt 1.836473 -22.328768
vn 0.000000 0.000000 1.000000
vn 0.239316 0.000000 0.970942
vn 0.464723 0.000000 0.885456
vn 0.663123 0.000000 0.748511
vn 0.822984 0.000000 0.568065
vn 0.935016 0.000000 0.354605
vn 0.992709 0.000000 0.120537
vn 0.992709 0.000000 -0.120537
vn 0.935016 0.000000 -0.354605
vn 0.822984 0.000000 -0.568065
vn 0.663123 0.000000 -0.748511
vn 0.464723 0.000000 -0.885456
vn 0.239316 0.000000 -0.970942
vn 0.000000 0.000000 -1.000000
vn 0.000000 0.000000 -1.000000
vn 0.000000 0.000000 1.000000
vn 0.239316 0.000000 0.970942
vn 0.464723 0.000000 0.885456
vn 0.663123 0.000000 0.748511
vn 0.822984 0.000000 0.568065
vn 0.935016 0.000000 0.354605
vn 0.992709 0.000000 0.120537
vn 0.992709 0.000000 -0.120537
vn 0.935016 0.000000 -0.354605
vn 0.822984 0.000000 -0.568065
vn 0.663123 0.000000 -0.748511
vn 0.464723 0.000000 -0.885456
vn 0.239316 0.000000 -0.970942
vn 0.000000 0.447214 -0.894427
vn 0.000000 0.447214 -0.894427
vn 0.000000 0.447214 0.894427
vn 0.000000 0.447214 0.894427
vn 0.155316 0.447214 0.880839
vn 0.305912 0.447214 0.840487
vn 0.447214 0.447214 0.774597
vn 0.574927 0.447214 0.685171
vn 0.685171 0.447214 0.574927
vn 0.774597 0.447214 0.447214
vn 0.840487 0.447214 0.305912
vn 0.880839 0.447214 0.155316
vn 0.894427 0.447214 -0.000000
vn 0.880839 0.447214 -0.155316
vn 0.840487 0.447214 -0.305912
vn 0.774597 0.447214 -0.447214
vn 0.685171 0.447214 -0.574927
vn 0.574927 0.447214 -0.685171
vn 0.447214 0.447214 -0.774597
vn 0.305912 0.447214 -0.840487
vn 0.155316 0.447214 -0.880839
vn 0.887906 0.447214 0.107811
vn 0.836304 0.447214 0.317168
vn 0.887906 0.447214 0.107811
vn 0.887906 0.447214 0.107811
vn 0.836304 0.447214 0.317168
vn 0.887906 0.447214 0.107811
vn 0.836304 0.447214 0.317168
vn 0.887906 0.447214 -0.107811
vn 0.887906 0.447214 -0.107811
vn 0.887906 0.447214 -0.107811
vn 0.736099 0.447214 0.508093
vn 0.593115 0.447214 0.669488
vn 0.736099 0.447214 0.508093
vn 0.836304 0.447214 -0.317168
vn 0.836304 0.447214 -0.317168
vn 0.736099 0.447214 -0.508093
vn 0.887906 0.447214 -0.107811
vn 0.836304 0.447214 0.317168
vn 0.736099 0.447214 0.508093
vn 0.593115 0.447214 -0.669488
vn 0.593115 0.447214 -0.669488
vn 0.836304 0.447214 -0.317168
vn 0.887906 0.447214 0.107811
vn 0.593115 0.447214 -0.669488
vn 0.887906 0.447214 -0.107811
vn 0.736099 0.447214 -0.508093
vn 0.836304 0.447214 -0.317168
vn 0.836304 0.447214 0.317168
vn 0.836304 0.447214 -0.317168
vn 0.736099 0.447214 -0.508093
vn 0.415661 0.447214 0.791976
vn 0.593115 0.447214 0.669488
vn 0.593115 0.447214 0.669488
vn 0.736099 0.447214 0.508093
vn 0.593115 0.447214 0.669488
vn 0.736099 0.447214 -0.508093
vn 0.736099 0.447214 0.508093
vn 0.593115 0.447214 0.669488
vn 0.415661 0.447214 -0.791976
vn 0.736099 0.447214 -0.508093
vn 0.593115 0.447214 -0.669488
vn 0.593115 0.447214 -0.669488
vn 0.214050 0.447214 0.868437
vn 0.415661 0.447214 0.791976
vn 0.415661 0.447214 -0.791976
vn 0.214050 0.447214 -0.868437
vn 0.415661 0.447214 0.791976
vn 0.415661 0.447214 0.791976
vn 0.214050 0.447214 0.868437
vn 0.214050 0.447214 0.868437
vn 0.415661 0.447214 0.791976
vn 0.415661 0.447214 -0.791976
vn 0.214050 0.447214 -0.868437
vn 0.415661 0.447214 -0.791976
vn 0.415661 0.447214 -0.791976
vn 0.214050 0.447214 -0.868437
vn 0.214050 0.447214 -0.868437
vn 0.214050 0.447214 0.868437
vn 0.214050 0.447214 0.868437
vn 0.214050 0.447214 -0.868437
vn 0.000000 0.447214 0.894427
vn 0.000000 0.447214 0.894427
vn -0.000000 0.447214 -0.894427
vn -0.000000 0.447214 -0.894427
vn -0.155316 0.447214 -0.880839
vn -0.305912 0.447214 -0.840487
vn -0.447214 0.447214 -0.774597
vn -0.574927 0.447214 -0.685171
vn -0.685171 0.447214 -0.574927
vn -0.774597 0.447214 -0.447214
vn -0.840487 0.447214 -0.305912
vn -0.880839 0.447214 -0.155316
vn -0.894427 0.447214 -0.000000
vn -0.880839 0.447214 0.155316
vn -0.840487 0.447214 0.305912
vn -0.774597 0.447214 0.447214
vn -0.685171 0.447214 0.574927
vn -0.574927 0.447214 0.685171
vn -0.447214 0.447214 0.774597
vn -0.305912 0.447214 0.840487
vn -0.155316 0.447214 0.880839
vn -0.736099 0.447214 -0.508093
vn -0.836304 0.447214 -0.317168
vn -0.836304 0.447214 -0.317168
vn -0.887906 0.447214 -0.107811
vn -0.887906 0.447214 -0.107811
vn -0.887906 0.447214 -0.107811
vn -0.836304 0.447214 -0.317168
vn -0.887906 0.447214 0.107811
vn -0.887906 0.447214 0.107811
vn -0.887906 0.447214 0.107811
vn -0.836304 0.447214 0.317168
vn -0.736099 0.447214 0.508093
vn -0.836304 0.447214 0.317168
vn -0.593115 0.447214 -0.669488
vn -0.736099 0.447214 -0.508093
vn -0.736099 0.447214 0.508093
vn -0.836304 0.447214 0.317168
vn -0.887906 0.447214 -0.107811
vn -0.836304 0.447214 -0.317168
vn -0.887906 0.447214 0.107811
vn -0.887906 0.447214 -0.107811
vn -0.887906 0.447214 0.107811
vn -0.593115 0.447214 0.669488
vn -0.736099 0.447214 -0.508093
vn -0.736099 0.447214 -0.508093
vn -0.593115 0.447214 -0.669488
vn -0.836304 0.447214 0.317168
vn -0.836304 0.447214 -0.317168
vn -0.415661 0.447214 -0.791976
vn -0.593115 0.447214 -0.669488
vn -0.736099 0.447214 0.508093
vn -0.836304 0.447214 0.317168
vn -0.593115 0.447214 0.669488
vn -0.736099 0.447214 0.508093
vn -0.736099 0.447214 -0.508093
vn -0.736099 0.447214 0.508093
vn -0.593115 0.447214 0.669488
vn -0.415661 0.447214 0.791976
vn -0.593115 0.447214 -0.669488
vn -0.593115 0.447214 -0.669488
vn -0.593115 0.447214 0.669488
vn -0.593115 0.447214 0.669488
vn -0.214050 0.447214 -0.868437
vn -0.415661 0.447214 -0.791976
vn -0.415661 0.447214 0.791976
vn -0.214050 0.447214 0.868437
vn -0.415661 0.447214 -0.791976
vn -0.415661 0.447214 -0.791976
vn -0.214050 0.447214 -0.868437
vn -0.415661 0.447214 0.791976
vn -0.214050 0.447214 0.868437
vn -0.415661 0.447214 0.791976
vn -0.214050 0.447214 -0.868437
vn -0.415661 0.447214 -0.791976
vn -0.415661 0.447214 0.791976
vn -0.214050 0.447214 0.868437
vn -0.214050 0.447214 -0.868437
vn -0.214050 0.447214 0.868437
vn -0.214050 0.447214 -0.868437
vn -0.214050 0.447214 0.868437
vn 0.000000 -1.000000 -0.000000
vn 0.000000 -1.000000 -0.000000
vn 0.000000 -1.000000 -0.000000
vn 0.000000 -1.000000 -0.000000
vn 0.000000 -1.000000 -0.000000
vn 0.000000 -1.000000 -0.000000
vn 0.000000 -1.000000 -0.000000
vn 0.000000 -1.000000 -0.000000
vn 0.000000 -1.000000 -0.000000
vn 0.000000 -1.000000 -0.000000
vn 0.000000 -1.000000 -0.000000
vn 0.000000 -1.000000 -0.000000
vn 0.000000 -1.000000 -0.000000
vn 0.000000 -1.000000 -0.000000
vn 0.000000 -1.000000 -0.000000
vn 0.000000 -1.000000 -0.000000
vn 0.000000 -1.000000 -0.000000
vn 0.000000 -1.000000 -0.000000
vn 0.000000 -1.000000 -0.000000
vn 0.000000 -1.000000 -0.000000
vn 0.000000 -1.000000 -0.000000
vn 0.000000 -1.000000 -0.000000
vn 0.000000 -1.000000 -0.000000
vn 0.000000 -1.000000 -0.000000
vn 0.000000 -1.000000 -0.000000
vn 0.000000 -1.000000 -0.000000
vn 0.000000 0.000000 -1.000000
vn 0.000000 0.000000 -1.000000
vn -0.239316 -0.000000 -0.970942
vn -0.464723 -0.000000 -0.885456
vn -0.663123 -0.000000 -0.748511
vn -0.822984 -0.000000 -0.568065
vn -0.935016 -0.000000 -0.354605
vn -0.992709 -0.000000 -0.120537
vn -0.992709 0.000000 0.120537
vn -0.935016 0.000000 0.354605
vn -0.822984 0.000000 0.568065
vn -0.663123 0.000000 0.748511
vn -0.464723 0.000000 0.885456
vn -0.239316 0.000000 0.970942
vn -0.000000 0.000000 1.000000
vn -0.000000 0.000000 1.000000
vn -0.239316 -0.000000 -0.970942
vn -0.464723 -0.000000 -0.885456
vn -0.663123 -0.000000 -0.748511
vn -0.822984 -0.000000 -0.568065
vn -0.935016 -0.000000 -0.354605
vn -0.992709 -0.000000 -0.120537
vn -0.992709 0.000000 0.120537
vn -0.935016 0.000000 0.354605
vn -0.822984 0.000000 0.568065
vn -0.663123 0.000000 0.748511
vn -0.464723 0.000000 0.885456
vn -0.239316 0.000000 0.970942
vn 0.000000 -1.000000 -0.000000
vn 0.000000 -1.000000 -0.000000
vn 0.000000 -1.000000 -0.000000
vn 0.000000 -1.000000 -0.000000
vn 0.000000 -1.000000 -0.000000
vn 0.000000 -1.000000 -0.000000
vn 0.000000 -1.000000 -0.000000
vn 0.000000 -1.000000 -0.000000
vn 0.000000 -1.000000 -0.000000
vn 0.000000 -1.000000 -0.000000
vn 0.000000 -1.000000 -0.000000
vn 0.000000 -1.000000 -0.000000
vn 0.000000 -1.000000 -0.000000
vn 0.000000 -1.000000 -0.000000
vn 0.000000 -1.000000 -0.000000
vn 0.000000 -1.000000 -0.000000
vn 0.000000 -1.000000 -0.000000
vn 0.000000 -1.000000 -0.000000
vn 0.000000 -1.000000 -0.000000
vn 0.000000 -1.000000 -0.000000
vn 0.000000 -1.000000 -0.000000
vn 0.000000 -1.000000 -0.000000
vn 0.000000 -1.000000 -0.000000
vn 0.000000 -1.000000 -0.000000
vn 0.000000 -1.000000 -0.000000
vn 0.000000 -1.000000 -0.000000
vn 0.000000 -1.000000 -0.000000
vn 0.000000 -1.000000 -0.000000
vn 0.000000 -1.000000 -0.000000
vn 0.000000 -1.000000 -0.000000
vn 0.000000 -1.000000 -0.000000
vn 0.000000 -1.000000 -0.000000
vn 0.000000 -1.000000 -0.000000
vn 0.000000 -1.000000 -0.000000
vn 0.000000 -1.000000 -0.000000
vn 0.000000 -1.000000 -0.000000
vn 0.000000 -1.000000 -0.000000
vn 0.000000 -1.000000 -0.000000
vn 0.000000 -1.000000 -0.000000
vn 0.000000 -1.000000 -0.000000
vn 0.000000 -1.000000 -0.000000
vn 0.000000 -1.000000 -0.000000
vn 0.000000 -1.000000 -0.000000
vn 0.000000 -1.000000 -0.000000
vn 0.000000 -1.000000 -0.000000
vn 0.000000 -1.000000 -0.000000
vn 0.000000 -1.000000 -0.000000
vn 0.000000 -1.000000 -0.000000
vn 0.000000 -1.000000 -0.000000
vn 0.000000 -1.000000 -0.000000
vn 0.000000 -1.000000 -0.000000
vn 0.000000 -1.000000 -0.000000
vn 0.000000 -1.000000 -0.000000
vn 0.000000 -1.000000 -0.000000
vn 0.000000 -1.000000 -0.000000
vn 0.000000 -1.000000 -0.000000
vn 0.000000 -1.000000 -0.000000
vn 0.000000 -1.000000 -0.000000
vn 0.000000 -1.000000 -0.000000
vn 0.000000 -1.000000 -0.000000
vn 0.000000 -1.000000 -0.000000
vn 0.000000 -1.000000 -0.000000
vn 1.000000 0.000000 0.000000
vn 0.980785 0.195090 0.000000
vn 0.923880 0.382683 0.000000
vn 0.831470 0.555570 0.000000
vn 0.707107 0.707107 0.000000
vn 0.555570 0.831470 0.000000
vn 0.382683 0.923880 0.000000
vn 0.195090 0.980785 0.000000
vn -0.000000 1.000000 -0.000000
vn 0.980067 0.000000 -0.198667
vn 0.921063 0.000000 -0.389414
vn 0.825338 0.000000 -0.564639
vn 0.696710 0.000000 -0.717353
vn 0.540306 0.000000 -0.841469
vn 0.362362 0.000000 -0.932037
vn 0.184340 0.000000 -0.982863
vn 0.000000 0.000000 -1.000000
vn 0.000000 0.000000 -1.000000
vn 1.000000 0.000000 0.000000
vn 0.980067 0.000000 -0.198667
vn 0.921063 0.000000 -0.389414
vn 0.825338 0.000000 -0.564639
vn 0.696710 0.000000 -0.717353
vn 0.540306 0.000000 -0.841469
vn 0.362362 0.000000 -0.932037
vn 0.184340 0.000000 -0.982863
vn 0.000000 -1.000000 0.000000
vn 0.195090 -0.980785 0.000000
vn 0.382683 -0.923880 0.000000
vn 0.555570 -0.831470 0.000000
vn 0.707107 -0.707107 0.000000
vn 0.831470 -0.555570 0.000000
vn 0.923880 -0.382683 0.000000
vn 0.980785 -0.195090 0.000000
vn -0.195090 -0.980785 0.000000
vn -0.382683 -0.923880 0.000000
vn -0.555570 -0.831470 0.000000
vn -0.707107 -0.707107 0.000000
vn -0.831470 -0.555570 0.000000
vn -0.923880 -0.382683 -0.000000
vn -0.980785 -0.195090 -0.000000
vn -1.000000 0.000000 -0.000000
vn -0.980785 0.195090 -0.000000
vn -0.923880 0.382683 -0.000000
vn -0.831470 0.555570 -0.000000
vn -0.707107 0.707107 -0.000000
vn -0.555570 0.831470 -0.000000
vn -0.382683 0.923880 -0.000000
vn -0.195090 0.980785 -0.000000
vn -0.795667 0.241363 -0.555570
vn -0.733291 0.391952 -0.555570
vn -0.653282 0.270598 -0.707107
vn -0.489969 0.261894 -0.831470
vn -0.531648 0.161274 -0.831470
vn -0.827466 0.081498 -0.555570
vn -0.693520 0.137950 -0.707107
vn -0.707107 0.000000 -0.707107
vn -0.552895 0.054455 -0.831470
vn -0.552895 -0.054455 -0.831470
vn -0.827466 -0.081498 -0.555570
vn -0.693520 -0.137950 -0.707107
vn -0.531648 -0.161274 -0.831470
vn -0.795667 -0.241363 -0.555570
vn -0.489969 -0.261894 -0.831470
vn -0.653282 -0.270598 -0.707107
vn -0.733291 -0.391952 -0.555570
vn -0.906127 -0.180240 -0.382683
vn -0.923880 0.000000 -0.382683
vn -0.382683 0.000000 -0.923880
vn -0.375330 -0.074658 -0.923880
vn -0.429462 -0.352450 -0.831470
vn -0.587938 -0.392847 -0.707107
vn -0.853553 -0.353553 -0.382683
vn -0.906127 0.180240 -0.382683
vn -0.587938 0.392847 -0.707107
vn -0.429462 0.352450 -0.831470
vn -0.375330 0.074658 -0.923880
vn -0.353553 0.146447 -0.923880
vn -0.353553 -0.146447 -0.923880
vn -0.642735 -0.527479 -0.555570
vn -0.853553 0.353553 -0.382683
vn -0.642735 0.527479 -0.555570
vn -0.500000 -0.500000 -0.707107
vn -0.352450 -0.429462 -0.831470
vn -0.392847 -0.587938 -0.707107
vn -0.318190 -0.212608 -0.923880
vn -0.768178 -0.513280 -0.382683
vn -0.500000 0.500000 -0.707107
vn -0.527479 0.642735 -0.555570
vn -0.392847 0.587938 -0.707107
vn -0.768178 0.513280 -0.382683
vn -0.318190 0.212608 -0.923880
vn -0.352450 0.429462 -0.831470
vn -0.261894 -0.489969 -0.831470
vn -0.270598 -0.653282 -0.707107
vn -0.527479 -0.642735 -0.555570
vn -0.653282 0.653282 -0.382683
vn -0.212608 0.318190 -0.923880
vn -0.270598 0.270598 -0.923880
vn -0.270598 -0.270598 -0.923880
vn -0.653282 -0.653282 -0.382683
vn -0.270598 0.653282 -0.707107
vn -0.261894 0.489969 -0.831470
vn -0.212608 -0.318190 -0.923880
vn -0.391952 -0.733291 -0.555570
vn -0.161274 -0.531648 -0.831470
vn -0.137950 -0.693520 -0.707107
vn -0.513280 0.768178 -0.382683
vn -0.391952 0.733291 -0.555570
vn -0.513280 -0.768178 -0.382683
vn -0.976063 -0.096134 -0.195090
vn -0.976063 0.096134 -0.195090
vn -0.353553 -0.853553 -0.382683
vn -0.137950 0.693520 -0.707107
vn -0.161274 0.531648 -0.831470
vn -0.146447 -0.353553 -0.923880
vn -0.194151 -0.019122 -0.980785
vn -0.186690 -0.056632 -0.980785
vn -0.938553 0.284707 -0.195090
vn -0.194151 0.019122 -0.980785
vn -0.938553 -0.284707 -0.195090
vn -0.241363 0.795667 -0.555570
vn -0.353553 0.853553 -0.382683
vn -0.186690 0.056632 -0.980785
vn -0.054455 -0.552895 -0.831470
vn 0.000000 -0.707107 -0.707107
vn -0.146447 0.353553 -0.923880
vn -0.241363 -0.795667 -0.555570
vn -0.172054 0.091965 -0.980785
vn -0.864975 -0.462339 -0.195090
vn -0.864975 0.462339 -0.195090
vn -0.180240 -0.906127 -0.382683
vn -0.172054 -0.091965 -0.980785
vn 0.000000 0.707107 -0.707107
vn -0.054455 0.552895 -0.831470
vn -0.074658 -0.375330 -0.923880
vn -0.180240 0.906127 -0.382683
vn -0.758157 0.622204 -0.195090
vn -0.074658 0.375330 -0.923880
vn -0.150807 -0.123764 -0.980785
vn -0.758157 -0.622204 -0.195090
vn -0.150807 0.123764 -0.980785
vn -0.081498 0.827466 -0.555570
vn 0.137950 -0.693520 -0.707107
vn 0.081498 -0.827466 -0.555570
vn -0.081498 -0.827466 -0.555570
vn 0.081498 0.827466 -0.555570
vn 0.137950 0.693520 -0.707107
vn -0.622204 0.758157 -0.195090
vn -0.462339 0.864975 -0.195090
vn -0.123764 0.150807 -0.980785
vn 0.000000 -0.923880 -0.382683
vn -0.622204 -0.758157 -0.195090
vn -0.123764 -0.150807 -0.980785
vn -0.091965 -0.172054 -0.980785
vn -0.462339 -0.864975 -0.195090
vn 0.054455 0.552895 -0.831470
vn 0.000000 0.923880 -0.382683
vn -0.091965 0.172054 -0.980785
vn 0.000000 -0.382683 -0.923880
vn 0.000000 0.382683 -0.923880
vn 0.270598 -0.653282 -0.707107
vn 0.241363 -0.795667 -0.555570
vn 0.054455 -0.552895 -0.831470
vn 0.180240 -0.906127 -0.382683
vn 0.180240 0.906127 -0.382683
vn -0.284707 0.938553 -0.195090
vn 0.241363 0.795667 -0.555570
vn 0.270598 0.653282 -0.707107
vn -0.056632 0.186690 -0.980785
vn -0.284707 -0.938553 -0.195090
vn -0.056632 -0.186690 -0.980785
vn 0.074658 -0.375330 -0.923880
vn -0.096134 -0.976063 -0.195090
vn 0.074658 0.375330 -0.923880
vn 0.056632 0.186690 -0.980785
vn 0.019122 0.194151 -0.980785
vn 0.161274 0.531648 -0.831470
vn -0.096134 0.976063 -0.195090
vn -0.019122 -0.194151 -0.980785
vn -0.019122 0.194151 -0.980785
vn 0.391952 -0.733291 -0.555570
vn 0.161274 -0.531648 -0.831470
vn 0.353553 -0.853553 -0.382683
vn 0.391952 0.733291 -0.555570
vn 0.096134 -0.976063 -0.195090
vn 0.353553 0.853553 -0.382683
vn 0.146447 -0.353553 -0.923880
vn 0.146447 0.353553 -0.923880
vn 0.392847 0.587938 -0.707107
vn 0.261894 0.489969 -0.831470
vn 0.096134 0.976063 -0.195090
vn 0.019122 -0.194151 -0.980785
vn 0.261894 -0.489969 -0.831470
vn 0.392847 -0.587938 -0.707107
vn 0.284707 -0.938553 -0.195090
vn 0.284707 0.938553 -0.195090
vn 0.056632 -0.186690 -0.980785
vn 0.527479 -0.642735 -0.555570
vn 0.513280 -0.768178 -0.382683
vn 0.513280 0.768178 -0.382683
vn 0.527479 0.642735 -0.555570
vn 0.500000 0.500000 -0.707107
vn 0.352450 0.429462 -0.831470
vn 0.500000 -0.500000 -0.707107
vn 0.352450 -0.429462 -0.831470
vn 0.212608 -0.318190 -0.923880
vn 0.642735 -0.527479 -0.555570
vn 0.653282 -0.653282 -0.382683
vn 0.212608 0.318190 -0.923880
vn 0.462339 0.864975 -0.195090
vn 0.653282 0.653282 -0.382683
vn 0.642735 0.527479 -0.555570
vn 0.462339 -0.864975 -0.195090
vn 0.091965 -0.172054 -0.980785
vn 0.091965 0.172054 -0.980785
vn 0.587938 0.392847 -0.707107
vn 0.429462 0.352450 -0.831470
vn 0.270598 -0.270598 -0.923880
vn 0.429462 -0.352450 -0.831470
vn 0.622204 -0.758157 -0.195090
vn 0.270598 0.270598 -0.923880
vn 0.587938 -0.392847 -0.707107
vn 0.123764 -0.150807 -0.980785
vn 0.733291 -0.391952 -0.555570
vn 0.768178 -0.513280 -0.382683
vn 0.622204 0.758157 -0.195090
vn 0.123764 0.150807 -0.980785
vn 0.489969 -0.261894 -0.831470
vn 0.653282 -0.270598 -0.707107
vn 0.768178 0.513280 -0.382683
vn 0.733291 0.391952 -0.555570
vn 0.758157 -0.622204 -0.195090
vn 0.318190 -0.212608 -0.923880
vn 0.489969 0.261894 -0.831470
vn 0.318190 0.212608 -0.923880
vn 0.194151 0.019122 -0.980785
vn 0.186690 0.056632 -0.980785
vn 0.795667 -0.241363 -0.555570
vn 0.853553 -0.353553 -0.382683
vn 0.150807 -0.123764 -0.980785
vn 0.758157 0.622204 -0.195090
vn 0.653282 0.270598 -0.707107
vn 0.150807 0.123764 -0.980785
vn 0.853553 0.353553 -0.382683
vn 0.795667 0.241363 -0.555570
vn 0.531648 0.161274 -0.831470
vn 0.353553 0.146447 -0.923880
vn 0.353553 -0.146447 -0.923880
vn 0.531648 -0.161274 -0.831470
vn 0.827466 -0.081498 -0.555570
vn 0.906127 -0.180240 -0.382683
vn 0.172054 -0.091965 -0.980785
vn 0.864975 -0.462339 -0.195090
vn 0.172054 0.091965 -0.980785
vn 0.864975 0.462339 -0.195090
vn 0.693520 -0.137950 -0.707107
vn 0.693520 0.137950 -0.707107
vn 0.906127 0.180240 -0.382683
vn 0.827466 0.081498 -0.555570
vn 0.375330 -0.074658 -0.923880
vn 0.375330 0.074658 -0.923880
vn 0.938553 -0.284707 -0.195090
vn 0.552895 0.054455 -0.831470
vn 0.186690 -0.056632 -0.980785
vn 0.552895 -0.054455 -0.831470
vn 0.938553 0.284707 -0.195090
vn 0.976063 -0.096134 -0.195090
vn 0.976063 0.096134 -0.195090
vn 0.194151 -0.019122 -0.980785
vn 0.000000 -1.000000 0.000000
vn -0.195090 -0.980785 -0.000000
vn -0.382683 -0.923880 -0.000000
vn -0.555570 -0.831470 -0.000000
vn -0.707107 -0.707107 -0.000000
vn -0.831470 -0.555570 -0.000000
vn -0.923880 -0.382683 -0.000000
vn -0.980785 -0.195090 -0.000000
vn -1.000000 0.000000 0.000000
vn -0.980785 0.195090 0.000000
vn -0.923880 0.382683 0.000000
vn -0.831470 0.555570 0.000000
vn -0.707107 0.707107 0.000000
vn -0.555570 0.831470 0.000000
vn -0.382683 0.923880 0.000000
vn -0.195090 0.980785 0.000000
vn -0.000000 1.000000 0.000000
vn 0.195090 -0.980785 0.000000
vn 0.382683 -0.923880 0.000000
vn 0.555570 -0.831470 0.000000
vn 0.707107 -0.707107 0.000000
vn 0.831470 -0.555570 0.000000
vn 0.923880 -0.382683 0.000000
vn 0.980785 -0.195090 0.000000
vn 1.000000 0.000000 -0.000000
vn 0.000000 0.000000 1.000000
vn 0.198667 0.000000 0.980067
vn 0.389414 0.000000 0.921063
vn 0.564639 0.000000 0.825338
vn 0.717353 0.000000 0.696710
vn 0.841469 0.000000 0.540306
vn 0.932037 0.000000 0.362362
vn 0.982863 0.000000 0.184340
vn 0.000000 0.000000 1.000000
vn 0.198667 0.000000 0.980067
vn 0.389414 0.000000 0.921063
vn 0.564639 0.000000 0.825338
vn 0.717353 0.000000 0.696710
vn 0.841469 0.000000 0.540306
vn 0.932037 0.000000 0.362362
vn 0.982863 0.000000 0.184340
vn 1.000000 0.000000 -0.000000
vn 0.980785 0.195090 0.000000
vn 0.923880 0.382683 0.000000
vn 0.831470 0.555570 0.000000
vn 0.707107 0.707107 0.000000
vn 0.555570 0.831470 0.000000
vn 0.382683 0.923880 0.000000
vn 0.195090 0.980785 0.000000
vn -0.531648 0.161274 0.831470
vn -0.489969 0.261894 0.831470
vn -0.653282 0.270598 0.707107
vn -0.733291 0.391952 0.555570
vn -0.795667 0.241363 0.555570
vn -0.552895 0.054455 0.831470
vn -0.693520 0.137950 0.707107
vn -0.707107 0.000000 0.707107
vn -0.827466 0.081498 0.555570
vn -0.827466 -0.081498 0.555570
vn -0.552895 -0.054455 0.831470
vn -0.693520 -0.137950 0.707107
vn -0.795667 -0.241363 0.555570
vn -0.531648 -0.161274 0.831470
vn -0.733291 -0.391952 0.555570
vn -0.653282 -0.270598 0.707107
vn -0.489969 -0.261894 0.831470
vn -0.375330 -0.074658 0.923880
vn -0.382683 0.000000 0.923880
vn -0.923880 0.000000 0.382683
vn -0.906127 -0.180240 0.382683
vn -0.642735 -0.527479 0.555570
vn -0.587938 -0.392847 0.707107
vn -0.353553 -0.146447 0.923880
vn -0.375330 0.074658 0.923880
vn -0.587938 0.392847 0.707107
vn -0.642735 0.527479 0.555570
vn -0.906127 0.180240 0.382683
vn -0.853553 0.353553 0.382683
vn -0.853553 -0.353553 0.382683
vn -0.429462 -0.352450 0.831470
vn -0.353553 0.146447 0.923880
vn -0.429462 0.352450 0.831470
vn -0.500000 -0.500000 0.707107
vn -0.527479 -0.642735 0.555570
vn -0.392847 -0.587938 0.707107
vn -0.768178 -0.513280 0.382683
vn -0.318190 -0.212608 0.923880
vn -0.352450 -0.429462 0.831470
vn -0.318190 0.212608 0.923880
vn -0.500000 0.500000 0.707107
vn -0.352450 0.429462 0.831470
vn -0.392847 0.587938 0.707107
vn -0.527479 0.642735 0.555570
vn -0.768178 0.513280 0.382683
vn -0.391952 -0.733291 0.555570
vn -0.270598 -0.653282 0.707107
vn -0.270598 0.270598 0.923880
vn -0.212608 -0.318190 0.923880
vn -0.270598 -0.270598 0.923880
vn -0.653282 -0.653282 0.382683
vn -0.513280 0.768178 0.382683
vn -0.653282 0.653282 0.382683
vn -0.270598 0.653282 0.707107
vn -0.391952 0.733291 0.555570
vn -0.513280 -0.768178 0.382683
vn -0.261894 -0.489969 0.831470
vn -0.212608 0.318190 0.923880
vn -0.261894 0.489969 0.831470
vn -0.241363 -0.795667 0.555570
vn -0.137950 -0.693520 0.707107
vn -0.194151 -0.019122 0.980785
vn -0.194151 0.019122 0.980785
vn -0.137950 0.693520 0.707107
vn -0.241363 0.795667 0.555570
vn -0.186690 -0.056632 0.980785
vn -0.186690 0.056632 0.980785
vn -0.976063 -0.096134 0.195090
vn -0.938553 -0.284707 0.195090
vn -0.976063 0.096134 0.195090
vn -0.054455 -0.552895 0.831470
vn -0.161274 -0.531648 0.831470
vn -0.146447 -0.353553 0.923880
vn -0.146447 0.353553 0.923880
vn -0.161274 0.531648 0.831470
vn -0.938553 0.284707 0.195090
vn -0.353553 -0.853553 0.382683
vn -0.353553 0.853553 0.382683
vn -0.172054 0.091965 0.980785
vn -0.864975 0.462339 0.195090
vn -0.172054 -0.091965 0.980785
vn 0.000000 0.707107 0.707107
vn -0.081498 0.827466 0.555570
vn -0.864975 -0.462339 0.195090
vn -0.081498 -0.827466 0.555570
vn 0.000000 -0.707107 0.707107
vn -0.150807 0.123764 0.980785
vn -0.150807 -0.123764 0.980785
vn -0.074658 0.375330 0.923880
vn -0.074658 -0.375330 0.923880
vn -0.758157 -0.622204 0.195090
vn -0.054455 0.552895 0.831470
vn -0.758157 0.622204 0.195090
vn -0.180240 -0.906127 0.382683
vn -0.180240 0.906127 0.382683
vn 0.137950 -0.693520 0.707107
vn 0.054455 -0.552895 0.831470
vn -0.091965 -0.172054 0.980785
vn -0.123764 -0.150807 0.980785
vn -0.123764 0.150807 0.980785
vn 0.054455 0.552895 0.831470
vn 0.137950 0.693520 0.707107
vn -0.622204 0.758157 0.195090
vn -0.622204 -0.758157 0.195090
vn -0.091965 0.172054 0.980785
vn -0.462339 -0.864975 0.195090
vn 0.000000 -0.382683 0.923880
vn 0.000000 0.382683 0.923880
vn -0.462339 0.864975 0.195090
vn 0.000000 -0.923880 0.382683
vn 0.081498 0.827466 0.555570
vn 0.000000 0.923880 0.382683
vn 0.270598 -0.653282 0.707107
vn 0.161274 -0.531648 0.831470
vn 0.081498 -0.827466 0.555570
vn -0.019122 -0.194151 0.980785
vn -0.056632 -0.186690 0.980785
vn -0.284707 0.938553 0.195090
vn -0.056632 0.186690 0.980785
vn 0.161274 0.531648 0.831470
vn 0.270598 0.653282 0.707107
vn -0.284707 -0.938553 0.195090
vn 0.074658 -0.375330 0.923880
vn 0.074658 0.375330 0.923880
vn 0.180240 -0.906127 0.382683
vn 0.180240 0.906127 0.382683
vn -0.096134 -0.976063 0.195090
vn -0.019122 0.194151 0.980785
vn 0.241363 0.795667 0.555570
vn -0.096134 0.976063 0.195090
vn 0.261894 -0.489969 0.831470
vn 0.241363 -0.795667 0.555570
vn 0.261894 0.489969 0.831470
vn 0.146447 -0.353553 0.923880
vn 0.019122 -0.194151 0.980785
vn 0.146447 0.353553 0.923880
vn 0.353553 -0.853553 0.382683
vn 0.353553 0.853553 0.382683
vn 0.096134 -0.976063 0.195090
vn 0.392847 0.587938 0.707107
vn 0.391952 0.733291 0.555570
vn 0.019122 0.194151 0.980785
vn 0.096134 0.976063 0.195090
vn 0.391952 -0.733291 0.555570
vn 0.392847 -0.587938 0.707107
vn 0.056632 -0.186690 0.980785
vn 0.056632 0.186690 0.980785
vn 0.284707 -0.938553 0.195090
vn 0.212608 0.318190 0.923880
vn 0.352450 0.429462 0.831470
vn 0.284707 0.938553 0.195090
vn 0.352450 -0.429462 0.831470
vn 0.212608 -0.318190 0.923880
vn 0.429462 -0.352450 0.831470
vn 0.270598 -0.270598 0.923880
vn 0.527479 -0.642735 0.555570
vn 0.500000 -0.500000 0.707107
vn 0.513280 -0.768178 0.382683
vn 0.500000 0.500000 0.707107
vn 0.527479 0.642735 0.555570
vn 0.513280 0.768178 0.382683
vn 0.270598 0.270598 0.923880
vn 0.429462 0.352450 0.831470
vn 0.462339 -0.864975 0.195090
vn 0.091965 -0.172054 0.980785
vn 0.091965 0.172054 0.980785
vn 0.123764 -0.150807 0.980785
vn 0.462339 0.864975 0.195090
vn 0.653282 -0.653282 0.382683
vn 0.642735 -0.527479 0.555570
vn 0.587938 0.392847 0.707107
vn 0.642735 0.527479 0.555570
vn 0.653282 0.653282 0.382683
vn 0.587938 -0.392847 0.707107
vn 0.489969 -0.261894 0.831470
vn 0.622204 -0.758157 0.195090
vn 0.318190 -0.212608 0.923880
vn 0.123764 0.150807 0.980785
vn 0.622204 0.758157 0.195090
vn 0.768178 -0.513280 0.382683
vn 0.733291 -0.391952 0.555570
vn 0.318190 0.212608 0.923880
vn 0.489969 0.261894 0.831470
vn 0.733291 0.391952 0.555570
vn 0.768178 0.513280 0.382683
vn 0.150807 -0.123764 0.980785
vn 0.758157 -0.622204 0.195090
vn 0.653282 0.270598 0.707107
vn 0.653282 -0.270598 0.707107
vn 0.150807 0.123764 0.980785
vn 0.758157 0.622204 0.195090
vn 0.531648 -0.161274 0.831470
vn 0.353553 -0.146447 0.923880
vn 0.172054 -0.091965 0.980785
vn 0.853553 -0.353553 0.382683
vn 0.795667 -0.241363 0.555570
vn 0.795667 0.241363 0.555570
vn 0.853553 0.353553 0.382683
vn 0.693520 -0.137950 0.707107
vn 0.353553 0.146447 0.923880
vn 0.531648 0.161274 0.831470
vn 0.864975 0.462339 0.195090
vn 0.172054 0.091965 0.980785
vn 0.864975 -0.462339 0.195090
vn 0.375330 0.074658 0.923880
vn 0.552895 0.054455 0.831470
vn 0.693520 0.137950 0.707107
vn 0.906127 -0.180240 0.382683
vn 0.552895 -0.054455 0.831470
vn 0.375330 -0.074658 0.923880
vn 0.906127 0.180240 0.382683
vn 0.827466 0.081498 0.555570
vn 0.186690 -0.056632 0.980785
vn 0.186690 0.056632 0.980785
vn 0.938553 -0.284707 0.195090
vn 0.827466 -0.081498 0.555570
vn 0.938553 0.284707 0.195090
vn 0.194151 -0.019122 0.980785
vn 0.194151 0.019122 0.980785
vn 0.976063 0.096134 0.195090
vn 0.976063 -0.096134 0.195090
vn 0.000000 0.000000 1.000000
vn -0.000000 -0.239316 0.970942
vn -0.000000 -0.464723 0.885456
vn -0.000000 -0.663123 0.748511
vn -0.000000 -0.822984 0.568065
vn -0.000000 -0.935016 0.354605
vn -0.000000 -0.992709 0.120537
vn -0.000000 -0.992709 -0.120537
vn -0.000000 -0.935016 -0.354605
vn -0.000000 -0.822984 -0.568065
vn -0.000000 -0.663123 -0.748511
vn -0.000000 -0.464723 -0.885456
vn -0.000000 -0.239316 -0.970942
vn -0.000000 -0.000000 -1.000000
vn -0.000000 -0.000000 -1.000000
vn 0.000000 0.000000 1.000000
vn -0.000000 -0.239316 0.970942
vn -0.000000 -0.464723 0.885456
vn -0.000000 -0.663123 0.748511
vn -0.000000 -0.822984 0.568065
vn -0.000000 -0.935016 0.354605
vn -0.000000 -0.992709 0.120537
vn -0.000000 -0.992709 -0.120537
vn -0.000000 -0.935016 -0.354605
vn -0.000000 -0.822984 -0.568065
vn -0.000000 -0.663123 -0.748511
vn -0.000000 -0.464723 -0.885456
vn -0.000000 -0.239316 -0.970942
vn 0.447214 -0.000000 -0.894427
vn 0.447214 -0.000000 -0.894427
vn 0.447214 -0.000000 0.894427
vn 0.447214 -0.000000 0.894427
vn 0.447214 -0.155316 0.880839
vn 0.447214 -0.305912 0.840487
vn 0.447214 -0.447214 0.774597
vn 0.447214 -0.574927 0.685171
vn 0.447214 -0.685171 0.574927
vn 0.447214 -0.774597 0.447214
vn 0.447214 -0.840487 0.305912
vn 0.447214 -0.880839 0.155316
vn 0.447214 -0.894427 -0.000000
vn 0.447214 -0.880839 -0.155316
vn 0.447214 -0.840487 -0.305912
vn 0.447214 -0.774597 -0.447214
vn 0.447214 -0.685171 -0.574927
vn 0.447214 -0.574927 -0.685171
vn 0.447214 -0.447214 -0.774597
vn 0.447214 -0.305912 -0.840487
vn 0.447214 -0.155316 -0.880839
vn 0.447214 -0.736099 0.508093
vn 0.447214 -0.836304 0.317168
vn 0.447214 -0.836304 0.317168
vn 0.447214 -0.887906 0.107811
vn 0.447214 -0.887906 0.107811
vn 0.447214 -0.887906 0.107811
vn 0.447214 -0.887906 -0.107811
vn 0.447214 -0.887906 -0.107811
vn 0.447214 -0.887906 -0.107811
vn 0.447214 -0.836304 -0.317168
vn 0.447214 -0.836304 -0.317168
vn 0.447214 -0.736099 -0.508093
vn 0.447214 -0.593115 -0.669488
vn 0.447214 -0.736099 -0.508093
vn 0.447214 -0.836304 -0.317168
vn 0.447214 -0.887906 -0.107811
vn 0.447214 -0.836304 -0.317168
vn 0.447214 -0.836304 0.317168
vn 0.447214 -0.887906 0.107811
vn 0.447214 -0.593115 0.669488
vn 0.447214 -0.593115 0.669488
vn 0.447214 -0.836304 0.317168
vn 0.447214 -0.887906 0.107811
vn 0.447214 -0.887906 -0.107811
vn 0.447214 -0.593115 -0.669488
vn 0.447214 -0.736099 0.508093
vn 0.447214 -0.836304 0.317168
vn 0.447214 -0.836304 -0.317168
vn 0.447214 -0.736099 -0.508093
vn 0.447214 -0.415661 0.791976
vn 0.447214 -0.736099 0.508093
vn 0.447214 -0.593115 0.669488
vn 0.447214 -0.415661 -0.791976
vn 0.447214 -0.736099 -0.508093
vn 0.447214 -0.736099 0.508093
vn 0.447214 -0.593115 0.669488
vn 0.447214 -0.736099 0.508093
vn 0.447214 -0.593115 -0.669488
vn 0.447214 -0.736099 -0.508093
vn 0.447214 -0.415661 0.791976
vn 0.447214 -0.593115 -0.669488
vn 0.447214 -0.593115 -0.669488
vn 0.447214 -0.593115 0.669488
vn 0.447214 -0.214050 0.868437
vn 0.447214 -0.214050 0.868437
vn 0.447214 -0.214050 -0.868437
vn 0.447214 -0.214050 -0.868437
vn 0.447214 -0.415661 0.791976
vn 0.447214 -0.214050 0.868437
vn 0.447214 -0.415661 0.791976
vn 0.447214 -0.415661 -0.791976
vn 0.447214 -0.415661 -0.791976
vn 0.447214 -0.214050 -0.868437
vn 0.447214 -0.415661 -0.791976
vn 0.447214 -0.415661 -0.791976
vn 0.447214 -0.415661 0.791976
vn 0.447214 -0.214050 0.868437
vn 0.447214 -0.214050 -0.868437
vn 0.447214 -0.214050 0.868437
vn 0.447214 -0.214050 -0.868437
vn 0.447214 -0.000000 0.894427
vn 0.447214 -0.000000 0.894427
vn 0.447214 -0.000000 -0.894427
vn 0.447214 -0.000000 -0.894427
vn 0.447214 0.155316 -0.880839
vn 0.447214 0.305912 -0.840487
vn 0.447214 0.447214 -0.774597
vn 0.447214 0.574927 -0.685171
vn 0.447214 0.685171 -0.574927
vn 0.447214 0.774597 -0.447214
vn 0.447214 0.840487 -0.305912
vn 0.447214 0.880839 -0.155316
vn 0.447214 0.894427 -0.000000
vn 0.447214 0.880839 0.155316
vn 0.447214 0.840487 0.305912
vn 0.447214 0.774597 0.447214
vn 0.447214 0.685171 0.574927
vn 0.447214 0.574927 0.685171
vn 0.447214 0.447214 0.774597
vn 0.447214 0.305912 0.840487
vn 0.447214 0.155316 0.880839
vn 0.447214 0.736099 -0.508093
vn 0.447214 0.836304 -0.317168
vn 0.447214 0.836304 -0.317168
vn 0.447214 0.887906 -0.107811
vn 0.447214 0.887906 -0.107811
vn 0.447214 0.887906 -0.107811
vn 0.447214 0.887906 0.107811
vn 0.447214 0.887906 0.107811
vn 0.447214 0.836304 0.317168
vn 0.447214 0.887906 0.107811
vn 0.447214 0.593115 -0.669488
vn 0.447214 0.736099 -0.508093
vn 0.447214 0.836304 0.317168
vn 0.447214 0.836304 -0.317168
vn 0.447214 0.836304 0.317168
vn 0.447214 0.736099 0.508093
vn 0.447214 0.736099 -0.508093
vn 0.447214 0.887906 -0.107811
vn 0.447214 0.836304 -0.317168
vn 0.447214 0.887906 0.107811
vn 0.447214 0.887906 -0.107811
vn 0.447214 0.887906 0.107811
vn 0.447214 0.736099 0.508093
vn 0.447214 0.593115 0.669488
vn 0.447214 0.593115 -0.669488
vn 0.447214 0.836304 0.317168
vn 0.447214 0.836304 -0.317168
vn 0.447214 0.415661 -0.791976
vn 0.447214 0.593115 -0.669488
vn 0.447214 0.736099 0.508093
vn 0.447214 0.836304 0.317168
vn 0.447214 0.736099 0.508093
vn 0.447214 0.736099 -0.508093
vn 0.447214 0.736099 -0.508093
vn 0.447214 0.736099 0.508093
vn 0.447214 0.593115 0.669488
vn 0.447214 0.415661 0.791976
vn 0.447214 0.593115 0.669488
vn 0.447214 0.593115 -0.669488
vn 0.447214 0.593115 -0.669488
vn 0.447214 0.415661 -0.791976
vn 0.447214 0.593115 0.669488
vn 0.447214 0.593115 0.669488
vn 0.447214 0.214050 -0.868437
vn 0.447214 0.415661 -0.791976
vn 0.447214 0.415661 0.791976
vn 0.447214 0.214050 0.868437
vn 0.447214 0.415661 -0.791976
vn 0.447214 0.214050 -0.868437
vn 0.447214 0.415661 0.791976
vn 0.447214 0.214050 0.868437
vn 0.447214 0.415661 0.791976
vn 0.447214 0.214050 -0.868437
vn 0.447214 0.415661 -0.791976
vn 0.447214 0.415661 0.791976
vn 0.447214 0.214050 0.868437
vn 0.447214 0.214050 -0.868437
vn 0.447214 0.214050 -0.868437
vn 0.447214 0.214050 0.868437
vn 0.447214 0.214050 0.868437
vn -1.000000 0.000000 -0.000000
vn -1.000000 0.000000 -0.000000
vn -1.000000 0.000000 -0.000000
vn -1.000000 0.000000 -0.000000
vn -1.000000 0.000000 -0.000000
vn -1.000000 0.000000 -0.000000
vn -1.000000 0.000000 -0.000000
vn -1.000000 0.000000 -0.000000
vn -1.000000 0.000000 -0.000000
vn -1.000000 0.000000 -0.000000
vn -1.000000 0.000000 -0.000000
vn -1.000000 0.000000 -0.000000
vn -1.000000 0.000000 -0.000000
vn -1.000000 0.000000 -0.000000
vn -1.000000 0.000000 -0.000000
vn -1.000000 0.000000 -0.000000
vn -1.000000 0.000000 -0.000000
vn -1.000000 0.000000 -0.000000
vn -1.000000 0.000000 -0.000000
vn -1.000000 0.000000 -0.000000
vn -1.000000 0.000000 -0.000000
vn -1.000000 0.000000 -0.000000
vn -1.000000 0.000000 -0.000000
vn -1.000000 0.000000 -0.000000
vn -1.000000 0.000000 -0.000000
vn -1.000000 0.000000 -0.000000
vn -0.000000 -0.000000 -1.000000
vn -0.000000 -0.000000 -1.000000
vn 0.000000 0.239316 -0.970942
vn 0.000000 0.464723 -0.885456
vn 0.000000 0.663123 -0.748511
vn 0.000000 0.822984 -0.568065
vn 0.000000 0.935016 -0.354605
vn 0.000000 0.992709 -0.120537
vn 0.000000 0.992709 0.120537
vn 0.000000 0.935016 0.354605
vn 0.000000 0.822984 0.568065
vn 0.000000 0.663123 0.748511
vn 0.000000 0.464723 0.885456
vn 0.000000 0.239316 0.970942
vn 0.000000 0.000000 1.000000
vn 0.000000 0.000000 1.000000
vn 0.000000 0.239316 -0.970942
vn 0.000000 0.464723 -0.885456
vn 0.000000 0.663123 -0.748511
vn 0.000000 0.822984 -0.568065
vn 0.000000 0.935016 -0.354605
vn 0.000000 0.992709 -0.120537
vn 0.000000 0.992709 0.120537
vn 0.000000 0.935016 0.354605
vn 0.000000 0.822984 0.568065
vn 0.000000 0.663123 0.748511
vn 0.000000 0.464723 0.885456
vn 0.000000 0.239316 0.970942
vn -1.000000 0.000000 -0.000000
vn -1.000000 0.000000 -0.000000
vn -1.000000 0.000000 -0.000000
vn -1.000000 0.000000 -0.000000
vn -1.000000 0.000000 -0.000000
vn -1.000000 0.000000 -0.000000
vn -1.000000 0.000000 -0.000000
vn -1.000000 0.000000 -0.000000
vn -1.000000 0.000000 -0.000000
vn -1.000000 0.000000 -0.000000
vn -1.000000 0.000000 -0.000000
vn -1.000000 0.000000 -0.000000
vn -1.000000 0.000000 -0.000000
vn -1.000000 0.000000 -0.000000
vn -1.000000 0.000000 -0.000000
vn -1.000000 0.000000 -0.000000
vn -1.000000 0.000000 -0.000000
vn -1.000000 0.000000 -0.000000
vn -1.000000 0.000000 -0.000000
vn -1.000000 0.000000 -0.000000
vn -1.000000 0.000000 -0.000000
vn -1.000000 0.000000 -0.000000
vn -1.000000 0.000000 -0.000000
vn -1.000000 0.000000 -0.000000
vn -1.000000 0.000000 -0.000000
vn -1.000000 0.000000 -0.000000
vn -1.000000 0.000000 -0.000000
vn -1.000000 0.000000 -0.000000
vn -1.000000 0.000000 -0.000000
vn -1.000000 0.000000 -0.000000
vn -1.000000 0.000000 -0.000000
vn -1.000000 0.000000 -0.000000
vn -1.000000 0.000000 -0.000000
vn -1.000000 0.000000 -0.000000
vn -1.000000 0.000000 -0.000000
vn -1.000000 0.000000 -0.000000
vn -1.000000 0.000000 -0.000000
vn -1.000000 0.000000 -0.000000
vn -1.000000 0.000000 -0.000000
vn -1.000000 0.000000 -0.000000
vn -1.000000 0.000000 -0.000000
vn -1.000000 0.000000 -0.000000
vn -1.000000 0.000000 -0.000000
vn -1.000000 0.000000 -0.000000
vn -1.000000 0.000000 -0.000000
vn -1.000000 0.000000 -0.000000
vn -1.000000 0.000000 -0.000000
vn -1.000000 0.000000 -0.000000
vn -1.000000 0.000000 -0.000000
vn -1.000000 0.000000 -0.000000
vn -1.000000 0.000000 -0.000000
vn -1.000000 0.000000 -0.000000
vn -1.000000 0.000000 -0.000000
vn -1.000000 0.000000 -0.000000
vn -1.000000 0.000000 -0.000000
vn -1.000000 0.000000 -0.000000
vn -1.000000 0.000000 -0.000000
vn -1.000000 0.000000 -0.000000
vn -1.000000 0.000000 -0.000000
vn -1.000000 0.000000 -0.000000
vn -1.000000 0.000000 -0.000000
vn -1.000000 0.000000 -0.000000
vn 0.000000 -1.000000 -0.000000
vn 0.239316 -0.970942 -0.000000
vn 0.464723 -0.885456 -0.000000
vn 0.663123 -0.748511 -0.000000
vn 0.822984 -0.568065 -0.000000
vn 0.935016 -0.354605 -0.000000
vn 0.992709 -0.120537 -0.000000
vn 0.992709 0.120537 0.000000
vn 0.935016 0.354605 0.000000
vn 0.822984 0.568065 0.000000
vn 0.663123 0.748511 0.000000
vn 0.464723 0.885456 0.000000
vn 0.239316 0.970942 0.000000
vn 0.000000 1.000000 0.000000
vn 0.000000 1.000000 0.000000
vn 0.000000 -1.000000 -0.000000
vn 0.239316 -0.970942 -0.000000
vn 0.464723 -0.885456 -0.000000
vn 0.663123 -0.748511 -0.000000
vn 0.822984 -0.568065 -0.000000
vn 0.935016 -0.354605 -0.000000
vn 0.992709 -0.120537 -0.000000
vn 0.992709 0.120537 0.000000
vn 0.935016 0.354605 0.000000
vn 0.822984 0.568065 0.000000
vn 0.663123 0.748511 0.000000
vn 0.464723 0.885456 0.000000
vn 0.239316 0.970942 0.000000
vn 0.000000 0.894427 0.447214
vn 0.000000 0.894427 0.447214
vn 0.000000 -0.894427 0.447214
vn 0.000000 -0.894427 0.447214
vn 0.155316 -0.880839 0.447214
vn 0.305912 -0.840487 0.447214
vn 0.447214 -0.774597 0.447214
vn 0.574927 -0.685171 0.447214
vn 0.685171 -0.574927 0.447214
vn 0.774597 -0.447214 0.447214
vn 0.840487 -0.305912 0.447214
vn 0.880839 -0.155316 0.447214
vn 0.894427 -0.000000 0.447214
vn 0.880839 0.155316 0.447214
vn 0.840487 0.305912 0.447214
vn 0.774597 0.447214 0.447214
vn 0.685171 0.574927 0.447214
vn 0.574927 0.685171 0.447214
vn 0.447214 0.774597 0.447214
vn 0.305912 0.840487 0.447214
vn 0.155316 0.880839 0.447214
vn 0.887906 -0.107811 0.447214
vn 0.836304 -0.317168 0.447214
vn 0.887906 -0.107811 0.447214
vn 0.887906 -0.107811 0.447214
vn 0.836304 -0.317168 0.447214
vn 0.887906 -0.107811 0.447214
vn 0.836304 -0.317168 0.447214
vn 0.887906 0.107811 0.447214
vn 0.887906 0.107811 0.447214
vn 0.887906 0.107811 0.447214
vn 0.736099 -0.508093 0.447214
vn 0.593115 -0.669488 0.447214
vn 0.736099 -0.508093 0.447214
vn 0.836304 0.317168 0.447214
vn 0.836304 0.317168 0.447214
vn 0.736099 0.508093 0.447214
vn 0.887906 0.107811 0.447214
vn 0.836304 -0.317168 0.447214
vn 0.736099 -0.508093 0.447214
vn 0.593115 0.669488 0.447214
vn 0.593115 0.669488 0.447214
vn 0.836304 0.317168 0.447214
vn 0.887906 -0.107811 0.447214
vn 0.593115 0.669488 0.447214
vn 0.887906 0.107811 0.447214
vn 0.736099 0.508093 0.447214
vn 0.836304 0.317168 0.447214
vn 0.836304 -0.317168 0.447214
vn 0.836304 0.317168 0.447214
vn 0.736099 0.508093 0.447214
vn 0.415661 -0.791976 0.447214
vn 0.593115 -0.669488 0.447214
vn 0.593115 -0.669488 0.447214
vn 0.736099 -0.508093 0.447214
vn 0.593115 -0.669488 0.447214
vn 0.736099 0.508093 0.447214
vn 0.736099 -0.508093 0.447214
vn 0.593115 -0.669488 0.447214
vn 0.415661 0.791976 0.447214
vn 0.736099 0.508093 0.447214
vn 0.593115 0.669488 0.447214
vn 0.593115 0.669488 0.447214
vn 0.214050 -0.868437 0.447214
vn 0.415661 -0.791976 0.447214
vn 0.415661 0.791976 0.447214
vn 0.214050 0.868437 0.447214
vn 0.415661 -0.791976 0.447214
vn 0.415661 -0.791976 0.447214
vn 0.214050 -0.868437 0.447214
vn 0.214050 -0.868437 0.447214
vn 0.415661 -0.791976 0.447214
vn 0.415661 0.791976 0.447214
vn 0.214050 0.868437 0.447214
vn 0.415661 0.791976 0.447214
vn 0.415661 0.791976 0.447214
vn 0.214050 0.868437 0.447214
vn 0.214050 0.868437 0.447214
vn 0.214050 -0.868437 0.447214
vn 0.214050 -0.868437 0.447214
vn 0.214050 0.868437 0.447214
vn 0.000000 -0.894427 0.447214
vn 0.000000 -0.894427 0.447214
vn -0.000000 0.894427 0.447214
vn -0.000000 0.894427 0.447214
vn -0.155316 0.880839 0.447214
vn -0.305912 0.840487 0.447214
vn -0.447214 0.774597 0.447214
vn -0.574927 0.685171 0.447214
vn -0.685171 0.574927 0.447214
vn -0.774597 0.447214 0.447214
vn -0.840487 0.305912 0.447214
vn -0.880839 0.155316 0.447214
vn -0.894427 -0.000000 0.447214
vn -0.880839 -0.155316 0.447214
vn -0.840487 -0.305912 0.447214
vn -0.774597 -0.447214 0.447214
vn -0.685171 -0.574927 0.447214
vn -0.574927 -0.685171 0.447214
vn -0.447214 -0.774597 0.447214
vn -0.305912 -0.840487 0.447214
vn -0.155316 -0.880839 0.447214
vn -0.736099 0.508093 0.447214
vn -0.836304 0.317168 0.447214
vn -0.836304 0.317168 0.447214
vn -0.887906 0.107811 0.447214
vn -0.887906 0.107811 0.447214
vn -0.887906 0.107811 0.447214
vn -0.887906 -0.107811 0.447214
vn -0.887906 -0.107811 0.447214
vn -0.836304 -0.317168 0.447214
vn -0.887906 -0.107811 0.447214
vn -0.593115 0.669488 0.447214
vn -0.736099 0.508093 0.447214
vn -0.836304 -0.317168 0.447214
vn -0.836304 0.317168 0.447214
vn -0.836304 -0.317168 0.447214
vn -0.736099 -0.508093 0.447214
vn -0.736099 0.508093 0.447214
vn -0.887906 0.107811 0.447214
vn -0.836304 0.317168 0.447214
vn -0.887906 -0.107811 0.447214
vn -0.887906 0.107811 0.447214
vn -0.887906 -0.107811 0.447214
vn -0.736099 -0.508093 0.447214
vn -0.593115 -0.669488 0.447214
vn -0.593115 0.669488 0.447214
vn -0.836304 -0.317168 0.447214
vn -0.836304 0.317168 0.447214
vn -0.415661 0.791976 0.447214
vn -0.593115 0.669488 0.447214
vn -0.736099 -0.508093 0.447214
vn -0.836304 -0.317168 0.447214
vn -0.593115 -0.669488 0.447214
vn -0.736099 -0.508093 0.447214
vn -0.736099 0.508093 0.447214
vn -0.736099 0.508093 0.447214
vn -0.736099 -0.508093 0.447214
vn -0.593115 -0.669488 0.447214
vn -0.415661 -0.791976 0.447214
vn -0.593115 0.669488 0.447214
vn -0.593115 0.669488 0.447214
vn -0.415661 0.791976 0.447214
vn -0.593115 -0.669488 0.447214
vn -0.593115 -0.669488 0.447214
vn -0.214050 0.868437 0.447214
vn -0.415661 0.791976 0.447214
vn -0.415661 -0.791976 0.447214
vn -0.214050 -0.868437 0.447214
vn -0.415661 0.791976 0.447214
vn -0.214050 0.868437 0.447214
vn -0.415661 -0.791976 0.447214
vn -0.214050 -0.868437 0.447214
vn -0.415661 -0.791976 0.447214
vn -0.214050 0.868437 0.447214
vn -0.415661 0.791976 0.447214
vn -0.415661 -0.791976 0.447214
vn -0.214050 -0.868437 0.447214
vn -0.214050 0.868437 0.447214
vn -0.214050 0.868437 0.447214
vn -0.214050 -0.868437 0.447214
vn -0.214050 -0.868437 0.447214
vn -0.000000 0.000000 -1.000000
vn -0.000000 0.000000 -1.000000
vn -0.000000 0.000000 -1.000000
vn -0.000000 0.000000 -1.000000
vn -0.000000 0.000000 -1.000000
vn -0.000000 0.000000 -1.000000
vn -0.000000 0.000000 -1.000000
vn -0.000000 0.000000 -1.000000
vn -0.000000 0.000000 -1.000000
vn -0.000000 0.000000 -1.000000
vn -0.000000 0.000000 -1.000000
vn -0.000000 0.000000 -1.000000
vn -0.000000 0.000000 -1.000000
vn -0.000000 0.000000 -1.000000
vn -0.000000 0.000000 -1.000000
vn -0.000000 0.000000 -1.000000
vn -0.000000 0.000000 -1.000000
vn -0.000000 0.000000 -1.000000
vn -0.000000 0.000000 -1.000000
vn -0.000000 0.000000 -1.000000
vn -0.000000 0.000000 -1.000000
vn -0.000000 0.000000 -1.000000
vn -0.000000 0.000000 -1.000000
vn -0.000000 0.000000 -1.000000
vn -0.000000 0.000000 -1.000000
vn -0.000000 0.000000 -1.000000
vn 0.000000 1.000000 0.000000
vn 0.000000 1.000000 0.000000
vn -0.239316 0.970942 0.000000
vn -0.464723 0.885456 0.000000
vn -0.663123 0.748511 0.000000
vn -0.822984 0.568065 0.000000
vn -0.935016 0.354605 0.000000
vn -0.992709 0.120537 0.000000
vn -0.992709 -0.120537 -0.000000
vn -0.935016 -0.354605 -0.000000
vn -0.822984 -0.568065 -0.000000
vn -0.663123 -0.748511 -0.000000
vn -0.464723 -0.885456 -0.000000
vn -0.239316 -0.970942 -0.000000
vn -0.000000 -1.000000 -0.000000
vn -0.000000 -1.000000 -0.000000
vn -0.239316 0.970942 0.000000
vn -0.464723 0.885456 0.000000
vn -0.663123 0.748511 0.000000
vn -0.822984 0.568065 0.000000
vn -0.935016 0.354605 0.000000
vn -0.992709 0.120537 0.000000
vn -0.992709 -0.120537 -0.000000
vn -0.935016 -0.354605 -0.000000
vn -0.822984 -0.568065 -0.000000
vn -0.663123 -0.748511 -0.000000
vn -0.464723 -0.885456 -0.000000
vn -0.239316 -0.970942 -0.000000
vn -0.000000 0.000000 -1.000000
vn -0.000000 0.000000 -1.000000
vn -0.000000 0.000000 -1.000000
vn -0.000000 0.000000 -1.000000
vn -0.000000 0.000000 -1.000000
vn -0.000000 0.000000 -1.000000
vn -0.000000 0.000000 -1.000000
vn -0.000000 0.000000 -1.000000
vn -0.000000 0.000000 -1.000000
vn -0.000000 0.000000 -1.000000
vn -0.000000 0.000000 -1.000000
vn -0.000000 0.000000 -1.000000
vn -0.000000 0.000000 -1.000000
vn -0.000000 0.000000 -1.000000
vn -0.000000 0.000000 -1.000000
vn -0.000000 0.000000 -1.000000
vn -0.000000 0.000000 -1.000000
vn -0.000000 0.000000 -1.000000
vn -0.000000 0.000000 -1.000000
vn -0.000000 0.000000 -1.000000
vn -0.000000 0.000000 -1.000000
vn -0.000000 0.000000 -1.000000
vn -0.000000 0.000000 -1.000000
vn -0.000000 0.000000 -1.000000
vn -0.000000 0.000000 -1.000000
vn -0.000000 0.000000 -1.000000
vn -0.000000 0.000000 -1.000000
vn -0.000000 0.000000 -1.000000
vn -0.000000 0.000000 -1.000000
vn -0.000000 0.000000 -1.000000
vn -0.000000 0.000000 -1.000000
vn -0.000000 0.000000 -1.000000
vn -0.000000 0.000000 -1.000000
vn -0.000000 0.000000 -1.000000
vn -0.000000 0.000000 -1.000000
vn -0.000000 0.000000 -1.000000
vn -0.000000 0.000000 -1.000000
vn -0.000000 0.000000 -1.000000
vn -0.000000 0.000000 -1.000000
vn -0.000000 0.000000 -1.000000
vn -0.000000 0.000000 -1.000000
vn -0.000000 0.000000 -1.000000
vn -0.000000 0.000000 -1.000000
vn -0.000000 0.000000 -1.000000
vn -0.000000 0.000000 -1.000000
vn -0.000000 0.000000 -1.000000
vn -0.000000 0.000000 -1.000000
vn -0.000000 0.000000 -1.000000
vn -0.000000 0.000000 -1.000000
vn -0.000000 0.000000 -1.000000
vn -0.000000 0.000000 -1.000000
vn -0.000000 0.000000 -1.000000
vn -0.000000 0.000000 -1.000000
vn -0.000000 0.000000 -1.000000
vn -0.000000 0.000000 -1.000000
vn -0.000000 0.000000 -1.000000
vn -0.000000 0.000000 -1.000000
vn -0.000000 0.000000 -1.000000
vn -0.000000 0.000000 -1.000000
vn -0.000000 0.000000 -1.000000
vn -0.000000 0.000000 -1.000000
vn -0.000000 0.000000 -1.000000
vn 0.000000 -1.000000 0.000000
vn 0.000000 -1.000000 0.000000
vn 0.000000 -1.000000 0.000000
vn 0.000000 -1.000000 0.000000
vn 0.000000 -1.000000 0.000000
vn 0.000000 -1.000000 0.000000
vn 0.000000 -1.000000 0.000000
vn 0.000000 -1.000000 0.000000
vn 0.000000 -1.000000 0.000000
vn 0.000000 -1.000000 0.000000
vn 0.000000 -1.000000 0.000000
vn 0.000000 -1.000000 0.000000
vn 0.000000 -1.000000 0.000000
vn 0.000000 -1.000000 0.000000
vn 0.000000 -1.000000 0.000000
vn 0.000000 -1.000000 0.000000
vn 0.000000 0.000000 1.000000
vn 0.000000 0.000000 1.000000
vn 0.000000 0.000000 1.000000
vn 0.000000 0.000000 1.000000
vn 0.000000 0.000000 1.000000
vn 0.000000 0.000000 1.000000
vn 0.000000 0.000000 1.000000
vn 0.000000 0.000000 1.000000
vn 0.000000 0.000000 1.000000
vn 0.000000 0.000000 1.000000
vn 0.000000 0.000000 1.000000
vn 0.000000 0.000000 1.000000
vn 0.000000 0.000000 1.000000
vn 0.000000 0.000000 1.000000
vn 0.000000 0.000000 1.000000
vn 0.000000 0.000000 1.000000
vn 0.000000 0.000000 1.000000
vn 0.000000 0.000000 1.000000
vn 1.000000 -0.000000 0.000000
vn 1.000000 -0.000000 0.000000
vn 1.000000 -0.000000 0.000000
vn 1.000000 -0.000000 0.000000
vn 1.000000 -0.000000 0.000000
vn 1.000000 -0.000000 0.000000
vn 1.000000 -0.000000 0.000000
vn 1.000000 -0.000000 0.000000
vn 1.000000 -0.000000 0.000000
vn 1.000000 -0.000000 0.000000
vn 1.000000 -0.000000 0.000000
vn 1.000000 -0.000000 0.000000
vn 1.000000 -0.000000 0.000000
vn 1.000000 -0.000000 0.000000
vn 1.000000 -0.000000 0.000000
vn 1.000000 -0.000000 0.000000
vn -0.000000 1.000000 -0.000000
vn -0.000000 1.000000 -0.000000
vn -0.000000 1.000000 -0.000000
vn -0.000000 1.000000 -0.000000
vn -0.000000 1.000000 -0.000000
vn -0.000000 1.000000 -0.000000
vn -0.000000 1.000000 -0.000000
vn -0.000000 1.000000 -0.000000
vn -0.000000 1.000000 -0.000000
vn -0.000000 1.000000 -0.000000
vn -0.000000 1.000000 -0.000000
vn -0.000000 1.000000 -0.000000
vn -0.000000 1.000000 -0.000000
vn -1.000000 0.000000 0.000000
vn -1.000000 0.000000 0.000000
vn -1.000000 0.000000 0.000000
vn -1.000000 0.000000 0.000000
vn 0.000000 0.000000 -1.000000
vn 0.000000 0.000000 -1.000000
vn 0.000000 0.000000 -1.000000
vn 0.000000 0.000000 -1.000000
vn -1.000000 0.000000 0.000000
vn -1.000000 0.000000 0.000000
vn -1.000000 0.000000 0.000000
vn -1.000000 0.000000 0.000000
vn 1.000000 0.000000 0.000000
vn 1.000000 0.000000 0.000000
vn 1.000000 0.000000 0.000000
vn 1.000000 0.000000 0.000000
vn 0.869742 0.000000 -0.493507
vn 0.869742 0.000000 -0.493507
vn 0.869742 0.000000 -0.493507
vn 0.869742 0.000000 -0.493507
vn -0.000000 0.000000 1.000000
vn -0.000000 0.000000 1.000000
vn -0.000000 0.000000 1.000000
vn -0.000000 0.000000 1.000000
vn -0.876522 0.000000 0.481361
vn -0.876522 0.000000 0.481361
vn -0.876522 0.000000 0.481361
vn -0.876522 0.000000 0.481361
vn 0.885045 0.000000 0.465505
vn 0.885045 0.000000 0.465505
vn 0.885045 0.000000 0.465505
vn 0.885045 0.000000 0.465505
vn -0.000000 0.000000 1.000000
vn -0.000000 0.000000 1.000000
vn -0.000000 0.000000 1.000000
vn -0.000000 0.000000 1.000000
vn -0.877096 0.000000 -0.480315
vn -0.877096 0.000000 -0.480315
vn -0.877096 0.000000 -0.480315
vn -0.877096 0.000000 -0.480315
vn -0.000000 1.000000 -0.000000
vn -0.000000 1.000000 -0.000000
vn -0.000000 1.000000 -0.000000
vn -0.000000 1.000000 -0.000000
vn -0.000000 1.000000 -0.000000
vn -0.000000 1.000000 -0.000000
vn -0.000000 1.000000 -0.000000
vn -0.000000 1.000000 -0.000000
vn -0.000000 1.000000 -0.000000
vn 0.000000 -0.487428 0.873163
vn 0.000000 -0.487428 0.873163
vn 0.000000 -0.487428 0.873163
vn 0.000000 -0.487428 0.873163
vn 0.000000 0.473234 -0.880937
vn 0.000000 0.473234 -0.880937
vn 0.000000 0.473234 -0.880937
vn 0.000000 0.473234 -0.880937
vn 0.000000 0.482091 0.876121
vn 0.000000 0.482091 0.876121
vn 0.000000 0.482091 0.876121
vn 0.000000 0.482091 0.876121
vn 0.000000 -0.496743 -0.867898
vn 0.000000 -0.496743 -0.867898
vn 0.000000 -0.496743 -0.867898
vn 0.000000 -0.496743 -0.867898
vn 0.000000 0.486520 -0.873669
vn 0.000000 0.486520 -0.873669
vn 0.000000 0.486520 -0.873669
vn 0.000000 0.486520 -0.873669
vn 0.000000 -1.000000 0.000000
vn 0.000000 -1.000000 0.000000
vn 0.000000 -1.000000 0.000000
vn 0.000000 -1.000000 0.000000
vn 0.000000 -0.469457 0.882955
vn 0.000000 -0.469457 0.882955
vn 0.000000 -0.469457 0.882955
vn 0.000000 -0.469457 0.882955
vn 0.000000 -0.483510 -0.875339
vn 0.000000 -0.483510 -0.875339
vn 0.000000 -0.483510 -0.875339
vn 0.000000 -0.483510 -0.875339
vn 0.000000 -1.000000 0.000000
vn 0.000000 -1.000000 0.000000
vn 0.000000 -1.000000 0.000000
vn 0.000000 -1.000000 0.000000
vn 0.000000 0.500661 0.865644
vn 0.000000 0.500661 0.865644
vn 0.000000 0.500661 0.865644
vn 0.000000 0.500661 0.865644
vn 1.000000 0.000000 -0.000000
vn 1.000000 0.000000 -0.000000
vn 1.000000 0.000000 -0.000000
vn 1.000000 0.000000 -0.000000
vn 1.000000 0.000000 -0.000000
vn 1.000000 0.000000 -0.000000
vn 1.000000 0.000000 -0.000000
vn 1.000000 0.000000 -0.000000
vn 1.000000 0.000000 -0.000000
vn 1.000000 0.000000 -0.000000
vn 1.000000 0.000000 -0.000000
vn 1.000000 0.000000 -0.000000
vn 0.000000 -1.000000 0.000000
vn 0.000000 -1.000000 0.000000
vn 0.000000 -1.000000 0.000000
vn 0.000000 -1.000000 0.000000
vn -1.000000 0.000000 0.000000
vn -1.000000 0.000000 0.000000
vn -1.000000 0.000000 0.000000
vn -1.000000 0.000000 0.000000
vn 1.000000 -0.000000 0.000000
vn 1.000000 -0.000000 0.000000
vn 1.000000 -0.000000 0.000000
vn 1.000000 -0.000000 0.000000
vn 0.803452 -0.595369 0.000000
vn 0.803452 -0.595369 0.000000
vn 0.803452 -0.595369 0.000000
vn 0.803452 -0.595369 0.000000
vn 0.000000 1.000000 0.000000
vn 0.000000 1.000000 0.000000
vn 0.000000 1.000000 0.000000
vn 0.000000 1.000000 0.000000
vn 1.000000 -0.000000 0.000000
vn 1.000000 -0.000000 0.000000
vn 1.000000 -0.000000 0.000000
vn 1.000000 -0.000000 0.000000
vn 0.000000 -1.000000 0.000000
vn 0.000000 -1.000000 0.000000
vn 0.000000 -1.000000 0.000000
vn 0.000000 -1.000000 0.000000
vn -1.000000 0.000000 0.000000
vn -1.000000 0.000000 0.000000
vn -1.000000 0.000000 0.000000
vn -1.000000 0.000000 0.000000
vn -0.804568 0.593860 0.000000
vn -0.804568 0.593860 0.000000
vn -0.804568 0.593860 0.000000
vn -0.804568 0.593860 0.000000
vn -0.000000 -0.000000 1.000000
vn -0.000000 -0.000000 1.000000
vn -0.000000 -0.000000 1.000000
vn -0.000000 -0.000000 1.000000
vn -0.000000 -0.000000 1.000000
vn -0.000000 -0.000000 1.000000
vn -0.000000 -0.000000 1.000000
vn -0.000000 -0.000000 1.000000
vn -0.000000 -0.000000 1.000000
vn -0.000000 -0.000000 1.000000
g sw2urdf_d5022f7b-2f9d-46ca-a8ff-4da088a96822
usemtl mat_1
f 17/17/17 1/1/1 2/2/2
f 17/17/17 16/16/16 1/1/1
f 18/18/18 2/2/2 3/3/3
f 18/18/18 3/3/3 4/4/4
f 18/18/18 17/17/17 2/2/2
f 19/19/19 18/18/18 4/4/4
f 20/20/20 4/4/4 5/5/5
f 20/20/20 5/5/5 6/6/6
f 20/20/20 19/19/19 4/4/4
f 21/21/21 20/20/20 6/6/6
f 22/22/22 6/6/6 7/7/7
f 22/22/22 7/7/7 8/8/8
f 22/22/22 21/21/21 6/6/6
f 23/23/23 22/22/22 8/8/8
f 24/24/24 8/8/8 9/9/9
f 24/24/24 23/23/23 8/8/8
f 25/25/25 9/9/9 10/10/10
f 25/25/25 10/10/10 11/11/11
f 25/25/25 24/24/24 9/9/9
f 26/26/26 25/25/25 11/11/11
f 27/27/27 11/11/11 12/12/12
f 27/27/27 12/12/12 13/13/13
f 27/27/27 26/26/26 11/11/11
f 28/28/28 27/27/27 13/13/13
f 15/15/15 13/13/13 14/14/14
f 15/15/15 28/28/28 13/13/13
f 50/50/50 51/51/51 52/52/52
f 53/53/53 54/54/54 55/55/55
f 53/53/53 52/52/52 56/56/56
f 55/55/55 57/57/57 58/58/58
f 58/58/58 52/52/52 53/53/53
f 58/58/58 59/59/59 52/52/52
f 60/60/60 61/61/61 62/62/62
f 63/63/63 59/59/59 58/58/58
f 56/56/56 62/62/62 54/54/54
f 53/53/53 55/55/55 58/58/58
f 57/57/57 64/64/64 58/58/58
f 63/63/63 64/64/64 65/65/65
f 59/59/59 66/66/66 50/50/50
f 67/67/67 68/68/68 56/56/56
f 69/69/69 70/70/70 65/65/65
f 65/65/65 71/71/71 63/63/63
f 52/52/52 67/67/67 56/56/56
f 54/54/54 72/72/72 55/55/55
f 65/65/65 73/73/73 69/69/69
f 63/63/63 71/71/71 59/59/59
f 56/56/56 54/54/54 53/53/53
f 72/72/72 74/74/74 57/57/57
f 58/58/58 64/64/64 63/63/63
f 75/75/75 76/76/76 71/71/71
f 67/67/67 51/51/51 68/68/68
f 56/56/56 68/68/68 60/60/60
f 60/60/60 62/62/62 56/56/56
f 54/54/54 77/77/77 72/72/72
f 64/64/64 78/78/78 79/79/79
f 65/65/65 75/75/75 71/71/71
f 61/61/61 80/80/80 81/81/81
f 64/64/64 79/79/79 65/65/65
f 68/68/68 82/82/82 61/61/61
f 68/68/68 61/61/61 60/60/60
f 83/83/83 84/84/84 82/82/82
f 75/75/75 85/85/85 76/76/76
f 51/51/51 83/83/83 68/68/68
f 62/62/62 86/86/86 77/77/77
f 61/61/61 81/81/81 62/62/62
f 81/81/81 87/87/87 86/86/86
f 73/73/73 88/88/88 69/69/69
f 65/65/65 70/70/70 75/75/75
f 78/78/78 89/89/89 79/79/79
f 79/79/79 73/73/73 65/65/65
f 82/82/82 80/80/80 61/61/61
f 89/89/89 90/90/90 73/73/73
f 69/69/69 88/88/88 70/70/70
f 70/70/70 91/91/91 85/85/85
f 59/59/59 50/50/50 52/52/52
f 72/72/72 40/40/40 41/41/41
f 59/59/59 76/76/76 66/66/66
f 80/80/80 92/92/92 93/93/93
f 55/55/55 72/72/72 57/57/57
f 74/74/74 78/78/78 57/57/57
f 68/68/68 83/83/83 82/82/82
f 76/76/76 29/29/29 66/66/66
f 52/52/52 51/51/51 67/67/67
f 81/81/81 86/86/86 62/62/62
f 71/71/71 76/76/76 59/59/59
f 62/62/62 77/77/77 54/54/54
f 41/41/41 42/42/42 74/74/74
f 57/57/57 78/78/78 64/64/64
f 94/94/94 95/95/95 88/88/88
f 96/96/96 97/97/97 98/98/98
f 82/82/82 96/96/96 80/80/80
f 80/80/80 93/93/93 81/81/81
f 93/93/93 99/99/99 100/100/100
f 88/88/88 101/101/101 70/70/70
f 85/85/85 29/29/29 76/76/76
f 42/42/42 43/43/43 78/78/78
f 73/73/73 94/94/94 88/88/88
f 51/51/51 31/31/31 83/83/83
f 102/102/102 103/103/103 101/101/101
f 70/70/70 85/85/85 75/75/75
f 83/83/83 31/31/31 84/84/84
f 77/77/77 39/39/39 40/40/40
f 79/79/79 89/89/89 73/73/73
f 94/94/94 104/104/104 105/105/105
f 91/91/91 29/29/29 85/85/85
f 96/96/96 92/92/92 80/80/80
f 84/84/84 31/31/31 97/97/97
f 95/95/95 102/102/102 88/88/88
f 82/82/82 84/84/84 96/96/96
f 86/86/86 37/37/37 38/38/38
f 81/81/81 100/100/100 87/87/87
f 44/44/44 45/45/45 89/89/89
f 70/70/70 103/103/103 91/91/91
f 99/99/99 32/32/32 33/33/33
f 90/90/90 104/104/104 73/73/73
f 102/102/102 106/106/106 103/103/103
f 96/96/96 98/98/98 92/92/92
f 92/92/92 107/107/107 93/93/93
f 88/88/88 102/102/102 101/101/101
f 103/103/103 29/29/29 91/91/91
f 97/97/97 108/108/108 98/98/98
f 94/94/94 105/105/105 95/95/95
f 84/84/84 97/97/97 96/96/96
f 87/87/87 36/36/36 37/37/37
f 93/93/93 100/100/100 81/81/81
f 45/45/45 46/46/46 90/90/90
f 49/49/49 30/30/30 109/109/109
f 101/101/101 103/103/103 70/70/70
f 47/47/47 48/48/48 104/104/104
f 73/73/73 104/104/104 94/94/94
f 100/100/100 34/34/34 35/35/35
f 72/72/72 41/41/41 74/74/74
f 74/74/74 42/42/42 78/78/78
f 77/77/77 40/40/40 72/72/72
f 43/43/43 44/44/44 78/78/78
f 97/97/97 31/31/31 108/108/108
f 77/77/77 38/38/38 39/39/39
f 106/106/106 29/29/29 103/103/103
f 107/107/107 99/99/99 93/93/93
f 48/48/48 49/49/49 109/109/109
f 104/104/104 109/109/109 105/105/105
f 78/78/78 44/44/44 89/89/89
f 86/86/86 38/38/38 77/77/77
f 89/89/89 45/45/45 90/90/90
f 99/99/99 33/33/33 34/34/34
f 87/87/87 37/37/37 86/86/86
f 46/46/46 47/47/47 90/90/90
f 87/87/87 35/35/35 36/36/36
f 90/90/90 47/47/47 104/104/104
f 100/100/100 35/35/35 87/87/87
f 104/104/104 48/48/48 109/109/109
f 99/99/99 34/34/34 100/100/100
f 66/66/66 29/29/29 50/50/50
f 50/50/50 31/31/31 51/51/51
f 30/30/30 29/29/29 106/106/106
f 30/30/30 106/106/106 102/102/102
f 30/30/30 102/102/102 95/95/95
f 30/30/30 95/95/95 105/105/105
f 30/30/30 105/105/105 109/109/109
f 31/31/31 32/32/32 99/99/99
f 131/131/131 132/132/132 133/133/133
f 134/134/134 132/132/132 135/135/135
f 136/136/136 137/137/137 134/134/134
f 135/135/135 138/138/138 139/139/139
f 139/139/139 136/136/136 134/134/134
f 139/139/139 140/140/140 136/136/136
f 141/141/141 142/142/142 143/143/143
f 143/143/143 140/140/140 139/139/139
f 131/131/131 144/144/144 145/145/145
f 134/134/134 135/135/135 139/139/139
f 138/138/138 141/141/141 139/139/139
f 146/146/146 147/147/147 143/143/143
f 134/134/134 137/137/137 133/133/133
f 133/133/133 137/137/137 131/131/131
f 148/148/148 149/149/149 137/137/137
f 140/140/140 150/150/150 148/148/148
f 136/136/136 148/148/148 137/137/137
f 132/132/132 151/151/151 135/135/135
f 133/133/133 132/132/132 134/134/134
f 151/151/151 152/152/152 138/138/138
f 142/142/142 153/153/153 146/146/146
f 143/143/143 147/147/147 140/140/140
f 154/154/154 155/155/155 156/156/156
f 139/139/139 141/141/141 143/143/143
f 147/147/147 157/157/157 150/150/150
f 137/137/137 154/154/154 131/131/131
f 131/131/131 145/145/145 132/132/132
f 132/132/132 158/158/158 151/151/151
f 144/144/144 159/159/159 160/160/160
f 146/146/146 161/161/161 147/147/147
f 152/152/152 162/162/162 141/141/141
f 143/143/143 142/142/142 146/146/146
f 163/163/163 164/164/164 161/161/161
f 131/131/131 156/156/156 144/144/144
f 153/153/153 163/163/163 146/146/146
f 154/154/154 156/156/156 131/131/131
f 160/160/160 165/165/165 145/145/145
f 144/144/144 160/160/160 145/145/145
f 142/142/142 166/166/166 167/167/167
f 167/167/167 168/168/168 153/153/153
f 146/146/146 163/163/163 161/161/161
f 160/160/160 169/169/169 165/165/165
f 142/142/142 167/167/167 153/153/153
f 155/155/155 170/170/170 156/156/156
f 156/156/156 159/159/159 144/144/144
f 166/166/166 171/171/171 167/167/167
f 153/153/153 168/168/168 163/163/163
f 163/163/163 172/172/172 164/164/164
f 140/140/140 148/148/148 136/136/136
f 151/151/151 121/121/121 122/122/122
f 147/147/147 150/150/150 140/140/140
f 159/159/159 173/173/173 174/174/174
f 135/135/135 151/151/151 138/138/138
f 138/138/138 152/152/152 141/141/141
f 149/149/149 112/112/112 155/155/155
f 157/157/157 110/110/110 150/150/150
f 149/149/149 155/155/155 137/137/137
f 132/132/132 165/165/165 158/158/158
f 122/122/122 123/123/123 152/152/152
f 175/175/175 176/176/176 168/168/168
f 147/147/147 164/164/164 157/157/157
f 158/158/158 120/120/120 121/121/121
f 162/162/162 166/166/166 141/141/141
f 177/177/177 178/178/178 179/179/179
f 156/156/156 177/177/177 159/159/159
f 159/159/159 174/174/174 160/160/160
f 172/172/172 110/110/110 164/164/164
f 168/168/168 180/180/180 163/163/163
f 164/164/164 110/110/110 157/157/157
f 123/123/123 124/124/124 162/162/162
f 167/167/167 175/175/175 168/168/168
f 181/181/181 182/182/182 180/180/180
f 137/137/137 155/155/155 154/154/154
f 183/183/183 184/184/184 174/174/174
f 145/145/145 165/165/165 132/132/132
f 175/175/175 185/185/185 186/186/186
f 161/161/161 164/164/164 147/147/147
f 141/141/141 166/166/166 142/142/142
f 155/155/155 112/112/112 170/170/170
f 177/177/177 173/173/173 159/159/159
f 170/170/170 112/112/112 178/178/178
f 176/176/176 181/181/181 168/168/168
f 156/156/156 170/170/170 177/177/177
f 165/165/165 118/118/118 119/119/119
f 160/160/160 184/184/184 169/169/169
f 125/125/125 126/126/126 166/166/166
f 180/180/180 172/172/172 163/163/163
f 187/187/187 113/113/113 114/114/114
f 167/167/167 171/171/171 175/175/175
f 181/181/181 188/188/188 182/182/182
f 177/177/177 179/179/179 173/173/173
f 173/173/173 183/183/183 174/174/174
f 168/168/168 181/181/181 180/180/180
f 182/182/182 110/110/110 172/172/172
f 178/178/178 189/189/189 179/179/179
f 175/175/175 186/186/186 176/176/176
f 170/170/170 178/178/178 177/177/177
f 169/169/169 117/117/117 118/118/118
f 174/174/174 184/184/184 160/160/160
f 126/126/126 127/127/127 171/171/171
f 130/130/130 111/111/111 190/190/190
f 180/180/180 182/182/182 172/172/172
f 128/128/128 129/129/129 185/185/185
f 171/171/171 185/185/185 175/175/175
f 184/184/184 115/115/115 116/116/116
f 151/151/151 122/122/122 152/152/152
f 152/152/152 123/123/123 162/162/162
f 158/158/158 121/121/121 151/151/151
f 124/124/124 125/125/125 162/162/162
f 178/178/178 112/112/112 189/189/189
f 158/158/158 119/119/119 120/120/120
f 188/188/188 110/110/110 182/182/182
f 183/183/183 187/187/187 184/184/184
f 129/129/129 130/130/130 190/190/190
f 185/185/185 190/190/190 186/186/186
f 162/162/162 125/125/125 166/166/166
f 165/165/165 119/119/119 158/158/158
f 166/166/166 126/126/126 171/171/171
f 187/187/187 114/114/114 115/115/115
f 169/169/169 118/118/118 165/165/165
f 127/127/127 128/128/128 171/171/171
f 169/169/169 116/116/116 117/117/117
f 171/171/171 128/128/128 185/185/185
f 184/184/184 116/116/116 169/169/169
f 185/185/185 129/129/129 190/190/190
f 187/187/187 115/115/115 184/184/184
f 150/150/150 110/110/110 148/148/148
f 148/148/148 112/112/112 149/149/149
f 111/111/111 110/110/110 188/188/188
f 111/111/111 188/188/188 181/181/181
f 111/111/111 181/181/181 176/176/176
f 111/111/111 176/176/176 186/186/186
f 111/111/111 186/186/186 190/190/190
f 112/112/112 113/113/113 187/187/187
f 191/191/191 204/204/204 192/192/192
f 192/192/192 204/204/204 203/203/203
f 205/205/205 191/191/191 216/216/216
f 204/204/204 191/191/191 205/205/205
f 192/192/192 203/203/203 193/193/193
f 208/208/208 214/214/214 213/213/213
f 205/205/205 215/215/215 206/206/206
f 205/205/205 216/216/216 215/215/215
f 193/193/193 203/203/203 202/202/202
f 207/207/207 215/215/215 214/214/214
f 193/193/193 202/202/202 194/194/194
f 194/194/194 202/202/202 201/201/201
f 206/206/206 215/215/215 207/207/207
f 194/194/194 201/201/201 195/195/195
f 207/207/207 214/214/214 208/208/208
f 195/195/195 201/201/201 200/200/200
f 196/196/196 195/195/195 199/199/199
f 195/195/195 200/200/200 199/199/199
f 208/208/208 212/212/212 209/209/209
f 208/208/208 213/213/213 212/212/212
f 196/196/196 198/198/198 197/197/197
f 196/196/196 199/199/199 198/198/198
f 209/209/209 211/211/211 210/210/210
f 209/209/209 212/212/212 211/211/211
f 218/218/218 217/217/217 219/219/219
f 233/233/233 219/219/219 220/220/220
f 233/233/233 218/218/218 219/219/219
f 234/234/234 233/233/233 220/220/220
f 235/235/235 220/220/220 221/221/221
f 235/235/235 221/221/221 222/222/222
f 235/235/235 234/234/234 220/220/220
f 236/236/236 235/235/235 222/222/222
f 237/237/237 222/222/222 223/223/223
f 237/237/237 223/223/223 224/224/224
f 237/237/237 236/236/236 222/222/222
f 238/238/238 237/237/237 224/224/224
f 239/239/239 224/224/224 225/225/225
f 239/239/239 225/225/225 226/226/226
f 239/239/239 238/238/238 224/224/224
f 240/240/240 239/239/239 226/226/226
f 241/241/241 226/226/226 227/227/227
f 241/241/241 240/240/240 226/226/226
f 242/242/242 227/227/227 228/228/228
f 242/242/242 228/228/228 229/229/229
f 242/242/242 241/241/241 227/227/227
f 243/243/243 242/242/242 229/229/229
f 244/244/244 229/229/229 230/230/230
f 244/244/244 243/243/243 229/229/229
f 232/232/232 230/230/230 231/231/231
f 232/232/232 244/244/244 230/230/230
f 285/285/285 269/269/269 268/268/268
f 292/292/292 293/293/293 279/279/279
f 267/267/267 284/284/284 268/268/268
f 280/280/280 294/294/294 245/245/245
f 305/305/305 261/261/261 260/260/260
f 282/282/282 283/283/283 265/265/265
f 285/285/285 286/286/286 269/269/269
f 247/247/247 296/296/296 248/248/248
f 282/282/282 265/265/265 264/264/264
f 274/274/274 289/289/289 275/275/275
f 287/287/287 288/288/288 272/272/272
f 289/289/289 274/274/274 273/273/273
f 251/251/251 299/299/299 252/252/252
f 297/297/297 249/249/249 248/248/248
f 304/304/304 260/260/260 259/259/259
f 306/306/306 262/262/262 261/261/261
f 272/272/272 288/288/288 273/273/273
f 262/262/262 281/281/281 263/263/263
f 246/246/246 295/295/295 247/247/247
f 276/276/276 291/291/291 277/277/277
f 298/298/298 299/299/299 251/251/251
f 302/302/302 303/303/303 257/257/257
f 279/279/279 293/293/293 280/280/280
f 275/275/275 290/290/290 276/276/276
f 289/289/289 290/290/290 275/275/275
f 286/286/286 271/271/271 270/270/270
f 292/292/292 279/279/279 278/278/278
f 265/265/265 283/283/283 266/266/266
f 294/294/294 295/295/295 246/246/246
f 306/306/306 281/281/281 262/262/262
f 305/305/305 306/306/306 261/261/261
f 298/298/298 251/251/251 250/250/250
f 255/255/255 302/302/302 256/256/256
f 257/257/257 303/303/303 258/258/258
f 252/252/252 299/299/299 253/253/253
f 253/253/253 300/300/300 254/254/254
f 301/301/301 255/255/255 254/254/254
f 301/301/301 302/302/302 255/255/255
f 299/299/299 300/300/300 253/253/253
f 287/287/287 272/272/272 271/271/271
f 288/288/288 289/289/289 273/273/273
f 286/286/286 287/287/287 271/271/271
f 284/284/284 267/267/267 266/266/266
f 291/291/291 292/292/292 278/278/278
f 283/283/283 284/284/284 266/266/266
f 293/293/293 294/294/294 280/280/280
f 295/295/295 296/296/296 247/247/247
f 300/300/300 301/301/301 254/254/254
f 263/263/263 281/281/281 264/264/264
f 294/294/294 246/246/246 245/245/245
f 249/249/249 297/297/297 250/250/250
f 304/304/304 305/305/305 260/260/260
f 269/269/269 286/286/286 270/270/270
f 290/290/290 291/291/291 276/276/276
f 284/284/284 285/285/285 268/268/268
f 291/291/291 278/278/278 277/277/277
f 281/281/281 282/282/282 264/264/264
f 296/296/296 297/297/297 248/248/248
f 304/304/304 259/259/259 258/258/258
f 302/302/302 257/257/257 256/256/256
f 297/297/297 298/298/298 250/250/250
f 303/303/303 304/304/304 258/258/258
usemtl mat_2
f 356/356/356 357/357/357 358/358/358
f 358/358/358 359/359/359 360/360/360
f 361/361/361 356/356/356 362/362/362
f 363/363/363 364/364/364 365/365/365
f 366/366/366 361/361/361 363/363/363
f 363/363/363 365/365/365 367/367/367
f 367/367/367 366/366/366 363/363/363
f 365/365/365 368/368/368 367/367/367
f 367/367/367 369/369/369 366/366/366
f 368/368/368 370/370/370 371/371/371
f 371/371/371 372/372/372 369/369/369
f 366/366/366 373/373/373 374/374/374
f 363/363/363 361/361/361 362/362/362
f 375/375/375 376/376/376 365/365/365
f 362/362/362 360/360/360 364/364/364
f 370/370/370 377/377/377 378/378/378
f 369/369/369 379/379/379 373/373/373
f 362/362/362 364/364/364 363/363/363
f 371/371/371 369/369/369 367/367/367
f 374/374/374 380/380/380 361/361/361
f 362/362/362 356/356/356 358/358/358
f 381/381/381 382/382/382 359/359/359
f 364/364/364 383/383/383 375/375/375
f 367/367/367 368/368/368 371/371/371
f 360/360/360 384/384/384 383/383/383
f 358/358/358 360/360/360 362/362/362
f 376/376/376 385/385/385 368/368/368
f 378/378/378 386/386/386 372/372/372
f 380/380/380 387/387/387 356/356/356
f 357/357/357 388/388/388 381/381/381
f 389/389/389 390/390/390 391/391/391
f 378/378/378 372/372/372 371/371/371
f 385/385/385 392/392/392 370/370/370
f 371/371/371 370/370/370 378/378/378
f 372/372/372 393/393/393 379/379/379
f 358/358/358 357/357/357 381/381/381
f 394/394/394 395/395/395 396/396/396
f 381/381/381 359/359/359 358/358/358
f 389/389/389 386/386/386 378/378/378
f 387/387/387 397/397/397 357/357/357
f 359/359/359 398/398/398 384/384/384
f 378/378/378 377/377/377 389/389/389
f 381/381/381 388/388/388 394/394/394
f 396/396/396 399/399/399 394/394/394
f 394/394/394 382/382/382 381/381/381
f 391/391/391 400/400/400 401/401/401
f 391/391/391 402/402/402 389/389/389
f 389/389/389 402/402/402 386/386/386
f 397/397/397 403/403/403 388/388/388
f 399/399/399 404/404/404 405/405/405
f 392/392/392 406/406/406 377/377/377
f 386/386/386 407/407/407 393/393/393
f 382/382/382 405/405/405 398/398/398
f 377/377/377 390/390/390 389/389/389
f 388/388/388 395/395/395 394/394/394
f 408/408/408 409/409/409 396/396/396
f 394/394/394 399/399/399 382/382/382
f 406/406/406 410/410/410 390/390/390
f 401/401/401 411/411/411 391/391/391
f 401/401/401 412/412/412 413/413/413
f 403/403/403 414/414/414 395/395/395
f 396/396/396 415/415/415 408/408/408
f 391/391/391 411/411/411 402/402/402
f 402/402/402 416/416/416 407/407/407
f 417/417/417 418/418/418 374/374/374
f 390/390/390 400/400/400 391/391/391
f 411/411/411 419/419/419 416/416/416
f 395/395/395 415/415/415 396/396/396
f 420/420/420 421/421/421 408/408/408
f 396/396/396 409/409/409 399/399/399
f 410/410/410 422/422/422 400/400/400
f 366/366/366 374/374/374 361/361/361
f 423/423/423 424/424/424 376/376/376
f 364/364/364 375/375/375 365/365/365
f 369/369/369 373/373/373 366/366/366
f 418/418/418 425/425/425 380/380/380
f 375/375/375 426/426/426 423/423/423
f 365/365/365 376/376/376 368/368/368
f 373/373/373 427/427/427 417/417/417
f 361/361/361 380/380/380 356/356/356
f 408/408/408 428/428/428 420/420/420
f 360/360/360 383/383/383 364/364/364
f 372/372/372 379/379/379 369/369/369
f 414/414/414 429/429/429 415/415/415
f 383/383/383 430/430/430 426/426/426
f 368/368/368 385/385/385 370/370/370
f 413/413/413 431/431/431 432/432/432
f 356/356/356 387/387/387 357/357/357
f 409/409/409 433/433/433 404/404/404
f 359/359/359 384/384/384 360/360/360
f 370/370/370 392/392/392 377/377/377
f 413/413/413 434/434/434 401/401/401
f 402/402/402 407/407/407 386/386/386
f 384/384/384 435/435/435 430/430/430
f 386/386/386 393/393/393 372/372/372
f 379/379/379 436/436/436 427/427/427
f 425/425/425 437/437/437 387/387/387
f 357/357/357 397/397/397 388/388/388
f 434/434/434 438/438/438 419/419/419
f 424/424/424 439/439/439 385/385/385
f 440/440/440 441/441/441 420/420/420
f 382/382/382 398/398/398 359/359/359
f 422/422/422 442/442/442 412/412/412
f 401/401/401 434/434/434 411/411/411
f 429/429/429 443/443/443 428/428/428
f 400/400/400 412/412/412 401/401/401
f 437/437/437 444/444/444 397/397/397
f 415/415/415 428/428/428 408/408/408
f 408/408/408 421/421/421 409/409/409
f 421/421/421 445/445/445 433/433/433
f 439/439/439 446/446/446 392/392/392
f 393/393/393 447/447/447 436/436/436
f 398/398/398 448/448/448 435/435/435
f 377/377/377 406/406/406 390/390/390
f 420/420/420 449/449/449 440/440/440
f 388/388/388 403/403/403 395/395/395
f 399/399/399 405/405/405 382/382/382
f 450/450/450 451/451/451 432/432/432
f 432/432/432 452/452/452 413/413/413
f 413/413/413 452/452/452 434/434/434
f 428/428/428 449/449/449 420/420/420
f 440/440/440 453/453/453 454/454/454
f 390/390/390 410/410/410 400/400/400
f 411/411/411 416/416/416 402/402/402
f 420/420/420 441/441/441 421/421/421
f 412/412/412 431/431/431 413/413/413
f 455/455/455 456/456/456 414/414/414
f 444/444/444 455/455/455 403/403/403
f 405/405/405 457/457/457 448/448/448
f 400/400/400 422/422/422 412/412/412
f 452/452/452 458/458/458 438/438/438
f 407/407/407 459/459/459 447/447/447
f 460/460/460 461/461/461 410/410/410
f 446/446/446 460/460/460 406/406/406
f 416/416/416 462/462/462 459/459/459
f 395/395/395 414/414/414 415/415/415
f 454/454/454 463/463/463 440/440/440
f 409/409/409 404/404/404 399/399/399
f 434/434/434 419/419/419 411/411/411
f 443/443/443 464/464/464 449/449/449
f 404/404/404 465/465/465 457/457/457
f 442/442/442 466/466/466 431/431/431
f 415/415/415 429/429/429 428/428/428
f 421/421/421 433/433/433 409/409/409
f 441/441/441 467/467/467 445/445/445
f 468/468/468 469/469/469 450/450/450
f 432/432/432 470/470/470 450/450/450
f 432/432/432 451/451/451 452/452/452
f 449/449/449 453/453/453 440/440/440
f 451/451/451 471/471/471 458/458/458
f 412/412/412 442/442/442 431/431/431
f 452/452/452 438/438/438 434/434/434
f 464/464/464 472/472/472 453/453/453
f 431/431/431 470/470/470 432/432/432
f 456/456/456 473/473/473 429/429/429
f 454/454/454 474/474/474 475/475/475
f 440/440/440 463/463/463 441/441/441
f 433/433/433 476/476/476 465/465/465
f 417/417/417 347/347/347 348/348/348
f 419/419/419 477/477/477 462/462/462
f 461/461/461 478/478/478 422/422/422
f 466/466/466 479/479/479 470/470/470
f 438/438/438 480/480/480 477/477/477
f 428/428/428 443/443/443 449/449/449
f 463/463/463 481/481/481 467/467/467
f 441/441/441 445/445/445 421/421/421
f 376/376/376 424/424/424 385/385/385
f 373/373/373 417/417/417 374/374/374
f 374/374/374 418/418/418 380/380/380
f 348/348/348 349/349/349 418/418/418
f 482/482/482 323/323/323 483/483/483
f 375/375/375 423/423/423 376/376/376
f 475/475/475 484/484/484 454/454/454
f 383/383/383 426/426/426 375/375/375
f 379/379/379 427/427/427 373/373/373
f 473/473/473 485/485/485 443/443/443
f 478/478/478 486/486/486 442/442/442
f 450/450/450 469/469/469 451/451/451
f 380/380/380 425/425/425 387/387/387
f 445/445/445 487/487/487 476/476/476
f 384/384/384 430/430/430 383/383/383
f 468/468/468 488/488/488 469/469/469
f 450/450/450 489/489/489 468/468/468
f 453/453/453 474/474/474 454/454/454
f 436/436/436 345/345/345 346/346/346
f 385/385/385 439/439/439 392/392/392
f 393/393/393 436/436/436 379/379/379
f 454/454/454 484/484/484 463/463/463
f 470/470/470 489/489/489 450/450/450
f 469/469/469 490/490/490 471/471/471
f 349/349/349 350/350/350 425/425/425
f 474/474/474 491/491/491 475/475/475
f 431/431/431 466/466/466 470/470/470
f 427/427/427 346/346/346 347/347/347
f 387/387/387 437/437/437 397/397/397
f 350/350/350 351/351/351 437/437/437
f 447/447/447 344/344/344 345/345/345
f 398/398/398 435/435/435 384/384/384
f 451/451/451 458/458/458 452/452/452
f 458/458/458 492/492/492 480/480/480
f 472/472/472 493/493/493 474/474/474
f 479/479/479 494/494/494 489/489/489
f 449/449/449 464/464/464 453/453/453
f 463/463/463 467/467/467 441/441/441
f 484/484/484 495/495/495 481/481/481
f 406/406/406 460/460/460 410/410/410
f 407/407/407 447/447/447 393/393/393
f 392/392/392 446/446/446 406/406/406
f 397/397/397 444/444/444 403/403/403
f 351/351/351 352/352/352 444/444/444
f 475/475/475 496/496/496 497/497/497
f 405/405/405 448/448/448 398/398/398
f 416/416/416 459/459/459 407/407/407
f 485/485/485 498/498/498 464/464/464
f 486/486/486 499/499/499 466/466/466
f 469/469/469 471/471/471 451/451/451
f 403/403/403 455/455/455 414/414/414
f 467/467/467 483/483/483 487/487/487
f 404/404/404 457/457/457 405/405/405
f 491/491/491 496/496/496 475/475/475
f 500/500/500 501/501/501 468/468/468
f 489/489/489 500/500/500 468/468/468
f 470/470/470 479/479/479 489/489/489
f 471/471/471 502/502/502 492/492/492
f 453/453/453 472/472/472 474/474/474
f 475/475/475 497/497/497 484/484/484
f 484/484/484 481/481/481 463/463/463
f 488/488/488 490/490/490 469/469/469
f 468/468/468 501/501/501 488/488/488
f 498/498/498 503/503/503 472/472/472
f 462/462/462 342/342/342 343/343/343
f 410/410/410 461/461/461 422/422/422
f 419/419/419 462/462/462 416/416/416
f 499/499/499 504/504/504 479/479/479
f 352/352/352 353/353/353 455/455/455
f 474/474/474 493/493/493 491/491/491
f 481/481/481 482/482/482 483/483/483
f 422/422/422 478/478/478 442/442/442
f 505/505/505 506/506/506 488/488/488
f 459/459/459 343/343/343 344/344/344
f 433/433/433 465/465/465 404/404/404
f 414/414/414 456/456/456 429/429/429
f 353/353/353 354/354/354 456/456/456
f 458/458/458 480/480/480 438/438/438
f 438/438/438 477/477/477 419/419/419
f 491/491/491 507/507/507 508/508/508
f 496/496/496 509/509/509 510/510/510
f 489/489/489 494/494/494 500/500/500
f 429/429/429 473/473/473 443/443/443
f 445/445/445 476/476/476 433/433/433
f 497/497/497 495/495/495 484/484/484
f 501/501/501 511/511/511 505/505/505
f 512/512/512 511/511/511 501/501/501
f 500/500/500 513/513/513 512/512/512
f 442/442/442 486/486/486 466/466/466
f 514/514/514 515/515/515 505/505/505
f 354/354/354 355/355/355 473/473/473
f 510/510/510 516/516/516 497/497/497
f 494/494/494 513/513/513 500/500/500
f 501/501/501 505/505/505 488/488/488
f 508/508/508 509/509/509 496/496/496
f 500/500/500 512/512/512 501/501/501
f 503/503/503 517/517/517 493/493/493
f 491/491/491 508/508/508 496/496/496
f 496/496/496 510/510/510 497/497/497
f 471/471/471 492/492/492 458/458/458
f 488/488/488 506/506/506 490/490/490
f 477/477/477 341/341/341 342/342/342
f 508/508/508 518/518/518 519/519/519
f 497/497/497 516/516/516 495/495/495
f 490/490/490 520/520/520 502/502/502
f 508/508/508 519/519/519 509/509/509
f 504/504/504 521/521/521 494/494/494
f 443/443/443 485/485/485 464/464/464
f 493/493/493 507/507/507 491/491/491
f 495/495/495 522/522/522 482/482/482
f 467/467/467 487/487/487 445/445/445
f 509/509/509 523/523/523 524/524/524
f 511/511/511 514/514/514 505/505/505
f 512/512/512 525/525/525 526/526/526
f 466/466/466 499/499/499 479/479/479
f 506/506/506 527/527/527 520/520/520
f 355/355/355 315/315/315 485/485/485
f 524/524/524 528/528/528 510/510/510
f 483/483/483 323/323/323 487/487/487
f 492/492/492 334/334/334 333/333/333
f 526/526/526 529/529/529 511/511/511
f 512/512/512 526/526/526 511/511/511
f 521/521/521 530/530/530 513/513/513
f 531/531/531 532/532/532 514/514/514
f 517/517/517 533/533/533 507/507/507
f 509/509/509 524/524/524 510/510/510
f 516/516/516 534/534/534 522/522/522
f 535/535/535 536/536/536 529/529/529
f 480/480/480 333/333/333 341/341/341
f 486/486/486 324/324/324 499/499/499
f 464/464/464 498/498/498 472/472/472
f 519/519/519 537/537/537 538/538/538
f 519/519/519 538/538/538 523/523/523
f 481/481/481 483/483/483 467/467/467
f 479/479/479 504/504/504 494/494/494
f 511/511/511 529/529/529 514/514/514
f 519/519/519 523/523/523 509/509/509
f 417/417/417 348/348/348 418/418/418
f 427/427/427 347/347/347 417/417/417
f 418/418/418 349/349/349 425/425/425
f 315/315/315 314/314/314 498/498/498
f 436/436/436 346/346/346 427/427/427
f 425/425/425 350/350/350 437/437/437
f 515/515/515 539/539/539 527/527/527
f 447/447/447 345/345/345 436/436/436
f 437/437/437 351/351/351 444/444/444
f 499/499/499 324/324/324 504/504/504
f 314/314/314 313/313/313 503/503/503
f 490/490/490 502/502/502 471/471/471
f 472/472/472 503/503/503 493/493/493
f 526/526/526 540/540/540 535/535/535
f 495/495/495 482/482/482 481/481/481
f 541/541/541 542/542/542 524/524/524
f 543/543/543 323/323/323 544/544/544
f 462/462/462 343/343/343 459/459/459
f 459/459/459 344/344/344 447/447/447
f 444/444/444 352/352/352 455/455/455
f 545/545/545 546/546/546 531/531/531
f 507/507/507 518/518/518 508/508/508
f 505/505/505 515/515/515 506/506/506
f 530/530/530 547/547/547 525/525/525
f 513/513/513 525/525/525 512/512/512
f 529/529/529 531/531/531 514/514/514
f 533/533/533 548/548/548 518/518/518
f 510/510/510 528/528/528 516/516/516
f 494/494/494 521/521/521 513/513/513
f 502/502/502 335/335/335 334/334/334
f 523/523/523 549/549/549 541/541/541
f 526/526/526 535/535/535 529/529/529
f 528/528/528 550/550/550 534/534/534
f 523/523/523 541/541/541 524/524/524
f 522/522/522 323/323/323 482/482/482
f 536/536/536 545/545/545 531/531/531
f 455/455/455 353/353/353 456/456/456
f 538/538/538 551/551/551 552/552/552
f 529/529/529 536/536/536 531/531/531
f 538/538/538 549/549/549 523/523/523
f 504/504/504 324/324/324 521/521/521
f 506/506/506 520/520/520 490/490/490
f 553/553/553 554/554/554 541/541/541
f 535/535/535 555/555/555 556/556/556
f 520/520/520 336/336/336 335/335/335
f 493/493/493 517/517/517 507/507/507
f 538/538/538 552/552/552 549/549/549
f 516/516/516 522/522/522 495/495/495
f 477/477/477 342/342/342 462/462/462
f 456/456/456 354/354/354 473/473/473
f 557/557/557 558/558/558 545/545/545
f 518/518/518 537/537/537 519/519/519
f 514/514/514 532/532/532 515/515/515
f 547/547/547 559/559/559 540/540/540
f 525/525/525 540/540/540 526/526/526
f 532/532/532 560/560/560 539/539/539
f 313/313/313 312/312/312 517/517/517
f 524/524/524 542/542/542 528/528/528
f 542/542/542 561/561/561 550/550/550
f 513/513/513 530/530/530 525/525/525
f 480/480/480 341/341/341 477/477/477
f 473/473/473 355/355/355 485/485/485
f 548/548/548 562/562/562 537/537/537
f 536/536/536 563/563/563 545/545/545
f 556/556/556 563/563/563 536/536/536
f 535/535/535 556/556/556 536/536/536
f 552/552/552 564/564/564 549/549/549
f 549/549/549 564/564/564 553/553/553
f 552/552/552 565/565/565 566/566/566
f 549/549/549 553/553/553 541/541/541
f 534/534/534 323/323/323 522/522/522
f 567/567/567 330/330/330 556/556/556
f 563/563/563 557/557/557 545/545/545
f 507/507/507 533/533/533 518/518/518
f 553/553/553 320/320/320 568/568/568
f 515/515/515 527/527/527 506/506/506
f 546/546/546 569/569/569 560/560/560
f 521/521/521 324/324/324 530/530/530
f 527/527/527 337/337/337 336/336/336
f 564/564/564 319/319/319 570/570/570
f 528/528/528 534/534/534 516/516/516
f 485/485/485 315/315/315 498/498/498
f 312/312/312 311/311/311 533/533/533
f 559/559/559 571/571/571 555/555/555
f 492/492/492 333/333/333 480/480/480
f 572/572/572 329/329/329 563/563/563
f 531/531/531 546/546/546 532/532/532
f 552/552/552 566/566/566 564/564/564
f 540/540/540 555/555/555 535/535/535
f 562/562/562 573/573/573 551/551/551
f 537/537/537 551/551/551 538/538/538
f 541/541/541 554/554/554 542/542/542
f 554/554/554 544/544/544 561/561/561
f 518/518/518 548/548/548 537/537/537
f 525/525/525 547/547/547 540/540/540
f 556/556/556 572/572/572 563/563/563
f 557/557/557 327/327/327 558/558/558
f 564/564/564 570/570/570 553/553/553
f 550/550/550 323/323/323 534/534/534
f 566/566/566 318/318/318 564/564/564
f 498/498/498 314/314/314 503/503/503
f 502/502/502 334/334/334 492/492/492
f 565/565/565 317/317/317 566/566/566
f 532/532/532 539/539/539 515/515/515
f 553/553/553 568/568/568 554/554/554
f 530/530/530 324/324/324 547/547/547
f 329/329/329 328/328/328 563/563/563
f 311/311/311 310/310/310 548/548/548
f 542/542/542 550/550/550 528/528/528
f 551/551/551 565/565/565 552/552/552
f 564/564/564 318/318/318 319/319/319
f 555/555/555 567/567/567 556/556/556
f 563/563/563 328/328/328 557/557/557
f 319/319/319 320/320/320 570/570/570
f 540/540/540 559/559/559 555/555/555
f 539/539/539 338/338/338 337/337/337
f 545/545/545 558/558/558 546/546/546
f 560/560/560 339/339/339 338/338/338
f 572/572/572 330/330/330 329/329/329
f 561/561/561 323/323/323 550/550/550
f 556/556/556 330/330/330 572/572/572
f 570/570/570 320/320/320 553/553/553
f 558/558/558 574/574/574 569/569/569
f 503/503/503 313/313/313 517/517/517
f 573/573/573 575/575/575 565/565/565
f 547/547/547 324/324/324 559/559/559
f 520/520/520 335/335/335 502/502/502
f 537/537/537 562/562/562 551/551/551
f 546/546/546 560/560/560 532/532/532
f 551/551/551 573/573/573 565/565/565
f 567/567/567 571/571/571 331/331/331
f 321/321/321 544/544/544 568/568/568
f 554/554/554 561/561/561 542/542/542
f 517/517/517 312/312/312 533/533/533
f 310/310/310 309/309/309 562/562/562
f 527/527/527 336/336/336 520/520/520
f 566/566/566 317/317/317 318/318/318
f 328/328/328 327/327/327 557/557/557
f 320/320/320 321/321/321 568/568/568
f 544/544/544 323/323/323 561/561/561
f 559/559/559 324/324/324 571/571/571
f 567/567/567 331/331/331 330/330/330
f 558/558/558 569/569/569 546/546/546
f 555/555/555 571/571/571 567/567/567
f 569/569/569 340/340/340 339/339/339
f 568/568/568 544/544/544 554/554/554
f 533/533/533 311/311/311 548/548/548
f 309/309/309 308/308/308 573/573/573
f 576/576/576 324/324/324 332/332/332
f 539/539/539 337/337/337 527/527/527
f 574/574/574 325/325/325 340/340/340
f 558/558/558 326/326/326 574/574/574
f 308/308/308 307/307/307 575/575/575
f 571/571/571 576/576/576 331/331/331
f 575/575/575 316/316/316 565/565/565
f 321/321/321 543/543/543 544/544/544
f 322/322/322 323/323/323 543/543/543
f 548/548/548 310/310/310 562/562/562
f 560/560/560 338/338/338 539/539/539
f 565/565/565 316/316/316 317/317/317
f 327/327/327 326/326/326 558/558/558
f 321/321/321 322/322/322 543/543/543
f 576/576/576 332/332/332 331/331/331
f 562/562/562 309/309/309 573/573/573
f 569/569/569 339/339/339 560/560/560
f 573/573/573 308/308/308 575/575/575
f 574/574/574 340/340/340 569/569/569
f 326/326/326 325/325/325 574/574/574
f 575/575/575 307/307/307 316/316/316
f 571/571/571 324/324/324 576/576/576
f 323/323/323 486/486/486 478/478/478
f 323/323/323 478/478/478 461/461/461
f 323/323/323 461/461/461 460/460/460
f 323/323/323 460/460/460 446/446/446
f 323/323/323 446/446/446 439/439/439
f 323/323/323 439/439/439 424/424/424
f 323/323/323 424/424/424 423/423/423
f 323/323/323 423/423/423 426/426/426
f 323/323/323 426/426/426 430/430/430
f 323/323/323 430/430/430 435/435/435
f 323/323/323 435/435/435 448/448/448
f 323/323/323 448/448/448 457/457/457
f 323/323/323 457/457/457 465/465/465
f 323/323/323 465/465/465 476/476/476
f 323/323/323 476/476/476 487/487/487
f 626/626/626 627/627/627 628/628/628
f 628/628/628 629/629/629 630/630/630
f 631/631/631 626/626/626 632/632/632
f 633/633/633 634/634/634 635/635/635
f 636/636/636 631/631/631 633/633/633
f 633/633/633 635/635/635 637/637/637
f 637/637/637 636/636/636 633/633/633
f 635/635/635 638/638/638 637/637/637
f 637/637/637 639/639/639 636/636/636
f 638/638/638 640/640/640 641/641/641
f 641/641/641 642/642/642 639/639/639
f 636/636/636 643/643/643 644/644/644
f 633/633/633 631/631/631 632/632/632
f 645/645/645 646/646/646 635/635/635
f 632/632/632 630/630/630 634/634/634
f 640/640/640 647/647/647 648/648/648
f 639/639/639 649/649/649 643/643/643
f 632/632/632 634/634/634 633/633/633
f 641/641/641 639/639/639 637/637/637
f 644/644/644 650/650/650 631/631/631
f 632/632/632 626/626/626 628/628/628
f 651/651/651 652/652/652 629/629/629
f 634/634/634 653/653/653 645/645/645
f 637/637/637 638/638/638 641/641/641
f 630/630/630 654/654/654 653/653/653
f 628/628/628 630/630/630 632/632/632
f 646/646/646 655/655/655 638/638/638
f 648/648/648 656/656/656 642/642/642
f 650/650/650 657/657/657 626/626/626
f 627/627/627 658/658/658 651/651/651
f 659/659/659 660/660/660 661/661/661
f 648/648/648 642/642/642 641/641/641
f 655/655/655 662/662/662 640/640/640
f 641/641/641 640/640/640 648/648/648
f 642/642/642 663/663/663 649/649/649
f 628/628/628 627/627/627 651/651/651
f 659/659/659 664/664/664 656/656/656
f 651/651/651 629/629/629 628/628/628
f 659/659/659 656/656/656 648/648/648
f 657/657/657 665/665/665 627/627/627
f 666/666/666 667/667/667 668/668/668
f 648/648/648 647/647/647 659/659/659
f 651/651/651 658/658/658 666/666/666
f 668/668/668 669/669/669 666/666/666
f 666/666/666 652/652/652 651/651/651
f 629/629/629 670/670/670 654/654/654
f 661/661/661 671/671/671 672/672/672
f 661/661/661 664/664/664 659/659/659
f 665/665/665 673/673/673 658/658/658
f 664/664/664 674/674/674 675/675/675
f 662/662/662 676/676/676 647/647/647
f 656/656/656 675/675/675 663/663/663
f 669/669/669 677/677/677 678/678/678
f 647/647/647 660/660/660 659/659/659
f 658/658/658 667/667/667 666/666/666
f 679/679/679 680/680/680 668/668/668
f 666/666/666 669/669/669 652/652/652
f 652/652/652 678/678/678 670/670/670
f 676/676/676 681/681/681 660/660/660
f 672/672/672 682/682/682 661/661/661
f 673/673/673 683/683/683 667/667/667
f 668/668/668 684/684/684 679/679/679
f 672/672/672 685/685/685 686/686/686
f 661/661/661 682/682/682 664/664/664
f 687/687/687 688/688/688 644/644/644
f 660/660/660 671/671/671 661/661/661
f 639/639/639 643/643/643 636/636/636
f 667/667/667 684/684/684 668/668/668
f 689/689/689 690/690/690 679/679/679
f 668/668/668 680/680/680 669/669/669
f 634/634/634 645/645/645 635/635/635
f 636/636/636 644/644/644 631/631/631
f 643/643/643 691/691/691 687/687/687
f 635/635/635 646/646/646 638/638/638
f 642/642/642 649/649/649 639/639/639
f 688/688/688 692/692/692 650/650/650
f 631/631/631 650/650/650 626/626/626
f 693/693/693 694/694/694 646/646/646
f 645/645/645 695/695/695 693/693/693
f 638/638/638 655/655/655 640/640/640
f 686/686/686 696/696/696 697/697/697
f 630/630/630 653/653/653 634/634/634
f 682/682/682 698/698/698 674/674/674
f 683/683/683 699/699/699 684/684/684
f 626/626/626 657/657/657 627/627/627
f 679/679/679 700/700/700 689/689/689
f 653/653/653 701/701/701 695/695/695
f 681/681/681 702/702/702 671/671/671
f 680/680/680 703/703/703 677/677/677
f 629/629/629 654/654/654 630/630/630
f 640/640/640 662/662/662 647/647/647
f 686/686/686 697/697/697 672/672/672
f 692/692/692 704/704/704 657/657/657
f 654/654/654 705/705/705 701/701/701
f 656/656/656 663/663/663 642/642/642
f 649/649/649 706/706/706 691/691/691
f 627/627/627 665/665/665 658/658/658
f 707/707/707 708/708/708 689/689/689
f 694/694/694 709/709/709 655/655/655
f 686/686/686 710/710/710 711/711/711
f 704/704/704 712/712/712 665/665/665
f 652/652/652 670/670/670 629/629/629
f 672/672/672 697/697/697 682/682/682
f 663/663/663 713/713/713 706/706/706
f 647/647/647 676/676/676 660/660/660
f 671/671/671 685/685/685 672/672/672
f 699/699/699 714/714/714 700/700/700
f 684/684/684 700/700/700 679/679/679
f 679/679/679 690/690/690 680/680/680
f 697/697/697 715/715/715 698/698/698
f 709/709/709 716/716/716 662/662/662
f 664/664/664 675/675/675 656/656/656
f 658/658/658 673/673/673 667/667/667
f 689/689/689 717/717/717 707/707/707
f 670/670/670 718/718/718 705/705/705
f 702/702/702 719/719/719 685/685/685
f 690/690/690 720/720/720 703/703/703
f 669/669/669 678/678/678 652/652/652
f 721/721/721 722/722/722 711/711/711
f 711/711/711 696/696/696 686/686/686
f 700/700/700 717/717/717 689/689/689
f 674/674/674 723/723/723 724/724/724
f 660/660/660 681/681/681 671/671/671
f 682/682/682 674/674/674 664/664/664
f 689/689/689 708/708/708 690/690/690
f 685/685/685 710/710/710 686/686/686
f 697/697/697 698/698/698 682/682/682
f 712/712/712 725/725/725 673/673/673
f 707/707/707 726/726/726 727/727/727
f 678/678/678 728/728/728 718/718/718
f 716/716/716 729/729/729 676/676/676
f 675/675/675 724/724/724 713/713/713
f 667/667/667 683/683/683 684/684/684
f 725/725/725 730/730/730 683/683/683
f 729/729/729 731/731/731 681/681/681
f 671/671/671 702/702/702 685/685/685
f 711/711/711 722/722/722 696/696/696
f 680/680/680 677/677/677 669/669/669
f 696/696/696 732/732/732 715/715/715
f 714/714/714 733/733/733 717/717/717
f 684/684/684 699/699/699 700/700/700
f 690/690/690 703/703/703 680/680/680
f 677/677/677 734/734/734 728/728/728
f 719/719/719 735/735/735 710/710/710
f 727/727/727 736/736/736 707/707/707
f 708/708/708 737/737/737 720/720/720
f 738/738/738 739/739/739 721/721/721
f 711/711/711 740/740/740 721/721/721
f 717/717/717 726/726/726 707/707/707
f 715/715/715 741/741/741 742/742/742
f 685/685/685 719/719/719 710/710/710
f 696/696/696 715/715/715 697/697/697
f 703/703/703 743/743/743 734/734/734
f 710/710/710 740/740/740 711/711/711
f 730/730/730 744/744/744 699/699/699
f 727/727/727 745/745/745 746/746/746
f 707/707/707 736/736/736 708/708/708
f 731/731/731 747/747/747 702/702/702
f 722/722/722 748/748/748 732/732/732
f 698/698/698 742/742/742 723/723/723
f 700/700/700 714/714/714 717/717/717
f 733/733/733 749/749/749 726/726/726
f 735/735/735 750/750/750 740/740/740
f 736/736/736 751/751/751 737/737/737
f 708/708/708 720/720/720 690/690/690
f 585/585/585 584/584/584 693/693/693
f 643/643/643 687/687/687 644/644/644
f 644/644/644 688/688/688 650/650/650
f 721/721/721 739/739/739 722/722/722
f 645/645/645 693/693/693 646/646/646
f 747/747/747 752/752/752 719/719/719
f 653/653/653 695/695/695 645/645/645
f 649/649/649 691/691/691 643/643/643
f 744/744/744 753/753/753 714/714/714
f 650/650/650 692/692/692 657/657/657
f 746/746/746 754/754/754 727/727/727
f 695/695/695 586/586/586 585/585/585
f 646/646/646 694/694/694 655/655/655
f 720/720/720 755/755/755 743/743/743
f 654/654/654 701/701/701 653/653/653
f 738/738/738 756/756/756 739/739/739
f 721/721/721 757/757/757 738/738/738
f 726/726/726 745/745/745 727/727/727
f 745/745/745 758/758/758 746/746/746
f 655/655/655 709/709/709 662/662/662
f 663/663/663 706/706/706 649/649/649
f 727/727/727 754/754/754 736/736/736
f 740/740/740 757/757/757 721/721/721
f 701/701/701 587/587/587 586/586/586
f 710/710/710 735/735/735 740/740/740
f 739/739/739 759/759/759 748/748/748
f 657/657/657 704/704/704 665/665/665
f 583/583/583 582/582/582 709/709/709
f 584/584/584 583/583/583 694/694/694
f 670/670/670 705/705/705 654/654/654
f 722/722/722 732/732/732 696/696/696
f 732/732/732 760/760/760 741/741/741
f 749/749/749 761/761/761 745/745/745
f 750/750/750 762/762/762 757/757/757
f 717/717/717 733/733/733 726/726/726
f 736/736/736 737/737/737 708/708/708
f 754/754/754 763/763/763 751/751/751
f 705/705/705 588/588/588 587/587/587
f 752/752/752 764/764/764 735/735/735
f 675/675/675 713/713/713 663/663/663
f 665/665/665 712/712/712 673/673/673
f 739/739/739 748/748/748 722/722/722
f 662/662/662 716/716/716 676/676/676
f 746/746/746 765/765/765 766/766/766
f 678/678/678 718/718/718 670/670/670
f 674/674/674 724/724/724 675/675/675
f 753/753/753 767/767/767 733/733/733
f 673/673/673 725/725/725 683/683/683
f 582/582/582 581/581/581 716/716/716
f 718/718/718 589/589/589 588/588/588
f 676/676/676 729/729/729 681/681/681
f 737/737/737 768/768/768 755/755/755
f 677/677/677 728/728/728 678/678/678
f 728/728/728 590/590/590 589/589/589
f 769/769/769 770/770/770 738/738/738
f 757/757/757 769/769/769 738/738/738
f 740/740/740 750/750/750 757/757/757
f 758/758/758 765/765/765 746/746/746
f 746/746/746 766/766/766 754/754/754
f 756/756/756 759/759/759 739/739/739
f 738/738/738 770/770/770 756/756/756
f 748/748/748 771/771/771 760/760/760
f 767/767/767 772/772/772 749/749/749
f 581/581/581 580/580/580 729/729/729
f 754/754/754 751/751/751 736/736/736
f 764/764/764 773/773/773 750/750/750
f 726/726/726 749/749/749 745/745/745
f 758/758/758 774/774/774 775/775/775
f 751/751/751 776/776/776 768/768/768
f 702/702/702 747/747/747 719/719/719
f 777/777/777 778/778/778 756/756/756
f 698/698/698 723/723/723 674/674/674
f 580/580/580 579/579/579 731/731/731
f 681/681/681 731/731/731 702/702/702
f 683/683/683 730/730/730 699/699/699
f 732/732/732 741/741/741 715/715/715
f 703/703/703 734/734/734 677/677/677
f 715/715/715 742/742/742 698/698/698
f 745/745/745 761/761/761 758/758/758
f 779/779/779 780/780/780 777/777/777
f 757/757/757 762/762/762 769/769/769
f 699/699/699 744/744/744 714/714/714
f 720/720/720 743/743/743 703/703/703
f 766/766/766 763/763/763 754/754/754
f 734/734/734 591/591/591 590/590/590
f 719/719/719 752/752/752 735/735/735
f 781/781/781 782/782/782 770/770/770
f 769/769/769 783/783/783 781/781/781
f 758/758/758 775/775/775 765/765/765
f 765/765/765 784/784/784 785/785/785
f 785/785/785 786/786/786 766/766/766
f 743/743/743 592/592/592 591/591/591
f 761/761/761 774/774/774 758/758/758
f 770/770/770 777/777/777 756/756/756
f 756/756/756 778/778/778 759/759/759
f 769/769/769 781/781/781 770/770/770
f 775/775/775 784/784/784 765/765/765
f 775/775/775 787/787/787 788/788/788
f 765/765/765 785/785/785 766/766/766
f 770/770/770 782/782/782 777/777/777
f 773/773/773 789/789/789 762/762/762
f 759/759/759 790/790/790 771/771/771
f 772/772/772 791/791/791 761/761/761
f 748/748/748 760/760/760 732/732/732
f 579/579/579 578/578/578 747/747/747
f 778/778/778 792/792/792 790/790/790
f 762/762/762 783/783/783 769/769/769
f 714/714/714 753/753/753 733/733/733
f 763/763/763 793/793/793 776/776/776
f 766/766/766 786/786/786 763/763/763
f 737/737/737 755/755/755 720/720/720
f 735/735/735 764/764/764 750/750/750
f 782/782/782 779/779/779 777/777/777
f 781/781/781 794/794/794 795/795/795
f 775/775/775 788/788/788 784/784/784
f 784/784/784 796/796/796 797/797/797
f 753/753/753 610/610/610 767/767/767
f 797/797/797 798/798/798 785/785/785
f 755/755/755 593/593/593 592/592/592
f 799/799/799 800/800/800 779/779/779
f 795/795/795 799/799/799 782/782/782
f 781/781/781 795/795/795 782/782/782
f 789/789/789 801/801/801 783/783/783
f 800/800/800 802/802/802 779/779/779
f 791/791/791 803/803/803 774/774/774
f 784/784/784 797/797/797 785/785/785
f 786/786/786 804/804/804 793/793/793
f 795/795/795 805/805/805 806/806/806
f 760/760/760 602/602/602 741/741/741
f 578/578/578 577/577/577 752/752/752
f 733/733/733 767/767/767 749/749/749
f 788/788/788 807/807/807 808/808/808
f 809/809/809 810/810/810 797/797/797
f 751/751/751 768/768/768 737/737/737
f 577/577/577 594/594/594 764/764/764
f 782/782/782 799/799/799 779/779/779
f 788/788/788 796/796/796 784/784/784
f 695/695/695 585/585/585 693/693/693
f 693/693/693 584/584/584 694/694/694
f 701/701/701 586/586/586 695/695/695
f 694/694/694 583/583/583 709/709/709
f 768/768/768 625/625/625 593/593/593
f 594/594/594 595/595/595 773/773/773
f 705/705/705 587/587/587 701/701/701
f 709/709/709 582/582/582 716/716/716
f 788/788/788 808/808/808 796/796/796
f 771/771/771 602/602/602 760/760/760
f 718/718/718 588/588/588 705/705/705
f 759/759/759 771/771/771 748/748/748
f 767/767/767 610/610/610 772/772/772
f 716/716/716 581/581/581 729/729/729
f 750/750/750 773/773/773 762/762/762
f 780/780/780 811/811/811 792/792/792
f 749/749/749 772/772/772 761/761/761
f 763/763/763 776/776/776 751/751/751
f 801/801/801 812/812/812 794/794/794
f 796/796/796 813/813/813 809/809/809
f 728/728/728 589/589/589 718/718/718
f 777/777/777 780/780/780 778/778/778
f 806/806/806 814/814/814 799/799/799
f 774/774/774 787/787/787 775/775/775
f 783/783/783 794/794/794 781/781/781
f 803/803/803 815/815/815 787/787/787
f 798/798/798 816/816/816 804/804/804
f 785/785/785 798/798/798 786/786/786
f 817/817/817 818/818/818 800/800/800
f 729/729/729 580/580/580 731/731/731
f 778/778/778 790/790/790 759/759/759
f 802/802/802 819/819/819 811/811/811
f 795/795/795 806/806/806 799/799/799
f 772/772/772 610/610/610 791/791/791
f 776/776/776 624/624/624 625/625/625
f 796/796/796 809/809/809 797/797/797
f 806/806/806 820/820/820 821/821/821
f 822/822/822 823/823/823 809/809/809
f 734/734/734 590/590/590 728/728/728
f 821/821/821 824/824/824 814/814/814
f 799/799/799 814/814/814 800/800/800
f 808/808/808 825/825/825 826/826/826
f 808/808/808 813/813/813 796/796/796
f 790/790/790 602/602/602 771/771/771
f 762/762/762 789/789/789 783/783/783
f 761/761/761 791/791/791 774/774/774
f 808/808/808 826/826/826 813/813/813
f 786/786/786 793/793/793 763/763/763
f 731/731/731 579/579/579 747/747/747
f 595/595/595 596/596/596 789/789/789
f 743/743/743 591/591/591 734/734/734
f 779/779/779 802/802/802 780/780/780
f 810/810/810 827/827/827 816/816/816
f 787/787/787 807/807/807 788/788/788
f 794/794/794 805/805/805 795/795/795
f 815/815/815 828/828/828 807/807/807
f 793/793/793 623/623/623 624/624/624
f 797/797/797 810/810/810 798/798/798
f 812/812/812 829/829/829 805/805/805
f 747/747/747 578/578/578 752/752/752
f 826/826/826 830/830/830 831/831/831
f 813/813/813 832/832/832 822/822/822
f 755/755/755 592/592/592 743/743/743
f 814/814/814 817/817/817 800/800/800
f 780/780/780 792/792/792 778/778/778
f 833/833/833 607/607/607 821/821/821
f 806/806/806 821/821/821 814/814/814
f 834/834/834 835/835/835 817/817/817
f 791/791/791 610/610/610 803/803/803
f 813/813/813 822/822/822 809/809/809
f 822/822/822 615/615/615 836/836/836
f 783/783/783 801/801/801 794/794/794
f 814/814/814 824/824/824 817/817/817
f 826/826/826 832/832/832 813/813/813
f 798/798/798 804/804/804 786/786/786
f 596/596/596 597/597/597 801/801/801
f 792/792/792 602/602/602 790/790/790
f 804/804/804 622/622/622 623/623/623
f 832/832/832 614/614/614 837/837/837
f 774/774/774 803/803/803 787/787/787
f 800/800/800 818/818/818 802/802/802
f 768/768/768 593/593/593 755/755/755
f 807/807/807 825/825/825 808/808/808
f 752/752/752 577/577/577 764/764/764
f 818/818/818 838/838/838 819/819/819
f 824/824/824 834/834/834 817/817/817
f 828/828/828 839/839/839 825/825/825
f 829/829/829 840/840/840 820/820/820
f 805/805/805 820/820/820 806/806/806
f 841/841/841 606/606/606 824/824/824
f 826/826/826 831/831/831 832/832/832
f 809/809/809 823/823/823 810/810/810
f 822/822/822 836/836/836 823/823/823
f 802/802/802 811/811/811 780/780/780
f 831/831/831 613/613/613 832/832/832
f 821/821/821 841/841/841 824/824/824
f 803/803/803 610/610/610 815/815/815
f 823/823/823 842/842/842 827/827/827
f 832/832/832 837/837/837 822/822/822
f 776/776/776 625/625/625 768/768/768
f 764/764/764 594/594/594 773/773/773
f 811/811/811 602/602/602 792/792/792
f 834/834/834 604/604/604 835/835/835
f 830/830/830 612/612/612 831/831/831
f 816/816/816 621/621/621 622/622/622
f 794/794/794 812/812/812 805/805/805
f 787/787/787 815/815/815 807/807/807
f 810/810/810 816/816/816 798/798/798
f 606/606/606 605/605/605 824/824/824
f 614/614/614 615/615/615 837/837/837
f 832/832/832 613/613/613 614/614/614
f 820/820/820 833/833/833 821/821/821
f 824/824/824 605/605/605 834/834/834
f 597/597/597 598/598/598 812/812/812
f 818/818/818 819/819/819 802/802/802
f 817/817/817 835/835/835 818/818/818
f 825/825/825 830/830/830 826/826/826
f 616/616/616 842/842/842 836/836/836
f 841/841/841 607/607/607 606/606/606
f 836/836/836 842/842/842 823/823/823
f 815/815/815 610/610/610 828/828/828
f 821/821/821 607/607/607 841/841/841
f 837/837/837 615/615/615 822/822/822
f 833/833/833 840/840/840 608/608/608
f 598/598/598 599/599/599 829/829/829
f 793/793/793 624/624/624 776/776/776
f 773/773/773 595/595/595 789/789/789
f 819/819/819 602/602/602 811/811/811
f 835/835/835 843/843/843 838/838/838
f 839/839/839 844/844/844 830/830/830
f 805/805/805 829/829/829 820/820/820
f 807/807/807 828/828/828 825/825/825
f 827/827/827 620/620/620 621/621/621
f 823/823/823 827/827/827 810/810/810
f 605/605/605 604/604/604 834/834/834
f 804/804/804 623/623/623 793/793/793
f 831/831/831 612/612/612 613/613/613
f 789/789/789 596/596/596 801/801/801
f 828/828/828 610/610/610 839/839/839
f 838/838/838 602/602/602 819/819/819
f 829/829/829 599/599/599 840/840/840
f 615/615/615 616/616/616 836/836/836
f 833/833/833 608/608/608 607/607/607
f 835/835/835 838/838/838 818/818/818
f 842/842/842 620/620/620 827/827/827
f 820/820/820 840/840/840 833/833/833
f 617/617/617 619/619/619 845/845/845
f 825/825/825 839/839/839 830/830/830
f 816/816/816 622/622/622 804/804/804
f 801/801/801 597/597/597 812/812/812
f 843/843/843 602/602/602 838/838/838
f 835/835/835 603/603/603 843/843/843
f 839/839/839 610/610/610 844/844/844
f 840/840/840 846/846/846 608/608/608
f 844/844/844 611/611/611 830/830/830
f 616/616/616 845/845/845 842/842/842
f 827/827/827 621/621/621 816/816/816
f 846/846/846 600/600/600 609/609/609
f 812/812/812 598/598/598 829/829/829
f 600/600/600 601/601/601 609/609/609
f 844/844/844 610/610/610 611/611/611
f 830/830/830 611/611/611 612/612/612
f 604/604/604 603/603/603 835/835/835
f 603/603/603 602/602/602 843/843/843
f 616/616/616 617/617/617 845/845/845
f 846/846/846 609/609/609 608/608/608
f 842/842/842 619/619/619 620/620/620
f 599/599/599 600/600/600 840/840/840
f 845/845/845 619/619/619 842/842/842
f 840/840/840 600/600/600 846/846/846
f 617/617/617 618/618/618 619/619/619
f 602/602/602 753/753/753 744/744/744
f 602/602/602 744/744/744 730/730/730
f 602/602/602 730/730/730 725/725/725
f 602/602/602 725/725/725 712/712/712
f 602/602/602 712/712/712 704/704/704
f 602/602/602 704/704/704 692/692/692
f 602/602/602 692/692/692 688/688/688
f 602/602/602 688/688/688 687/687/687
f 602/602/602 687/687/687 691/691/691
f 602/602/602 691/691/691 706/706/706
f 602/602/602 706/706/706 713/713/713
f 602/602/602 713/713/713 724/724/724
f 602/602/602 724/724/724 723/723/723
f 602/602/602 723/723/723 742/742/742
f 602/602/602 742/742/742 741/741/741
usemtl mat_3
f 863/863/863 847/847/847 848/848/848
f 863/863/863 862/862/862 847/847/847
f 864/864/864 848/848/848 849/849/849
f 864/864/864 849/849/849 850/850/850
f 864/864/864 863/863/863 848/848/848
f 865/865/865 864/864/864 850/850/850
f 866/866/866 850/850/850 851/851/851
f 866/866/866 851/851/851 852/852/852
f 866/866/866 865/865/865 850/850/850
f 867/867/867 866/866/866 852/852/852
f 868/868/868 852/852/852 853/853/853
f 868/868/868 853/853/853 854/854/854
f 868/868/868 867/867/867 852/852/852
f 869/869/869 868/868/868 854/854/854
f 870/870/870 854/854/854 855/855/855
f 870/870/870 869/869/869 854/854/854
f 871/871/871 855/855/855 856/856/856
f 871/871/871 856/856/856 857/857/857
f 871/871/871 870/870/870 855/855/855
f 872/872/872 871/871/871 857/857/857
f 873/873/873 857/857/857 858/858/858
f 873/873/873 858/858/858 859/859/859
f 873/873/873 872/872/872 857/857/857
f 874/874/874 873/873/873 859/859/859
f 861/861/861 859/859/859 860/860/860
f 861/861/861 874/874/874 859/859/859
f 896/896/896 897/897/897 898/898/898
f 898/898/898 899/899/899 900/900/900
f 900/900/900 901/901/901 898/898/898
f 899/899/899 902/902/902 903/903/903
f 900/900/900 904/904/904 901/901/901
f 905/905/905 906/906/906 907/907/907
f 905/905/905 904/904/904 903/903/903
f 903/903/903 904/904/904 900/900/900
f 907/907/907 908/908/908 909/909/909
f 900/900/900 899/899/899 903/903/903
f 903/903/903 902/902/902 905/905/905
f 904/904/904 910/910/910 911/911/911
f 907/907/907 912/912/912 905/905/905
f 898/898/898 913/913/913 896/896/896
f 911/911/911 914/914/914 901/901/901
f 915/915/915 916/916/916 896/896/896
f 914/914/914 917/917/917 913/913/913
f 901/901/901 913/913/913 898/898/898
f 899/899/899 918/918/918 919/919/919
f 905/905/905 912/912/912 904/904/904
f 898/898/898 897/897/897 899/899/899
f 902/902/902 919/919/919 906/906/906
f 902/902/902 906/906/906 905/905/905
f 907/907/907 920/920/920 908/908/908
f 907/907/907 909/909/909 912/912/912
f 909/909/909 910/910/910 912/912/912
f 913/913/913 921/921/921 896/896/896
f 897/897/897 922/922/922 918/918/918
f 919/919/919 923/923/923 906/906/906
f 906/906/906 924/924/924 907/907/907
f 915/915/915 925/925/925 916/916/916
f 896/896/896 926/926/926 897/897/897
f 921/921/921 927/927/927 915/915/915
f 921/921/921 915/915/915 896/896/896
f 920/920/920 928/928/928 908/908/908
f 909/909/909 929/929/929 910/910/910
f 917/917/917 930/930/930 921/921/921
f 916/916/916 931/931/931 932/932/932
f 908/908/908 933/933/933 909/909/909
f 896/896/896 916/916/916 926/926/926
f 916/916/916 932/932/932 926/926/926
f 923/923/923 934/934/934 924/924/924
f 924/924/924 920/920/920 907/907/907
f 908/908/908 928/928/928 933/933/933
f 915/915/915 935/935/935 925/925/925
f 934/934/934 936/936/936 920/920/920
f 933/933/933 937/937/937 929/929/929
f 904/904/904 911/911/911 901/901/901
f 927/927/927 938/938/938 935/935/935
f 901/901/901 914/914/914 913/913/913
f 917/917/917 877/877/877 930/930/930
f 899/899/899 919/919/919 902/902/902
f 922/922/922 885/885/885 886/886/886
f 939/939/939 940/940/940 925/925/925
f 897/897/897 918/918/918 899/899/899
f 910/910/910 875/875/875 911/911/911
f 913/913/913 917/917/917 921/921/921
f 918/918/918 886/886/886 887/887/887
f 912/912/912 910/910/910 904/904/904
f 897/897/897 932/932/932 922/922/922
f 887/887/887 888/888/888 919/919/919
f 906/906/906 923/923/923 924/924/924
f 928/928/928 941/941/941 942/942/942
f 935/935/935 943/943/943 944/944/944
f 927/927/927 935/935/935 915/915/915
f 925/925/925 945/945/945 916/916/916
f 928/928/928 942/942/942 946/946/946
f 928/928/928 946/946/946 933/933/933
f 929/929/929 875/875/875 910/910/910
f 888/888/888 889/889/889 923/923/923
f 920/920/920 947/947/947 928/928/928
f 946/946/946 948/948/948 949/949/949
f 933/933/933 929/929/929 909/909/909
f 930/930/930 938/938/938 921/921/921
f 924/924/924 934/934/934 920/920/920
f 947/947/947 950/950/950 941/941/941
f 940/940/940 951/951/951 945/945/945
f 926/926/926 932/932/932 897/897/897
f 921/921/921 938/938/938 927/927/927
f 935/935/935 939/939/939 925/925/925
f 943/943/943 952/952/952 944/944/944
f 937/937/937 875/875/875 929/929/929
f 930/930/930 877/877/877 938/938/938
f 938/938/938 877/877/877 943/943/943
f 932/932/932 883/883/883 884/884/884
f 946/946/946 937/937/937 933/933/933
f 916/916/916 951/951/951 931/931/931
f 890/890/890 891/891/891 934/934/934
f 936/936/936 950/950/950 920/920/920
f 949/949/949 875/875/875 937/937/937
f 935/935/935 944/944/944 939/939/939
f 947/947/947 941/941/941 928/928/928
f 942/942/942 953/953/953 946/946/946
f 925/925/925 940/940/940 945/945/945
f 954/954/954 878/878/878 879/879/879
f 893/893/893 894/894/894 950/950/950
f 938/938/938 943/943/943 935/935/935
f 951/951/951 880/880/880 881/881/881
f 931/931/931 882/882/882 883/883/883
f 946/946/946 949/949/949 937/937/937
f 945/945/945 951/951/951 916/916/916
f 891/891/891 892/892/892 936/936/936
f 920/920/920 950/950/950 947/947/947
f 895/895/895 876/876/876 955/955/955
f 918/918/918 887/887/887 919/919/919
f 919/919/919 888/888/888 923/923/923
f 943/943/943 877/877/877 952/952/952
f 922/922/922 886/886/886 918/918/918
f 922/922/922 884/884/884 885/885/885
f 889/889/889 890/890/890 923/923/923
f 948/948/948 875/875/875 949/949/949
f 953/953/953 948/948/948 946/946/946
f 940/940/940 954/954/954 951/951/951
f 950/950/950 955/955/955 941/941/941
f 894/894/894 895/895/895 955/955/955
f 923/923/923 890/890/890 934/934/934
f 932/932/932 884/884/884 922/922/922
f 934/934/934 891/891/891 936/936/936
f 954/954/954 879/879/879 880/880/880
f 931/931/931 883/883/883 932/932/932
f 892/892/892 893/893/893 936/936/936
f 931/931/931 881/881/881 882/882/882
f 936/936/936 893/893/893 950/950/950
f 951/951/951 881/881/881 931/931/931
f 950/950/950 894/894/894 955/955/955
f 954/954/954 880/880/880 951/951/951
f 911/911/911 875/875/875 914/914/914
f 914/914/914 877/877/877 917/917/917
f 876/876/876 875/875/875 948/948/948
f 876/876/876 948/948/948 953/953/953
f 876/876/876 953/953/953 942/942/942
f 876/876/876 942/942/942 941/941/941
f 876/876/876 941/941/941 955/955/955
f 877/877/877 878/878/878 954/954/954
f 977/977/977 978/978/978 979/979/979
f 979/979/979 980/980/980 981/981/981
f 981/981/981 982/982/982 979/979/979
f 983/983/983 984/984/984 985/985/985
f 983/983/983 982/982/982 981/981/981
f 983/983/983 986/986/986 982/982/982
f 977/977/977 987/987/987 988/988/988
f 983/983/983 989/989/989 986/986/986
f 982/982/982 990/990/990 979/979/979
f 980/980/980 984/984/984 981/981/981
f 981/981/981 984/984/984 983/983/983
f 985/985/985 991/991/991 992/992/992
f 992/992/992 989/989/989 985/985/985
f 990/990/990 993/993/993 979/979/979
f 994/994/994 995/995/995 990/990/990
f 986/986/986 996/996/996 994/994/994
f 982/982/982 994/994/994 990/990/990
f 978/978/978 997/997/997 980/980/980
f 979/979/979 978/978/978 980/980/980
f 997/997/997 998/998/998 984/984/984
f 999/999/999 1000/1000/1000 992/992/992
f 985/985/985 989/989/989 983/983/983
f 993/993/993 1001/1001/1001 987/987/987
f 984/984/984 991/991/991 985/985/985
f 989/989/989 1002/1002/1002 996/996/996
f 979/979/979 993/993/993 977/977/977
f 977/977/977 988/988/988 978/978/978
f 978/978/978 1003/1003/1003 997/997/997
f 987/987/987 1004/1004/1004 1005/1005/1005
f 992/992/992 1006/1006/1006 989/989/989
f 998/998/998 1007/1007/1007 991/991/991
f 991/991/991 999/999/999 992/992/992
f 1006/1006/1006 1008/1008/1008 1002/1002/1002
f 993/993/993 987/987/987 977/977/977
f 992/992/992 1000/1000/1000 1006/1006/1006
f 995/995/995 1009/1009/1009 993/993/993
f 1005/1005/1005 1010/1010/1010 988/988/988
f 987/987/987 1005/1005/1005 988/988/988
f 999/999/999 1011/1011/1011 1012/1012/1012
f 1012/1012/1012 1013/1013/1013 1000/1000/1000
f 1000/1000/1000 1014/1014/1014 1006/1006/1006
f 1005/1005/1005 1015/1015/1015 1010/1010/1010
f 999/999/999 1012/1012/1012 1000/1000/1000
f 1009/1009/1009 1016/1016/1016 1001/1001/1001
f 987/987/987 1017/1017/1017 1004/1004/1004
f 1011/1011/1011 1018/1018/1018 1012/1012/1012
f 1000/1000/1000 1013/1013/1013 1014/1014/1014
f 1014/1014/1014 1019/1019/1019 1008/1008/1008
f 986/986/986 994/994/994 982/982/982
f 997/997/997 967/967/967 968/968/968
f 989/989/989 996/996/996 986/986/986
f 1004/1004/1004 1020/1020/1020 1021/1021/1021
f 980/980/980 997/997/997 984/984/984
f 984/984/984 998/998/998 991/991/991
f 995/995/995 958/958/958 1009/1009/1009
f 1002/1002/1002 956/956/956 996/996/996
f 990/990/990 995/995/995 993/993/993
f 1003/1003/1003 966/966/966 967/967/967
f 1006/1006/1006 1002/1002/1002 989/989/989
f 978/978/978 1010/1010/1010 1003/1003/1003
f 968/968/968 969/969/969 998/998/998
f 1007/1007/1007 1011/1011/1011 991/991/991
f 1022/1022/1022 1023/1023/1023 1013/1013/1013
f 1017/1017/1017 1024/1024/1024 1025/1025/1025
f 1001/1001/1001 1017/1017/1017 987/987/987
f 1004/1004/1004 1021/1021/1021 1005/1005/1005
f 1009/1009/1009 958/958/958 1016/1016/1016
f 1013/1013/1013 1026/1026/1026 1014/1014/1014
f 1008/1008/1008 956/956/956 1002/1002/1002
f 969/969/969 970/970/970 1007/1007/1007
f 1012/1012/1012 1022/1022/1022 1013/1013/1013
f 1026/1026/1026 1027/1027/1027 1028/1028/1028
f 993/993/993 1009/1009/1009 1001/1001/1001
f 1029/1029/1029 1030/1030/1030 1021/1021/1021
f 988/988/988 1010/1010/1010 978/978/978
f 1022/1022/1022 1031/1031/1031 1032/1032/1032
f 1014/1014/1014 1008/1008/1008 1006/1006/1006
f 991/991/991 1011/1011/1011 999/999/999
f 1019/1019/1019 956/956/956 1008/1008/1008
f 1004/1004/1004 1025/1025/1025 1020/1020/1020
f 1024/1024/1024 1033/1033/1033 1025/1025/1025
f 1013/1013/1013 1023/1023/1023 1026/1026/1026
f 1001/1001/1001 1016/1016/1016 1017/1017/1017
f 1010/1010/1010 964/964/964 965/965/965
f 1005/1005/1005 1030/1030/1030 1015/1015/1015
f 971/971/971 972/972/972 1011/1011/1011
f 1026/1026/1026 1019/1019/1019 1014/1014/1014
f 1034/1034/1034 959/959/959 960/960/960
f 1018/1018/1018 1031/1031/1031 1012/1012/1012
f 1016/1016/1016 958/958/958 1024/1024/1024
f 1017/1017/1017 1025/1025/1025 1004/1004/1004
f 1020/1020/1020 1029/1029/1029 1021/1021/1021
f 1023/1023/1023 1035/1035/1035 1026/1026/1026
f 1028/1028/1028 956/956/956 1019/1019/1019
f 1022/1022/1022 1032/1032/1032 1023/1023/1023
f 1016/1016/1016 1024/1024/1024 1017/1017/1017
f 1015/1015/1015 963/963/963 964/964/964
f 1021/1021/1021 1030/1030/1030 1005/1005/1005
f 972/972/972 973/973/973 1018/1018/1018
f 976/976/976 957/957/957 1036/1036/1036
f 1026/1026/1026 1028/1028/1028 1019/1019/1019
f 974/974/974 975/975/975 1031/1031/1031
f 1012/1012/1012 1031/1031/1031 1022/1022/1022
f 1030/1030/1030 961/961/961 962/962/962
f 997/997/997 968/968/968 998/998/998
f 998/998/998 969/969/969 1007/1007/1007
f 1003/1003/1003 967/967/967 997/997/997
f 970/970/970 971/971/971 1007/1007/1007
f 1024/1024/1024 958/958/958 1033/1033/1033
f 1003/1003/1003 965/965/965 966/966/966
f 1027/1027/1027 956/956/956 1028/1028/1028
f 1029/1029/1029 1034/1034/1034 1030/1030/1030
f 975/975/975 976/976/976 1036/1036/1036
f 1035/1035/1035 1027/1027/1027 1026/1026/1026
f 1031/1031/1031 1036/1036/1036 1032/1032/1032
f 1007/1007/1007 971/971/971 1011/1011/1011
f 1010/1010/1010 965/965/965 1003/1003/1003
f 1011/1011/1011 972/972/972 1018/1018/1018
f 1034/1034/1034 960/960/960 961/961/961
f 1015/1015/1015 964/964/964 1010/1010/1010
f 973/973/973 974/974/974 1018/1018/1018
f 1015/1015/1015 962/962/962 963/963/963
f 1018/1018/1018 974/974/974 1031/1031/1031
f 1030/1030/1030 962/962/962 1015/1015/1015
f 1031/1031/1031 975/975/975 1036/1036/1036
f 1034/1034/1034 961/961/961 1030/1030/1030
f 996/996/996 956/956/956 994/994/994
f 994/994/994 958/958/958 995/995/995
f 957/957/957 956/956/956 1027/1027/1027
f 957/957/957 1027/1027/1027 1035/1035/1035
f 957/957/957 1035/1035/1035 1023/1023/1023
f 957/957/957 1023/1023/1023 1032/1032/1032
f 957/957/957 1032/1032/1032 1036/1036/1036
f 958/958/958 959/959/959 1034/1034/1034
f 1037/1037/1037 1050/1050/1050 1038/1038/1038
f 1038/1038/1038 1050/1050/1050 1049/1049/1049
f 1051/1051/1051 1037/1037/1037 1062/1062/1062
f 1050/1050/1050 1037/1037/1037 1051/1051/1051
f 1038/1038/1038 1049/1049/1049 1039/1039/1039
f 1054/1054/1054 1060/1060/1060 1059/1059/1059
f 1051/1051/1051 1061/1061/1061 1052/1052/1052
f 1051/1051/1051 1062/1062/1062 1061/1061/1061
f 1039/1039/1039 1049/1049/1049 1048/1048/1048
f 1053/1053/1053 1061/1061/1061 1060/1060/1060
f 1039/1039/1039 1048/1048/1048 1040/1040/1040
f 1040/1040/1040 1048/1048/1048 1047/1047/1047
f 1052/1052/1052 1061/1061/1061 1053/1053/1053
f 1040/1040/1040 1047/1047/1047 1041/1041/1041
f 1053/1053/1053 1060/1060/1060 1054/1054/1054
f 1041/1041/1041 1047/1047/1047 1046/1046/1046
f 1042/1042/1042 1041/1041/1041 1045/1045/1045
f 1041/1041/1041 1046/1046/1046 1045/1045/1045
f 1054/1054/1054 1058/1058/1058 1055/1055/1055
f 1054/1054/1054 1059/1059/1059 1058/1058/1058
f 1042/1042/1042 1044/1044/1044 1043/1043/1043
f 1042/1042/1042 1045/1045/1045 1044/1044/1044
f 1055/1055/1055 1057/1057/1057 1056/1056/1056
f 1055/1055/1055 1058/1058/1058 1057/1057/1057
f 1064/1064/1064 1063/1063/1063 1065/1065/1065
f 1079/1079/1079 1065/1065/1065 1066/1066/1066
f 1079/1079/1079 1064/1064/1064 1065/1065/1065
f 1080/1080/1080 1079/1079/1079 1066/1066/1066
f 1081/1081/1081 1066/1066/1066 1067/1067/1067
f 1081/1081/1081 1067/1067/1067 1068/1068/1068
f 1081/1081/1081 1080/1080/1080 1066/1066/1066
f 1082/1082/1082 1081/1081/1081 1068/1068/1068
f 1083/1083/1083 1068/1068/1068 1069/1069/1069
f 1083/1083/1083 1069/1069/1069 1070/1070/1070
f 1083/1083/1083 1082/1082/1082 1068/1068/1068
f 1084/1084/1084 1083/1083/1083 1070/1070/1070
f 1085/1085/1085 1070/1070/1070 1071/1071/1071
f 1085/1085/1085 1071/1071/1071 1072/1072/1072
f 1085/1085/1085 1084/1084/1084 1070/1070/1070
f 1086/1086/1086 1085/1085/1085 1072/1072/1072
f 1087/1087/1087 1072/1072/1072 1073/1073/1073
f 1087/1087/1087 1086/1086/1086 1072/1072/1072
f 1088/1088/1088 1073/1073/1073 1074/1074/1074
f 1088/1088/1088 1074/1074/1074 1075/1075/1075
f 1088/1088/1088 1087/1087/1087 1073/1073/1073
f 1089/1089/1089 1088/1088/1088 1075/1075/1075
f 1090/1090/1090 1075/1075/1075 1076/1076/1076
f 1090/1090/1090 1089/1089/1089 1075/1075/1075
f 1078/1078/1078 1076/1076/1076 1077/1077/1077
f 1078/1078/1078 1090/1090/1090 1076/1076/1076
f 1131/1131/1131 1115/1115/1115 1114/1114/1114
f 1138/1138/1138 1139/1139/1139 1125/1125/1125
f 1113/1113/1113 1130/1130/1130 1114/1114/1114
f 1126/1126/1126 1140/1140/1140 1091/1091/1091
f 1151/1151/1151 1107/1107/1107 1106/1106/1106
f 1128/1128/1128 1129/1129/1129 1111/1111/1111
f 1131/1131/1131 1132/1132/1132 1115/1115/1115
f 1093/1093/1093 1142/1142/1142 1094/1094/1094
f 1128/1128/1128 1111/1111/1111 1110/1110/1110
f 1120/1120/1120 1135/1135/1135 1121/1121/1121
f 1133/1133/1133 1134/1134/1134 1118/1118/1118
f 1135/1135/1135 1120/1120/1120 1119/1119/1119
f 1097/1097/1097 1145/1145/1145 1098/1098/1098
f 1143/1143/1143 1095/1095/1095 1094/1094/1094
f 1150/1150/1150 1106/1106/1106 1105/1105/1105
f 1152/1152/1152 1108/1108/1108 1107/1107/1107
f 1118/1118/1118 1134/1134/1134 1119/1119/1119
f 1108/1108/1108 1127/1127/1127 1109/1109/1109
f 1092/1092/1092 1141/1141/1141 1093/1093/1093
f 1122/1122/1122 1137/1137/1137 1123/1123/1123
f 1144/1144/1144 1145/1145/1145 1097/1097/1097
f 1148/1148/1148 1149/1149/1149 1103/1103/1103
f 1125/1125/1125 1139/1139/1139 1126/1126/1126
f 1121/1121/1121 1136/1136/1136 1122/1122/1122
f 1135/1135/1135 1136/1136/1136 1121/1121/1121
f 1132/1132/1132 1117/1117/1117 1116/1116/1116
f 1138/1138/1138 1125/1125/1125 1124/1124/1124
f 1111/1111/1111 1129/1129/1129 1112/1112/1112
f 1140/1140/1140 1141/1141/1141 1092/1092/1092
f 1152/1152/1152 1127/1127/1127 1108/1108/1108
f 1151/1151/1151 1152/1152/1152 1107/1107/1107
f 1144/1144/1144 1097/1097/1097 1096/1096/1096
f 1101/1101/1101 1148/1148/1148 1102/1102/1102
f 1103/1103/1103 1149/1149/1149 1104/1104/1104
f 1098/1098/1098 1145/1145/1145 1099/1099/1099
f 1099/1099/1099 1146/1146/1146 1100/1100/1100
f 1147/1147/1147 1101/1101/1101 1100/1100/1100
f 1147/1147/1147 1148/1148/1148 1101/1101/1101
f 1145/1145/1145 1146/1146/1146 1099/1099/1099
f 1133/1133/1133 1118/1118/1118 1117/1117/1117
f 1134/1134/1134 1135/1135/1135 1119/1119/1119
f 1132/1132/1132 1133/1133/1133 1117/1117/1117
f 1130/1130/1130 1113/1113/1113 1112/1112/1112
f 1137/1137/1137 1138/1138/1138 1124/1124/1124
f 1129/1129/1129 1130/1130/1130 1112/1112/1112
f 1139/1139/1139 1140/1140/1140 1126/1126/1126
f 1141/1141/1141 1142/1142/1142 1093/1093/1093
f 1146/1146/1146 1147/1147/1147 1100/1100/1100
f 1109/1109/1109 1127/1127/1127 1110/1110/1110
f 1140/1140/1140 1092/1092/1092 1091/1091/1091
f 1095/1095/1095 1143/1143/1143 1096/1096/1096
f 1150/1150/1150 1151/1151/1151 1106/1106/1106
f 1115/1115/1115 1132/1132/1132 1116/1116/1116
f 1136/1136/1136 1137/1137/1137 1122/1122/1122
f 1130/1130/1130 1131/1131/1131 1114/1114/1114
f 1137/1137/1137 1124/1124/1124 1123/1123/1123
f 1127/1127/1127 1128/1128/1128 1110/1110/1110
f 1142/1142/1142 1143/1143/1143 1094/1094/1094
f 1150/1150/1150 1105/1105/1105 1104/1104/1104
f 1148/1148/1148 1103/1103/1103 1102/1102/1102
f 1143/1143/1143 1144/1144/1144 1096/1096/1096
f 1149/1149/1149 1150/1150/1150 1104/1104/1104
usemtl mat_4
f 1169/1169/1169 1153/1153/1153 1154/1154/1154
f 1169/1169/1169 1168/1168/1168 1153/1153/1153
f 1170/1170/1170 1154/1154/1154 1155/1155/1155
f 1170/1170/1170 1155/1155/1155 1156/1156/1156
f 1170/1170/1170 1169/1169/1169 1154/1154/1154
f 1171/1171/1171 1170/1170/1170 1156/1156/1156
f 1172/1172/1172 1156/1156/1156 1157/1157/1157
f 1172/1172/1172 1157/1157/1157 1158/1158/1158
f 1172/1172/1172 1171/1171/1171 1156/1156/1156
f 1173/1173/1173 1172/1172/1172 1158/1158/1158
f 1174/1174/1174 1158/1158/1158 1159/1159/1159
f 1174/1174/1174 1159/1159/1159 1160/1160/1160
f 1174/1174/1174 1173/1173/1173 1158/1158/1158
f 1175/1175/1175 1174/1174/1174 1160/1160/1160
f 1176/1176/1176 1160/1160/1160 1161/1161/1161
f 1176/1176/1176 1175/1175/1175 1160/1160/1160
f 1177/1177/1177 1161/1161/1161 1162/1162/1162
f 1177/1177/1177 1162/1162/1162 1163/1163/1163
f 1177/1177/1177 1176/1176/1176 1161/1161/1161
f 1178/1178/1178 1177/1177/1177 1163/1163/1163
f 1179/1179/1179 1163/1163/1163 1164/1164/1164
f 1179/1179/1179 1164/1164/1164 1165/1165/1165
f 1179/1179/1179 1178/1178/1178 1163/1163/1163
f 1180/1180/1180 1179/1179/1179 1165/1165/1165
f 1167/1167/1167 1165/1165/1165 1166/1166/1166
f 1167/1167/1167 1180/1180/1180 1165/1165/1165
f 1202/1202/1202 1203/1203/1203 1204/1204/1204
f 1205/1205/1205 1206/1206/1206 1207/1207/1207
f 1205/1205/1205 1204/1204/1204 1208/1208/1208
f 1207/1207/1207 1209/1209/1209 1210/1210/1210
f 1210/1210/1210 1204/1204/1204 1205/1205/1205
f 1210/1210/1210 1211/1211/1211 1204/1204/1204
f 1212/1212/1212 1213/1213/1213 1214/1214/1214
f 1215/1215/1215 1211/1211/1211 1210/1210/1210
f 1208/1208/1208 1214/1214/1214 1206/1206/1206
f 1205/1205/1205 1207/1207/1207 1210/1210/1210
f 1209/1209/1209 1216/1216/1216 1210/1210/1210
f 1215/1215/1215 1216/1216/1216 1217/1217/1217
f 1211/1211/1211 1218/1218/1218 1202/1202/1202
f 1219/1219/1219 1220/1220/1220 1208/1208/1208
f 1221/1221/1221 1222/1222/1222 1217/1217/1217
f 1217/1217/1217 1223/1223/1223 1215/1215/1215
f 1204/1204/1204 1219/1219/1219 1208/1208/1208
f 1206/1206/1206 1224/1224/1224 1207/1207/1207
f 1217/1217/1217 1225/1225/1225 1221/1221/1221
f 1215/1215/1215 1223/1223/1223 1211/1211/1211
f 1208/1208/1208 1206/1206/1206 1205/1205/1205
f 1224/1224/1224 1226/1226/1226 1209/1209/1209
f 1210/1210/1210 1216/1216/1216 1215/1215/1215
f 1227/1227/1227 1228/1228/1228 1223/1223/1223
f 1219/1219/1219 1203/1203/1203 1220/1220/1220
f 1208/1208/1208 1220/1220/1220 1212/1212/1212
f 1212/1212/1212 1214/1214/1214 1208/1208/1208
f 1206/1206/1206 1229/1229/1229 1224/1224/1224
f 1216/1216/1216 1230/1230/1230 1231/1231/1231
f 1217/1217/1217 1227/1227/1227 1223/1223/1223
f 1213/1213/1213 1232/1232/1232 1233/1233/1233
f 1216/1216/1216 1231/1231/1231 1217/1217/1217
f 1220/1220/1220 1234/1234/1234 1213/1213/1213
f 1220/1220/1220 1213/1213/1213 1212/1212/1212
f 1235/1235/1235 1236/1236/1236 1234/1234/1234
f 1227/1227/1227 1237/1237/1237 1228/1228/1228
f 1203/1203/1203 1235/1235/1235 1220/1220/1220
f 1214/1214/1214 1238/1238/1238 1229/1229/1229
f 1213/1213/1213 1233/1233/1233 1214/1214/1214
f 1233/1233/1233 1239/1239/1239 1238/1238/1238
f 1225/1225/1225 1240/1240/1240 1221/1221/1221
f 1217/1217/1217 1222/1222/1222 1227/1227/1227
f 1230/1230/1230 1241/1241/1241 1231/1231/1231
f 1231/1231/1231 1225/1225/1225 1217/1217/1217
f 1234/1234/1234 1232/1232/1232 1213/1213/1213
f 1241/1241/1241 1242/1242/1242 1225/1225/1225
f 1221/1221/1221 1240/1240/1240 1222/1222/1222
f 1222/1222/1222 1243/1243/1243 1237/1237/1237
f 1211/1211/1211 1202/1202/1202 1204/1204/1204
f 1224/1224/1224 1192/1192/1192 1193/1193/1193
f 1211/1211/1211 1228/1228/1228 1218/1218/1218
f 1232/1232/1232 1244/1244/1244 1245/1245/1245
f 1207/1207/1207 1224/1224/1224 1209/1209/1209
f 1226/1226/1226 1230/1230/1230 1209/1209/1209
f 1220/1220/1220 1235/1235/1235 1234/1234/1234
f 1228/1228/1228 1181/1181/1181 1218/1218/1218
f 1204/1204/1204 1203/1203/1203 1219/1219/1219
f 1233/1233/1233 1238/1238/1238 1214/1214/1214
f 1223/1223/1223 1228/1228/1228 1211/1211/1211
f 1214/1214/1214 1229/1229/1229 1206/1206/1206
f 1193/1193/1193 1194/1194/1194 1226/1226/1226
f 1209/1209/1209 1230/1230/1230 1216/1216/1216
f 1246/1246/1246 1247/1247/1247 1240/1240/1240
f 1248/1248/1248 1249/1249/1249 1250/1250/1250
f 1234/1234/1234 1248/1248/1248 1232/1232/1232
f 1232/1232/1232 1245/1245/1245 1233/1233/1233
f 1245/1245/1245 1251/1251/1251 1252/1252/1252
f 1240/1240/1240 1253/1253/1253 1222/1222/1222
f 1237/1237/1237 1181/1181/1181 1228/1228/1228
f 1194/1194/1194 1195/1195/1195 1230/1230/1230
f 1225/1225/1225 1246/1246/1246 1240/1240/1240
f 1203/1203/1203 1183/1183/1183 1235/1235/1235
f 1254/1254/1254 1255/1255/1255 1253/1253/1253
f 1222/1222/1222 1237/1237/1237 1227/1227/1227
f 1235/1235/1235 1183/1183/1183 1236/1236/1236
f 1229/1229/1229 1191/1191/1191 1192/1192/1192
f 1231/1231/1231 1241/1241/1241 1225/1225/1225
f 1246/1246/1246 1256/1256/1256 1257/1257/1257
f 1243/1243/1243 1181/1181/1181 1237/1237/1237
f 1248/1248/1248 1244/1244/1244 1232/1232/1232
f 1236/1236/1236 1183/1183/1183 1249/1249/1249
f 1247/1247/1247 1254/1254/1254 1240/1240/1240
f 1234/1234/1234 1236/1236/1236 1248/1248/1248
f 1238/1238/1238 1189/1189/1189 1190/1190/1190
f 1233/1233/1233 1252/1252/1252 1239/1239/1239
f 1196/1196/1196 1197/1197/1197 1241/1241/1241
f 1222/1222/1222 1255/1255/1255 1243/1243/1243
f 1251/1251/1251 1184/1184/1184 1185/1185/1185
f 1242/1242/1242 1256/1256/1256 1225/1225/1225
f 1254/1254/1254 1258/1258/1258 1255/1255/1255
f 1248/1248/1248 1250/1250/1250 1244/1244/1244
f 1244/1244/1244 1259/1259/1259 1245/1245/1245
f 1240/1240/1240 1254/1254/1254 1253/1253/1253
f 1255/1255/1255 1181/1181/1181 1243/1243/1243
f 1249/1249/1249 1260/1260/1260 1250/1250/1250
f 1246/1246/1246 1257/1257/1257 1247/1247/1247
f 1236/1236/1236 1249/1249/1249 1248/1248/1248
f 1239/1239/1239 1188/1188/1188 1189/1189/1189
f 1245/1245/1245 1252/1252/1252 1233/1233/1233
f 1197/1197/1197 1198/1198/1198 1242/1242/1242
f 1201/1201/1201 1182/1182/1182 1261/1261/1261
f 1253/1253/1253 1255/1255/1255 1222/1222/1222
f 1199/1199/1199 1200/1200/1200 1256/1256/1256
f 1225/1225/1225 1256/1256/1256 1246/1246/1246
f 1252/1252/1252 1186/1186/1186 1187/1187/1187
f 1224/1224/1224 1193/1193/1193 1226/1226/1226
f 1226/1226/1226 1194/1194/1194 1230/1230/1230
f 1229/1229/1229 1192/1192/1192 1224/1224/1224
f 1195/1195/1195 1196/1196/1196 1230/1230/1230
f 1249/1249/1249 1183/1183/1183 1260/1260/1260
f 1229/1229/1229 1190/1190/1190 1191/1191/1191
f 1258/1258/1258 1181/1181/1181 1255/1255/1255
f 1259/1259/1259 1251/1251/1251 1245/1245/1245
f 1200/1200/1200 1201/1201/1201 1261/1261/1261
f 1256/1256/1256 1261/1261/1261 1257/1257/1257
f 1230/1230/1230 1196/1196/1196 1241/1241/1241
f 1238/1238/1238 1190/1190/1190 1229/1229/1229
f 1241/1241/1241 1197/1197/1197 1242/1242/1242
f 1251/1251/1251 1185/1185/1185 1186/1186/1186
f 1239/1239/1239 1189/1189/1189 1238/1238/1238
f 1198/1198/1198 1199/1199/1199 1242/1242/1242
f 1239/1239/1239 1187/1187/1187 1188/1188/1188
f 1242/1242/1242 1199/1199/1199 1256/1256/1256
f 1252/1252/1252 1187/1187/1187 1239/1239/1239
f 1256/1256/1256 1200/1200/1200 1261/1261/1261
f 1251/1251/1251 1186/1186/1186 1252/1252/1252
f 1218/1218/1218 1181/1181/1181 1202/1202/1202
f 1202/1202/1202 1183/1183/1183 1203/1203/1203
f 1182/1182/1182 1181/1181/1181 1258/1258/1258
f 1182/1182/1182 1258/1258/1258 1254/1254/1254
f 1182/1182/1182 1254/1254/1254 1247/1247/1247
f 1182/1182/1182 1247/1247/1247 1257/1257/1257
f 1182/1182/1182 1257/1257/1257 1261/1261/1261
f 1183/1183/1183 1184/1184/1184 1251/1251/1251
f 1283/1283/1283 1284/1284/1284 1285/1285/1285
f 1285/1285/1285 1286/1286/1286 1287/1287/1287
f 1287/1287/1287 1288/1288/1288 1285/1285/1285
f 1289/1289/1289 1290/1290/1290 1291/1291/1291
f 1289/1289/1289 1288/1288/1288 1287/1287/1287
f 1289/1289/1289 1292/1292/1292 1288/1288/1288
f 1283/1283/1283 1293/1293/1293 1294/1294/1294
f 1289/1289/1289 1295/1295/1295 1292/1292/1292
f 1288/1288/1288 1296/1296/1296 1285/1285/1285
f 1286/1286/1286 1290/1290/1290 1287/1287/1287
f 1287/1287/1287 1290/1290/1290 1289/1289/1289
f 1291/1291/1291 1297/1297/1297 1298/1298/1298
f 1298/1298/1298 1295/1295/1295 1291/1291/1291
f 1296/1296/1296 1299/1299/1299 1285/1285/1285
f 1300/1300/1300 1301/1301/1301 1296/1296/1296
f 1292/1292/1292 1302/1302/1302 1300/1300/1300
f 1288/1288/1288 1300/1300/1300 1296/1296/1296
f 1284/1284/1284 1303/1303/1303 1286/1286/1286
f 1285/1285/1285 1284/1284/1284 1286/1286/1286
f 1303/1303/1303 1304/1304/1304 1290/1290/1290
f 1305/1305/1305 1306/1306/1306 1298/1298/1298
f 1291/1291/1291 1295/1295/1295 1289/1289/1289
f 1299/1299/1299 1307/1307/1307 1293/1293/1293
f 1290/1290/1290 1297/1297/1297 1291/1291/1291
f 1295/1295/1295 1308/1308/1308 1302/1302/1302
f 1285/1285/1285 1299/1299/1299 1283/1283/1283
f 1283/1283/1283 1294/1294/1294 1284/1284/1284
f 1284/1284/1284 1309/1309/1309 1303/1303/1303
f 1293/1293/1293 1310/1310/1310 1311/1311/1311
f 1298/1298/1298 1312/1312/1312 1295/1295/1295
f 1304/1304/1304 1313/1313/1313 1297/1297/1297
f 1297/1297/1297 1305/1305/1305 1298/1298/1298
f 1314/1314/1314 1315/1315/1315 1312/1312/1312
f 1299/1299/1299 1293/1293/1293 1283/1283/1283
f 1298/1298/1298 1306/1306/1306 1312/1312/1312
f 1299/1299/1299 1316/1316/1316 1307/1307/1307
f 1311/1311/1311 1317/1317/1317 1294/1294/1294
f 1293/1293/1293 1311/1311/1311 1294/1294/1294
f 1313/1313/1313 1318/1318/1318 1305/1305/1305
f 1319/1319/1319 1320/1320/1320 1306/1306/1306
f 1306/1306/1306 1314/1314/1314 1312/1312/1312
f 1311/1311/1311 1321/1321/1321 1317/1317/1317
f 1305/1305/1305 1319/1319/1319 1306/1306/1306
f 1316/1316/1316 1322/1322/1322 1307/1307/1307
f 1293/1293/1293 1323/1323/1323 1310/1310/1310
f 1318/1318/1318 1324/1324/1324 1319/1319/1319
f 1306/1306/1306 1320/1320/1320 1314/1314/1314
f 1314/1314/1314 1325/1325/1325 1315/1315/1315
f 1292/1292/1292 1300/1300/1300 1288/1288/1288
f 1303/1303/1303 1273/1273/1273 1274/1274/1274
f 1295/1295/1295 1302/1302/1302 1292/1292/1292
f 1310/1310/1310 1326/1326/1326 1327/1327/1327
f 1286/1286/1286 1303/1303/1303 1290/1290/1290
f 1290/1290/1290 1304/1304/1304 1297/1297/1297
f 1301/1301/1301 1264/1264/1264 1316/1316/1316
f 1308/1308/1308 1262/1262/1262 1302/1302/1302
f 1301/1301/1301 1316/1316/1316 1296/1296/1296
f 1309/1309/1309 1272/1272/1272 1273/1273/1273
f 1295/1295/1295 1315/1315/1315 1308/1308/1308
f 1284/1284/1284 1317/1317/1317 1309/1309/1309
f 1274/1274/1274 1275/1275/1275 1304/1304/1304
f 1297/1297/1297 1313/1313/1313 1305/1305/1305
f 1328/1328/1328 1329/1329/1329 1320/1320/1320
f 1323/1323/1323 1330/1330/1330 1331/1331/1331
f 1307/1307/1307 1323/1323/1323 1293/1293/1293
f 1310/1310/1310 1327/1327/1327 1311/1311/1311
f 1316/1316/1316 1264/1264/1264 1322/1322/1322
f 1320/1320/1320 1332/1332/1332 1314/1314/1314
f 1315/1315/1315 1262/1262/1262 1308/1308/1308
f 1275/1275/1275 1276/1276/1276 1313/1313/1313
f 1319/1319/1319 1328/1328/1328 1320/1320/1320
f 1333/1333/1333 1334/1334/1334 1332/1332/1332
f 1296/1296/1296 1316/1316/1316 1299/1299/1299
f 1335/1335/1335 1336/1336/1336 1327/1327/1327
f 1294/1294/1294 1317/1317/1317 1284/1284/1284
f 1328/1328/1328 1337/1337/1337 1338/1338/1338
f 1312/1312/1312 1315/1315/1315 1295/1295/1295
f 1305/1305/1305 1318/1318/1318 1319/1319/1319
f 1325/1325/1325 1262/1262/1262 1315/1315/1315
f 1310/1310/1310 1331/1331/1331 1326/1326/1326
f 1322/1322/1322 1264/1264/1264 1330/1330/1330
f 1320/1320/1320 1329/1329/1329 1332/1332/1332
f 1307/1307/1307 1322/1322/1322 1323/1323/1323
f 1317/1317/1317 1270/1270/1270 1271/1271/1271
f 1311/1311/1311 1336/1336/1336 1321/1321/1321
f 1277/1277/1277 1278/1278/1278 1318/1318/1318
f 1332/1332/1332 1325/1325/1325 1314/1314/1314
f 1339/1339/1339 1265/1265/1265 1266/1266/1266
f 1324/1324/1324 1337/1337/1337 1319/1319/1319
f 1330/1330/1330 1340/1340/1340 1331/1331/1331
f 1323/1323/1323 1331/1331/1331 1310/1310/1310
f 1326/1326/1326 1335/1335/1335 1327/1327/1327
f 1333/1333/1333 1341/1341/1341 1334/1334/1334
f 1329/1329/1329 1333/1333/1333 1332/1332/1332
f 1334/1334/1334 1262/1262/1262 1325/1325/1325
f 1328/1328/1328 1338/1338/1338 1329/1329/1329
f 1322/1322/1322 1330/1330/1330 1323/1323/1323
f 1321/1321/1321 1269/1269/1269 1270/1270/1270
f 1327/1327/1327 1336/1336/1336 1311/1311/1311
f 1278/1278/1278 1279/1279/1279 1324/1324/1324
f 1282/1282/1282 1263/1263/1263 1342/1342/1342
f 1332/1332/1332 1334/1334/1334 1325/1325/1325
f 1280/1280/1280 1281/1281/1281 1337/1337/1337
f 1319/1319/1319 1337/1337/1337 1328/1328/1328
f 1336/1336/1336 1267/1267/1267 1268/1268/1268
f 1303/1303/1303 1274/1274/1274 1304/1304/1304
f 1304/1304/1304 1275/1275/1275 1313/1313/1313
f 1309/1309/1309 1273/1273/1273 1303/1303/1303
f 1276/1276/1276 1277/1277/1277 1313/1313/1313
f 1330/1330/1330 1264/1264/1264 1340/1340/1340
f 1309/1309/1309 1271/1271/1271 1272/1272/1272
f 1341/1341/1341 1262/1262/1262 1334/1334/1334
f 1335/1335/1335 1339/1339/1339 1336/1336/1336
f 1281/1281/1281 1282/1282/1282 1342/1342/1342
f 1337/1337/1337 1342/1342/1342 1338/1338/1338
f 1313/1313/1313 1277/1277/1277 1318/1318/1318
f 1317/1317/1317 1271/1271/1271 1309/1309/1309
f 1318/1318/1318 1278/1278/1278 1324/1324/1324
f 1339/1339/1339 1266/1266/1266 1267/1267/1267
f 1321/1321/1321 1270/1270/1270 1317/1317/1317
f 1279/1279/1279 1280/1280/1280 1324/1324/1324
f 1321/1321/1321 1268/1268/1268 1269/1269/1269
f 1324/1324/1324 1280/1280/1280 1337/1337/1337
f 1336/1336/1336 1268/1268/1268 1321/1321/1321
f 1337/1337/1337 1281/1281/1281 1342/1342/1342
f 1339/1339/1339 1267/1267/1267 1336/1336/1336
f 1302/1302/1302 1262/1262/1262 1300/1300/1300
f 1300/1300/1300 1264/1264/1264 1301/1301/1301
f 1263/1263/1263 1262/1262/1262 1341/1341/1341
f 1263/1263/1263 1341/1341/1341 1333/1333/1333
f 1263/1263/1263 1333/1333/1333 1329/1329/1329
f 1263/1263/1263 1329/1329/1329 1338/1338/1338
f 1263/1263/1263 1338/1338/1338 1342/1342/1342
f 1264/1264/1264 1265/1265/1265 1339/1339/1339
f 1343/1343/1343 1356/1356/1356 1344/1344/1344
f 1344/1344/1344 1356/1356/1356 1355/1355/1355
f 1357/1357/1357 1343/1343/1343 1368/1368/1368
f 1356/1356/1356 1343/1343/1343 1357/1357/1357
f 1344/1344/1344 1355/1355/1355 1345/1345/1345
f 1360/1360/1360 1366/1366/1366 1365/1365/1365
f 1357/1357/1357 1367/1367/1367 1358/1358/1358
f 1357/1357/1357 1368/1368/1368 1367/1367/1367
f 1345/1345/1345 1355/1355/1355 1354/1354/1354
f 1359/1359/1359 1367/1367/1367 1366/1366/1366
f 1345/1345/1345 1354/1354/1354 1346/1346/1346
f 1346/1346/1346 1354/1354/1354 1353/1353/1353
f 1358/1358/1358 1367/1367/1367 1359/1359/1359
f 1346/1346/1346 1353/1353/1353 1347/1347/1347
f 1359/1359/1359 1366/1366/1366 1360/1360/1360
f 1347/1347/1347 1353/1353/1353 1352/1352/1352
f 1348/1348/1348 1347/1347/1347 1351/1351/1351
f 1347/1347/1347 1352/1352/1352 1351/1351/1351
f 1360/1360/1360 1364/1364/1364 1361/1361/1361
f 1360/1360/1360 1365/1365/1365 1364/1364/1364
f 1348/1348/1348 1350/1350/1350 1349/1349/1349
f 1348/1348/1348 1351/1351/1351 1350/1350/1350
f 1361/1361/1361 1363/1363/1363 1362/1362/1362
f 1361/1361/1361 1364/1364/1364 1363/1363/1363
f 1370/1370/1370 1369/1369/1369 1371/1371/1371
f 1385/1385/1385 1371/1371/1371 1372/1372/1372
f 1385/1385/1385 1370/1370/1370 1371/1371/1371
f 1386/1386/1386 1385/1385/1385 1372/1372/1372
f 1387/1387/1387 1372/1372/1372 1373/1373/1373
f 1387/1387/1387 1373/1373/1373 1374/1374/1374
f 1387/1387/1387 1386/1386/1386 1372/1372/1372
f 1388/1388/1388 1387/1387/1387 1374/1374/1374
f 1389/1389/1389 1374/1374/1374 1375/1375/1375
f 1389/1389/1389 1375/1375/1375 1376/1376/1376
f 1389/1389/1389 1388/1388/1388 1374/1374/1374
f 1390/1390/1390 1389/1389/1389 1376/1376/1376
f 1391/1391/1391 1376/1376/1376 1377/1377/1377
f 1391/1391/1391 1377/1377/1377 1378/1378/1378
f 1391/1391/1391 1390/1390/1390 1376/1376/1376
f 1392/1392/1392 1391/1391/1391 1378/1378/1378
f 1393/1393/1393 1378/1378/1378 1379/1379/1379
f 1393/1393/1393 1392/1392/1392 1378/1378/1378
f 1394/1394/1394 1379/1379/1379 1380/1380/1380
f 1394/1394/1394 1380/1380/1380 1381/1381/1381
f 1394/1394/1394 1393/1393/1393 1379/1379/1379
f 1395/1395/1395 1394/1394/1394 1381/1381/1381
f 1396/1396/1396 1381/1381/1381 1382/1382/1382
f 1396/1396/1396 1395/1395/1395 1381/1381/1381
f 1384/1384/1384 1382/1382/1382 1383/1383/1383
f 1384/1384/1384 1396/1396/1396 1382/1382/1382
f 1437/1437/1437 1421/1421/1421 1420/1420/1420
f 1444/1444/1444 1445/1445/1445 1431/1431/1431
f 1419/1419/1419 1436/1436/1436 1420/1420/1420
f 1432/1432/1432 1446/1446/1446 1397/1397/1397
f 1457/1457/1457 1413/1413/1413 1412/1412/1412
f 1434/1434/1434 1435/1435/1435 1417/1417/1417
f 1437/1437/1437 1438/1438/1438 1421/1421/1421
f 1399/1399/1399 1448/1448/1448 1400/1400/1400
f 1434/1434/1434 1417/1417/1417 1416/1416/1416
f 1426/1426/1426 1441/1441/1441 1427/1427/1427
f 1439/1439/1439 1440/1440/1440 1424/1424/1424
f 1441/1441/1441 1426/1426/1426 1425/1425/1425
f 1403/1403/1403 1451/1451/1451 1404/1404/1404
f 1449/1449/1449 1401/1401/1401 1400/1400/1400
f 1456/1456/1456 1412/1412/1412 1411/1411/1411
f 1458/1458/1458 1414/1414/1414 1413/1413/1413
f 1424/1424/1424 1440/1440/1440 1425/1425/1425
f 1414/1414/1414 1433/1433/1433 1415/1415/1415
f 1398/1398/1398 1447/1447/1447 1399/1399/1399
f 1428/1428/1428 1443/1443/1443 1429/1429/1429
f 1450/1450/1450 1451/1451/1451 1403/1403/1403
f 1454/1454/1454 1455/1455/1455 1409/1409/1409
f 1431/1431/1431 1445/1445/1445 1432/1432/1432
f 1427/1427/1427 1442/1442/1442 1428/1428/1428
f 1441/1441/1441 1442/1442/1442 1427/1427/1427
f 1438/1438/1438 1423/1423/1423 1422/1422/1422
f 1444/1444/1444 1431/1431/1431 1430/1430/1430
f 1417/1417/1417 1435/1435/1435 1418/1418/1418
f 1446/1446/1446 1447/1447/1447 1398/1398/1398
f 1458/1458/1458 1433/1433/1433 1414/1414/1414
f 1457/1457/1457 1458/1458/1458 1413/1413/1413
f 1450/1450/1450 1403/1403/1403 1402/1402/1402
f 1407/1407/1407 1454/1454/1454 1408/1408/1408
f 1409/1409/1409 1455/1455/1455 1410/1410/1410
f 1404/1404/1404 1451/1451/1451 1405/1405/1405
f 1405/1405/1405 1452/1452/1452 1406/1406/1406
f 1453/1453/1453 1407/1407/1407 1406/1406/1406
f 1453/1453/1453 1454/1454/1454 1407/1407/1407
f 1451/1451/1451 1452/1452/1452 1405/1405/1405
f 1439/1439/1439 1424/1424/1424 1423/1423/1423
f 1440/1440/1440 1441/1441/1441 1425/1425/1425
f 1438/1438/1438 1439/1439/1439 1423/1423/1423
f 1436/1436/1436 1419/1419/1419 1418/1418/1418
f 1443/1443/1443 1444/1444/1444 1430/1430/1430
f 1435/1435/1435 1436/1436/1436 1418/1418/1418
f 1445/1445/1445 1446/1446/1446 1432/1432/1432
f 1447/1447/1447 1448/1448/1448 1399/1399/1399
f 1452/1452/1452 1453/1453/1453 1406/1406/1406
f 1415/1415/1415 1433/1433/1433 1416/1416/1416
f 1446/1446/1446 1398/1398/1398 1397/1397/1397
f 1401/1401/1401 1449/1449/1449 1402/1402/1402
f 1456/1456/1456 1457/1457/1457 1412/1412/1412
f 1421/1421/1421 1438/1438/1438 1422/1422/1422
f 1442/1442/1442 1443/1443/1443 1428/1428/1428
f 1436/1436/1436 1437/1437/1437 1420/1420/1420
f 1443/1443/1443 1430/1430/1430 1429/1429/1429
f 1433/1433/1433 1434/1434/1434 1416/1416/1416
f 1448/1448/1448 1449/1449/1449 1400/1400/1400
f 1456/1456/1456 1411/1411/1411 1410/1410/1410
f 1454/1454/1454 1409/1409/1409 1408/1408/1408
f 1449/1449/1449 1450/1450/1450 1402/1402/1402
f 1455/1455/1455 1456/1456/1456 1410/1410/1410
usemtl mat_1
f 1474/1474/1474 1460/1460/1460 1473/1473/1473
f 1472/1472/1472 1462/1462/1462 1469/1469/1469
f 1472/1472/1472 1473/1473/1473 1461/1461/1461
f 1472/1472/1472 1461/1461/1461 1462/1462/1462
f 1470/1470/1470 1471/1471/1471 1472/1472/1472
f 1462/1462/1462 1468/1468/1468 1469/1469/1469
f 1469/1469/1469 1470/1470/1470 1472/1472/1472
f 1461/1461/1461 1460/1460/1460 1459/1459/1459
f 1463/1463/1463 1464/1464/1464 1462/1462/1462
f 1464/1464/1464 1465/1465/1465 1462/1462/1462
f 1462/1462/1462 1465/1465/1465 1468/1468/1468
f 1465/1465/1465 1466/1466/1466 1468/1468/1468
f 1473/1473/1473 1460/1460/1460 1461/1461/1461
f 1468/1468/1468 1466/1466/1466 1467/1467/1467
usemtl mat_4
f 1490/1490/1490 1485/1485/1485 1489/1489/1489
f 1491/1491/1491 1482/1482/1482 1490/1490/1490
f 1491/1491/1491 1481/1481/1481 1482/1482/1482
f 1478/1478/1478 1479/1479/1479 1491/1491/1491
f 1476/1476/1476 1478/1478/1478 1492/1492/1492
f 1489/1489/1489 1485/1485/1485 1487/1487/1487
f 1483/1483/1483 1484/1484/1484 1482/1482/1482
f 1481/1481/1481 1479/1479/1479 1480/1480/1480
f 1487/1487/1487 1485/1485/1485 1486/1486/1486
f 1477/1477/1477 1478/1478/1478 1476/1476/1476
f 1490/1490/1490 1484/1484/1484 1485/1485/1485
f 1492/1492/1492 1478/1478/1478 1491/1491/1491
f 1482/1482/1482 1484/1484/1484 1490/1490/1490
f 1491/1491/1491 1479/1479/1479 1481/1481/1481
f 1487/1487/1487 1488/1488/1488 1489/1489/1489
f 1492/1492/1492 1475/1475/1475 1476/1476/1476
usemtl mat_3
f 1495/1495/1495 1493/1493/1493 1494/1494/1494
f 1506/1506/1506 1501/1501/1501 1505/1505/1505
f 1496/1496/1496 1500/1500/1500 1508/1508/1508
f 1506/1506/1506 1507/1507/1507 1508/1508/1508
f 1505/1505/1505 1503/1503/1503 1504/1504/1504
f 1505/1505/1505 1502/1502/1502 1503/1503/1503
f 1497/1497/1497 1498/1498/1498 1496/1496/1496
f 1505/1505/1505 1501/1501/1501 1502/1502/1502
f 1498/1498/1498 1499/1499/1499 1496/1496/1496
f 1506/1506/1506 1500/1500/1500 1501/1501/1501
f 1508/1508/1508 1500/1500/1500 1506/1506/1506
f 1499/1499/1499 1500/1500/1500 1496/1496/1496
usemtl mat_1
f 1514/1514/1514 1513/1513/1513 1518/1518/1518
f 1511/1511/1511 1509/1509/1509 1519/1519/1519
f 1511/1511/1511 1513/1513/1513 1512/1512/1512
f 1516/1516/1516 1515/1515/1515 1517/1517/1517
f 1510/1510/1510 1521/1521/1521 1520/1520/1520
f 1515/1515/1515 1514/1514/1514 1517/1517/1517
f 1517/1517/1517 1514/1514/1514 1518/1518/1518
f 1518/1518/1518 1513/1513/1513 1519/1519/1519
f 1509/1509/1509 1520/1520/1520 1519/1519/1519
f 1509/1509/1509 1510/1510/1510 1520/1520/1520
f 1513/1513/1513 1511/1511/1511 1519/1519/1519
usemtl mat_3
f 1525/1525/1525 1523/1523/1523 1524/1524/1524
f 1522/1522/1522 1523/1523/1523 1525/1525/1525
usemtl mat_4
f 1529/1529/1529 1527/1527/1527 1528/1528/1528
f 1526/1526/1526 1527/1527/1527 1529/1529/1529
usemtl mat_1
f 1531/1531/1531 1530/1530/1530 1532/1532/1532
f 1531/1531/1531 1532/1532/1532 1533/1533/1533
f 1536/1536/1536 1537/1537/1537 1535/1535/1535
f 1534/1534/1534 1536/1536/1536 1535/1535/1535
f 1540/1540/1540 1539/1539/1539 1538/1538/1538
f 1541/1541/1541 1539/1539/1539 1540/1540/1540
f 1544/1544/1544 1545/1545/1545 1542/1542/1542
f 1545/1545/1545 1543/1543/1543 1542/1542/1542
f 1549/1549/1549 1546/1546/1546 1548/1548/1548
f 1549/1549/1549 1547/1547/1547 1546/1546/1546
f 1553/1553/1553 1550/1550/1550 1552/1552/1552
f 1551/1551/1551 1550/1550/1550 1553/1553/1553
f 1556/1556/1556 1557/1557/1557 1554/1554/1554
f 1554/1554/1554 1557/1557/1557 1555/1555/1555
f 1560/1560/1560 1559/1559/1559 1558/1558/1558
f 1561/1561/1561 1559/1559/1559 1560/1560/1560
f 1567/1567/1567 1564/1564/1564 1570/1570/1570
f 1564/1564/1564 1566/1566/1566 1565/1565/1565
f 1564/1564/1564 1563/1563/1563 1562/1562/1562
f 1568/1568/1568 1570/1570/1570 1569/1569/1569
f 1570/1570/1570 1564/1564/1564 1562/1562/1562
f 1564/1564/1564 1567/1567/1567 1566/1566/1566
f 1567/1567/1567 1570/1570/1570 1568/1568/1568
usemtl mat_3
f 1572/1572/1572 1571/1571/1571 1573/1573/1573
f 1574/1574/1574 1572/1572/1572 1573/1573/1573
f 1578/1578/1578 1576/1576/1576 1577/1577/1577
f 1577/1577/1577 1576/1576/1576 1575/1575/1575
f 1582/1582/1582 1580/1580/1580 1581/1581/1581
f 1581/1581/1581 1580/1580/1580 1579/1579/1579
f 1586/1586/1586 1583/1583/1583 1585/1585/1585
f 1584/1584/1584 1583/1583/1583 1586/1586/1586
f 1587/1587/1587 1589/1589/1589 1590/1590/1590
f 1587/1587/1587 1590/1590/1590 1588/1588/1588
f 1593/1593/1593 1592/1592/1592 1591/1591/1591
f 1594/1594/1594 1592/1592/1592 1593/1593/1593
f 1598/1598/1598 1596/1596/1596 1597/1597/1597
f 1597/1597/1597 1596/1596/1596 1595/1595/1595
f 1602/1602/1602 1600/1600/1600 1601/1601/1601
f 1601/1601/1601 1600/1600/1600 1599/1599/1599
f 1605/1605/1605 1604/1604/1604 1603/1603/1603
f 1606/1606/1606 1604/1604/1604 1605/1605/1605
f 1608/1608/1608 1607/1607/1607 1610/1610/1610
f 1607/1607/1607 1609/1609/1609 1610/1610/1610
f 1616/1616/1616 1613/1613/1613 1622/1622/1622
f 1616/1616/1616 1619/1619/1619 1618/1618/1618
f 1616/1616/1616 1622/1622/1622 1619/1619/1619
f 1620/1620/1620 1622/1622/1622 1621/1621/1621
f 1622/1622/1622 1613/1613/1613 1612/1612/1612
f 1619/1619/1619 1622/1622/1622 1620/1620/1620
f 1613/1613/1613 1616/1616/1616 1614/1614/1614
f 1616/1616/1616 1618/1618/1618 1617/1617/1617
f 1622/1622/1622 1612/1612/1612 1611/1611/1611
f 1614/1614/1614 1616/1616/1616 1615/1615/1615
usemtl mat_4
f 1623/1623/1623 1626/1626/1626 1624/1624/1624
f 1625/1625/1625 1626/1626/1626 1623/1623/1623
f 1628/1628/1628 1627/1627/1627 1630/1630/1630
f 1630/1630/1630 1627/1627/1627 1629/1629/1629
f 1633/1633/1633 1632/1632/1632 1631/1631/1631
f 1634/1634/1634 1632/1632/1632 1633/1633/1633
f 1636/1636/1636 1635/1635/1635 1637/1637/1637
f 1638/1638/1638 1636/1636/1636 1637/1637/1637
f 1640/1640/1640 1639/1639/1639 1642/1642/1642
f 1642/1642/1642 1639/1639/1639 1641/1641/1641
f 1643/1643/1643 1646/1646/1646 1644/1644/1644
f 1645/1645/1645 1646/1646/1646 1643/1643/1643
f 1647/1647/1647 1650/1650/1650 1648/1648/1648
f 1649/1649/1649 1650/1650/1650 1647/1647/1647
f 1652/1652/1652 1651/1651/1651 1654/1654/1654
f 1654/1654/1654 1651/1651/1651 1653/1653/1653
f 1657/1657/1657 1656/1656/1656 1655/1655/1655
f 1658/1658/1658 1656/1656/1656 1657/1657/1657
f 1665/1665/1665 1663/1663/1663 1666/1666/1666
f 1668/1668/1668 1662/1662/1662 1661/1661/1661
f 1664/1664/1664 1663/1663/1663 1665/1665/1665
f 1663/1663/1663 1667/1667/1667 1666/1666/1666
f 1668/1668/1668 1661/1661/1661 1660/1660/1660
f 1659/1659/1659 1668/1668/1668 1660/1660/1660
f 1662/1662/1662 1668/1668/1668 1663/1663/1663
f 1667/1667/1667 1663/1663/1663 1668/1668/1668
